{
"type": "FeatureCollection",
"name": "geo_23_訪問介護",
"crs": { "type": "name", "properties": { "name": "urn:ogc:def:crs:OGC:1.3:CRS84" } },
"features": [
{ "type": "Feature", "properties": { "内容": "合資会社　洗愁訪問介護事業所【訪問介護】名古屋市千種区西山元町2－41", "url": "https://www.kaigokensaku.mhlw.go.jp/23/index.php?action_kouhyou_detail_004_kani=true&JigyosyoCd=2370100683-00&ServiceCd=110&Type=search", "url2": "http://" }, "geometry": { "type": "Point", "coordinates": [ 136.95225240000002, 35.169042 ] } },
{ "type": "Feature", "properties": { "内容": "暮らしの泉【訪問介護】橋本町１丁目65番地豊栄ハイツ102", "url": "https://www.kaigokensaku.mhlw.go.jp/23/index.php?action_kouhyou_detail_004_kani=true&JigyosyoCd=2370103935-00&ServiceCd=110&Type=search", "url2": null }, "geometry": { "type": "Point", "coordinates": [ 136.9653078, 35.164137699999984 ] } },
{ "type": "Feature", "properties": { "内容": "ヘルパーステーション　い・ろ・は【訪問介護】愛知県名古屋市千種区向陽一丁目2番1号脇田ビル301", "url": "https://www.kaigokensaku.mhlw.go.jp/23/index.php?action_kouhyou_detail_004_kani=true&JigyosyoCd=2370102861-00&ServiceCd=110&Type=search", "url2": null }, "geometry": { "type": "Point", "coordinates": [ 136.948124900000039, 35.1718331 ] } },
{ "type": "Feature", "properties": { "内容": "ケアセンター千種【訪問介護】愛知県名古屋市千種区南明町1丁目11番地パーク南明５０１", "url": "https://www.kaigokensaku.mhlw.go.jp/23/index.php?action_kouhyou_detail_004_kani=true&JigyosyoCd=2370103315-00&ServiceCd=110&Type=search", "url2": null }, "geometry": { "type": "Point", "coordinates": [ 136.944275599999969, 35.1608953 ] } },
{ "type": "Feature", "properties": { "内容": "悠ケア介護支援センター【訪問介護】愛知県名古屋市千種区星が丘元町15-27トーカンマンション星ヶ丘201号", "url": "https://www.kaigokensaku.mhlw.go.jp/23/index.php?action_kouhyou_detail_004_kani=true&JigyosyoCd=2370103919-00&ServiceCd=110&Type=search", "url2": null }, "geometry": { "type": "Point", "coordinates": [ 136.9871808, 35.1617205 ] } },
{ "type": "Feature", "properties": { "内容": "ケアサポート海【訪問介護】名古屋市千種区今池南29番24号川島第一ビル3階3A号室", "url": "https://www.kaigokensaku.mhlw.go.jp/23/index.php?action_kouhyou_detail_004_kani=true&JigyosyoCd=2370103950-00&ServiceCd=110&Type=search", "url2": null }, "geometry": { "type": "Point", "coordinates": [ 136.93635230000001, 35.1632846 ] } },
{ "type": "Feature", "properties": { "内容": "ＳＯＭＰＯケア　名古屋　訪問介護【訪問介護】愛知県名古屋市千種区仲田二丁目14番16号Ｇ１ビル池下オフィス3階", "url": "https://www.kaigokensaku.mhlw.go.jp/23/index.php?action_kouhyou_detail_004_kani=true&JigyosyoCd=2370103166-00&ServiceCd=110&Type=search", "url2": "http://www.sompocare.com" }, "geometry": { "type": "Point", "coordinates": [ 136.942608800000016, 35.1690859 ] } },
{ "type": "Feature", "properties": { "内容": "ヘルパーステーションとわの森【訪問介護】愛知県名古屋市千種区日岡町三丁目1番6号ナーシング和楽縁1F", "url": "https://www.kaigokensaku.mhlw.go.jp/23/index.php?action_kouhyou_detail_004_kani=true&JigyosyoCd=2370102713-00&ServiceCd=110&Type=search", "url2": "http://www.gazelle-inc.com/" }, "geometry": { "type": "Point", "coordinates": [ 136.9464921, 35.159229 ] } },
{ "type": "Feature", "properties": { "内容": "ヘルパーステーション縁の森【訪問介護】愛知県名古屋市千種区宮根台一丁目3番37号ナーシング和楽縁ちくさ1F", "url": "https://www.kaigokensaku.mhlw.go.jp/23/index.php?action_kouhyou_detail_004_kani=true&JigyosyoCd=2370103208-00&ServiceCd=110&Type=search", "url2": "http://www.gazelle-inc.com/" }, "geometry": { "type": "Point", "coordinates": [ 136.979389, 35.1876926 ] } },
{ "type": "Feature", "properties": { "内容": "ケアコール千種【訪問介護】名古屋市千種区上野１丁目２番７号ファミリー・ホスピスOASIS千種", "url": "https://www.kaigokensaku.mhlw.go.jp/23/index.php?action_kouhyou_detail_004_kani=true&JigyosyoCd=2370103554-00&ServiceCd=110&Type=search", "url2": "https://nyukyo.nc-service.net/facility/595/" }, "geometry": { "type": "Point", "coordinates": [ 136.95208980000001, 35.1824176 ] } },
{ "type": "Feature", "properties": { "内容": "KSK介護ステーション【訪問介護】愛知県名古屋市千種区今池五丁目1番5号名古屋センタープラザビル302号室", "url": "https://www.kaigokensaku.mhlw.go.jp/23/index.php?action_kouhyou_detail_004_kani=true&JigyosyoCd=2370103497-00&ServiceCd=110&Type=search", "url2": null }, "geometry": { "type": "Point", "coordinates": [ 136.937484899999987, 35.1686937 ] } },
{ "type": "Feature", "properties": { "内容": "ケアサービス絆【訪問介護】愛知県名古屋市千種区今池四丁目4-1　玉置ビル4F玉置ビル4F", "url": "https://www.kaigokensaku.mhlw.go.jp/23/index.php?action_kouhyou_detail_004_kani=true&JigyosyoCd=2370102960-00&ServiceCd=110&Type=search", "url2": null }, "geometry": { "type": "Point", "coordinates": [ 136.940151606459466, 35.170732837705962 ] } },
{ "type": "Feature", "properties": { "内容": "ケアサービス絆　今池支店【訪問介護】愛知県名古屋市千種区今池南29番24号川島第一ビル2AB号室", "url": "https://www.kaigokensaku.mhlw.go.jp/23/index.php?action_kouhyou_detail_004_kani=true&JigyosyoCd=2370103802-00&ServiceCd=110&Type=search", "url2": null }, "geometry": { "type": "Point", "coordinates": [ 136.936330700000013, 35.1632898 ] } },
{ "type": "Feature", "properties": { "内容": "ヘルパーステーションかけはし【訪問介護】愛知県名古屋市千種区池下一丁目１番７号山八第７ビル801", "url": "https://www.kaigokensaku.mhlw.go.jp/23/index.php?action_kouhyou_detail_004_kani=true&JigyosyoCd=2370103885-00&ServiceCd=110&Type=search", "url2": "https://k-tsunagu.jimdofree.com/" }, "geometry": { "type": "Point", "coordinates": [ 136.943845900000014, 35.1694174 ] } },
{ "type": "Feature", "properties": { "内容": "ケアサポート　かけはし【訪問介護】愛知県名古屋市千種区神田町５番１号マ・メゾン千種公園５０２号", "url": "https://www.kaigokensaku.mhlw.go.jp/23/index.php?action_kouhyou_detail_004_kani=true&JigyosyoCd=2370102697-00&ServiceCd=110&Type=search", "url2": null }, "geometry": { "type": "Point", "coordinates": [ 136.941808191172584, 35.177654433236555 ] } },
{ "type": "Feature", "properties": { "内容": "エム・ケア介護センター【訪問介護】愛知県名古屋市千種区田代本通1-18", "url": "https://www.kaigokensaku.mhlw.go.jp/23/index.php?action_kouhyou_detail_004_kani=true&JigyosyoCd=2370101384-00&ServiceCd=110&Type=search", "url2": "http://m-care.net/mcare/" }, "geometry": { "type": "Point", "coordinates": [ 136.955985599999963, 35.1640289 ] } },
{ "type": "Feature", "properties": { "内容": "エルトケアセンター【訪問介護】愛知県名古屋市千種区自由ケ丘2丁目10番23号グランドール千種台604号", "url": "https://www.kaigokensaku.mhlw.go.jp/23/index.php?action_kouhyou_detail_004_kani=true&JigyosyoCd=2370103091-00&ServiceCd=110&Type=search", "url2": "https://ltto-kaigo.com" }, "geometry": { "type": "Point", "coordinates": [ 136.966592155243035, 35.176147410690071 ] } },
{ "type": "Feature", "properties": { "内容": "ヘルパーステーション虹の橋24　千種【訪問介護】愛知県名古屋市千種区東山通3丁目23番地チャミー東山2階西", "url": "https://www.kaigokensaku.mhlw.go.jp/23/index.php?action_kouhyou_detail_004_kani=true&JigyosyoCd=2370103638-00&ServiceCd=110&Type=search", "url2": null }, "geometry": { "type": "Point", "coordinates": [ 136.9696989, 35.1613917 ] } },
{ "type": "Feature", "properties": { "内容": "ケアリッツ本山【訪問介護】愛知県名古屋市千種区日和町5-8MSイワイ3B", "url": "https://www.kaigokensaku.mhlw.go.jp/23/index.php?action_kouhyou_detail_004_kani=true&JigyosyoCd=2370103612-00&ServiceCd=110&Type=search", "url2": "https://www.careritz.co.jp/station/branch/motoyama/" }, "geometry": { "type": "Point", "coordinates": [ 136.967474300000021, 35.167931200000034 ] } },
{ "type": "Feature", "properties": { "内容": "ケアリッツ今池【訪問介護】愛知県名古屋市千種区今池4-4-20ナゴヤマンション今池6E", "url": "https://www.kaigokensaku.mhlw.go.jp/23/index.php?action_kouhyou_detail_004_kani=true&JigyosyoCd=2370103810-00&ServiceCd=110&Type=search", "url2": "https://www.careritz.co.jp/station/branch/imaike/" }, "geometry": { "type": "Point", "coordinates": [ 136.940760023635107, 35.170201695818754 ] } },
{ "type": "Feature", "properties": { "内容": "ホームヘルプサービス　ソラスト千種【訪問介護】愛知県名古屋市千種区東山通1丁目34番地堀尾ビル3Ｆ", "url": "https://www.kaigokensaku.mhlw.go.jp/23/index.php?action_kouhyou_detail_004_kani=true&JigyosyoCd=2370103364-00&ServiceCd=110&Type=search", "url2": "https://solasto-kaigo.com/care/area/chikusa.html" }, "geometry": { "type": "Point", "coordinates": [ 136.964223899999979, 35.1633653 ] } },
{ "type": "Feature", "properties": { "内容": "ツクイ名古屋千種【訪問介護】愛知県名古屋市千種区赤坂町３丁目23番地", "url": "https://www.kaigokensaku.mhlw.go.jp/23/index.php?action_kouhyou_detail_004_kani=true&JigyosyoCd=2370103455-00&ServiceCd=110&Type=search", "url2": "https://www.tsukui.net/home-care/2696/" }, "geometry": { "type": "Point", "coordinates": [ 136.9590322, 35.1815056 ] } },
{ "type": "Feature", "properties": { "内容": "ニチイケアセンター千種【訪問介護】名古屋市千種区観月町1丁目55番2号PRIME覚王山102号室", "url": "https://www.kaigokensaku.mhlw.go.jp/23/index.php?action_kouhyou_detail_004_kani=true&JigyosyoCd=2370100980-00&ServiceCd=110&Type=search", "url2": "http://www.nichiigakkan.co.jp/" }, "geometry": { "type": "Point", "coordinates": [ 136.952846452670315, 35.166110942205599 ] } },
{ "type": "Feature", "properties": { "内容": "ニチイケアセンター今池南【訪問介護】名古屋市千種区今池南２９－１０川島第2ビルディング　１０8", "url": "https://www.kaigokensaku.mhlw.go.jp/23/index.php?action_kouhyou_detail_004_kani=true&JigyosyoCd=2370101541-00&ServiceCd=110&Type=search", "url2": "http://www/nichiigakkan.co.jp" }, "geometry": { "type": "Point", "coordinates": [ 136.937017800000035, 35.1631169 ] } },
{ "type": "Feature", "properties": { "内容": "ニチイケアセンターかすみが丘【訪問介護】愛知県名古屋市千種区霞ヶ丘２丁目９番地１３号霞ヶ丘ビル２階Ａ号室", "url": "https://www.kaigokensaku.mhlw.go.jp/23/index.php?action_kouhyou_detail_004_kani=true&JigyosyoCd=2370101558-00&ServiceCd=110&Type=search", "url2": "http://" }, "geometry": { "type": "Point", "coordinates": [ 136.966563700000052, 35.1777803 ] } },
{ "type": "Feature", "properties": { "内容": "あいじゅヘルプサービス【訪問介護】千代が丘3番3号NKCビル1F", "url": "https://www.kaigokensaku.mhlw.go.jp/23/index.php?action_kouhyou_detail_004_kani=true&JigyosyoCd=2370103646-00&ServiceCd=110&Type=search", "url2": "https://rehappiness-aizyu.com/" }, "geometry": { "type": "Point", "coordinates": [ 136.9846559, 35.182428 ] } },
{ "type": "Feature", "properties": { "内容": "訪問介護　ポラリス【訪問介護】春里町４丁目２３番地G1ビル本山５０１", "url": "https://www.kaigokensaku.mhlw.go.jp/23/index.php?action_kouhyou_detail_004_kani=true&JigyosyoCd=2370103562-00&ServiceCd=110&Type=search", "url2": null }, "geometry": { "type": "Point", "coordinates": [ 136.963674, 35.1691335 ] } },
{ "type": "Feature", "properties": { "内容": "コープあいち福祉サービス本山【訪問介護】名古屋市千種区稲舟通1-39　生協生活文化会館内", "url": "https://www.kaigokensaku.mhlw.go.jp/23/index.php?action_kouhyou_detail_004_kani=true&JigyosyoCd=2370100071-00&ServiceCd=110&Type=search", "url2": "http://coopaichi.tcoop.or.jp/" }, "geometry": { "type": "Point", "coordinates": [ 136.963007299999958, 35.1633513 ] } },
{ "type": "Feature", "properties": { "内容": "訪問介護サービスセンターエル【訪問介護】愛知県名古屋市千種区大久手町五丁目16番地の１江端ハイツ２Ｆ", "url": "https://www.kaigokensaku.mhlw.go.jp/23/index.php?action_kouhyou_detail_004_kani=true&JigyosyoCd=2370100345-00&ServiceCd=110&Type=search", "url2": "http://www.yoshidahp.jp/elle/" }, "geometry": { "type": "Point", "coordinates": [ 136.937176200000067, 35.1611866 ] } },
{ "type": "Feature", "properties": { "内容": "聴覚・ろう重複センターおれんじ【訪問介護】今池南30-2川島第3ビル2C", "url": "https://www.kaigokensaku.mhlw.go.jp/23/index.php?action_kouhyou_detail_004_kani=true&JigyosyoCd=2370101723-00&ServiceCd=110&Type=search", "url2": "http://orange.tukusi.org/" }, "geometry": { "type": "Point", "coordinates": [ 136.936282961979714, 35.162979279018941 ] } },
{ "type": "Feature", "properties": { "内容": "にじのさと千種サービスセンター【訪問介護】愛知県名古屋市千種区今池五丁目２番６号今池センタービル３F-A①", "url": "https://www.kaigokensaku.mhlw.go.jp/23/index.php?action_kouhyou_detail_004_kani=true&JigyosyoCd=2370103307-00&ServiceCd=110&Type=search", "url2": null }, "geometry": { "type": "Point", "coordinates": [ 136.938342708598356, 35.168566382236648 ] } },
{ "type": "Feature", "properties": { "内容": "ヒューマンライフケアちくさ【訪問介護】愛知県名古屋市千種区谷口町３－８シルバークロスビル１階", "url": "https://www.kaigokensaku.mhlw.go.jp/23/index.php?action_kouhyou_detail_004_kani=true&JigyosyoCd=2370101855-00&ServiceCd=110&Type=search", "url2": "http://hlc.athuman.com/caresearch/aichi/363015/index.php?sisetu=27" }, "geometry": { "type": "Point", "coordinates": [ 136.953095100000041, 35.1841407 ] } },
{ "type": "Feature", "properties": { "内容": "ケアサポートIRODORI【訪問介護】愛知県名古屋市千種区今池5丁目29-20アーバンラックス今池102", "url": "https://www.kaigokensaku.mhlw.go.jp/23/index.php?action_kouhyou_detail_004_kani=true&JigyosyoCd=2370103786-00&ServiceCd=110&Type=search", "url2": null }, "geometry": { "type": "Point", "coordinates": [ 136.9404313, 35.1660136 ] } },
{ "type": "Feature", "properties": { "内容": "グランダ覚王山ケアステーション【訪問介護】愛知県名古屋市千種区丸山町3丁目87番地の3", "url": "https://www.kaigokensaku.mhlw.go.jp/23/index.php?action_kouhyou_detail_004_kani=true&JigyosyoCd=2370103182-00&ServiceCd=110&Type=search", "url2": null }, "geometry": { "type": "Point", "coordinates": [ 136.9483113, 35.1612955 ] } },
{ "type": "Feature", "properties": { "内容": "ケアーズふくろう訪問介護サービス【訪問介護】愛知県名古屋市千種区清明山一丁目２番６号", "url": "https://www.kaigokensaku.mhlw.go.jp/23/index.php?action_kouhyou_detail_004_kani=true&JigyosyoCd=2370103174-00&ServiceCd=110&Type=search", "url2": null }, "geometry": { "type": "Point", "coordinates": [ 136.948543099999966, 35.183050600000016 ] } },
{ "type": "Feature", "properties": { "内容": "訪問介護ステーション　ガジュマル【訪問介護】愛知県名古屋市千種区御影町1丁目12番地", "url": "https://www.kaigokensaku.mhlw.go.jp/23/index.php?action_kouhyou_detail_004_kani=true&JigyosyoCd=2370103349-00&ServiceCd=110&Type=search", "url2": null }, "geometry": { "type": "Point", "coordinates": [ 136.967341499999947, 35.1840713 ] } },
{ "type": "Feature", "properties": { "内容": "スミール訪問介護【訪問介護】愛知県千種区南明町1丁目11番地パーク南明403", "url": "https://www.kaigokensaku.mhlw.go.jp/23/index.php?action_kouhyou_detail_004_kani=true&JigyosyoCd=2370103760-00&ServiceCd=110&Type=search", "url2": "http://hp.kaipoke.biz/108/" }, "geometry": { "type": "Point", "coordinates": [ 136.9442759, 35.1608953 ] } },
{ "type": "Feature", "properties": { "内容": "ケアサービスグッドライフ【訪問介護】愛知県名古屋市千種区東山通２丁目１４番地の１エクセレント本山３０１号室", "url": "https://www.kaigokensaku.mhlw.go.jp/23/index.php?action_kouhyou_detail_004_kani=true&JigyosyoCd=2370103117-00&ServiceCd=110&Type=search", "url2": null }, "geometry": { "type": "Point", "coordinates": [ 136.9678404, 35.1626319 ] } },
{ "type": "Feature", "properties": { "内容": "訪問介護シンシア【訪問介護】愛知県名古屋市千種区松軒一丁目7番15号ダイワビル2A", "url": "https://www.kaigokensaku.mhlw.go.jp/23/index.php?action_kouhyou_detail_004_kani=true&JigyosyoCd=2370102572-00&ServiceCd=110&Type=search", "url2": "https://www.sinsia20100401.com/" }, "geometry": { "type": "Point", "coordinates": [ 136.937522825767303, 35.178502007736512 ] } },
{ "type": "Feature", "properties": { "内容": "新ほのぼのヘルパー事業所【訪問介護】愛知県名古屋市千種区今池1丁目6-7サンパワービル２Ｆ", "url": "https://www.kaigokensaku.mhlw.go.jp/23/index.php?action_kouhyou_detail_004_kani=true&JigyosyoCd=2370101566-00&ServiceCd=110&Type=search", "url2": "http://www.imaiyasuei.com/" }, "geometry": { "type": "Point", "coordinates": [ 136.935263828836099, 35.169351903252497 ] } },
{ "type": "Feature", "properties": { "内容": "ancare【訪問介護】名古屋市千種区京命一丁目２２番２８号ハイツサンシャイン1A", "url": "https://www.kaigokensaku.mhlw.go.jp/23/index.php?action_kouhyou_detail_004_kani=true&JigyosyoCd=2370103034-00&ServiceCd=110&Type=search", "url2": null }, "geometry": { "type": "Point", "coordinates": [ 136.985921369949892, 35.183599595600931 ] } },
{ "type": "Feature", "properties": { "内容": "にじの丘サービス【訪問介護】愛知県名古屋市千種区千種一丁目18番1号コーポセツダ5F", "url": "https://www.kaigokensaku.mhlw.go.jp/23/index.php?action_kouhyou_detail_004_kani=true&JigyosyoCd=2370103703-00&ServiceCd=110&Type=search", "url2": "https://nijinooka1101.wixsite.com/website" }, "geometry": { "type": "Point", "coordinates": [ 136.9259404, 35.165206100000034 ] } },
{ "type": "Feature", "properties": { "内容": "サラダ･ケア【訪問介護】愛知県名古屋市千種区清明山一丁目1番9号", "url": "https://www.kaigokensaku.mhlw.go.jp/23/index.php?action_kouhyou_detail_004_kani=true&JigyosyoCd=2370103224-00&ServiceCd=110&Type=search", "url2": "http://fukushi-soken.jp" }, "geometry": { "type": "Point", "coordinates": [ 136.948813400000063, 35.182726 ] } },
{ "type": "Feature", "properties": { "内容": "訪問介護本舗　はれやか【訪問介護】橋本町3丁目15番地エステイト桐原101号室", "url": "https://www.kaigokensaku.mhlw.go.jp/23/index.php?action_kouhyou_detail_004_kani=true&JigyosyoCd=2370103570-00&ServiceCd=110&Type=search", "url2": null }, "geometry": { "type": "Point", "coordinates": [ 136.7493605, 35.4108766 ] } },
{ "type": "Feature", "properties": { "内容": "あい愛ライフ清友訪問介護サービス【訪問介護】清明山二丁目３番８号", "url": "https://www.kaigokensaku.mhlw.go.jp/23/index.php?action_kouhyou_detail_004_kani=true&JigyosyoCd=2370100162-00&ServiceCd=110&Type=search", "url2": "http://seiyu-cere.com" }, "geometry": { "type": "Point", "coordinates": [ 136.951670639881172, 35.183224479443098 ] } },
{ "type": "Feature", "properties": { "内容": "あけぼの訪問介護事業所【訪問介護】愛知県名古屋市千種区今池四丁目８番３号梅村ビル2階", "url": "https://www.kaigokensaku.mhlw.go.jp/23/index.php?action_kouhyou_detail_004_kani=true&JigyosyoCd=2370100287-00&ServiceCd=110&Type=search", "url2": "http://www.kaigo-akebono.com" }, "geometry": { "type": "Point", "coordinates": [ 136.938236771302826, 35.17054221058082 ] } },
{ "type": "Feature", "properties": { "内容": "訪問介護事業所FiveDock【訪問介護】愛知県名古屋市千種区観月町2-59", "url": "https://www.kaigokensaku.mhlw.go.jp/23/index.php?action_kouhyou_detail_004_kani=true&JigyosyoCd=2370103398-00&ServiceCd=110&Type=search", "url2": null }, "geometry": { "type": "Point", "coordinates": [ 136.953960700000039, 35.1629735 ] } },
{ "type": "Feature", "properties": { "内容": "パワー訪問介護【訪問介護】愛知県名古屋市千種区北千種一丁目1番6号北千種キッズ2F", "url": "https://www.kaigokensaku.mhlw.go.jp/23/index.php?action_kouhyou_detail_004_kani=true&JigyosyoCd=2370103323-00&ServiceCd=110&Type=search", "url2": "https://www.powerkaigo.com" }, "geometry": { "type": "Point", "coordinates": [ 136.94292960000007, 35.181493100000019 ] } },
{ "type": "Feature", "properties": { "内容": "合同会社　雅久十スマイルケア【訪問介護】新西2-3-10-102リセンス新西102（旧コーポ富士丸）", "url": "https://www.kaigokensaku.mhlw.go.jp/23/index.php?action_kouhyou_detail_004_kani=true&JigyosyoCd=2370103968-00&ServiceCd=110&Type=search", "url2": "gakuto-smile.com" }, "geometry": { "type": "Point", "coordinates": [ 136.987153073445, 35.189581431236697 ] } },
{ "type": "Feature", "properties": { "内容": "アイソー株式会社【訪問介護】愛知県名古屋市千種区光が丘京命一丁目11番23号アーバン京命203号室", "url": "https://www.kaigokensaku.mhlw.go.jp/23/index.php?action_kouhyou_detail_004_kani=true&JigyosyoCd=2370103992-00&ServiceCd=110&Type=search", "url2": null }, "geometry": { "type": "Point", "coordinates": [ 136.9826965, 35.1859 ] } },
{ "type": "Feature", "properties": { "内容": "ぬくケアちくさ訪問介護【訪問介護】愛知県名古屋市千種区今池三丁目13番10号清和ハイツ102号", "url": "https://www.kaigokensaku.mhlw.go.jp/23/index.php?action_kouhyou_detail_004_kani=true&JigyosyoCd=2370103869-00&ServiceCd=110&Type=search", "url2": "http://nukumoa.jp/" }, "geometry": { "type": "Point", "coordinates": [ 136.9360744, 35.1655908 ] } },
{ "type": "Feature", "properties": { "内容": "社会福祉法人名古屋市社会福祉協議会　千種区介護保険事業所【訪問介護】名古屋市千種区西崎町二丁目４－１千種区在宅サービスセンター", "url": "https://www.kaigokensaku.mhlw.go.jp/23/index.php?action_kouhyou_detail_004_kani=true&JigyosyoCd=2370100022-00&ServiceCd=110&Type=search", "url2": "http://care-net.biz/23/zaitakunet" }, "geometry": { "type": "Point", "coordinates": [ 136.9563134, 35.1616153 ] } },
{ "type": "Feature", "properties": { "内容": "学研ココファン茶屋ヶ坂ヘルパーセンター【訪問介護】竹越2-1-21学研ココファン茶屋ヶ坂", "url": "https://www.kaigokensaku.mhlw.go.jp/23/index.php?action_kouhyou_detail_004_kani=true&JigyosyoCd=2370103661-00&ServiceCd=110&Type=search", "url2": "https://www.cocofump.co.jp/facilities/detail/chayagasaka/" }, "geometry": { "type": "Point", "coordinates": [ 136.975045, 35.1887565 ] } },
{ "type": "Feature", "properties": { "内容": "ケアセンターモモ【訪問介護】愛知県名古屋市千種区京命1丁目11番29号", "url": "https://www.kaigokensaku.mhlw.go.jp/23/index.php?action_kouhyou_detail_004_kani=true&JigyosyoCd=2370102390-00&ServiceCd=110&Type=search", "url2": null }, "geometry": { "type": "Point", "coordinates": [ 136.982163899999932, 35.185879 ] } },
{ "type": "Feature", "properties": { "内容": "訪問介護TSUBAKI【訪問介護】愛知県名古屋市千種区今池五丁目3番2号リアライズ今池駅前ビル5階", "url": "https://www.kaigokensaku.mhlw.go.jp/23/index.php?action_kouhyou_detail_004_kani=true&JigyosyoCd=2370101475-00&ServiceCd=110&Type=search", "url2": "https://meet-source.com/co/zeroimpression/" }, "geometry": { "type": "Point", "coordinates": [ 136.938574905140769, 35.16852496685803 ] } },
{ "type": "Feature", "properties": { "内容": "ヘルパーステーション千種七番館【訪問介護】名古屋市千種区谷口町４番５号", "url": "https://www.kaigokensaku.mhlw.go.jp/23/index.php?action_kouhyou_detail_004_kani=true&JigyosyoCd=2370103901-00&ServiceCd=110&Type=search", "url2": "https://www.prestige-care-tokai.co.jp/institutions/chikusananabankan/" }, "geometry": { "type": "Point", "coordinates": [ 136.952801799999946, 35.1835727 ] } },
{ "type": "Feature", "properties": { "内容": "訪問介護事業所Starlight千種【訪問介護】愛知県名古屋市千種区東千種台14番12号-2", "url": "https://www.kaigokensaku.mhlw.go.jp/23/index.php?action_kouhyou_detail_004_kani=true&JigyosyoCd=2370103984-00&ServiceCd=110&Type=search", "url2": "https://starlight.kaigonine.com/" }, "geometry": { "type": "Point", "coordinates": [ 136.986032105388887, 35.192110142213537 ] } },
{ "type": "Feature", "properties": { "内容": "有限会社　リリーフケアサービス【訪問介護】愛知県名古屋市東区東桜１丁目５番１２号ホワイトヒルズ東桜９０８号", "url": "https://www.kaigokensaku.mhlw.go.jp/23/index.php?action_kouhyou_detail_004_kani=true&JigyosyoCd=2370200558-00&ServiceCd=110&Type=search", "url2": null }, "geometry": { "type": "Point", "coordinates": [ 136.9138891, 35.1731894 ] } },
{ "type": "Feature", "properties": { "内容": "訪問介護　あいちっち【訪問介護】愛知県名古屋市東区豊前町2丁目68番地ユニバースビル1F東", "url": "https://www.kaigokensaku.mhlw.go.jp/23/index.php?action_kouhyou_detail_004_kani=true&JigyosyoCd=2370201895-00&ServiceCd=110&Type=search", "url2": null }, "geometry": { "type": "Point", "coordinates": [ 136.935628, 35.1770703 ] } },
{ "type": "Feature", "properties": { "内容": "ヘルパーステーション　フロンティアの介護【訪問介護】愛知県名古屋市東区泉一丁目１９番８号フロンティアビル４階", "url": "https://www.kaigokensaku.mhlw.go.jp/23/index.php?action_kouhyou_detail_004_kani=true&JigyosyoCd=2370201424-00&ServiceCd=110&Type=search", "url2": "https://www.frontier-gp.jp/" }, "geometry": { "type": "Point", "coordinates": [ 136.913793476380647, 35.175964450613165 ] } },
{ "type": "Feature", "properties": { "内容": "ケアステーションＨＡＲＵ【訪問介護】代官町23番11号フローレス代官401号室", "url": "https://www.kaigokensaku.mhlw.go.jp/23/index.php?action_kouhyou_detail_004_kani=true&JigyosyoCd=2370201598-00&ServiceCd=110&Type=search", "url2": null }, "geometry": { "type": "Point", "coordinates": [ 136.923565899999971, 35.1769282 ] } },
{ "type": "Feature", "properties": { "内容": "ケアリッツ大曽根【訪問介護】愛知県名古屋市東区東大曽根町29-11共栄ビル４D", "url": "https://www.kaigokensaku.mhlw.go.jp/23/index.php?action_kouhyou_detail_004_kani=true&JigyosyoCd=2370201770-00&ServiceCd=110&Type=search", "url2": "https://www.careritz.co.jp/station/branch/ozone/" }, "geometry": { "type": "Point", "coordinates": [ 136.934545963229368, 35.187251273565685 ] } },
{ "type": "Feature", "properties": { "内容": "ニチイケアセンター芳野【訪問介護】愛知県名古屋市東区東大曽根町1-4ヤマモトビル1階", "url": "https://www.kaigokensaku.mhlw.go.jp/23/index.php?action_kouhyou_detail_004_kani=true&JigyosyoCd=2370200731-00&ServiceCd=110&Type=search", "url2": null }, "geometry": { "type": "Point", "coordinates": [ 136.9303034793395, 35.186644403313018 ] } },
{ "type": "Feature", "properties": { "内容": "トラスト訪問介護センター名古屋【訪問介護】愛知県名古屋市東区主税町4丁目32番地主税町ハイツ1階101号", "url": "https://www.kaigokensaku.mhlw.go.jp/23/index.php?action_kouhyou_detail_004_kani=true&JigyosyoCd=2370201853-00&ServiceCd=110&Type=search", "url2": null }, "geometry": { "type": "Point", "coordinates": [ 136.920152666882132, 35.181428985204825 ] } },
{ "type": "Feature", "properties": { "内容": "ヘルパーステーション　こしん【訪問介護】愛知県名古屋市東区古出来一丁目2-10", "url": "https://www.kaigokensaku.mhlw.go.jp/23/index.php?action_kouhyou_detail_004_kani=true&JigyosyoCd=2370200608-00&ServiceCd=110&Type=search", "url2": "http://www" }, "geometry": { "type": "Point", "coordinates": [ 136.940400299999965, 35.1811841 ] } },
{ "type": "Feature", "properties": { "内容": "あい介護センター【訪問介護】名古屋市東区相生町4番地", "url": "https://www.kaigokensaku.mhlw.go.jp/23/index.php?action_kouhyou_detail_004_kani=true&JigyosyoCd=2370200046-00&ServiceCd=110&Type=search", "url2": "http://aicare-c.jp" }, "geometry": { "type": "Point", "coordinates": [ 136.92233520000002, 35.1824192 ] } },
{ "type": "Feature", "properties": { "内容": "介護センターガスライト【訪問介護】名古屋市東区白壁二丁目２５番２０号コーポ明和2-A号室", "url": "https://www.kaigokensaku.mhlw.go.jp/23/index.php?action_kouhyou_detail_004_kani=true&JigyosyoCd=2370201481-00&ServiceCd=110&Type=search", "url2": "http://gas-light.jp/" }, "geometry": { "type": "Point", "coordinates": [ 136.909975300000042, 35.1856266 ] } },
{ "type": "Feature", "properties": { "内容": "ケアステーション光【訪問介護】愛知県名古屋市東区泉二丁目8番2号ALA泉ﾋﾞﾙ2階南", "url": "https://www.kaigokensaku.mhlw.go.jp/23/index.php?action_kouhyou_detail_004_kani=true&JigyosyoCd=2370201499-00&ServiceCd=110&Type=search", "url2": "http://carestation-hikari.com/" }, "geometry": { "type": "Point", "coordinates": [ 136.917691399999967, 35.1776585 ] } },
{ "type": "Feature", "properties": { "内容": "介護サービスさくら　砂田橋事業所【訪問介護】愛知県名古屋市東区砂田橋１－１サンコート砂田橋", "url": "https://www.kaigokensaku.mhlw.go.jp/23/index.php?action_kouhyou_detail_004_kani=true&JigyosyoCd=2370200350-00&ServiceCd=110&Type=search", "url2": "http://www.kaigo-sakura.com" }, "geometry": { "type": "Point", "coordinates": [ 136.956717900000058, 35.1871203 ] } },
{ "type": "Feature", "properties": { "内容": "もあはーと訪問ライフケア【訪問介護】名古屋市東区相９３ハイツ相５０２号室", "url": "https://www.kaigokensaku.mhlw.go.jp/23/index.php?action_kouhyou_detail_004_kani=true&JigyosyoCd=2370201705-00&ServiceCd=110&Type=search", "url2": "more-ht.com" }, "geometry": { "type": "Point", "coordinates": [ 136.922512238510365, 35.182393739794804 ] } },
{ "type": "Feature", "properties": { "内容": "グランダ徳川ケアステーション【訪問介護】愛知県名古屋市東区東大曽根町36番3", "url": "https://www.kaigokensaku.mhlw.go.jp/23/index.php?action_kouhyou_detail_004_kani=true&JigyosyoCd=2370201929-00&ServiceCd=110&Type=search", "url2": "https://www.benesse-style-care.co.jp/" }, "geometry": { "type": "Point", "coordinates": [ 136.935267489549261, 35.18748240701089 ] } },
{ "type": "Feature", "properties": { "内容": "けあらーずサリエ【訪問介護】愛知県名古屋市東区大幸四丁目11番36号", "url": "https://www.kaigokensaku.mhlw.go.jp/23/index.php?action_kouhyou_detail_004_kani=true&JigyosyoCd=2370201994-00&ServiceCd=110&Type=search", "url2": "https://seramu.co.jp/" }, "geometry": { "type": "Point", "coordinates": [ 136.9531614, 35.1911089 ] } },
{ "type": "Feature", "properties": { "内容": "天仁介護【訪問介護】愛知県名古屋市東区相生町８０足立ビル２０１", "url": "https://www.kaigokensaku.mhlw.go.jp/23/index.php?action_kouhyou_detail_004_kani=true&JigyosyoCd=2370201986-00&ServiceCd=110&Type=search", "url2": "https://tenjin.hp4u.jp/" }, "geometry": { "type": "Point", "coordinates": [ 136.922255, 35.1815901 ] } },
{ "type": "Feature", "properties": { "内容": "訪問介護ステーションよいかん名古屋東【訪問介護】愛知県名古屋市東区矢田一丁目7番43号アイキシティービル2B号室", "url": "https://www.kaigokensaku.mhlw.go.jp/23/index.php?action_kouhyou_detail_004_kani=true&JigyosyoCd=2370201978-00&ServiceCd=110&Type=search", "url2": "https://kizunahd.co.jp/bond-ym/" }, "geometry": { "type": "Point", "coordinates": [ 136.9392852, 35.1927477 ] } },
{ "type": "Feature", "properties": { "内容": "ラヴィーレレジデンス徳川園【訪問介護】愛知県名古屋市東区徳川1丁目605ラヴィーレレジデンス徳川園", "url": "https://www.kaigokensaku.mhlw.go.jp/23/index.php?action_kouhyou_detail_004_kani=true&JigyosyoCd=2370201903-00&ServiceCd=110&Type=search", "url2": "https://www.sompocare.com/service/home/satsuki/H000478" }, "geometry": { "type": "Point", "coordinates": [ 136.927693168875493, 35.182126342361435 ] } },
{ "type": "Feature", "properties": { "内容": "ケアコール徳川【訪問介護】愛知県名古屋市東区山口町2番18号ファミリー・ホスピスOASIS1階", "url": "https://www.kaigokensaku.mhlw.go.jp/23/index.php?action_kouhyou_detail_004_kani=true&JigyosyoCd=2370201754-00&ServiceCd=110&Type=search", "url2": "https://family-hospice.co.jp/" }, "geometry": { "type": "Point", "coordinates": [ 136.9254694, 35.1834868 ] } },
{ "type": "Feature", "properties": { "内容": "株式会社ActArise【訪問介護】東桜2丁目9-16レジデンス高岳501号", "url": "https://www.kaigokensaku.mhlw.go.jp/23/index.php?action_kouhyou_detail_004_kani=true&JigyosyoCd=2370201937-00&ServiceCd=110&Type=search", "url2": "https://actarise-group.co.jp/" }, "geometry": { "type": "Point", "coordinates": [ 136.9155327, 35.1732436 ] } },
{ "type": "Feature", "properties": { "内容": "医心館訪問介護ステーション千種【訪問介護】愛知県名古屋市東区葵三丁目13番11号", "url": "https://www.kaigokensaku.mhlw.go.jp/23/index.php?action_kouhyou_detail_004_kani=true&JigyosyoCd=2370201911-00&ServiceCd=110&Type=search", "url2": null }, "geometry": { "type": "Point", "coordinates": [ 136.9318834, 35.1721675 ] } },
{ "type": "Feature", "properties": { "内容": "心泉組へルパーステーション【訪問介護】名古屋市北区柳原4丁目４－４中杉ビル１F", "url": "https://www.kaigokensaku.mhlw.go.jp/23/index.php?action_kouhyou_detail_004_kani=true&JigyosyoCd=2370301695-00&ServiceCd=110&Type=search", "url2": "http://life.2-d.jp/" }, "geometry": { "type": "Point", "coordinates": [ 136.9086337, 35.1884345 ] } },
{ "type": "Feature", "properties": { "内容": "くまねこ介護サポート【訪問介護】愛知県名古屋市北区若葉通2-3第３諏訪ビル　３Ｆ", "url": "https://www.kaigokensaku.mhlw.go.jp/23/index.php?action_kouhyou_detail_004_kani=true&JigyosyoCd=2370302313-00&ServiceCd=110&Type=search", "url2": "http://www.kumaneko-support.com/" }, "geometry": { "type": "Point", "coordinates": [ 136.924001299999986, 35.196512 ] } },
{ "type": "Feature", "properties": { "内容": "ハートフルトリートメント【訪問介護】愛知県名古屋市北区瑠璃光町2丁目11番地の4", "url": "https://www.kaigokensaku.mhlw.go.jp/23/index.php?action_kouhyou_detail_004_kani=true&JigyosyoCd=2370304947-00&ServiceCd=110&Type=search", "url2": "https://ht-network.jp/?page_id=903" }, "geometry": { "type": "Point", "coordinates": [ 136.923855800000013, 35.198461 ] } },
{ "type": "Feature", "properties": { "内容": "アヴェニールサポート【訪問介護】愛知県名古屋市北区山田四丁目１２番３４号フラット大曾根１階中", "url": "https://www.kaigokensaku.mhlw.go.jp/23/index.php?action_kouhyou_detail_004_kani=true&JigyosyoCd=2370305076-00&ServiceCd=110&Type=search", "url2": "https://avenir-group.org/avenir-support" }, "geometry": { "type": "Point", "coordinates": [ 136.9400472, 35.1999071 ] } },
{ "type": "Feature", "properties": { "内容": "みゆうほうもんかいご【訪問介護】愛知県名古屋市北区中味鋺二丁目334番地メゾンエトワール201号", "url": "https://www.kaigokensaku.mhlw.go.jp/23/index.php?action_kouhyou_detail_004_kani=true&JigyosyoCd=2370304988-00&ServiceCd=110&Type=search", "url2": null }, "geometry": { "type": "Point", "coordinates": [ 136.9211262, 35.2190026 ] } },
{ "type": "Feature", "properties": { "内容": "訪問介護Natto.【訪問介護】愛知県名古屋市北区稚児宮通1-51川出ビル2H", "url": "https://www.kaigokensaku.mhlw.go.jp/23/index.php?action_kouhyou_detail_004_kani=true&JigyosyoCd=2370305191-00&ServiceCd=110&Type=search", "url2": null }, "geometry": { "type": "Point", "coordinates": [ 136.916134699999986, 35.1984313 ] } },
{ "type": "Feature", "properties": { "内容": "ヘルパーステーション　すずなの花【訪問介護】愛知県名古屋市北区長田町１丁目８番地の３　コーポ広栄３０６号室", "url": "https://www.kaigokensaku.mhlw.go.jp/23/index.php?action_kouhyou_detail_004_kani=true&JigyosyoCd=2370305100-00&ServiceCd=110&Type=search", "url2": null }, "geometry": { "type": "Point", "coordinates": [ 136.919203, 35.1918521 ] } },
{ "type": "Feature", "properties": { "内容": "ヘルパーステーション　momo【訪問介護】愛知県名古屋市北区御成通3丁目9番地の４コープ野村織部310", "url": "https://www.kaigokensaku.mhlw.go.jp/23/index.php?action_kouhyou_detail_004_kani=true&JigyosyoCd=2370305134-00&ServiceCd=110&Type=search", "url2": null }, "geometry": { "type": "Point", "coordinates": [ 136.929393299999987, 35.2002106 ] } },
{ "type": "Feature", "properties": { "内容": "ヘルパーステーション花咲【訪問介護】新堀２５番地の３NAGOYA　the　CANAL１０１", "url": "https://www.kaigokensaku.mhlw.go.jp/23/index.php?action_kouhyou_detail_004_kani=true&JigyosyoCd=2370305225-00&ServiceCd=110&Type=search", "url2": null }, "geometry": { "type": "Point", "coordinates": [ 136.8868004, 35.2053016 ] } },
{ "type": "Feature", "properties": { "内容": "訪問介護リノア【訪問介護】愛知県名古屋市北区萩野通１丁目28-5サンホワイト萩野通３０３号室", "url": "https://www.kaigokensaku.mhlw.go.jp/23/index.php?action_kouhyou_detail_004_kani=true&JigyosyoCd=2370305233-00&ServiceCd=110&Type=search", "url2": null }, "geometry": { "type": "Point", "coordinates": [ 136.9117652, 35.2068413 ] } },
{ "type": "Feature", "properties": { "内容": "ダイレクト介護【訪問介護】水切町7-121-13水切浅田ビル203号", "url": "https://www.kaigokensaku.mhlw.go.jp/23/index.php?action_kouhyou_detail_004_kani=true&JigyosyoCd=2370305282-00&ServiceCd=110&Type=search", "url2": "https://www.hudosankaigodirect.com/services-8" }, "geometry": { "type": "Point", "coordinates": [ 136.917088799999988, 35.1927271 ] } },
{ "type": "Feature", "properties": { "内容": "ヘルパーステーション　笑和くすのき【訪問介護】北区三軒町377番地サングリーンハート藤A101号室", "url": "https://www.kaigokensaku.mhlw.go.jp/23/index.php?action_kouhyou_detail_004_kani=true&JigyosyoCd=2370305290-00&ServiceCd=110&Type=search", "url2": null }, "geometry": { "type": "Point", "coordinates": [ 136.9247871, 35.2319214 ] } },
{ "type": "Feature", "properties": { "内容": "ハートサービス近藤【訪問介護】愛知県名古屋市北区杉栄町2-43", "url": "https://www.kaigokensaku.mhlw.go.jp/23/index.php?action_kouhyou_detail_004_kani=true&JigyosyoCd=2370300143-00&ServiceCd=110&Type=search", "url2": "https://www.heartservice-kondo.net/" }, "geometry": { "type": "Point", "coordinates": [ 136.924562599999945, 35.1911515 ] } },
{ "type": "Feature", "properties": { "内容": "ＳＯＭＰＯケア名北訪問介護【訪問介護】志賀南通1ｰ20セノーテ黒川駅前ビル2階", "url": "https://www.kaigokensaku.mhlw.go.jp/23/index.php?action_kouhyou_detail_004_kani=true&JigyosyoCd=2370305001-00&ServiceCd=110&Type=search", "url2": "https://www.sompocare.com/service/zaitaku/kaigo/Z000952" }, "geometry": { "type": "Point", "coordinates": [ 136.911204865541862, 35.197359393243005 ] } },
{ "type": "Feature", "properties": { "内容": "ときわメディカルサービス【訪問介護】名古屋市北区上飯田南町五丁目５５番地ときわ有料老人ホーム　わこの家", "url": "https://www.kaigokensaku.mhlw.go.jp/23/index.php?action_kouhyou_detail_004_kani=true&JigyosyoCd=2370302537-00&ServiceCd=110&Type=search", "url2": "http://www.kit.hi-ho.ne.jp/wakonoie/" }, "geometry": { "type": "Point", "coordinates": [ 136.933333700000048, 35.1996258 ] } },
{ "type": "Feature", "properties": { "内容": "訪問介護サービスひだまり【訪問介護】上飯田南町2丁目8番地の2", "url": "https://www.kaigokensaku.mhlw.go.jp/23/index.php?action_kouhyou_detail_004_kani=true&JigyosyoCd=2370302123-00&ServiceCd=110&Type=search", "url2": null }, "geometry": { "type": "Point", "coordinates": [ 136.932154087133341, 35.201396023302905 ] } },
{ "type": "Feature", "properties": { "内容": "スマイルナーシング名城【訪問介護】柳原1丁目2番21号", "url": "https://www.kaigokensaku.mhlw.go.jp/23/index.php?action_kouhyou_detail_004_kani=true&JigyosyoCd=2370304749-00&ServiceCd=110&Type=search", "url2": "smil-nursing.jp" }, "geometry": { "type": "Point", "coordinates": [ 141.110271899999987, 39.2922053 ] } },
{ "type": "Feature", "properties": { "内容": "ケアコール北【訪問介護】愛知県名古屋市北区西味鋺一丁目111番ファミリー・ホスピスOASIS北", "url": "https://www.kaigokensaku.mhlw.go.jp/23/index.php?action_kouhyou_detail_004_kani=true&JigyosyoCd=2370304640-00&ServiceCd=110&Type=search", "url2": "https://nyukyo.nc-service-net/facility/595/" }, "geometry": { "type": "Point", "coordinates": [ 136.911365100000012, 35.2218721 ] } },
{ "type": "Feature", "properties": { "内容": "ケアコール志賀【訪問介護】愛知県名古屋市北区西志賀町5丁目24番地", "url": "https://www.kaigokensaku.mhlw.go.jp/23/index.php?action_kouhyou_detail_004_kani=true&JigyosyoCd=2370304665-00&ServiceCd=110&Type=search", "url2": "https://nyukyo.nc-service.net/facility/595/" }, "geometry": { "type": "Point", "coordinates": [ 136.9065042, 35.2005054 ] } },
{ "type": "Feature", "properties": { "内容": "くすのき苑八龍【訪問介護】愛知県名古屋市北区八龍町一丁目65番地", "url": "https://www.kaigokensaku.mhlw.go.jp/23/index.php?action_kouhyou_detail_004_kani=true&JigyosyoCd=2370302453-00&ServiceCd=110&Type=search", "url2": "http://www.kusunokihp.or.jp/hachiryu/" }, "geometry": { "type": "Point", "coordinates": [ 136.932100499999933, 35.2001896 ] } },
{ "type": "Feature", "properties": { "内容": "Smileplus【訪問介護】愛知県名古屋市北区稚児宮通1丁目43番地の２ヴァンクールKUROKAWA301", "url": "https://www.kaigokensaku.mhlw.go.jp/23/index.php?action_kouhyou_detail_004_kani=true&JigyosyoCd=2370304566-00&ServiceCd=110&Type=search", "url2": "https://kaigo-parnition.com/" }, "geometry": { "type": "Point", "coordinates": [ 136.9169518, 35.1985649 ] } },
{ "type": "Feature", "properties": { "内容": "ヘルパーステーションはなひなの杜【訪問介護】愛知県名古屋市北区大曽根四丁目２番３３号セラヴィ1C", "url": "https://www.kaigokensaku.mhlw.go.jp/23/index.php?action_kouhyou_detail_004_kani=true&JigyosyoCd=2370302529-00&ServiceCd=110&Type=search", "url2": "http://www.hanahina.jp" }, "geometry": { "type": "Point", "coordinates": [ 136.931232857672029, 35.191250983979096 ] } },
{ "type": "Feature", "properties": { "内容": "ヘルパーステーションはなひなの杜なえだ【訪問介護】名古屋市北区苗田町95番地", "url": "https://www.kaigokensaku.mhlw.go.jp/23/index.php?action_kouhyou_detail_004_kani=true&JigyosyoCd=2370304889-00&ServiceCd=110&Type=search", "url2": null }, "geometry": { "type": "Point", "coordinates": [ 136.919391197622673, 35.237901425274629 ] } },
{ "type": "Feature", "properties": { "内容": "やさしい手楠訪問介護事業所【訪問介護】楠五丁目424番地ディーフェスタ楠", "url": "https://www.kaigokensaku.mhlw.go.jp/23/index.php?action_kouhyou_detail_004_kani=true&JigyosyoCd=2370304293-00&ServiceCd=110&Type=search", "url2": "http://www.yasashiite.com" }, "geometry": { "type": "Point", "coordinates": [ 136.927219471979953, 35.225032560932966 ] } },
{ "type": "Feature", "properties": { "内容": "株式会社アネスト【訪問介護】名古屋市北区楠四丁目６１６番地の１", "url": "https://www.kaigokensaku.mhlw.go.jp/23/index.php?action_kouhyou_detail_004_kani=true&JigyosyoCd=2370303915-00&ServiceCd=110&Type=search", "url2": null }, "geometry": { "type": "Point", "coordinates": [ 136.924711399999978, 35.2294273 ] } },
{ "type": "Feature", "properties": { "内容": "医心館訪問介護ステーション大曽根【訪問介護】愛知県名古屋市北区大曽根四丁目10番17号", "url": "https://www.kaigokensaku.mhlw.go.jp/23/index.php?action_kouhyou_detail_004_kani=true&JigyosyoCd=2370304996-00&ServiceCd=110&Type=search", "url2": null }, "geometry": { "type": "Point", "coordinates": [ 136.9324059, 35.1931581 ] } },
{ "type": "Feature", "properties": { "内容": "ヘルパーステーションりぽっけ【訪問介護】光音寺町字野方１９０６-９７Y・T　Marcher102号", "url": "https://www.kaigokensaku.mhlw.go.jp/23/index.php?action_kouhyou_detail_004_kani=true&JigyosyoCd=2370304285-00&ServiceCd=110&Type=search", "url2": null }, "geometry": { "type": "Point", "coordinates": [ 136.908910900000024, 35.2115428 ] } },
{ "type": "Feature", "properties": { "内容": "ヘルパーステーション　アエル【訪問介護】愛知県名古屋市北区辻本通1丁目49番地の1ロイヤルメゾン城見台101号", "url": "https://www.kaigokensaku.mhlw.go.jp/23/index.php?action_kouhyou_detail_004_kani=true&JigyosyoCd=2370303873-00&ServiceCd=110&Type=search", "url2": "https://care-celeb.com" }, "geometry": { "type": "Point", "coordinates": [ 136.9194771, 35.2012498 ] } },
{ "type": "Feature", "properties": { "内容": "ケア２１上飯田【訪問介護】愛知県名古屋市北区上飯田北町1-12クリタビル2階201号室", "url": "https://www.kaigokensaku.mhlw.go.jp/23/index.php?action_kouhyou_detail_004_kani=true&JigyosyoCd=2370301943-00&ServiceCd=110&Type=search", "url2": null }, "geometry": { "type": "Point", "coordinates": [ 136.9314037, 35.203867099999989 ] } },
{ "type": "Feature", "properties": { "内容": "イルカケアステーション【訪問介護】愛知県名古屋市北区中味鋺三丁目４０２－３", "url": "https://www.kaigokensaku.mhlw.go.jp/23/index.php?action_kouhyou_detail_004_kani=true&JigyosyoCd=2370302115-00&ServiceCd=110&Type=search", "url2": null }, "geometry": { "type": "Point", "coordinates": [ 136.920145400000024, 35.2223171 ] } },
{ "type": "Feature", "properties": { "内容": "けあらーずおおぞね指定訪問介護事業所【訪問介護】愛知県名古屋市北区大曽根一丁目２６番２３号三栄ビル1F", "url": "https://www.kaigokensaku.mhlw.go.jp/23/index.php?action_kouhyou_detail_004_kani=true&JigyosyoCd=2370301729-00&ServiceCd=110&Type=search", "url2": "http://www.seramu.com/" }, "geometry": { "type": "Point", "coordinates": [ 136.9299926, 35.1912406 ] } },
{ "type": "Feature", "properties": { "内容": "けあらーず平安通指定訪問介護事業所【訪問介護】愛知県名古屋市北区下飯田町4-4　2号室", "url": "https://www.kaigokensaku.mhlw.go.jp/23/index.php?action_kouhyou_detail_004_kani=true&JigyosyoCd=2370302339-00&ServiceCd=110&Type=search", "url2": "http://www.seramu.com/index.html" }, "geometry": { "type": "Point", "coordinates": [ 136.928189800000041, 35.196701 ] } },
{ "type": "Feature", "properties": { "内容": "ニチイケアセンター黒川【訪問介護】愛知県名古屋市北区黒川本通2－36", "url": "https://www.kaigokensaku.mhlw.go.jp/23/index.php?action_kouhyou_detail_004_kani=true&JigyosyoCd=2370300333-00&ServiceCd=110&Type=search", "url2": "http://www.nichiigakkan.co.jp" }, "geometry": { "type": "Point", "coordinates": [ 136.911463799999979, 35.1984194 ] } },
{ "type": "Feature", "properties": { "内容": "ニチイケアセンターあじま【訪問介護】愛知県名古屋市北区楠味鋺3丁目403-1", "url": "https://www.kaigokensaku.mhlw.go.jp/23/index.php?action_kouhyou_detail_004_kani=true&JigyosyoCd=2370301927-00&ServiceCd=110&Type=search", "url2": "http://" }, "geometry": { "type": "Point", "coordinates": [ 136.9251143, 35.222939300000014 ] } },
{ "type": "Feature", "properties": { "内容": "訪問サービスフレンズ【訪問介護】愛知県名古屋市北区中杉町２丁目２１番地の２", "url": "https://www.kaigokensaku.mhlw.go.jp/23/index.php?action_kouhyou_detail_004_kani=true&JigyosyoCd=2370304236-00&ServiceCd=110&Type=search", "url2": null }, "geometry": { "type": "Point", "coordinates": [ 136.917541, 35.1915984 ] } },
{ "type": "Feature", "properties": { "内容": "ヘルパーステーションしあわせ【訪問介護】名古屋市北区楠味鋺三丁目154番地の1", "url": "https://www.kaigokensaku.mhlw.go.jp/23/index.php?action_kouhyou_detail_004_kani=true&JigyosyoCd=2370304863-00&ServiceCd=110&Type=search", "url2": "www.siawase-lieben.co.jp" }, "geometry": { "type": "Point", "coordinates": [ 136.9261306, 35.2212072 ] } },
{ "type": "Feature", "properties": { "内容": "愛護ヘルパー事業所【訪問介護】愛知県名古屋市北区志賀南通２丁目４番地１ＧＫｆａｎレジデンス５０２", "url": "https://www.kaigokensaku.mhlw.go.jp/23/index.php?action_kouhyou_detail_004_kani=true&JigyosyoCd=2370301794-00&ServiceCd=110&Type=search", "url2": null }, "geometry": { "type": "Point", "coordinates": [ 136.913434086841448, 35.196986640352257 ] } },
{ "type": "Feature", "properties": { "内容": "ケアサポート晴れるや【訪問介護】愛知県名古屋市北区如意二丁目25番地の1", "url": "https://www.kaigokensaku.mhlw.go.jp/23/index.php?action_kouhyou_detail_004_kani=true&JigyosyoCd=2370302990-00&ServiceCd=110&Type=search", "url2": "https://hare.care/." }, "geometry": { "type": "Point", "coordinates": [ 136.9179507, 35.2352321 ] } },
{ "type": "Feature", "properties": { "内容": "ケアステーション　生楽【訪問介護】名古屋市北区萩野通１丁目９番地の３", "url": "https://www.kaigokensaku.mhlw.go.jp/23/index.php?action_kouhyou_detail_004_kani=true&JigyosyoCd=2370302669-00&ServiceCd=110&Type=search", "url2": "ｃｓ-seiraku@sage.ocn.ne.jp" }, "geometry": { "type": "Point", "coordinates": [ 136.911134599999968, 35.2051015 ] } },
{ "type": "Feature", "properties": { "内容": "にじのさと北サービスセンター【訪問介護】平安1-2-3伊東ビル1F", "url": "https://www.kaigokensaku.mhlw.go.jp/23/index.php?action_kouhyou_detail_004_kani=true&JigyosyoCd=2370304350-00&ServiceCd=110&Type=search", "url2": "http://www.elderly.jp/" }, "geometry": { "type": "Point", "coordinates": [ 136.930014585250092, 35.194202074609912 ] } },
{ "type": "Feature", "properties": { "内容": "快適ライフくすのき　訪問介護事業所【訪問介護】愛知県名古屋市北区若鶴町306番地快適ライフくすのき　訪問介護事業所", "url": "https://www.kaigokensaku.mhlw.go.jp/23/index.php?action_kouhyou_detail_004_kani=true&JigyosyoCd=2370304079-00&ServiceCd=110&Type=search", "url2": "http://bonappetit-kaiteki.com" }, "geometry": { "type": "Point", "coordinates": [ 136.916681499999981, 35.2324269 ] } },
{ "type": "Feature", "properties": { "内容": "あやめケアセンター【訪問介護】如来町47番地清邦産業ビル102号", "url": "https://www.kaigokensaku.mhlw.go.jp/23/index.php?action_kouhyou_detail_004_kani=true&JigyosyoCd=2370304020-00&ServiceCd=110&Type=search", "url2": "https://ayamecare.wixsite.com/ayamecare" }, "geometry": { "type": "Point", "coordinates": [ 136.913823399999956, 35.2341932 ] } },
{ "type": "Feature", "properties": { "内容": "おおきなわ【訪問介護】水草町二丁目３９番地の１メゾン水草Ⅱ２０１号", "url": "https://www.kaigokensaku.mhlw.go.jp/23/index.php?action_kouhyou_detail_004_kani=true&JigyosyoCd=2370304830-00&ServiceCd=110&Type=search", "url2": null }, "geometry": { "type": "Point", "coordinates": [ 136.907969800000018, 35.208578799999984 ] } },
{ "type": "Feature", "properties": { "内容": "人として【訪問介護】愛知県名古屋市北区志賀南通２丁目４番地の１GKfanレジデンス４０２", "url": "https://www.kaigokensaku.mhlw.go.jp/23/index.php?action_kouhyou_detail_004_kani=true&JigyosyoCd=2370304202-00&ServiceCd=110&Type=search", "url2": "https://www.hitotoshite.co.jp" }, "geometry": { "type": "Point", "coordinates": [ 136.913022, 35.1969364 ] } },
{ "type": "Feature", "properties": { "内容": "訪問介護　グリーンハンド【訪問介護】愛知県名古屋市北区中味鋺三丁目４０３番地", "url": "https://www.kaigokensaku.mhlw.go.jp/23/index.php?action_kouhyou_detail_004_kani=true&JigyosyoCd=2370303964-00&ServiceCd=110&Type=search", "url2": "http://hp.kaipoke.biz/7du" }, "geometry": { "type": "Point", "coordinates": [ 136.920287, 35.2222699 ] } },
{ "type": "Feature", "properties": { "内容": "介護事業所　ピースケア【訪問介護】愛知県名古屋市北区志賀本通一丁目２１番地エムズフラッツ５-D", "url": "https://www.kaigokensaku.mhlw.go.jp/23/index.php?action_kouhyou_detail_004_kani=true&JigyosyoCd=2370302289-00&ServiceCd=110&Type=search", "url2": null }, "geometry": { "type": "Point", "coordinates": [ 136.916387500000042, 35.1962939 ] } },
{ "type": "Feature", "properties": { "内容": "ヘルパーステーション　ミーテ【訪問介護】愛知県名古屋市北区辻本通４丁目10番地サンハイツ405号", "url": "https://www.kaigokensaku.mhlw.go.jp/23/index.php?action_kouhyou_detail_004_kani=true&JigyosyoCd=2370304061-00&ServiceCd=110&Type=search", "url2": "http://mite.hala64.com" }, "geometry": { "type": "Point", "coordinates": [ 136.926864699999982, 35.205291500000016 ] } },
{ "type": "Feature", "properties": { "内容": "あいせいケアステーション【訪問介護】愛知県名古屋市北区東大曽根町上1丁目828番地", "url": "https://www.kaigokensaku.mhlw.go.jp/23/index.php?action_kouhyou_detail_004_kani=true&JigyosyoCd=2370303469-00&ServiceCd=110&Type=search", "url2": "http://www.aiseikai-hc.or.jp/vc-st/" }, "geometry": { "type": "Point", "coordinates": [ 136.929021871437698, 35.192730194022339 ] } },
{ "type": "Feature", "properties": { "内容": "ヘルパーステーションあい【訪問介護】名古屋市北区中味鋺2丁目207番", "url": "https://www.kaigokensaku.mhlw.go.jp/23/index.php?action_kouhyou_detail_004_kani=true&JigyosyoCd=2370302297-00&ServiceCd=110&Type=search", "url2": "http://www.aiseifukusikai.jp/" }, "geometry": { "type": "Point", "coordinates": [ 136.921812538193876, 35.218779955569111 ] } },
{ "type": "Feature", "properties": { "内容": "ヘルパーステーションそら【訪問介護】愛知県名古屋市北区下飯田町2丁目14番地3　第6諏訪マンション1F", "url": "https://www.kaigokensaku.mhlw.go.jp/23/index.php?action_kouhyou_detail_004_kani=true&JigyosyoCd=2370302594-00&ServiceCd=110&Type=search", "url2": "http://www.meihoku.org/" }, "geometry": { "type": "Point", "coordinates": [ 136.92679735299248, 35.197014814525645 ] } },
{ "type": "Feature", "properties": { "内容": "北医療生協ヘルパーステーション【訪問介護】名古屋市北区城東町5-114", "url": "https://www.kaigokensaku.mhlw.go.jp/23/index.php?action_kouhyou_detail_004_kani=true&JigyosyoCd=2370300572-00&ServiceCd=110&Type=search", "url2": "https://kita.coop" }, "geometry": { "type": "Point", "coordinates": [ 136.921173927169775, 35.194683786582232 ] } },
{ "type": "Feature", "properties": { "内容": "訪問介護　天使の輪【訪問介護】名古屋市北区丸新町３９３番地", "url": "https://www.kaigokensaku.mhlw.go.jp/23/index.php?action_kouhyou_detail_004_kani=true&JigyosyoCd=2370303048-00&ServiceCd=110&Type=search", "url2": null }, "geometry": { "type": "Point", "coordinates": [ 136.912556900000027, 35.23312110000002 ] } },
{ "type": "Feature", "properties": { "内容": "ヘルパーステーションリーベ楠【訪問介護】愛知県名古屋市北区楠味鋺5-1221", "url": "https://www.kaigokensaku.mhlw.go.jp/23/index.php?action_kouhyou_detail_004_kani=true&JigyosyoCd=2370304178-00&ServiceCd=110&Type=search", "url2": "https://https://kimura-group.net/helperstation/" }, "geometry": { "type": "Point", "coordinates": [ 136.929050333729492, 35.219780039725833 ] } },
{ "type": "Feature", "properties": { "内容": "訪問介護事業所　HaLu【訪問介護】愛知県名古屋市北区柳原四丁目5番4号", "url": "https://www.kaigokensaku.mhlw.go.jp/23/index.php?action_kouhyou_detail_004_kani=true&JigyosyoCd=2370304871-00&ServiceCd=110&Type=search", "url2": null }, "geometry": { "type": "Point", "coordinates": [ 136.9087235, 35.1889252 ] } },
{ "type": "Feature", "properties": { "内容": "あんじゅう介護【訪問介護】愛知県名古屋市北区真畔町56番地", "url": "https://www.kaigokensaku.mhlw.go.jp/23/index.php?action_kouhyou_detail_004_kani=true&JigyosyoCd=2370301893-00&ServiceCd=110&Type=search", "url2": null }, "geometry": { "type": "Point", "coordinates": [ 136.9234179, 35.201941900000023 ] } },
{ "type": "Feature", "properties": { "内容": "北区ふれあいサービス【訪問介護】愛知県名古屋市北区清水五丁目32-26", "url": "https://www.kaigokensaku.mhlw.go.jp/23/index.php?action_kouhyou_detail_004_kani=true&JigyosyoCd=2370301489-00&ServiceCd=110&Type=search", "url2": null }, "geometry": { "type": "Point", "coordinates": [ 136.915064579762202, 35.194584194427904 ] } },
{ "type": "Feature", "properties": { "内容": "アイアイ　ケアサポート【訪問介護】愛知県名古屋市北区西味鋺五丁目606番地の2", "url": "https://www.kaigokensaku.mhlw.go.jp/23/index.php?action_kouhyou_detail_004_kani=true&JigyosyoCd=2370303055-00&ServiceCd=110&Type=search", "url2": "https://hp.kaipoke.biz/rvr/" }, "geometry": { "type": "Point", "coordinates": [ 136.918146538239029, 35.219688008318315 ] } },
{ "type": "Feature", "properties": { "内容": "かいごの杜ヘルパーステーション【訪問介護】愛知県名古屋市北区敷島町６９クララハイツ102", "url": "https://www.kaigokensaku.mhlw.go.jp/23/index.php?action_kouhyou_detail_004_kani=true&JigyosyoCd=2370300887-00&ServiceCd=110&Type=search", "url2": "http://" }, "geometry": { "type": "Point", "coordinates": [ 136.909754199999952, 35.1987024 ] } },
{ "type": "Feature", "properties": { "内容": "きそ訪問介護【訪問介護】喜惣治1丁目275-2ボンアーデル壱番館102号", "url": "https://www.kaigokensaku.mhlw.go.jp/23/index.php?action_kouhyou_detail_004_kani=true&JigyosyoCd=2370304509-00&ServiceCd=110&Type=search", "url2": null }, "geometry": { "type": "Point", "coordinates": [ 136.906277404893501, 35.234024251768567 ] } },
{ "type": "Feature", "properties": { "内容": "やさしい手平安通訪問介護事業所【訪問介護】名古屋市北区平安通1-5ヴュロードリベルテ3階", "url": "https://www.kaigokensaku.mhlw.go.jp/23/index.php?action_kouhyou_detail_004_kani=true&JigyosyoCd=2370301513-00&ServiceCd=110&Type=search", "url2": "http://www.yasashiite.com" }, "geometry": { "type": "Point", "coordinates": [ 136.929484199999933, 35.1953457 ] } },
{ "type": "Feature", "properties": { "内容": "訪問介護　ぶんぶく【訪問介護】愛知県名古屋市北区平安二丁目11番39号ラフォーレ21　101号室", "url": "https://www.kaigokensaku.mhlw.go.jp/23/index.php?action_kouhyou_detail_004_kani=true&JigyosyoCd=2370304772-00&ServiceCd=110&Type=search", "url2": "https://bunbuk.jp" }, "geometry": { "type": "Point", "coordinates": [ 136.9308868, 35.1962144 ] } },
{ "type": "Feature", "properties": { "内容": "ヘルパーステーションエーデルワイス【訪問介護】愛知県名古屋市北区西味鋺一丁目901番5", "url": "https://www.kaigokensaku.mhlw.go.jp/23/index.php?action_kouhyou_detail_004_kani=true&JigyosyoCd=2370303733-00&ServiceCd=110&Type=search", "url2": null }, "geometry": { "type": "Point", "coordinates": [ 136.913829399999941, 35.2207725 ] } },
{ "type": "Feature", "properties": { "内容": "寿満ステーション【訪問介護】愛知県名古屋市北区如意一丁目176番地", "url": "https://www.kaigokensaku.mhlw.go.jp/23/index.php?action_kouhyou_detail_004_kani=true&JigyosyoCd=2370303857-00&ServiceCd=110&Type=search", "url2": null }, "geometry": { "type": "Point", "coordinates": [ 136.91922569999997, 35.2337712 ] } },
{ "type": "Feature", "properties": { "内容": "皆湧舎【訪問介護】愛知県名古屋市北区金城一丁目6番16号市松ビル205号", "url": "https://www.kaigokensaku.mhlw.go.jp/23/index.php?action_kouhyou_detail_004_kani=true&JigyosyoCd=2370304558-00&ServiceCd=110&Type=search", "url2": null }, "geometry": { "type": "Point", "coordinates": [ 136.9030837, 35.1943816 ] } },
{ "type": "Feature", "properties": { "内容": "ヘルパーステーションなないろ【訪問介護】楠一丁目1721番地楠タウンハウスB-5", "url": "https://www.kaigokensaku.mhlw.go.jp/23/index.php?action_kouhyou_detail_004_kani=true&JigyosyoCd=2370305332-00&ServiceCd=110&Type=search", "url2": null }, "geometry": { "type": "Point", "coordinates": [ 136.9191928, 35.2267417 ] } },
{ "type": "Feature", "properties": { "内容": "あいあいサポート【訪問介護】愛知県名古屋市北区三軒町246番地アネックスⅠ－１F", "url": "https://www.kaigokensaku.mhlw.go.jp/23/index.php?action_kouhyou_detail_004_kani=true&JigyosyoCd=2370304921-00&ServiceCd=110&Type=search", "url2": "http://hp.kaipoke.biz/tmg/" }, "geometry": { "type": "Point", "coordinates": [ 136.922073899999987, 35.2325693 ] } },
{ "type": "Feature", "properties": { "内容": "ヘルパーステーションいちごナース【訪問介護】愛知県名古屋市北区楠味鋺三丁目403-1", "url": "https://www.kaigokensaku.mhlw.go.jp/23/index.php?action_kouhyou_detail_004_kani=true&JigyosyoCd=2370304459-00&ServiceCd=110&Type=search", "url2": "http://www.nanami-fuji.jp/" }, "geometry": { "type": "Point", "coordinates": [ 136.925125, 35.223050085711158 ] } },
{ "type": "Feature", "properties": { "内容": "ヘルパーステーション　リアン【訪問介護】大曽根四丁目12番32号", "url": "https://www.kaigokensaku.mhlw.go.jp/23/index.php?action_kouhyou_detail_004_kani=true&JigyosyoCd=2370304731-00&ServiceCd=110&Type=search", "url2": "https://legame-k.co.jp/" }, "geometry": { "type": "Point", "coordinates": [ 136.9321689, 35.1925539 ] } },
{ "type": "Feature", "properties": { "内容": "訪問介護ティンカーベル【訪問介護】愛知県名古屋市北区喜惣治一丁目１１２番地", "url": "https://www.kaigokensaku.mhlw.go.jp/23/index.php?action_kouhyou_detail_004_kani=true&JigyosyoCd=2370304897-00&ServiceCd=110&Type=search", "url2": null }, "geometry": { "type": "Point", "coordinates": [ 136.905373996958929, 35.232367253469079 ] } },
{ "type": "Feature", "properties": { "内容": "パーソンズケア楠【訪問介護】楠四丁目１１７番地フォーエバー楠", "url": "https://www.kaigokensaku.mhlw.go.jp/23/index.php?action_kouhyou_detail_004_kani=true&JigyosyoCd=2370302602-00&ServiceCd=110&Type=search", "url2": "persons-care@cube.ocn.ne.jp" }, "geometry": { "type": "Point", "coordinates": [ 136.925333599999931, 35.2268221 ] } },
{ "type": "Feature", "properties": { "内容": "北区介護保険事業所【訪問介護】名古屋市北区清水4丁目17番1号北区在宅サービスセンター内", "url": "https://www.kaigokensaku.mhlw.go.jp/23/index.php?action_kouhyou_detail_004_kani=true&JigyosyoCd=2370300069-00&ServiceCd=110&Type=search", "url2": "http://care-net.biz/23/zaitakunet/" }, "geometry": { "type": "Point", "coordinates": [ 136.911591600000065, 35.1941783 ] } },
{ "type": "Feature", "properties": { "内容": "ヘルパーステーションすずめ【訪問介護】愛知県名古屋市北区平安二丁目24番36号デュオキシモト30C", "url": "https://www.kaigokensaku.mhlw.go.jp/23/index.php?action_kouhyou_detail_004_kani=true&JigyosyoCd=2370304384-00&ServiceCd=110&Type=search", "url2": "http://hp.kaipoke.biz/61z/" }, "geometry": { "type": "Point", "coordinates": [ 136.933587499999931, 35.1976397 ] } },
{ "type": "Feature", "properties": { "内容": "ハートケア　MAMORU【訪問介護】如意1丁目169番地　アーバンハイツ１", "url": "https://www.kaigokensaku.mhlw.go.jp/23/index.php?action_kouhyou_detail_004_kani=true&JigyosyoCd=2370305258-00&ServiceCd=110&Type=search", "url2": "https://www.will-heart-mamoru.com/" }, "geometry": { "type": "Point", "coordinates": [ 139.000287899999989, 36.3599938 ] } },
{ "type": "Feature", "properties": { "内容": "生活援助ネットワーク【訪問介護】山田二丁目18番34号わっぱ共生・共働センター2階", "url": "https://www.kaigokensaku.mhlw.go.jp/23/index.php?action_kouhyou_detail_004_kani=true&JigyosyoCd=2370303485-00&ServiceCd=110&Type=search", "url2": "https://www.wappa-no-kai.jp/" }, "geometry": { "type": "Point", "coordinates": [ 136.937568040749539, 35.198390587174458 ] } },
{ "type": "Feature", "properties": { "内容": "訪問介護事業所　える【訪問介護】愛知県名古屋市北区西味鋺１丁目511番地水野ビル２階", "url": "https://www.kaigokensaku.mhlw.go.jp/23/index.php?action_kouhyou_detail_004_kani=true&JigyosyoCd=2370305241-00&ServiceCd=110&Type=search", "url2": null }, "geometry": { "type": "Point", "coordinates": [ 136.91301390000001, 35.2228618 ] } },
{ "type": "Feature", "properties": { "内容": "医療給食介護サービス【訪問介護】愛知県名古屋市北区中切町五丁目17番地", "url": "https://www.kaigokensaku.mhlw.go.jp/23/index.php?action_kouhyou_detail_004_kani=true&JigyosyoCd=2370301422-00&ServiceCd=110&Type=search", "url2": "http://www.iryou-ks.com" }, "geometry": { "type": "Point", "coordinates": [ 136.909913299999971, 35.2175144 ] } },
{ "type": "Feature", "properties": { "内容": "快適ライフセンター名北【訪問介護】名古屋市北区池花町291", "url": "https://www.kaigokensaku.mhlw.go.jp/23/index.php?action_kouhyou_detail_004_kani=true&JigyosyoCd=2370300465-00&ServiceCd=110&Type=search", "url2": "https://www.kaiteki.ne.jp" }, "geometry": { "type": "Point", "coordinates": [ 136.9204059, 35.2309577 ] } },
{ "type": "Feature", "properties": { "内容": "ヘルパーステーション　ひだまりの郷なごや北【訪問介護】愛知県名古屋市北区如意三丁目７５番地", "url": "https://www.kaigokensaku.mhlw.go.jp/23/index.php?action_kouhyou_detail_004_kani=true&JigyosyoCd=2370305068-00&ServiceCd=110&Type=search", "url2": "https://hidamari-sato.jp/nagoya-kita/" }, "geometry": { "type": "Point", "coordinates": [ 136.923417699999987, 35.2372875 ] } },
{ "type": "Feature", "properties": { "内容": "ケア２１味鋺【訪問介護】東味鋺2丁目123-1", "url": "https://www.kaigokensaku.mhlw.go.jp/23/index.php?action_kouhyou_detail_004_kani=true&JigyosyoCd=2370305084-00&ServiceCd=110&Type=search", "url2": null }, "geometry": { "type": "Point", "coordinates": [ 136.935708399999982, 35.222076 ] } },
{ "type": "Feature", "properties": { "内容": "オズ・ライフ【訪問介護】愛知県名古屋市北区上飯田北町１８番地１ハウストリプル１階", "url": "https://www.kaigokensaku.mhlw.go.jp/23/index.php?action_kouhyou_detail_004_kani=true&JigyosyoCd=2370301984-00&ServiceCd=110&Type=search", "url2": null }, "geometry": { "type": "Point", "coordinates": [ 136.932240215344194, 35.203830982743845 ] } },
{ "type": "Feature", "properties": { "内容": "ヘルパーステーション　シフクＬＩＦＥ【訪問介護】愛知県名古屋市北区成願寺１丁目６番６号ザ・シーン城北アストロタワー３３０９", "url": "https://www.kaigokensaku.mhlw.go.jp/23/index.php?action_kouhyou_detail_004_kani=true&JigyosyoCd=2370305274-00&ServiceCd=110&Type=search", "url2": "https://www.sifuku-corp.com/" }, "geometry": { "type": "Point", "coordinates": [ 136.912426399999987, 35.2164492 ] } },
{ "type": "Feature", "properties": { "内容": "つばき訪問介護事業所【訪問介護】愛知県名古屋市北区金城三丁目７番１０号伊藤ビル３０３", "url": "https://www.kaigokensaku.mhlw.go.jp/23/index.php?action_kouhyou_detail_004_kani=true&JigyosyoCd=2370305159-00&ServiceCd=110&Type=search", "url2": "https://www.wsmg.co.jp/" }, "geometry": { "type": "Point", "coordinates": [ 136.9051703, 35.1965165 ] } },
{ "type": "Feature", "properties": { "内容": "花花介護センター【訪問介護】清水二丁目１０番２１号", "url": "https://www.kaigokensaku.mhlw.go.jp/23/index.php?action_kouhyou_detail_004_kani=true&JigyosyoCd=2370304541-00&ServiceCd=110&Type=search", "url2": null }, "geometry": { "type": "Point", "coordinates": [ 135.559110800000013, 34.7212454 ] } },
{ "type": "Feature", "properties": { "内容": "ケアステーションうらら【訪問介護】愛知県名古屋市北区六が池町４９０番地の７", "url": "https://www.kaigokensaku.mhlw.go.jp/23/index.php?action_kouhyou_detail_004_kani=true&JigyosyoCd=2370303956-00&ServiceCd=110&Type=search", "url2": null }, "geometry": { "type": "Point", "coordinates": [ 136.926233, 35.2410702 ] } },
{ "type": "Feature", "properties": { "内容": "ヘルパーステーション　かりん　名古屋市北区【訪問介護】愛知県名古屋市北区西味鋺３丁目412番地", "url": "https://www.kaigokensaku.mhlw.go.jp/23/index.php?action_kouhyou_detail_004_kani=true&JigyosyoCd=2370305209-00&ServiceCd=110&Type=search", "url2": "https://karin-care.jp/" }, "geometry": { "type": "Point", "coordinates": [ 136.9151793, 35.22432 ] } },
{ "type": "Feature", "properties": { "内容": "ＦＫ介護【訪問介護】愛知県名古屋市北区黒川本通4丁目３０番地黒川籏ビル３Ｆ－Ａ号室", "url": "https://www.kaigokensaku.mhlw.go.jp/23/index.php?action_kouhyou_detail_004_kani=true&JigyosyoCd=2370305050-00&ServiceCd=110&Type=search", "url2": "https://www.seisou-kaigo.com" }, "geometry": { "type": "Point", "coordinates": [ 136.9120743, 35.201583 ] } },
{ "type": "Feature", "properties": { "内容": "ヘルパーステーションふぉれすと【訪問介護】愛知県名古屋市北区大曽根四丁目18番31号ドゥ・エトワール602号", "url": "https://www.kaigokensaku.mhlw.go.jp/23/index.php?action_kouhyou_detail_004_kani=true&JigyosyoCd=2370305365-00&ServiceCd=110&Type=search", "url2": null }, "geometry": { "type": "Point", "coordinates": [ 136.9334055, 35.1921084 ] } },
{ "type": "Feature", "properties": { "内容": "アトリエ・ケア【訪問介護】愛知県名古屋市北区六が池町１４５番地", "url": "https://www.kaigokensaku.mhlw.go.jp/23/index.php?action_kouhyou_detail_004_kani=true&JigyosyoCd=2370305373-00&ServiceCd=110&Type=search", "url2": "https://www.bluerose2025.com/" }, "geometry": { "type": "Point", "coordinates": [ 136.9293274, 35.23837240000001 ] } },
{ "type": "Feature", "properties": { "内容": "プレシア介護センター北【訪問介護】名古屋市北区中味鋺二丁目916番地の1医療対応型リハビリナーシングプレシア北", "url": "https://www.kaigokensaku.mhlw.go.jp/23/index.php?action_kouhyou_detail_004_kani=true&JigyosyoCd=2370305175-00&ServiceCd=110&Type=search", "url2": "https://force-jp.co.jp/presia/" }, "geometry": { "type": "Point", "coordinates": [ 136.9236567, 35.2191191 ] } },
{ "type": "Feature", "properties": { "内容": "H&Nヘルパーステーション神明町【訪問介護】神明町40-1", "url": "https://www.kaigokensaku.mhlw.go.jp/23/index.php?action_kouhyou_detail_004_kani=true&JigyosyoCd=2370303568-00&ServiceCd=110&Type=search", "url2": "http://hn-hd.com/" }, "geometry": { "type": "Point", "coordinates": [ 136.360639600000013, 36.2928768 ] } },
{ "type": "Feature", "properties": { "内容": "ヘルパーステーション笑和北【訪問介護】愛知県名古屋市北区上飯田北町4丁目8番地", "url": "https://www.kaigokensaku.mhlw.go.jp/23/index.php?action_kouhyou_detail_004_kani=true&JigyosyoCd=2370304251-00&ServiceCd=110&Type=search", "url2": null }, "geometry": { "type": "Point", "coordinates": [ 136.931246395743216, 35.206658725694226 ] } },
{ "type": "Feature", "properties": { "内容": "ヘルパーステーションリボーン名古屋【訪問介護】愛知県名古屋市北区御成通３丁目２０番地の３", "url": "https://www.kaigokensaku.mhlw.go.jp/23/index.php?action_kouhyou_detail_004_kani=true&JigyosyoCd=2370305167-00&ServiceCd=110&Type=search", "url2": null }, "geometry": { "type": "Point", "coordinates": [ 136.9301738, 35.199923 ] } },
{ "type": "Feature", "properties": { "内容": "ヘルパーステーションKEI愛【訪問介護】愛知県名古屋市西区南川町32番地の1レジデンス南川502号", "url": "https://www.kaigokensaku.mhlw.go.jp/23/index.php?action_kouhyou_detail_004_kani=true&JigyosyoCd=2370402998-00&ServiceCd=110&Type=search", "url2": "http://npo-hotspace.jp/" }, "geometry": { "type": "Point", "coordinates": [ 136.8822662, 35.218452 ] } },
{ "type": "Feature", "properties": { "内容": "Mars【訪問介護】名古屋市西区花の木１丁目１番６号グリーンハイツ浅間町511", "url": "https://www.kaigokensaku.mhlw.go.jp/23/index.php?action_kouhyou_detail_004_kani=true&JigyosyoCd=2370403616-00&ServiceCd=110&Type=search", "url2": null }, "geometry": { "type": "Point", "coordinates": [ 136.889935400000013, 35.1855267 ] } },
{ "type": "Feature", "properties": { "内容": "訪問介護　さくらそう【訪問介護】名古屋市西区大野木4丁目193ツクダビル1A", "url": "https://www.kaigokensaku.mhlw.go.jp/23/index.php?action_kouhyou_detail_004_kani=true&JigyosyoCd=2370403699-00&ServiceCd=110&Type=search", "url2": null }, "geometry": { "type": "Point", "coordinates": [ 136.896173800000014, 35.2198479 ] } },
{ "type": "Feature", "properties": { "内容": "ヘルパーステーションケア丸【訪問介護】愛知県名古屋市西区笠取町２丁目９番地", "url": "https://www.kaigokensaku.mhlw.go.jp/23/index.php?action_kouhyou_detail_004_kani=true&JigyosyoCd=2370403855-00&ServiceCd=110&Type=search", "url2": null }, "geometry": { "type": "Point", "coordinates": [ 136.8885956, 35.1989377 ] } },
{ "type": "Feature", "properties": { "内容": "スイート名古屋西【訪問介護】愛知県名古屋市西区城西町138MemoriesⅡ　B棟", "url": "https://www.kaigokensaku.mhlw.go.jp/23/index.php?action_kouhyou_detail_004_kani=true&JigyosyoCd=2370404044-00&ServiceCd=110&Type=search", "url2": null }, "geometry": { "type": "Point", "coordinates": [ 136.8641863, 35.2291784 ] } },
{ "type": "Feature", "properties": { "内容": "恵愛合同会社【訪問介護】砂原町116アーク302　2B", "url": "https://www.kaigokensaku.mhlw.go.jp/23/index.php?action_kouhyou_detail_004_kani=true&JigyosyoCd=2370404010-00&ServiceCd=110&Type=search", "url2": "https://care.eustylelab.co.jp/" }, "geometry": { "type": "Point", "coordinates": [ 136.8934016, 35.2269439 ] } },
{ "type": "Feature", "properties": { "内容": "訪問介護つむぎ【訪問介護】愛知県名古屋市西区花の木３丁目１３－１４プチパレ２０５号室", "url": "https://www.kaigokensaku.mhlw.go.jp/23/index.php?action_kouhyou_detail_004_kani=true&JigyosyoCd=2370403970-00&ServiceCd=110&Type=search", "url2": null }, "geometry": { "type": "Point", "coordinates": [ 136.890200400000026, 35.191276300000034 ] } },
{ "type": "Feature", "properties": { "内容": "ヘルパーステーションダチョウさん【訪問介護】愛知県名古屋市西区上名古屋四丁目18番24号Cortes５D", "url": "https://www.kaigokensaku.mhlw.go.jp/23/index.php?action_kouhyou_detail_004_kani=true&JigyosyoCd=2370404002-00&ServiceCd=110&Type=search", "url2": null }, "geometry": { "type": "Point", "coordinates": [ 136.899213300000014, 35.1969074 ] } },
{ "type": "Feature", "properties": { "内容": "訪問介護にこり【訪問介護】比良一丁目191アネックス富士102号", "url": "https://www.kaigokensaku.mhlw.go.jp/23/index.php?action_kouhyou_detail_004_kani=true&JigyosyoCd=2370404036-00&ServiceCd=110&Type=search", "url2": null }, "geometry": { "type": "Point", "coordinates": [ 136.895463400000011, 35.182481 ] } },
{ "type": "Feature", "properties": { "内容": "訪問介護ステーション　テラス【訪問介護】貴生町402Villa上小田井壱番館103", "url": "https://www.kaigokensaku.mhlw.go.jp/23/index.php?action_kouhyou_detail_004_kani=true&JigyosyoCd=2370404085-00&ServiceCd=110&Type=search", "url2": null }, "geometry": { "type": "Point", "coordinates": [ 136.875600600000013, 35.2240294 ] } },
{ "type": "Feature", "properties": { "内容": "訪問介護サービス　であい【訪問介護】名古屋市西区砂原町４２７番地", "url": "https://www.kaigokensaku.mhlw.go.jp/23/index.php?action_kouhyou_detail_004_kani=true&JigyosyoCd=2370401685-00&ServiceCd=110&Type=search", "url2": null }, "geometry": { "type": "Point", "coordinates": [ 136.8961114, 35.2288099 ] } },
{ "type": "Feature", "properties": { "内容": "カルミア訪問介護事業所【訪問介護】愛知県名古屋市西区上名古屋二丁目1番7号コンセール浄心1Ｆ", "url": "https://www.kaigokensaku.mhlw.go.jp/23/index.php?action_kouhyou_detail_004_kani=true&JigyosyoCd=2370402535-00&ServiceCd=110&Type=search", "url2": "http://kalmia-fukushi.com/" }, "geometry": { "type": "Point", "coordinates": [ 136.895132343794216, 35.192804158737459 ] } },
{ "type": "Feature", "properties": { "内容": "ヘルパーステーション新道【訪問介護】愛知県名古屋市西区新道一丁目１４番１３号", "url": "https://www.kaigokensaku.mhlw.go.jp/23/index.php?action_kouhyou_detail_004_kani=true&JigyosyoCd=2370403558-00&ServiceCd=110&Type=search", "url2": "https://sunheart-2014.com/home-care" }, "geometry": { "type": "Point", "coordinates": [ 136.8875105, 35.182095 ] } },
{ "type": "Feature", "properties": { "内容": "セントケア栄生【訪問介護】愛知県名古屋市西区栄生一丁目35番20号川津ビル栄生3階中号", "url": "https://www.kaigokensaku.mhlw.go.jp/23/index.php?action_kouhyou_detail_004_kani=true&JigyosyoCd=2370401602-00&ServiceCd=110&Type=search", "url2": "http://www.saint-care-chubu.com/" }, "geometry": { "type": "Point", "coordinates": [ 136.874247576474005, 35.183550570715475 ] } },
{ "type": "Feature", "properties": { "内容": "ヘルパーステーション　ハート・あかしろ【訪問介護】愛知県名古屋市西区赤城町97-1住宅型有料老人ホーム　ハート・あかしろ", "url": "https://www.kaigokensaku.mhlw.go.jp/23/index.php?action_kouhyou_detail_004_kani=true&JigyosyoCd=2370402642-00&ServiceCd=110&Type=search", "url2": "準備中" }, "geometry": { "type": "Point", "coordinates": [ 136.888979252973968, 35.223091857147075 ] } },
{ "type": "Feature", "properties": { "内容": "訪問介護サービスセンター　浄心【訪問介護】愛知県名古屋市西区浄心1丁目6番33号", "url": "https://www.kaigokensaku.mhlw.go.jp/23/index.php?action_kouhyou_detail_004_kani=true&JigyosyoCd=2370403178-00&ServiceCd=110&Type=search", "url2": null }, "geometry": { "type": "Point", "coordinates": [ 136.890219399999978, 35.1951594 ] } },
{ "type": "Feature", "properties": { "内容": "ケアサービス康生【訪問介護】花の木二丁目17-11-2ベル花の木1階　101号", "url": "https://www.kaigokensaku.mhlw.go.jp/23/index.php?action_kouhyou_detail_004_kani=true&JigyosyoCd=2370402576-00&ServiceCd=110&Type=search", "url2": "http://www.kousei-6103.com/" }, "geometry": { "type": "Point", "coordinates": [ 136.89080354499086, 35.189539940621778 ] } },
{ "type": "Feature", "properties": { "内容": "やさしい手　庄内通訪問介護事業所【訪問介護】愛知県名古屋市西区庄内通三丁目３４ウェストタウン福田２階Ｂ号室", "url": "https://www.kaigokensaku.mhlw.go.jp/23/index.php?action_kouhyou_detail_004_kani=true&JigyosyoCd=2370401586-00&ServiceCd=110&Type=search", "url2": "http://www.yasashiite.com" }, "geometry": { "type": "Point", "coordinates": [ 136.8908133, 35.2043786 ] } },
{ "type": "Feature", "properties": { "内容": "訪問介護エイル【訪問介護】名古屋市西区山木2-18ひばりビル102", "url": "https://www.kaigokensaku.mhlw.go.jp/23/index.php?action_kouhyou_detail_004_kani=true&JigyosyoCd=2370402238-00&ServiceCd=110&Type=search", "url2": null }, "geometry": { "type": "Point", "coordinates": [ 136.870094900000026, 35.2248983 ] } },
{ "type": "Feature", "properties": { "内容": "あおば【訪問介護】名西二丁目14番3号新西ビル1階", "url": "https://www.kaigokensaku.mhlw.go.jp/23/index.php?action_kouhyou_detail_004_kani=true&JigyosyoCd=2370401925-00&ServiceCd=110&Type=search", "url2": "http://www.energycare.co.jp" }, "geometry": { "type": "Point", "coordinates": [ 136.882168620628391, 35.189222016944015 ] } },
{ "type": "Feature", "properties": { "内容": "訪問介護事業所ライフイズグッド【訪問介護】愛知県名古屋市西区那古野2-23-21デラドーラ4A", "url": "https://www.kaigokensaku.mhlw.go.jp/23/index.php?action_kouhyou_detail_004_kani=true&JigyosyoCd=2370402089-00&ServiceCd=110&Type=search", "url2": null }, "geometry": { "type": "Point", "coordinates": [ 136.8880193, 35.17503 ] } },
{ "type": "Feature", "properties": { "内容": "ケア２１庄内通【訪問介護】名古屋市西区庄内通3-26-1　1Ｆ", "url": "https://www.kaigokensaku.mhlw.go.jp/23/index.php?action_kouhyou_detail_004_kani=true&JigyosyoCd=2370401784-00&ServiceCd=110&Type=search", "url2": null }, "geometry": { "type": "Point", "coordinates": [ 136.890893799999958, 35.2055979 ] } },
{ "type": "Feature", "properties": { "内容": "ニチイケアセンター名西【訪問介護】愛知県名古屋市西区浅間1-1-20クラウチビル6F", "url": "https://www.kaigokensaku.mhlw.go.jp/23/index.php?action_kouhyou_detail_004_kani=true&JigyosyoCd=2370401180-00&ServiceCd=110&Type=search", "url2": "http://www.nichiigakkan.co.jp" }, "geometry": { "type": "Point", "coordinates": [ 136.8913662, 35.1836621 ] } },
{ "type": "Feature", "properties": { "内容": "ニチイケアセンター上小田井【訪問介護】愛知県名古屋市西区南川町199番地2龍巳堂ビル3階", "url": "https://www.kaigokensaku.mhlw.go.jp/23/index.php?action_kouhyou_detail_004_kani=true&JigyosyoCd=2370403459-00&ServiceCd=110&Type=search", "url2": "http://www.nichiigakkan.co.jp" }, "geometry": { "type": "Point", "coordinates": [ 136.88253450000002, 35.220097100000025 ] } },
{ "type": "Feature", "properties": { "内容": "訪問介護マザーズ【訪問介護】愛知県名古屋市西区那古野2丁目12番5号4階", "url": "https://www.kaigokensaku.mhlw.go.jp/23/index.php?action_kouhyou_detail_004_kani=true&JigyosyoCd=2370401875-00&ServiceCd=110&Type=search", "url2": "http://www.mothers-planet.com/" }, "geometry": { "type": "Point", "coordinates": [ 136.886981858777801, 35.177091331110574 ] } },
{ "type": "Feature", "properties": { "内容": "あいむ【訪問介護】比良２丁目２７８番ザ・チェリーパークホームズ１Ａ", "url": "https://www.kaigokensaku.mhlw.go.jp/23/index.php?action_kouhyou_detail_004_kani=true&JigyosyoCd=2370403426-00&ServiceCd=110&Type=search", "url2": "http://yunion-houmon.info/" }, "geometry": { "type": "Point", "coordinates": [ 136.902579892648276, 35.227941323221017 ] } },
{ "type": "Feature", "properties": { "内容": "杉の木ヘルパーステーション【訪問介護】名古屋市西区押切１丁目９番地６号ロイヤルシティ押切１‐Ｃ", "url": "https://www.kaigokensaku.mhlw.go.jp/23/index.php?action_kouhyou_detail_004_kani=true&JigyosyoCd=2370403285-00&ServiceCd=110&Type=search", "url2": null }, "geometry": { "type": "Point", "coordinates": [ 136.8857028, 35.1861366 ] } },
{ "type": "Feature", "properties": { "内容": "山田指定訪問介護事業所【訪問介護】愛知県名古屋市西区上小田井二丁目１０４番地住宅型有料老人ホーム　おたいの家　１F", "url": "https://www.kaigokensaku.mhlw.go.jp/23/index.php?action_kouhyou_detail_004_kani=true&JigyosyoCd=2370400471-00&ServiceCd=110&Type=search", "url2": "http://yksupport.jp/" }, "geometry": { "type": "Point", "coordinates": [ 136.878765739881146, 35.218263000000682 ] } },
{ "type": "Feature", "properties": { "内容": "ヘルパーステーションアグレ堀越【訪問介護】名古屋市西区堀越三丁目６番９号アグレ堀越１階", "url": "https://www.kaigokensaku.mhlw.go.jp/23/index.php?action_kouhyou_detail_004_kani=true&JigyosyoCd=2370402188-00&ServiceCd=110&Type=search", "url2": null }, "geometry": { "type": "Point", "coordinates": [ 136.87712030000003, 35.201459 ] } },
{ "type": "Feature", "properties": { "内容": "ナカ訪問介護事業所【訪問介護】愛知県名古屋市西区平出町28番地", "url": "https://www.kaigokensaku.mhlw.go.jp/23/index.php?action_kouhyou_detail_004_kani=true&JigyosyoCd=2370403137-00&ServiceCd=110&Type=search", "url2": null }, "geometry": { "type": "Point", "coordinates": [ 136.871772400000026, 35.2271287 ] } },
{ "type": "Feature", "properties": { "内容": "にじのさと西サービスセンター【訪問介護】愛知県名古屋市西区城西4丁目26番20号SKビル弁天1階", "url": "https://www.kaigokensaku.mhlw.go.jp/23/index.php?action_kouhyou_detail_004_kani=true&JigyosyoCd=2370403400-00&ServiceCd=110&Type=search", "url2": null }, "geometry": { "type": "Point", "coordinates": [ 136.895539, 35.1922451 ] } },
{ "type": "Feature", "properties": { "内容": "あいりホームケア【訪問介護】玉池町252番1", "url": "https://www.kaigokensaku.mhlw.go.jp/23/index.php?action_kouhyou_detail_004_kani=true&JigyosyoCd=2370402501-00&ServiceCd=110&Type=search", "url2": "http://www.at-inc.co.jp" }, "geometry": { "type": "Point", "coordinates": [ 136.888331615023731, 35.229110995651006 ] } },
{ "type": "Feature", "properties": { "内容": "有限会社タマ介護センター【訪問介護】愛知県名古屋市西区上名古屋三丁目６番７号カーサ浄心", "url": "https://www.kaigokensaku.mhlw.go.jp/23/index.php?action_kouhyou_detail_004_kani=true&JigyosyoCd=2370400513-00&ServiceCd=110&Type=search", "url2": null }, "geometry": { "type": "Point", "coordinates": [ 136.892688200000066, 35.1945217 ] } },
{ "type": "Feature", "properties": { "内容": "文の家指定訪問介護事業所【訪問介護】愛知県名古屋市西区城町74番地", "url": "https://www.kaigokensaku.mhlw.go.jp/23/index.php?action_kouhyou_detail_004_kani=true&JigyosyoCd=2370400497-00&ServiceCd=110&Type=search", "url2": null }, "geometry": { "type": "Point", "coordinates": [ 136.866975700000012, 35.227784 ] } },
{ "type": "Feature", "properties": { "内容": "訪問介護レガロ【訪問介護】名古屋市西区新道1丁目5番5号アートビル202号", "url": "https://www.kaigokensaku.mhlw.go.jp/23/index.php?action_kouhyou_detail_004_kani=true&JigyosyoCd=2370403582-00&ServiceCd=110&Type=search", "url2": "http://www.energycare.co.jp/" }, "geometry": { "type": "Point", "coordinates": [ 136.8897335, 35.1815181 ] } },
{ "type": "Feature", "properties": { "内容": "けあらーずつなぐ【訪問介護】知県名古屋市西区幅下2丁目11－14松原ビル2階", "url": "https://www.kaigokensaku.mhlw.go.jp/23/index.php?action_kouhyou_detail_004_kani=true&JigyosyoCd=2370403590-00&ServiceCd=110&Type=search", "url2": "https://www.seramu.com/" }, "geometry": { "type": "Point", "coordinates": [ 136.8913436, 35.1782129 ] } },
{ "type": "Feature", "properties": { "内容": "訪問介護ステーションかすみそう【訪問介護】愛知県名古屋市西区比良2丁目78番地スカイフォルム比良201号室", "url": "https://www.kaigokensaku.mhlw.go.jp/23/index.php?action_kouhyou_detail_004_kani=true&JigyosyoCd=2370403772-00&ServiceCd=110&Type=search", "url2": null }, "geometry": { "type": "Point", "coordinates": [ 136.89901, 35.2269433 ] } },
{ "type": "Feature", "properties": { "内容": "訪問介護事業所またあした【訪問介護】大野木5丁目156番地の２", "url": "https://www.kaigokensaku.mhlw.go.jp/23/index.php?action_kouhyou_detail_004_kani=true&JigyosyoCd=2370403848-00&ServiceCd=110&Type=search", "url2": "https://goudou-ookini.jimdosite.com/" }, "geometry": { "type": "Point", "coordinates": [ 136.901041470534892, 35.224094117624851 ] } },
{ "type": "Feature", "properties": { "内容": "訪問介護事業所　心愛【訪問介護】天塚町2‐11オーベスト2A", "url": "https://www.kaigokensaku.mhlw.go.jp/23/index.php?action_kouhyou_detail_004_kani=true&JigyosyoCd=2370403665-00&ServiceCd=110&Type=search", "url2": "https://kaigo-cocoa.jp" }, "geometry": { "type": "Point", "coordinates": [ 136.895495, 35.1993118 ] } },
{ "type": "Feature", "properties": { "内容": "エルケア株式会社　エルケア菊井ケアセンター【訪問介護】愛知県名古屋市西区菊井二丁目18-14マンションサン菊井１F", "url": "https://www.kaigokensaku.mhlw.go.jp/23/index.php?action_kouhyou_detail_004_kani=true&JigyosyoCd=2370402857-00&ServiceCd=110&Type=search", "url2": "http://www.l-care.jp/" }, "geometry": { "type": "Point", "coordinates": [ 136.882850699999977, 35.1781819 ] } },
{ "type": "Feature", "properties": { "内容": "訪問介護事業所　ぽかぽかケア【訪問介護】大野木4丁目219番地", "url": "https://www.kaigokensaku.mhlw.go.jp/23/index.php?action_kouhyou_detail_004_kani=true&JigyosyoCd=2370403947-00&ServiceCd=110&Type=search", "url2": "https://pokapokakea.my.canva.site/" }, "geometry": { "type": "Point", "coordinates": [ 136.898705399637691, 35.220479850774161 ] } },
{ "type": "Feature", "properties": { "内容": "訪問介護ステーションふじやま【訪問介護】大野木四丁目３６７番地OS・SKYマイネビル206", "url": "https://www.kaigokensaku.mhlw.go.jp/23/index.php?action_kouhyou_detail_004_kani=true&JigyosyoCd=2370403905-00&ServiceCd=110&Type=search", "url2": null }, "geometry": { "type": "Point", "coordinates": [ 136.899805799999967, 35.2218604 ] } },
{ "type": "Feature", "properties": { "内容": "うちくるケア【訪問介護】栄生2丁目16番地10号DEVELD栄生WEST102", "url": "https://www.kaigokensaku.mhlw.go.jp/23/index.php?action_kouhyou_detail_004_kani=true&JigyosyoCd=2370404093-00&ServiceCd=110&Type=search", "url2": "https://www.uchikuru-k.co.jp/" }, "geometry": { "type": "Point", "coordinates": [ 136.8722827, 35.1856536 ] } },
{ "type": "Feature", "properties": { "内容": "名北介護サービス【訪問介護】愛知県名古屋市城町7番地", "url": "https://www.kaigokensaku.mhlw.go.jp/23/index.php?action_kouhyou_detail_004_kani=true&JigyosyoCd=2370401594-00&ServiceCd=110&Type=search", "url2": "https://meihoku-kaigo.01.8.ocn.ne.jp" }, "geometry": { "type": "Point", "coordinates": [ 136.868200735581922, 35.227927562160744 ] } },
{ "type": "Feature", "properties": { "内容": "訪問介護にこ【訪問介護】愛知県名古屋市西区上名古屋三丁目２５番３５号", "url": "https://www.kaigokensaku.mhlw.go.jp/23/index.php?action_kouhyou_detail_004_kani=true&JigyosyoCd=2370403673-00&ServiceCd=110&Type=search", "url2": null }, "geometry": { "type": "Point", "coordinates": [ 136.89192343830041, 35.196935946969106 ] } },
{ "type": "Feature", "properties": { "内容": "あい愛ライフあいち介護センター【訪問介護】名古屋市西区城西四丁目22番2号", "url": "https://www.kaigokensaku.mhlw.go.jp/23/index.php?action_kouhyou_detail_004_kani=true&JigyosyoCd=2370400273-00&ServiceCd=110&Type=search", "url2": "http://www.aiailife.com" }, "geometry": { "type": "Point", "coordinates": [ 136.892563200000041, 35.1913194 ] } },
{ "type": "Feature", "properties": { "内容": "学研ココファン庄内通ヘルパーセンター【訪問介護】愛知県名古屋市西区貝田町2-59", "url": "https://www.kaigokensaku.mhlw.go.jp/23/index.php?action_kouhyou_detail_004_kani=true&JigyosyoCd=2370403509-00&ServiceCd=110&Type=search", "url2": "http://www.cocofump.co.jp/" }, "geometry": { "type": "Point", "coordinates": [ 136.8981844, 35.201216500000015 ] } },
{ "type": "Feature", "properties": { "内容": "介護センター　ロングライフ【訪問介護】愛知県名古屋市西区南川町209番地サンパーク高道　A-2号室", "url": "https://www.kaigokensaku.mhlw.go.jp/23/index.php?action_kouhyou_detail_004_kani=true&JigyosyoCd=2370401339-00&ServiceCd=110&Type=search", "url2": "http://" }, "geometry": { "type": "Point", "coordinates": [ 136.883644054383808, 35.219865201419822 ] } },
{ "type": "Feature", "properties": { "内容": "訪問介護ルナ【訪問介護】大野木1-264", "url": "https://www.kaigokensaku.mhlw.go.jp/23/index.php?action_kouhyou_detail_004_kani=true&JigyosyoCd=2370403632-00&ServiceCd=110&Type=search", "url2": null }, "geometry": { "type": "Point", "coordinates": [ 136.894802582250435, 35.215962454452978 ] } },
{ "type": "Feature", "properties": { "内容": "りんくる訪問介護ステーション【訪問介護】浮野町130番地ピーナッツボーイⅡ201号室", "url": "https://www.kaigokensaku.mhlw.go.jp/23/index.php?action_kouhyou_detail_004_kani=true&JigyosyoCd=2370404077-00&ServiceCd=110&Type=search", "url2": null }, "geometry": { "type": "Point", "coordinates": [ 136.8573245, 35.227538 ] } },
{ "type": "Feature", "properties": { "内容": "めいゆ〜る【訪問介護】愛知県名古屋市西区上小田井2-173コーポハンター301", "url": "https://www.kaigokensaku.mhlw.go.jp/23/index.php?action_kouhyou_detail_004_kani=true&JigyosyoCd=2370403657-00&ServiceCd=110&Type=search", "url2": "me-gift.net" }, "geometry": { "type": "Point", "coordinates": [ 136.8781089, 35.2183198 ] } },
{ "type": "Feature", "properties": { "内容": "サンライトガーデン枇杷島ケア【訪問介護】愛知県名古屋市西区枇杷島四丁目26番地22号愛知県名古屋市西区枇杷島4丁目26番22号", "url": "https://www.kaigokensaku.mhlw.go.jp/23/index.php?action_kouhyou_detail_004_kani=true&JigyosyoCd=2370403707-00&ServiceCd=110&Type=search", "url2": null }, "geometry": { "type": "Point", "coordinates": [ 136.878418700000026, 35.193339 ] } },
{ "type": "Feature", "properties": { "内容": "西区介護保険事業所【訪問介護】愛知県名古屋市西区花の木二丁目18番1号西区役所等複合施設５階", "url": "https://www.kaigokensaku.mhlw.go.jp/23/index.php?action_kouhyou_detail_004_kani=true&JigyosyoCd=2370400018-00&ServiceCd=110&Type=search", "url2": "http://care-net.biz/23/zaitakunet/" }, "geometry": { "type": "Point", "coordinates": [ 136.890058, 35.1891085 ] } },
{ "type": "Feature", "properties": { "内容": "訪問ケアあんしん生活中小田井店【訪問介護】中小田井５丁目２番地綿新ビル２階", "url": "https://www.kaigokensaku.mhlw.go.jp/23/index.php?action_kouhyou_detail_004_kani=true&JigyosyoCd=2370403897-00&ServiceCd=110&Type=search", "url2": null }, "geometry": { "type": "Point", "coordinates": [ 136.8763725, 35.2146022 ] } },
{ "type": "Feature", "properties": { "内容": "シンセイ【訪問介護】愛知県名古屋市西区南川町83番地高井ビル302号", "url": "https://www.kaigokensaku.mhlw.go.jp/23/index.php?action_kouhyou_detail_004_kani=true&JigyosyoCd=2370403624-00&ServiceCd=110&Type=search", "url2": null }, "geometry": { "type": "Point", "coordinates": [ 136.8811312, 35.2202965 ] } },
{ "type": "Feature", "properties": { "内容": "ヘルパーステーションことは西【訪問介護】上小田井二丁目101番地グランドール緑地公園605号", "url": "https://www.kaigokensaku.mhlw.go.jp/23/index.php?action_kouhyou_detail_004_kani=true&JigyosyoCd=2370403988-00&ServiceCd=110&Type=search", "url2": "http://www.kotoha2007.co.jp/homehelp.html" }, "geometry": { "type": "Point", "coordinates": [ 136.8790265, 35.2183594 ] } },
{ "type": "Feature", "properties": { "内容": "ケアリッツ上小田井【訪問介護】愛知県名古屋市西区大野木1-264ノイ・ルミナス210", "url": "https://www.kaigokensaku.mhlw.go.jp/23/index.php?action_kouhyou_detail_004_kani=true&JigyosyoCd=2370404143-00&ServiceCd=110&Type=search", "url2": "https://www.careritz.co.jp/station/branch/kamiotai/" }, "geometry": { "type": "Point", "coordinates": [ 136.8948648, 35.2161875 ] } },
{ "type": "Feature", "properties": { "内容": "訪問介護きずな【訪問介護】愛知県名古屋市西区宝地町196", "url": "https://www.kaigokensaku.mhlw.go.jp/23/index.php?action_kouhyou_detail_004_kani=true&JigyosyoCd=2370404150-00&ServiceCd=110&Type=search", "url2": null }, "geometry": { "type": "Point", "coordinates": [ 136.8930158, 35.2237627 ] } },
{ "type": "Feature", "properties": { "内容": "介護ステーションベル【訪問介護】愛知県名古屋市中村区井深町１５番１７号泉第一ビル２階", "url": "https://www.kaigokensaku.mhlw.go.jp/23/index.php?action_kouhyou_detail_004_kani=true&JigyosyoCd=2370500650-00&ServiceCd=110&Type=search", "url2": "http://" }, "geometry": { "type": "Point", "coordinates": [ 136.8764112, 35.1777619 ] } },
{ "type": "Feature", "properties": { "内容": "訪問介護事業所あいとわ中村支店【訪問介護】愛知県名古屋市中村区豊国通4丁目23番地コーポ清華102号", "url": "https://www.kaigokensaku.mhlw.go.jp/23/index.php?action_kouhyou_detail_004_kani=true&JigyosyoCd=2370503936-00&ServiceCd=110&Type=search", "url2": null }, "geometry": { "type": "Point", "coordinates": [ 136.8548375, 35.161267 ] } },
{ "type": "Feature", "properties": { "内容": "クローバーケアサービス【訪問介護】藤江町2丁目64番地の1シエル中村102号室", "url": "https://www.kaigokensaku.mhlw.go.jp/23/index.php?action_kouhyou_detail_004_kani=true&JigyosyoCd=2370504066-00&ServiceCd=110&Type=search", "url2": null }, "geometry": { "type": "Point", "coordinates": [ 136.623067600000013, 35.3660631 ] } },
{ "type": "Feature", "properties": { "内容": "訪問介護事業所榮福名古屋本店【訪問介護】愛知県名古屋市中村区名駅2丁目36-2協和ビル305号室", "url": "https://www.kaigokensaku.mhlw.go.jp/23/index.php?action_kouhyou_detail_004_kani=true&JigyosyoCd=2370504272-00&ServiceCd=110&Type=search", "url2": "https://eifukugroup.com/" }, "geometry": { "type": "Point", "coordinates": [ 136.8835516, 35.1740546 ] } },
{ "type": "Feature", "properties": { "内容": "アース訪問介護ステーション【訪問介護】名古屋市中村区長筬町1丁目64番地アサヒコーポラスA1", "url": "https://www.kaigokensaku.mhlw.go.jp/23/index.php?action_kouhyou_detail_004_kani=true&JigyosyoCd=2370504215-00&ServiceCd=110&Type=search", "url2": null }, "geometry": { "type": "Point", "coordinates": [ 136.8513805, 35.1670343 ] } },
{ "type": "Feature", "properties": { "内容": "ヘルパーステーションふれあい【訪問介護】愛知県名古屋市中村区則武２丁目３５番１８号", "url": "https://www.kaigokensaku.mhlw.go.jp/23/index.php?action_kouhyou_detail_004_kani=true&JigyosyoCd=2370504256-00&ServiceCd=110&Type=search", "url2": null }, "geometry": { "type": "Point", "coordinates": [ 136.8733523, 35.1720037 ] } },
{ "type": "Feature", "properties": { "内容": "介護事業所まんまる【訪問介護】愛知県名古屋市中村区道下町５丁目16番地コーポ弥生103", "url": "https://www.kaigokensaku.mhlw.go.jp/23/index.php?action_kouhyou_detail_004_kani=true&JigyosyoCd=2370504280-00&ServiceCd=110&Type=search", "url2": null }, "geometry": { "type": "Point", "coordinates": [ 136.8635629, 35.1709286 ] } },
{ "type": "Feature", "properties": { "内容": "あさがお介護【訪問介護】愛知県名古屋市中村区太閤五丁目2番7号", "url": "https://www.kaigokensaku.mhlw.go.jp/23/index.php?action_kouhyou_detail_004_kani=true&JigyosyoCd=2370504298-00&ServiceCd=110&Type=search", "url2": null }, "geometry": { "type": "Point", "coordinates": [ 136.878011500000014, 35.1651852 ] } },
{ "type": "Feature", "properties": { "内容": "ライフケア訪問介護【訪問介護】愛知県名古屋市中村区名駅南二丁目3番41号シャトー&ホテル名駅南1st802", "url": "https://www.kaigokensaku.mhlw.go.jp/23/index.php?action_kouhyou_detail_004_kani=true&JigyosyoCd=2370504314-00&ServiceCd=110&Type=search", "url2": null }, "geometry": { "type": "Point", "coordinates": [ 136.8912703, 35.16524 ] } },
{ "type": "Feature", "properties": { "内容": "訪問介護のぞみ栄生【訪問介護】愛知県中村区栄生町3番15号", "url": "https://www.kaigokensaku.mhlw.go.jp/23/index.php?action_kouhyou_detail_004_kani=true&JigyosyoCd=2370504322-00&ServiceCd=110&Type=search", "url2": "https://www.lamore.jp/" }, "geometry": { "type": "Point", "coordinates": [ 136.871852, 35.1835107 ] } },
{ "type": "Feature", "properties": { "内容": "介護センター　花の木【訪問介護】愛知県名古屋市中村区塩池町2-10-30", "url": "https://www.kaigokensaku.mhlw.go.jp/23/index.php?action_kouhyou_detail_004_kani=true&JigyosyoCd=2370201432-00&ServiceCd=110&Type=search", "url2": "https://hananoki.net/" }, "geometry": { "type": "Point", "coordinates": [ 136.86789049999993, 35.1841697 ] } },
{ "type": "Feature", "properties": { "内容": "はないちもんめ　ケアセンタ－【訪問介護】愛知県名古屋市中村区宮塚町135メゾン135　1Ａ", "url": "https://www.kaigokensaku.mhlw.go.jp/23/index.php?action_kouhyou_detail_004_kani=true&JigyosyoCd=2370501955-00&ServiceCd=110&Type=search", "url2": null }, "geometry": { "type": "Point", "coordinates": [ 136.841477, 35.1597724 ] } },
{ "type": "Feature", "properties": { "内容": "介護サービス愛燦々【訪問介護】愛知県名古屋市中村区千成通二丁目6番地", "url": "https://www.kaigokensaku.mhlw.go.jp/23/index.php?action_kouhyou_detail_004_kani=true&JigyosyoCd=2370503001-00&ServiceCd=110&Type=search", "url2": "http://www.ai-no-sato.co.jp" }, "geometry": { "type": "Point", "coordinates": [ 136.866122458613518, 35.163293831139896 ] } },
{ "type": "Feature", "properties": { "内容": "介護ステーションひさご【訪問介護】名古屋市中村区香取町1丁目26-2", "url": "https://www.kaigokensaku.mhlw.go.jp/23/index.php?action_kouhyou_detail_004_kani=true&JigyosyoCd=2370502276-00&ServiceCd=110&Type=search", "url2": "https://medical-hisago.com/facility/visitingnursingcare/" }, "geometry": { "type": "Point", "coordinates": [ 136.850414870104288, 35.167871308796926 ] } },
{ "type": "Feature", "properties": { "内容": "訪問介護事業所和（なごみ）【訪問介護】愛知県名古屋市中村区岩塚町字上小路77番地2", "url": "https://www.kaigokensaku.mhlw.go.jp/23/index.php?action_kouhyou_detail_004_kani=true&JigyosyoCd=2370503449-00&ServiceCd=110&Type=search", "url2": "http://keiwakai911.com" }, "geometry": { "type": "Point", "coordinates": [ 136.840156699999966, 35.1564527 ] } },
{ "type": "Feature", "properties": { "内容": "ますこ訪問介護ステーション【訪問介護】名古屋市中村区豊国通４丁目３８番地豊国ハイツ", "url": "https://www.kaigokensaku.mhlw.go.jp/23/index.php?action_kouhyou_detail_004_kani=true&JigyosyoCd=2370502482-00&ServiceCd=110&Type=search", "url2": "https://www.syusaikai.com/relation5.html" }, "geometry": { "type": "Point", "coordinates": [ 136.854317199999969, 35.1618502 ] } },
{ "type": "Feature", "properties": { "内容": "訪問介護　ゆたぽん【訪問介護】名古屋市中村区並木二丁目316番地シャトル八田103号", "url": "https://www.kaigokensaku.mhlw.go.jp/23/index.php?action_kouhyou_detail_004_kani=true&JigyosyoCd=2370502656-00&ServiceCd=110&Type=search", "url2": null }, "geometry": { "type": "Point", "coordinates": [ 136.849946300000056, 35.1489294 ] } },
{ "type": "Feature", "properties": { "内容": "訪問介護事業所　けあびーんず【訪問介護】愛知県名古屋市中村区高道町３丁目１番２３号サンガーデン高道１０２号", "url": "https://www.kaigokensaku.mhlw.go.jp/23/index.php?action_kouhyou_detail_004_kani=true&JigyosyoCd=2370502508-00&ServiceCd=110&Type=search", "url2": "http://www.care-beans.com" }, "geometry": { "type": "Point", "coordinates": [ 136.863193700000011, 35.183782300000011 ] } },
{ "type": "Feature", "properties": { "内容": "ヘルパー事業所こころ【訪問介護】愛知県名古屋市中村区畑江通9丁目17番地の1ハートヒルズ岩塚1Ｆ", "url": "https://www.kaigokensaku.mhlw.go.jp/23/index.php?action_kouhyou_detail_004_kani=true&JigyosyoCd=2370502870-00&ServiceCd=110&Type=search", "url2": null }, "geometry": { "type": "Point", "coordinates": [ 136.855609, 35.1580479 ] } },
{ "type": "Feature", "properties": { "内容": "訪問介護事業所憩【訪問介護】愛知県名古屋市中村区名駅5-10-7花車ビル中館508", "url": "https://www.kaigokensaku.mhlw.go.jp/23/index.php?action_kouhyou_detail_004_kani=true&JigyosyoCd=2370503829-00&ServiceCd=110&Type=search", "url2": "https://amnb0706.wixsite.com/website-1" }, "geometry": { "type": "Point", "coordinates": [ 136.890452520901448, 35.170813705947786 ] } },
{ "type": "Feature", "properties": { "内容": "介護ステーションひまわり【訪問介護】名古屋市中村区北畑町2丁目２５番地", "url": "https://www.kaigokensaku.mhlw.go.jp/23/index.php?action_kouhyou_detail_004_kani=true&JigyosyoCd=2370501559-00&ServiceCd=110&Type=search", "url2": null }, "geometry": { "type": "Point", "coordinates": [ 136.862240853749938, 35.164025607100143 ] } },
{ "type": "Feature", "properties": { "内容": "ひまわりケアサービス横井【訪問介護】愛知県名古屋市中村区横井一丁目３２８番地ひまわり会館横井", "url": "https://www.kaigokensaku.mhlw.go.jp/23/index.php?action_kouhyou_detail_004_kani=true&JigyosyoCd=2370503639-00&ServiceCd=110&Type=search", "url2": null }, "geometry": { "type": "Point", "coordinates": [ 136.833771520740356, 35.150372393063023 ] } },
{ "type": "Feature", "properties": { "内容": "アイアイ訪問介護事業所【訪問介護】愛知県名古屋市中村区横前町100番地", "url": "https://www.kaigokensaku.mhlw.go.jp/23/index.php?action_kouhyou_detail_004_kani=true&JigyosyoCd=2370503811-00&ServiceCd=110&Type=search", "url2": "https://sites.google.com/view/aiaiservice2025" }, "geometry": { "type": "Point", "coordinates": [ 136.839729652778658, 35.147589254667643 ] } },
{ "type": "Feature", "properties": { "内容": "アイビーケアセンター【訪問介護】愛知県名古屋市中村区十王町１４-１６ロワ十王１B", "url": "https://www.kaigokensaku.mhlw.go.jp/23/index.php?action_kouhyou_detail_004_kani=true&JigyosyoCd=2370501690-00&ServiceCd=110&Type=search", "url2": null }, "geometry": { "type": "Point", "coordinates": [ 136.865164349960025, 35.18030116934397 ] } },
{ "type": "Feature", "properties": { "内容": "チイキノフクシ【訪問介護】愛知県名古屋市中村区中村町1丁目84番地ハイマアトマンション204号", "url": "https://www.kaigokensaku.mhlw.go.jp/23/index.php?action_kouhyou_detail_004_kani=true&JigyosyoCd=2370504173-00&ServiceCd=110&Type=search", "url2": "http://tiikinohukusi.wixsite.com/my-site" }, "geometry": { "type": "Point", "coordinates": [ 136.8579494, 35.1734218 ] } },
{ "type": "Feature", "properties": { "内容": "医心館訪問介護ステーション本陣【訪問介護】愛知県名古屋市中村区上ノ宮町２丁目４－１", "url": "https://www.kaigokensaku.mhlw.go.jp/23/index.php?action_kouhyou_detail_004_kani=true&JigyosyoCd=2370503340-00&ServiceCd=110&Type=search", "url2": null }, "geometry": { "type": "Point", "coordinates": [ 136.864640799999961, 35.1758541 ] } },
{ "type": "Feature", "properties": { "内容": "へるぱーすてーしょんあろーめいせい【訪問介護】日比津町1丁目１１番３４号", "url": "https://www.kaigokensaku.mhlw.go.jp/23/index.php?action_kouhyou_detail_004_kani=true&JigyosyoCd=2370503233-00&ServiceCd=110&Type=search", "url2": null }, "geometry": { "type": "Point", "coordinates": [ 136.860114484794622, 35.183731803085621 ] } },
{ "type": "Feature", "properties": { "内容": "ケア２１中村【訪問介護】愛知県名古屋市中村区鳥居通４丁目９番地", "url": "https://www.kaigokensaku.mhlw.go.jp/23/index.php?action_kouhyou_detail_004_kani=true&JigyosyoCd=2370502011-00&ServiceCd=110&Type=search", "url2": null }, "geometry": { "type": "Point", "coordinates": [ 136.8603551, 35.1710103 ] } },
{ "type": "Feature", "properties": { "内容": "ヘルパーステーション虹の橋24　中村【訪問介護】愛知県名古屋市中村区太閤通5丁目10番地の5　丸五ビル1階", "url": "https://www.kaigokensaku.mhlw.go.jp/23/index.php?action_kouhyou_detail_004_kani=true&JigyosyoCd=2370503597-00&ServiceCd=110&Type=search", "url2": "caredo-nijinohashi.com" }, "geometry": { "type": "Point", "coordinates": [ 136.868181363676513, 35.168140470635322 ] } },
{ "type": "Feature", "properties": { "内容": "ケアリッツ名駅【訪問介護】愛知県名古屋市中村区竹橋町15-17ジュモール名駅EAST3階", "url": "https://www.kaigokensaku.mhlw.go.jp/23/index.php?action_kouhyou_detail_004_kani=true&JigyosyoCd=2370503845-00&ServiceCd=110&Type=search", "url2": "https://www.careritz.co.jp/station/branch/meieki/" }, "geometry": { "type": "Point", "coordinates": [ 136.87676267739414, 35.169930208189392 ] } },
{ "type": "Feature", "properties": { "内容": "サルバーレ　訪問介護事業所【訪問介護】愛知県名古屋市中村区竹橋町25番19号", "url": "https://www.kaigokensaku.mhlw.go.jp/23/index.php?action_kouhyou_detail_004_kani=true&JigyosyoCd=2370502649-00&ServiceCd=110&Type=search", "url2": "salvare@salvare-r.jp" }, "geometry": { "type": "Point", "coordinates": [ 136.874378900000011, 35.1687166 ] } },
{ "type": "Feature", "properties": { "内容": "ヘルパーステーションKODOU【訪問介護】亀島1丁目4番4号2階モテット名古屋", "url": "https://www.kaigokensaku.mhlw.go.jp/23/index.php?action_kouhyou_detail_004_kani=true&JigyosyoCd=2370503324-00&ServiceCd=110&Type=search", "url2": "http://www.generous.co.jp/" }, "geometry": { "type": "Point", "coordinates": [ 136.877957334116928, 35.17627275626964 ] } },
{ "type": "Feature", "properties": { "内容": "ヘルパーステーションまつよし【訪問介護】香取町1-8ガーデンハイツ中村6Ｄ", "url": "https://www.kaigokensaku.mhlw.go.jp/23/index.php?action_kouhyou_detail_004_kani=true&JigyosyoCd=2370502110-00&ServiceCd=110&Type=search", "url2": null }, "geometry": { "type": "Point", "coordinates": [ 136.853424899999936, 35.1680417 ] } },
{ "type": "Feature", "properties": { "内容": "けあらーず中村指定訪問介護事業所【訪問介護】愛知県名古屋市中村区太閤二丁目１２番１５号", "url": "https://www.kaigokensaku.mhlw.go.jp/23/index.php?action_kouhyou_detail_004_kani=true&JigyosyoCd=2370500544-00&ServiceCd=110&Type=search", "url2": "http://www.seramu.com/html/kaigo/kaigo.htm" }, "geometry": { "type": "Point", "coordinates": [ 136.8791814, 35.1633813 ] } },
{ "type": "Feature", "properties": { "内容": "介護LABO【訪問介護】愛知県名古屋市中村区長筬町７丁目３３", "url": "https://www.kaigokensaku.mhlw.go.jp/23/index.php?action_kouhyou_detail_004_kani=true&JigyosyoCd=2370503969-00&ServiceCd=110&Type=search", "url2": "https://kaigo-kakumei.com" }, "geometry": { "type": "Point", "coordinates": [ 136.847570664418072, 35.165052920274185 ] } },
{ "type": "Feature", "properties": { "内容": "在宅ケアサービス　ソラスト中村公園【訪問介護】名古屋市中村区二瀬町89番地名星ビル2階", "url": "https://www.kaigokensaku.mhlw.go.jp/23/index.php?action_kouhyou_detail_004_kani=true&JigyosyoCd=2370500213-00&ServiceCd=110&Type=search", "url2": "https://solasto-kaigo.com/care/area/solastonakamurakouen.html" }, "geometry": { "type": "Point", "coordinates": [ 136.849842800000033, 35.159667 ] } },
{ "type": "Feature", "properties": { "内容": "ニチイケアーセンター　くさなぎ【訪問介護】名古屋市中村区草薙町2-5", "url": "https://www.kaigokensaku.mhlw.go.jp/23/index.php?action_kouhyou_detail_004_kani=true&JigyosyoCd=2370500528-00&ServiceCd=110&Type=search", "url2": "http://www.nichiigakkan.co.jp/top/index.html" }, "geometry": { "type": "Point", "coordinates": [ 136.8491755, 35.1726209 ] } },
{ "type": "Feature", "properties": { "内容": "ニチイケアセンターなかむら【訪問介護】愛知県名古屋市中村区黄金通1-7フクタビル3F", "url": "https://www.kaigokensaku.mhlw.go.jp/23/index.php?action_kouhyou_detail_004_kani=true&JigyosyoCd=2370501161-00&ServiceCd=110&Type=search", "url2": "http://www.nichiigakkan.co.jp" }, "geometry": { "type": "Point", "coordinates": [ 136.872547899999972, 35.1669054 ] } },
{ "type": "Feature", "properties": { "内容": "ニチイケアセンター第一中村公園【訪問介護】愛知県名古屋市中村区鳥居通4-14木村ビル1F西側", "url": "https://www.kaigokensaku.mhlw.go.jp/23/index.php?action_kouhyou_detail_004_kani=true&JigyosyoCd=2370501500-00&ServiceCd=110&Type=search", "url2": "http://www.nichiigakkan.co.jp" }, "geometry": { "type": "Point", "coordinates": [ 136.86370480000005, 35.173585 ] } },
{ "type": "Feature", "properties": { "内容": "ニチイケアセンター第二中村公園【訪問介護】愛知県名古屋市中村区東宿町2-95GLADWIN中村公園　１０１号室", "url": "https://www.kaigokensaku.mhlw.go.jp/23/index.php?action_kouhyou_detail_004_kani=true&JigyosyoCd=2370501518-00&ServiceCd=110&Type=search", "url2": "http://nichiigakkan.co.jp" }, "geometry": { "type": "Point", "coordinates": [ 136.851855900000032, 35.1734847 ] } },
{ "type": "Feature", "properties": { "内容": "訪問介護エンドレス【訪問介護】上ノ宮1丁目28番地", "url": "https://www.kaigokensaku.mhlw.go.jp/23/index.php?action_kouhyou_detail_004_kani=true&JigyosyoCd=2370502896-00&ServiceCd=110&Type=search", "url2": "https://maruyoshisato.com/" }, "geometry": { "type": "Point", "coordinates": [ 136.863757862656968, 35.176774913429881 ] } },
{ "type": "Feature", "properties": { "内容": "ハンズヘルパーステーション【訪問介護】愛知県名古屋市中村区元中村町３丁目７", "url": "https://www.kaigokensaku.mhlw.go.jp/23/index.php?action_kouhyou_detail_004_kani=true&JigyosyoCd=2370504124-00&ServiceCd=110&Type=search", "url2": null }, "geometry": { "type": "Point", "coordinates": [ 136.8620714, 35.170569 ] } },
{ "type": "Feature", "properties": { "内容": "癒しのヘルパーステーションささしま【訪問介護】愛知県名古屋市中村区平池町４丁目６０番５号", "url": "https://www.kaigokensaku.mhlw.go.jp/23/index.php?action_kouhyou_detail_004_kani=true&JigyosyoCd=2370503191-00&ServiceCd=110&Type=search", "url2": "https://www.riei.co.jp/" }, "geometry": { "type": "Point", "coordinates": [ 136.880864966795343, 35.160271941320886 ] } },
{ "type": "Feature", "properties": { "内容": "訪問介護事業所うちくる【訪問介護】愛知県名古屋市中村区太閤通9丁目5番地2", "url": "https://www.kaigokensaku.mhlw.go.jp/23/index.php?action_kouhyou_detail_004_kani=true&JigyosyoCd=2370504009-00&ServiceCd=110&Type=search", "url2": null }, "geometry": { "type": "Point", "coordinates": [ 136.856439566270438, 35.168626615263662 ] } },
{ "type": "Feature", "properties": { "内容": "ヘルパーステーション　クオーレ【訪問介護】愛知県名古屋市中村区森田町3丁目5番21号Ｇｒｉｄ　Ｎａｇｏｙａ105号室", "url": "https://www.kaigokensaku.mhlw.go.jp/23/index.php?action_kouhyou_detail_004_kani=true&JigyosyoCd=2370502995-00&ServiceCd=110&Type=search", "url2": "http://www.magokoro-verite.com/" }, "geometry": { "type": "Point", "coordinates": [ 136.85988101740918, 35.178358305003357 ] } },
{ "type": "Feature", "properties": { "内容": "ひなたケアステーション【訪問介護】愛知県名古屋市中村区本陣通5丁目87番地の１", "url": "https://www.kaigokensaku.mhlw.go.jp/23/index.php?action_kouhyou_detail_004_kani=true&JigyosyoCd=2370503738-00&ServiceCd=110&Type=search", "url2": "https://www.jujugroup.co.jp/" }, "geometry": { "type": "Point", "coordinates": [ 136.851872700000058, 35.1775239 ] } },
{ "type": "Feature", "properties": { "内容": "ケアセンター和（やわらぎ）【訪問介護】愛知県名古屋市中村区十王町１９－１１三鈴ライフ１－Ｄ", "url": "https://www.kaigokensaku.mhlw.go.jp/23/index.php?action_kouhyou_detail_004_kani=true&JigyosyoCd=2370501849-00&ServiceCd=110&Type=search", "url2": null }, "geometry": { "type": "Point", "coordinates": [ 136.865315799999962, 35.178576 ] } },
{ "type": "Feature", "properties": { "内容": "ビックママ訪問介護サービス大秋【訪問介護】愛知県名古屋市中村区大秋町２丁目３５番地　1階", "url": "https://www.kaigokensaku.mhlw.go.jp/23/index.php?action_kouhyou_detail_004_kani=true&JigyosyoCd=2370501245-00&ServiceCd=110&Type=search", "url2": null }, "geometry": { "type": "Point", "coordinates": [ 136.866110099999986, 35.1748155 ] } },
{ "type": "Feature", "properties": { "内容": "福祉の幸鳥居訪問介護事業所【訪問介護】名古屋市中村区鳥居通4丁目46-11", "url": "https://www.kaigokensaku.mhlw.go.jp/23/index.php?action_kouhyou_detail_004_kani=true&JigyosyoCd=2370500627-00&ServiceCd=110&Type=search", "url2": "http://www.fukushinosachi.co.jp/" }, "geometry": { "type": "Point", "coordinates": [ 136.8607773, 35.171838 ] } },
{ "type": "Feature", "properties": { "内容": "稲西ケアセンター【訪問介護】愛知県名古屋市中村区岩上町３５番地", "url": "https://www.kaigokensaku.mhlw.go.jp/23/index.php?action_kouhyou_detail_004_kani=true&JigyosyoCd=2370500742-00&ServiceCd=110&Type=search", "url2": null }, "geometry": { "type": "Point", "coordinates": [ 136.837890900000048, 35.1634996 ] } },
{ "type": "Feature", "properties": { "内容": "ケアサポートやまざき【訪問介護】愛知県名古屋市中村区宿跡町3丁目8番地の3", "url": "https://www.kaigokensaku.mhlw.go.jp/23/index.php?action_kouhyou_detail_004_kani=true&JigyosyoCd=2370504090-00&ServiceCd=110&Type=search", "url2": "https://onservice.co.jp/" }, "geometry": { "type": "Point", "coordinates": [ 136.844498746627039, 35.174628854628054 ] } },
{ "type": "Feature", "properties": { "内容": "訪問介護清月荘【訪問介護】愛知県名古屋市中村区深川町三丁目８０番地", "url": "https://www.kaigokensaku.mhlw.go.jp/23/index.php?action_kouhyou_detail_004_kani=true&JigyosyoCd=2370501401-00&ServiceCd=110&Type=search", "url2": "http://www.fukushi-seidaihi.or.jp" }, "geometry": { "type": "Point", "coordinates": [ 136.871951699999954, 35.1609563 ] } },
{ "type": "Feature", "properties": { "内容": "あじさいヘルパーサービス【訪問介護】愛知県名古屋市中村区向島町5-23", "url": "https://www.kaigokensaku.mhlw.go.jp/23/index.php?action_kouhyou_detail_004_kani=true&JigyosyoCd=2370501047-00&ServiceCd=110&Type=search", "url2": "http://yuaigroup.jp/ajisai/" }, "geometry": { "type": "Point", "coordinates": [ 136.850886899999978, 35.1630055 ] } },
{ "type": "Feature", "properties": { "内容": "訪問介護事業所開運【訪問介護】愛知県名古屋市中村区十王町６番１７号第１三鈴ビル２０３号", "url": "https://www.kaigokensaku.mhlw.go.jp/23/index.php?action_kouhyou_detail_004_kani=true&JigyosyoCd=2370502938-00&ServiceCd=110&Type=search", "url2": null }, "geometry": { "type": "Point", "coordinates": [ 136.866304466270435, 35.177831832051574 ] } },
{ "type": "Feature", "properties": { "内容": "楽笑苑訪問介護サービス【訪問介護】名古屋市中村区白子町二丁目７番地", "url": "https://www.kaigokensaku.mhlw.go.jp/23/index.php?action_kouhyou_detail_004_kani=true&JigyosyoCd=2370501575-00&ServiceCd=110&Type=search", "url2": null }, "geometry": { "type": "Point", "coordinates": [ 136.866921499999989, 35.1625754 ] } },
{ "type": "Feature", "properties": { "内容": "丸八訪問介護事業所【訪問介護】名古屋市中村区西米野町1-76-6", "url": "https://www.kaigokensaku.mhlw.go.jp/23/index.php?action_kouhyou_detail_004_kani=true&JigyosyoCd=2370500080-00&ServiceCd=110&Type=search", "url2": "http://www.maru8kaigo.com/" }, "geometry": { "type": "Point", "coordinates": [ 136.8711432, 35.166336200000011 ] } },
{ "type": "Feature", "properties": { "内容": "ヘルパーステーションことり【訪問介護】愛知県名古屋市中村区森末町3丁目55番地", "url": "https://www.kaigokensaku.mhlw.go.jp/23/index.php?action_kouhyou_detail_004_kani=true&JigyosyoCd=2370503712-00&ServiceCd=110&Type=search", "url2": null }, "geometry": { "type": "Point", "coordinates": [ 136.859265100000016, 35.1765706 ] } },
{ "type": "Feature", "properties": { "内容": "訪問介護ステーションアースエンジェル【訪問介護】愛知県名古屋市中村区城屋敷町2-57-1∞アースくんのおうち∞", "url": "https://www.kaigokensaku.mhlw.go.jp/23/index.php?action_kouhyou_detail_004_kani=true&JigyosyoCd=2370502946-00&ServiceCd=110&Type=search", "url2": "http://www.earth-bridge.jp/angel/" }, "geometry": { "type": "Point", "coordinates": [ 136.839721642327845, 35.170407308539595 ] } },
{ "type": "Feature", "properties": { "内容": "訪問介護　Plaisir(プレジール)【訪問介護】沖田町418リアライズ岩塚602号", "url": "https://www.kaigokensaku.mhlw.go.jp/23/index.php?action_kouhyou_detail_004_kani=true&JigyosyoCd=2370504025-00&ServiceCd=110&Type=search", "url2": "http://heartofgold-nagoya.jp" }, "geometry": { "type": "Point", "coordinates": [ 136.8547127, 35.1598253 ] } },
{ "type": "Feature", "properties": { "内容": "ヘルパーめだか組【訪問介護】愛知県名古屋市中村区鳥居通４－４８", "url": "https://www.kaigokensaku.mhlw.go.jp/23/index.php?action_kouhyou_detail_004_kani=true&JigyosyoCd=2370503068-00&ServiceCd=110&Type=search", "url2": null }, "geometry": { "type": "Point", "coordinates": [ 136.861019776447648, 35.172059058530579 ] } },
{ "type": "Feature", "properties": { "内容": "ホームケアプラスワン【訪問介護】愛知県名古屋市中村区草薙町１丁目１００番地レトア１００（１０１号室）", "url": "https://www.kaigokensaku.mhlw.go.jp/23/index.php?action_kouhyou_detail_004_kani=true&JigyosyoCd=2370503407-00&ServiceCd=110&Type=search", "url2": null }, "geometry": { "type": "Point", "coordinates": [ 136.850592099999972, 35.1710822 ] } },
{ "type": "Feature", "properties": { "内容": "ミラリス訪問介護　中村店【訪問介護】愛知県名古屋市中村区上石川町４－１１", "url": "https://www.kaigokensaku.mhlw.go.jp/23/index.php?action_kouhyou_detail_004_kani=true&JigyosyoCd=2370501617-00&ServiceCd=110&Type=search", "url2": null }, "geometry": { "type": "Point", "coordinates": [ 136.852597899999978, 35.1624778 ] } },
{ "type": "Feature", "properties": { "内容": "訪問介護　絆サポート【訪問介護】愛知県名古屋市中村区郷前町2丁目25番地", "url": "https://www.kaigokensaku.mhlw.go.jp/23/index.php?action_kouhyou_detail_004_kani=true&JigyosyoCd=2370501740-00&ServiceCd=110&Type=search", "url2": null }, "geometry": { "type": "Point", "coordinates": [ 136.8751873, 35.1644921 ] } },
{ "type": "Feature", "properties": { "内容": "ケアセンターオータム【訪問介護】愛知県名古屋市中村区向島町4-8-2", "url": "https://www.kaigokensaku.mhlw.go.jp/23/index.php?action_kouhyou_detail_004_kani=true&JigyosyoCd=2370503746-00&ServiceCd=110&Type=search", "url2": null }, "geometry": { "type": "Point", "coordinates": [ 136.848843, 35.1634277 ] } },
{ "type": "Feature", "properties": { "内容": "訪問介護ステーション　トマト【訪問介護】愛知県名古屋市中村区北畑町３－２７－１", "url": "https://www.kaigokensaku.mhlw.go.jp/23/index.php?action_kouhyou_detail_004_kani=true&JigyosyoCd=2370501096-00&ServiceCd=110&Type=search", "url2": "https://tomato-family.net/" }, "geometry": { "type": "Point", "coordinates": [ 136.866119, 35.1588647 ] } },
{ "type": "Feature", "properties": { "内容": "中村区介護保険事業所【訪問介護】愛知県名古屋市中村区名楽町4丁目7番地の18中村区在宅サービスセンター内", "url": "https://www.kaigokensaku.mhlw.go.jp/23/index.php?action_kouhyou_detail_004_kani=true&JigyosyoCd=2370500031-00&ServiceCd=110&Type=search", "url2": "http://care-net.biz/23/zaitakunet" }, "geometry": { "type": "Point", "coordinates": [ 136.863116, 35.1697717 ] } },
{ "type": "Feature", "properties": { "内容": "グランダ那古野ケアステーション【訪問介護】愛知県名古屋市中村区那古野1-39-12", "url": "https://www.kaigokensaku.mhlw.go.jp/23/index.php?action_kouhyou_detail_004_kani=true&JigyosyoCd=2370504199-00&ServiceCd=110&Type=search", "url2": "https://kaigo.benesse-style-care.co.jp/" }, "geometry": { "type": "Point", "coordinates": [ 136.8922546, 35.1727954 ] } },
{ "type": "Feature", "properties": { "内容": "訪問介護ステーションNRS【訪問介護】愛知県名古屋市中村区中村町２丁目７８番地小出ハイツC棟202号", "url": "https://www.kaigokensaku.mhlw.go.jp/23/index.php?action_kouhyou_detail_004_kani=true&JigyosyoCd=2370504181-00&ServiceCd=110&Type=search", "url2": null }, "geometry": { "type": "Point", "coordinates": [ 136.792574, 35.1554002 ] } },
{ "type": "Feature", "properties": { "内容": "訪問介護ステーションパンジー【訪問介護】新富町4－1－17", "url": "https://www.kaigokensaku.mhlw.go.jp/23/index.php?action_kouhyou_detail_004_kani=true&JigyosyoCd=2370503704-00&ServiceCd=110&Type=search", "url2": null }, "geometry": { "type": "Point", "coordinates": [ 136.861914805735751, 35.187508167498535 ] } },
{ "type": "Feature", "properties": { "内容": "ヘルパーステーションリライト名古屋【訪問介護】愛知県名古屋市中村区中島町1丁目33chulo101", "url": "https://www.kaigokensaku.mhlw.go.jp/23/index.php?action_kouhyou_detail_004_kani=true&JigyosyoCd=2370504306-00&ServiceCd=110&Type=search", "url2": "https://relight-co.com/" }, "geometry": { "type": "Point", "coordinates": [ 136.870540299999988, 35.1719645 ] } },
{ "type": "Feature", "properties": { "内容": "ケアサービス　ダンデライオン　名古屋【訪問介護】千代田五丁目15番12号千代田ヒルズ3C", "url": "https://www.kaigokensaku.mhlw.go.jp/23/index.php?action_kouhyou_detail_004_kani=true&JigyosyoCd=2370602399-00&ServiceCd=110&Type=search", "url2": null }, "geometry": { "type": "Point", "coordinates": [ 136.917925299999979, 35.1585777 ] } },
{ "type": "Feature", "properties": { "内容": "ヘルパーステーションあおぞら【訪問介護】愛知県名古屋市中区大須3-17-24中部商事ビル3F", "url": "https://www.kaigokensaku.mhlw.go.jp/23/index.php?action_kouhyou_detail_004_kani=true&JigyosyoCd=2370602712-00&ServiceCd=110&Type=search", "url2": null }, "geometry": { "type": "Point", "coordinates": [ 136.903750300000013, 35.1599897 ] } },
{ "type": "Feature", "properties": { "内容": "葵訪問介護事業所【訪問介護】愛知県名古屋市中区栄5-13-27エンゼルパーク江口ハイツ402号", "url": "https://www.kaigokensaku.mhlw.go.jp/23/index.php?action_kouhyou_detail_004_kani=true&JigyosyoCd=2370602316-00&ServiceCd=110&Type=search", "url2": null }, "geometry": { "type": "Point", "coordinates": [ 136.910295200000064, 35.1636962 ] } },
{ "type": "Feature", "properties": { "内容": "訪問介護ゆとり【訪問介護】愛知県名古屋市大井町8-4", "url": "https://www.kaigokensaku.mhlw.go.jp/23/index.php?action_kouhyou_detail_004_kani=true&JigyosyoCd=2370602175-00&ServiceCd=110&Type=search", "url2": null }, "geometry": { "type": "Point", "coordinates": [ 136.908884095599802, 35.150328498428316 ] } },
{ "type": "Feature", "properties": { "内容": "訪問介護　シーサー【訪問介護】愛知県名古屋市中区新栄２丁目４１番１１号ベストビル３階", "url": "https://www.kaigokensaku.mhlw.go.jp/23/index.php?action_kouhyou_detail_004_kani=true&JigyosyoCd=2370602902-00&ServiceCd=110&Type=search", "url2": null }, "geometry": { "type": "Point", "coordinates": [ 136.922046, 35.1630626 ] } },
{ "type": "Feature", "properties": { "内容": "あいち訪問介護ステーション【訪問介護】栄四丁目13番19号TKビル7階", "url": "https://www.kaigokensaku.mhlw.go.jp/23/index.php?action_kouhyou_detail_004_kani=true&JigyosyoCd=2370602928-00&ServiceCd=110&Type=search", "url2": "https://freerisk.my.canva.site/" }, "geometry": { "type": "Point", "coordinates": [ 136.9111, 35.167550200000029 ] } },
{ "type": "Feature", "properties": { "内容": "訪問介護スマイルナーシング金山【訪問介護】愛知県名古屋市中区正木四丁目11番13号S.R.KビルディングⅠ202号室", "url": "https://www.kaigokensaku.mhlw.go.jp/23/index.php?action_kouhyou_detail_004_kani=true&JigyosyoCd=2370602795-00&ServiceCd=110&Type=search", "url2": "https://smile-nursing.jp" }, "geometry": { "type": "Point", "coordinates": [ 136.896371499999987, 35.142823 ] } },
{ "type": "Feature", "properties": { "内容": "介護ステーション　ローズコロン【訪問介護】名古屋市中区新栄1-40-14ユニーブル栄イースト９０２号", "url": "https://www.kaigokensaku.mhlw.go.jp/23/index.php?action_kouhyou_detail_004_kani=true&JigyosyoCd=2370601789-00&ServiceCd=110&Type=search", "url2": null }, "geometry": { "type": "Point", "coordinates": [ 136.917450811108779, 35.163169604925486 ] } },
{ "type": "Feature", "properties": { "内容": "ケアコール金山【訪問介護】愛知県名古屋市中区正木四丁目5番9号ファミリー・ホスピス　オアシス金山", "url": "https://www.kaigokensaku.mhlw.go.jp/23/index.php?action_kouhyou_detail_004_kani=true&JigyosyoCd=2370602803-00&ServiceCd=110&Type=search", "url2": "https://nyukyo.nc-service.net//facility/595/" }, "geometry": { "type": "Point", "coordinates": [ 136.8972669, 35.1434771 ] } },
{ "type": "Feature", "properties": { "内容": "一般社団法人　国際自立支援協会【訪問介護】愛知県名古屋市中区千代田４丁目３番22号　ゴールドオーシャンビル１F", "url": "https://www.kaigokensaku.mhlw.go.jp/23/index.php?action_kouhyou_detail_004_kani=true&JigyosyoCd=2370602126-00&ServiceCd=110&Type=search", "url2": null }, "geometry": { "type": "Point", "coordinates": [ 136.910887199999934, 35.1533587 ] } },
{ "type": "Feature", "properties": { "内容": "訪問介護ハピネス【訪問介護】愛知県名古屋市中区栄５丁目２１－２７Florido栄701", "url": "https://www.kaigokensaku.mhlw.go.jp/23/index.php?action_kouhyou_detail_004_kani=true&JigyosyoCd=2370602266-00&ServiceCd=110&Type=search", "url2": null }, "geometry": { "type": "Point", "coordinates": [ 136.913669900000059, 35.1629519 ] } },
{ "type": "Feature", "properties": { "内容": "ケアリッツ上前津【訪問介護】愛知県名古屋市中区上前津1-13-15上前津1丁目1階事務所", "url": "https://www.kaigokensaku.mhlw.go.jp/23/index.php?action_kouhyou_detail_004_kani=true&JigyosyoCd=2370602589-00&ServiceCd=110&Type=search", "url2": "https://www.careritz.co.jp/station/branch/kamimaezu/" }, "geometry": { "type": "Point", "coordinates": [ 136.90428957825992, 35.15566426079338 ] } },
{ "type": "Feature", "properties": { "内容": "ケアリッツ丸の内【訪問介護】愛知県名古屋市中区丸の内2-18-13リブラ丸の内10-1階・2階", "url": "https://www.kaigokensaku.mhlw.go.jp/23/index.php?action_kouhyou_detail_004_kani=true&JigyosyoCd=2370602738-00&ServiceCd=110&Type=search", "url2": "https://www.careritz.co.jp/station/branch/marunochi/" }, "geometry": { "type": "Point", "coordinates": [ 136.899094582226382, 35.173855462294185 ] } },
{ "type": "Feature", "properties": { "内容": "訪問介護ステーション　ハートフル【訪問介護】愛知県名古屋市中区松原3-3-1グラツィオーソ松原102", "url": "https://www.kaigokensaku.mhlw.go.jp/23/index.php?action_kouhyou_detail_004_kani=true&JigyosyoCd=2370602597-00&ServiceCd=110&Type=search", "url2": null }, "geometry": { "type": "Point", "coordinates": [ 136.895356819921119, 35.154453684044647 ] } },
{ "type": "Feature", "properties": { "内容": "アムールケアステーション【訪問介護】愛知県名古屋市中区栄三丁目8番21号伊勢町平和ビル5階B号室", "url": "https://www.kaigokensaku.mhlw.go.jp/23/index.php?action_kouhyou_detail_004_kani=true&JigyosyoCd=2370602787-00&ServiceCd=110&Type=search", "url2": "https://uniseed121.co.jp/" }, "geometry": { "type": "Point", "coordinates": [ 136.903941800000013, 35.1626586 ] } },
{ "type": "Feature", "properties": { "内容": "さくら・介護ステーション名古屋中央【訪問介護】愛知県名古屋市中区上前津1丁目２番11号鈴木ビル2階", "url": "https://www.kaigokensaku.mhlw.go.jp/23/index.php?action_kouhyou_detail_004_kani=true&JigyosyoCd=2370601425-00&ServiceCd=110&Type=search", "url2": null }, "geometry": { "type": "Point", "coordinates": [ 136.90442517088627, 35.156777394995864 ] } },
{ "type": "Feature", "properties": { "内容": "株式会社福祉の里　名古屋中営業所【訪問介護】愛知県名古屋市中区新栄2-10-16坂本ビル１階", "url": "https://www.kaigokensaku.mhlw.go.jp/23/index.php?action_kouhyou_detail_004_kani=true&JigyosyoCd=2370600369-00&ServiceCd=110&Type=search", "url2": "https://www.fukushinosato.co.jp/facility/nagoyanaka.html" }, "geometry": { "type": "Point", "coordinates": [ 136.922007600000029, 35.1680125 ] } },
{ "type": "Feature", "properties": { "内容": "合同会社　ＭＴグリーン【訪問介護】愛知県名古屋市中区千代田五丁目１１番１１号STPULAZATSURUMAIビル　東館　５階Ｇ号室", "url": "https://www.kaigokensaku.mhlw.go.jp/23/index.php?action_kouhyou_detail_004_kani=true&JigyosyoCd=2370601920-00&ServiceCd=110&Type=search", "url2": "mtgreen@grace.ocn.ne.jp" }, "geometry": { "type": "Point", "coordinates": [ 136.92035433987283, 35.159912774720461 ] } },
{ "type": "Feature", "properties": { "内容": "名古屋福祉サービス株式会社　指定訪問介護事業所【訪問介護】名古屋市中区千代田2丁目3番1号　K1ビル2Ｆ", "url": "https://www.kaigokensaku.mhlw.go.jp/23/index.php?action_kouhyou_detail_004_kani=true&JigyosyoCd=2370600468-00&ServiceCd=110&Type=search", "url2": "http://" }, "geometry": { "type": "Point", "coordinates": [ 136.911131399999931, 35.1593329 ] } },
{ "type": "Feature", "properties": { "内容": "ヘルパーステーションすみれ【訪問介護】大須１丁目２９－６６", "url": "https://www.kaigokensaku.mhlw.go.jp/23/index.php?action_kouhyou_detail_004_kani=true&JigyosyoCd=2370602340-00&ServiceCd=110&Type=search", "url2": "https://www.sumire.nagoya/" }, "geometry": { "type": "Point", "coordinates": [ 136.893496899999946, 35.1597405 ] } },
{ "type": "Feature", "properties": { "内容": "ライフサポートエデン【訪問介護】愛知県名古屋市中区千代田三丁目１番１０号千代田リバーサイドビル2階", "url": "https://www.kaigokensaku.mhlw.go.jp/23/index.php?action_kouhyou_detail_004_kani=true&JigyosyoCd=2370602522-00&ServiceCd=110&Type=search", "url2": "https://www.edenproject1977.com/" }, "geometry": { "type": "Point", "coordinates": [ 136.90987169999994, 35.1558452 ] } },
{ "type": "Feature", "properties": { "内容": "菜の花指定訪問介護事業所【訪問介護】愛知県名古屋市中区正木四丁目６番６号第１３フクマルビル３Ｆ", "url": "https://www.kaigokensaku.mhlw.go.jp/23/index.php?action_kouhyou_detail_004_kani=true&JigyosyoCd=2370600773-00&ServiceCd=110&Type=search", "url2": "http://ｗｗｗ．ｈｅｌｐｅｒ3．ｎｅｔ" }, "geometry": { "type": "Point", "coordinates": [ 136.898171899999966, 35.1433956 ] } },
{ "type": "Feature", "properties": { "内容": "株式会社Carrie【訪問介護】新栄３丁目３号８番三正ビル３階", "url": "https://www.kaigokensaku.mhlw.go.jp/23/index.php?action_kouhyou_detail_004_kani=true&JigyosyoCd=2370602977-00&ServiceCd=110&Type=search", "url2": null }, "geometry": { "type": "Point", "coordinates": [ 136.926888600000012, 35.169264 ] } },
{ "type": "Feature", "properties": { "内容": "介護クラーク新栄【訪問介護】愛知県名古屋市中区新栄2丁目43番26号", "url": "https://www.kaigokensaku.mhlw.go.jp/23/index.php?action_kouhyou_detail_004_kani=true&JigyosyoCd=2370602563-00&ServiceCd=110&Type=search", "url2": "https://cuc-hospice.com/" }, "geometry": { "type": "Point", "coordinates": [ 136.9212774, 35.1628272 ] } },
{ "type": "Feature", "properties": { "内容": "有限会社中京ケアサービス【訪問介護】愛知県名古屋市中区千代田二丁目７番８号２グラン千代田１Ｆ", "url": "https://www.kaigokensaku.mhlw.go.jp/23/index.php?action_kouhyou_detail_004_kani=true&JigyosyoCd=2370600880-00&ServiceCd=110&Type=search", "url2": "http://www.chukyo-care.com/" }, "geometry": { "type": "Point", "coordinates": [ 136.912867617674237, 35.159207851589194 ] } },
{ "type": "Feature", "properties": { "内容": "訪問介護はっち【訪問介護】愛知県名古屋市中区丸の内一丁目4番29号愛協ビル8階", "url": "https://www.kaigokensaku.mhlw.go.jp/23/index.php?action_kouhyou_detail_004_kani=true&JigyosyoCd=2370602779-00&ServiceCd=110&Type=search", "url2": "https://www.bochikita.com/" }, "geometry": { "type": "Point", "coordinates": [ 136.895501280950924, 35.176715508582966 ] } },
{ "type": "Feature", "properties": { "内容": "訪問介護ホットライフ【訪問介護】愛知県名古屋市中区新栄3丁目24番3号２階", "url": "https://www.kaigokensaku.mhlw.go.jp/23/index.php?action_kouhyou_detail_004_kani=true&JigyosyoCd=2370602183-00&ServiceCd=110&Type=search", "url2": null }, "geometry": { "type": "Point", "coordinates": [ 136.92388, 35.166574 ] } },
{ "type": "Feature", "properties": { "内容": "訪問介護事業所　アクア【訪問介護】愛知県名古屋市中区新栄１丁目２１番１６号－１", "url": "https://www.kaigokensaku.mhlw.go.jp/23/index.php?action_kouhyou_detail_004_kani=true&JigyosyoCd=2370601995-00&ServiceCd=110&Type=search", "url2": "http://granju.threefold.or.jp/" }, "geometry": { "type": "Point", "coordinates": [ 136.917599053967223, 35.166024335454303 ] } },
{ "type": "Feature", "properties": { "内容": "学研ココファン名古屋丸の内ヘルパーセンター【訪問介護】愛知県名古屋市中区丸の内２丁目2番39号ココファン名古屋丸の内", "url": "https://www.kaigokensaku.mhlw.go.jp/23/index.php?action_kouhyou_detail_004_kani=true&JigyosyoCd=2370602951-00&ServiceCd=110&Type=search", "url2": null }, "geometry": { "type": "Point", "coordinates": [ 136.8980603, 35.1771258 ] } },
{ "type": "Feature", "properties": { "内容": "ホームヘルプひだまり【訪問介護】愛知県名古屋市中区大須４丁目１４－４８ツバサビル５階", "url": "https://www.kaigokensaku.mhlw.go.jp/23/index.php?action_kouhyou_detail_004_kani=true&JigyosyoCd=2370601938-00&ServiceCd=110&Type=search", "url2": null }, "geometry": { "type": "Point", "coordinates": [ 136.908689703843748, 35.157191489066577 ] } },
{ "type": "Feature", "properties": { "内容": "A-Smile鶴舞【訪問介護】千代田5-22-26鶴舞パークヒルズ3階　300号室", "url": "https://www.kaigokensaku.mhlw.go.jp/23/index.php?action_kouhyou_detail_004_kani=true&JigyosyoCd=2370602837-00&ServiceCd=110&Type=search", "url2": "https://akarie.co.jp/" }, "geometry": { "type": "Point", "coordinates": [ 136.9174899, 35.1569761 ] } },
{ "type": "Feature", "properties": { "内容": "ココファン名古屋富士見【訪問介護】愛知県名古屋市中区富士見町6-30ココファン名古屋富士見", "url": "https://www.kaigokensaku.mhlw.go.jp/23/index.php?action_kouhyou_detail_004_kani=true&JigyosyoCd=2370602704-00&ServiceCd=110&Type=search", "url2": "https://www.cocofump.co.jp/" }, "geometry": { "type": "Point", "coordinates": [ 136.9081434, 35.1530044 ] } },
{ "type": "Feature", "properties": { "内容": "ベネッセ介護センター名古屋【訪問介護】愛知県名古屋市中区上前津2-13-21ﾌﾟﾘﾏﾍﾞｰﾗ上前津２階東", "url": "https://www.kaigokensaku.mhlw.go.jp/23/index.php?action_kouhyou_detail_004_kani=true&JigyosyoCd=2370600658-00&ServiceCd=110&Type=search", "url2": "http://www.benesse-style-care.co.jp" }, "geometry": { "type": "Point", "coordinates": [ 136.908501200000046, 35.1545335 ] } },
{ "type": "Feature", "properties": { "内容": "中区介護保険事業所【訪問介護】愛知県名古屋市中区上前津二丁目12番23号", "url": "https://www.kaigokensaku.mhlw.go.jp/23/index.php?action_kouhyou_detail_004_kani=true&JigyosyoCd=2370600021-00&ServiceCd=110&Type=search", "url2": "http://care-net.biz/23/zaitakunet" }, "geometry": { "type": "Point", "coordinates": [ 136.908054, 35.1551139 ] } },
{ "type": "Feature", "properties": { "内容": "訪問介護フラワー【訪問介護】〒460-0007愛知県名古屋市中区新栄２丁目３６−２１ラフィネ新栄904号室", "url": "https://www.kaigokensaku.mhlw.go.jp/23/index.php?action_kouhyou_detail_004_kani=true&JigyosyoCd=2370602878-00&ServiceCd=110&Type=search", "url2": null }, "geometry": { "type": "Point", "coordinates": [ 136.9207471, 35.1642208 ] } },
{ "type": "Feature", "properties": { "内容": "訪問介護あゆみ【訪問介護】愛知県名古屋市中区錦二丁目11番25号ケービービル2階", "url": "https://www.kaigokensaku.mhlw.go.jp/23/index.php?action_kouhyou_detail_004_kani=true&JigyosyoCd=2370601441-00&ServiceCd=110&Type=search", "url2": null }, "geometry": { "type": "Point", "coordinates": [ 136.899948699999982, 35.1704227 ] } },
{ "type": "Feature", "properties": { "内容": "ヘルパーステーション久屋大通館【訪問介護】愛知県名古屋市中区栄5丁目1－20プレステージ久屋大通", "url": "https://www.kaigokensaku.mhlw.go.jp/23/index.php?action_kouhyou_detail_004_kani=true&JigyosyoCd=2370602894-00&ServiceCd=110&Type=search", "url2": null }, "geometry": { "type": "Point", "coordinates": [ 136.9106831, 35.1653538 ] } },
{ "type": "Feature", "properties": { "内容": "MUSUBI訪問介護ステーション【訪問介護】愛知県名古屋市中区大須１丁目１８番１８号", "url": "https://www.kaigokensaku.mhlw.go.jp/23/index.php?action_kouhyou_detail_004_kani=true&JigyosyoCd=2370603025-00&ServiceCd=110&Type=search", "url2": "https://ivory672985.studio.site/" }, "geometry": { "type": "Point", "coordinates": [ 136.895195699999988, 35.1608889 ] } },
{ "type": "Feature", "properties": { "内容": "介護ステーションはなりら【訪問介護】愛知県名古屋市中区大須2丁目10番45号大須ステーションプラザ１０階", "url": "https://www.kaigokensaku.mhlw.go.jp/23/index.php?action_kouhyou_detail_004_kani=true&JigyosyoCd=2370602118-00&ServiceCd=110&Type=search", "url2": null }, "geometry": { "type": "Point", "coordinates": [ 136.8986519, 35.1611489 ] } },
{ "type": "Feature", "properties": { "内容": "訪問介護　春夏秋冬【訪問介護】新栄二丁目29番5号", "url": "https://www.kaigokensaku.mhlw.go.jp/23/index.php?action_kouhyou_detail_004_kani=true&JigyosyoCd=2370603017-00&ServiceCd=110&Type=search", "url2": null }, "geometry": { "type": "Point", "coordinates": [ 136.920766, 35.1657554 ] } },
{ "type": "Feature", "properties": { "内容": "あい愛ライフみずほ訪問介護サービス【訪問介護】愛知県名古屋市中区栄五丁目２３番１９号共和ビル2階", "url": "https://www.kaigokensaku.mhlw.go.jp/23/index.php?action_kouhyou_detail_004_kani=true&JigyosyoCd=2370602886-00&ServiceCd=110&Type=search", "url2": null }, "geometry": { "type": "Point", "coordinates": [ 136.9147806, 35.1619704 ] } },
{ "type": "Feature", "properties": { "内容": "あんあんヘルパーステーション【訪問介護】愛知県名古屋市中区伊勢山二丁目５番10号中埜金山ビル１階", "url": "https://www.kaigokensaku.mhlw.go.jp/23/index.php?action_kouhyou_detail_004_kani=true&JigyosyoCd=2370601102-00&ServiceCd=110&Type=search", "url2": "https://www.anan-kaigo.co.jp/" }, "geometry": { "type": "Point", "coordinates": [ 136.903266172698977, 35.148615645114901 ] } },
{ "type": "Feature", "properties": { "内容": "ZONNE【訪問介護】愛知県名古屋市中区上前津二丁目11番17号上前津パークマンション405号", "url": "https://www.kaigokensaku.mhlw.go.jp/23/index.php?action_kouhyou_detail_004_kani=true&JigyosyoCd=2370602761-00&ServiceCd=110&Type=search", "url2": "作成中" }, "geometry": { "type": "Point", "coordinates": [ 136.907209200000011, 35.1551687 ] } },
{ "type": "Feature", "properties": { "内容": "ヘルパーステーションアールイー名古屋【訪問介護】愛知県名古屋市中区橘一丁目２４番１５号エルスタンザ東別院１００１", "url": "https://www.kaigokensaku.mhlw.go.jp/23/index.php?action_kouhyou_detail_004_kani=true&JigyosyoCd=2370603009-00&ServiceCd=110&Type=search", "url2": null }, "geometry": { "type": "Point", "coordinates": [ 136.9025095, 35.1527773 ] } },
{ "type": "Feature", "properties": { "内容": "訪問介護ステーションima【訪問介護】川原通6丁目1番地3", "url": "https://www.kaigokensaku.mhlw.go.jp/23/index.php?action_kouhyou_detail_004_kani=true&JigyosyoCd=2370702801-00&ServiceCd=110&Type=search", "url2": null }, "geometry": { "type": "Point", "coordinates": [ 136.949698, 35.15311070000002 ] } },
{ "type": "Feature", "properties": { "内容": "訪問介護プラム【訪問介護】元宮町5丁目43番地の1吉田ビル2階", "url": "https://www.kaigokensaku.mhlw.go.jp/23/index.php?action_kouhyou_detail_004_kani=true&JigyosyoCd=2370702843-00&ServiceCd=110&Type=search", "url2": null }, "geometry": { "type": "Point", "coordinates": [ 136.94728090000001, 35.1569232 ] } },
{ "type": "Feature", "properties": { "内容": "サンウェルズ桜山ヘルパーステーション【訪問介護】桜山町2丁目37番地", "url": "https://www.kaigokensaku.mhlw.go.jp/23/index.php?action_kouhyou_detail_004_kani=true&JigyosyoCd=2370702892-00&ServiceCd=110&Type=search", "url2": "https://sunwels.jp/" }, "geometry": { "type": "Point", "coordinates": [ 136.933771, 35.1425269 ] } },
{ "type": "Feature", "properties": { "内容": "メイワ訪問介護【訪問介護】愛知県名古屋市昭和区滝子町19番8号", "url": "https://www.kaigokensaku.mhlw.go.jp/23/index.php?action_kouhyou_detail_004_kani=true&JigyosyoCd=2370702900-00&ServiceCd=110&Type=search", "url2": null }, "geometry": { "type": "Point", "coordinates": [ 136.923485099999965, 35.142368200000021 ] } },
{ "type": "Feature", "properties": { "内容": "アミカごきそ介護センター【訪問介護】愛知県名古屋市昭和区阿由知通3-3-2ロイヤル御器所301号室", "url": "https://www.kaigokensaku.mhlw.go.jp/23/index.php?action_kouhyou_detail_004_kani=true&JigyosyoCd=2370702579-00&ServiceCd=110&Type=search", "url2": null }, "geometry": { "type": "Point", "coordinates": [ 136.934372, 35.1517569 ] } },
{ "type": "Feature", "properties": { "内容": "訪問介護ステーション　GARO　鶴舞【訪問介護】愛知県名古屋市昭和区鶴舞2丁目12番地の24", "url": "https://www.kaigokensaku.mhlw.go.jp/23/index.php?action_kouhyou_detail_004_kani=true&JigyosyoCd=2370702397-00&ServiceCd=110&Type=search", "url2": "https://garo-home.co.jp/" }, "geometry": { "type": "Point", "coordinates": [ 136.9148146, 35.1517564 ] } },
{ "type": "Feature", "properties": { "内容": "アースサポート名古屋【訪問介護】愛知県名古屋市昭和区鶴舞四丁目10番13号", "url": "https://www.kaigokensaku.mhlw.go.jp/23/index.php?action_kouhyou_detail_004_kani=true&JigyosyoCd=2370700102-00&ServiceCd=110&Type=search", "url2": "http://www.earthsupport.co.jp/" }, "geometry": { "type": "Point", "coordinates": [ 136.924408200000016, 35.1513735 ] } },
{ "type": "Feature", "properties": { "内容": "セントケア御器所【訪問介護】愛知県名古屋市昭和区紅梅町３－２－１ENSHOW3　３F", "url": "https://www.kaigokensaku.mhlw.go.jp/23/index.php?action_kouhyou_detail_004_kani=true&JigyosyoCd=2370701050-00&ServiceCd=110&Type=search", "url2": "http://www.saint-care.com/" }, "geometry": { "type": "Point", "coordinates": [ 136.9348046, 35.1490299 ] } },
{ "type": "Feature", "properties": { "内容": "いつき訪問介護事業所石川橋【訪問介護】檀渓通5丁目26番地メディカルいつき　6F", "url": "https://www.kaigokensaku.mhlw.go.jp/23/index.php?action_kouhyou_detail_004_kani=true&JigyosyoCd=2370701761-00&ServiceCd=110&Type=search", "url2": "http://medical-itsuki.com" }, "geometry": { "type": "Point", "coordinates": [ 136.944895699999961, 35.1383039 ] } },
{ "type": "Feature", "properties": { "内容": "ヘルパーステーションぽとす【訪問介護】愛知県名古屋市昭和区隼人町7番地の12セブンス杁中302号室", "url": "https://www.kaigokensaku.mhlw.go.jp/23/index.php?action_kouhyou_detail_004_kani=true&JigyosyoCd=2370702546-00&ServiceCd=110&Type=search", "url2": null }, "geometry": { "type": "Point", "coordinates": [ 136.95471, 35.143355900000017 ] } },
{ "type": "Feature", "properties": { "内容": "ひまわりケアサービス川名【訪問介護】愛知県名古屋市昭和区萩原町6丁目23番地の3", "url": "https://www.kaigokensaku.mhlw.go.jp/23/index.php?action_kouhyou_detail_004_kani=true&JigyosyoCd=2370702462-00&ServiceCd=110&Type=search", "url2": "himawari-care-s.com" }, "geometry": { "type": "Point", "coordinates": [ 136.948516, 35.1528208 ] } },
{ "type": "Feature", "properties": { "内容": "医心館訪問介護ステーション八事南山【訪問介護】愛知県名古屋市昭和区南山町22番地の11", "url": "https://www.kaigokensaku.mhlw.go.jp/23/index.php?action_kouhyou_detail_004_kani=true&JigyosyoCd=2370702736-00&ServiceCd=110&Type=search", "url2": null }, "geometry": { "type": "Point", "coordinates": [ 136.951501799999988, 35.1401975 ] } },
{ "type": "Feature", "properties": { "内容": "ケア２１川名公園【訪問介護】愛知県名古屋市昭和区川原通7丁目5番地の12アンシャンテ川原1階A号室", "url": "https://www.kaigokensaku.mhlw.go.jp/23/index.php?action_kouhyou_detail_004_kani=true&JigyosyoCd=2370702587-00&ServiceCd=110&Type=search", "url2": null }, "geometry": { "type": "Point", "coordinates": [ 136.9492194, 35.1521292 ] } },
{ "type": "Feature", "properties": { "内容": "訪問介護ステーションベルデ桜山【訪問介護】愛知県名古屋市昭和区塩付通7丁目56番地ナーシングホームベルデ桜山", "url": "https://www.kaigokensaku.mhlw.go.jp/23/index.php?action_kouhyou_detail_004_kani=true&JigyosyoCd=2370702660-00&ServiceCd=110&Type=search", "url2": "https://www.careverde.com/" }, "geometry": { "type": "Point", "coordinates": [ 136.938606100000015, 35.1398625 ] } },
{ "type": "Feature", "properties": { "内容": "ケアリッツ御器所【訪問介護】愛知県名古屋市昭和区阿由知通4-7グローバル御器所2A", "url": "https://www.kaigokensaku.mhlw.go.jp/23/index.php?action_kouhyou_detail_004_kani=true&JigyosyoCd=2370702470-00&ServiceCd=110&Type=search", "url2": "https://www.careritz.co.jp/station/branch/gokisho/" }, "geometry": { "type": "Point", "coordinates": [ 136.934132754631037, 35.148860582831503 ] } },
{ "type": "Feature", "properties": { "内容": "ケアリッツ八事【訪問介護】愛知県名古屋市昭和区山手通5-7-3トリグ山手３A", "url": "https://www.kaigokensaku.mhlw.go.jp/23/index.php?action_kouhyou_detail_004_kani=true&JigyosyoCd=2370702645-00&ServiceCd=110&Type=search", "url2": "https://www.careritz.co.jp/station/branch/yagoto/" }, "geometry": { "type": "Point", "coordinates": [ 136.967070855819713, 35.138164785038192 ] } },
{ "type": "Feature", "properties": { "内容": "訪問介護ケイケア【訪問介護】愛知県名古屋市昭和区南分町6丁目12番地エスポワール川名201号", "url": "https://www.kaigokensaku.mhlw.go.jp/23/index.php?action_kouhyou_detail_004_kani=true&JigyosyoCd=2370702728-00&ServiceCd=110&Type=search", "url2": "http://kcare.jp" }, "geometry": { "type": "Point", "coordinates": [ 136.945436199999989, 35.1468153 ] } },
{ "type": "Feature", "properties": { "内容": "ケアネットリゾン南山【訪問介護】愛知県名古屋市昭和区五軒家町12番3ゆうゆう未来館南山内", "url": "https://www.kaigokensaku.mhlw.go.jp/23/index.php?action_kouhyou_detail_004_kani=true&JigyosyoCd=2370700870-00&ServiceCd=110&Type=search", "url2": "http://www.yuyu-club.net/gtop/nanzan.htm" }, "geometry": { "type": "Point", "coordinates": [ 136.947195299999947, 35.1443199 ] } },
{ "type": "Feature", "properties": { "内容": "さんさらなヘルパーステーション【訪問介護】愛知県名古屋市昭和区広路通4丁目5番地", "url": "https://www.kaigokensaku.mhlw.go.jp/23/index.php?action_kouhyou_detail_004_kani=true&JigyosyoCd=2370702132-00&ServiceCd=110&Type=search", "url2": null }, "geometry": { "type": "Point", "coordinates": [ 136.942667700000015, 35.1497579 ] } },
{ "type": "Feature", "properties": { "内容": "ツクイ名古屋昭和【訪問介護】愛知県名古屋市昭和区御器所通1丁目23番地メゾン松美101", "url": "https://www.kaigokensaku.mhlw.go.jp/23/index.php?action_kouhyou_detail_004_kani=true&JigyosyoCd=2370702561-00&ServiceCd=110&Type=search", "url2": null }, "geometry": { "type": "Point", "coordinates": [ 136.929043866864788, 35.1497505998043 ] } },
{ "type": "Feature", "properties": { "内容": "ニチイケアセンター鶴舞【訪問介護】愛知県名古屋市昭和区鶴舞4丁目15-16コーポ鶴舞103", "url": "https://www.kaigokensaku.mhlw.go.jp/23/index.php?action_kouhyou_detail_004_kani=true&JigyosyoCd=2370701118-00&ServiceCd=110&Type=search", "url2": "http://" }, "geometry": { "type": "Point", "coordinates": [ 136.923135499999944, 35.1501833 ] } },
{ "type": "Feature", "properties": { "内容": "ニチイケアセンターいりなか【訪問介護】愛知県名古屋市昭和区滝川町32-1Emu406", "url": "https://www.kaigokensaku.mhlw.go.jp/23/index.php?action_kouhyou_detail_004_kani=true&JigyosyoCd=2370702496-00&ServiceCd=110&Type=search", "url2": "http://www.nichiigakkan.co.jp" }, "geometry": { "type": "Point", "coordinates": [ 136.955385100000058, 35.1442302 ] } },
{ "type": "Feature", "properties": { "内容": "コープあいち福祉サービス昭和【訪問介護】愛知県名古屋市昭和区御器所二丁目７番地２Hanamizukiビル", "url": "https://www.kaigokensaku.mhlw.go.jp/23/index.php?action_kouhyou_detail_004_kani=true&JigyosyoCd=2370700797-00&ServiceCd=110&Type=search", "url2": "http://coopaichi.tcoop.or.jp/" }, "geometry": { "type": "Point", "coordinates": [ 136.922724216194183, 35.148334804980792 ] } },
{ "type": "Feature", "properties": { "内容": "にじのさと昭和サービスセンター【訪問介護】愛知県名古屋市昭和区小桜町3-21ドエル小桜1F", "url": "https://www.kaigokensaku.mhlw.go.jp/23/index.php?action_kouhyou_detail_004_kani=true&JigyosyoCd=2370702447-00&ServiceCd=110&Type=search", "url2": "http://senior-life.jp/" }, "geometry": { "type": "Point", "coordinates": [ 136.936973200000011, 35.150795 ] } },
{ "type": "Feature", "properties": { "内容": "あかり訪問介護ステーション【訪問介護】愛知県名古屋市昭和区広路町字梅園71番地", "url": "https://www.kaigokensaku.mhlw.go.jp/23/index.php?action_kouhyou_detail_004_kani=true&JigyosyoCd=2370700417-00&ServiceCd=110&Type=search", "url2": null }, "geometry": { "type": "Point", "coordinates": [ 136.9575629, 35.1393759 ] } },
{ "type": "Feature", "properties": { "内容": "ヘルパーハウスのぞみ【訪問介護】愛知県名古屋市昭和区神村町一丁目60番地", "url": "https://www.kaigokensaku.mhlw.go.jp/23/index.php?action_kouhyou_detail_004_kani=true&JigyosyoCd=2370701571-00&ServiceCd=110&Type=search", "url2": "www.nozominoie.com" }, "geometry": { "type": "Point", "coordinates": [ 136.955619100000035, 35.1571464 ] } },
{ "type": "Feature", "properties": { "内容": "あい愛ライフ伊藤訪問介護サービス【訪問介護】名古屋市昭和区阿由知通３丁目２３番地", "url": "https://www.kaigokensaku.mhlw.go.jp/23/index.php?action_kouhyou_detail_004_kani=true&JigyosyoCd=2370700193-00&ServiceCd=110&Type=search", "url2": "http://www.ito-care.com/" }, "geometry": { "type": "Point", "coordinates": [ 136.934146300000066, 35.1497464 ] } },
{ "type": "Feature", "properties": { "内容": "有限会社介護福祉センター友【訪問介護】愛知県名古屋市昭和区小桜町２丁目３１番地ＭＯＯＮＴＯＷＮ１Ｂ", "url": "https://www.kaigokensaku.mhlw.go.jp/23/index.php?action_kouhyou_detail_004_kani=true&JigyosyoCd=2370700649-00&ServiceCd=110&Type=search", "url2": "http://www.kaigo-tomo.jp/" }, "geometry": { "type": "Point", "coordinates": [ 136.933340193254026, 35.151479500000498 ] } },
{ "type": "Feature", "properties": { "内容": "ヒューマンライフケアごきそ【訪問介護】愛知県名古屋市昭和区滝子通3-28-1ノーブル滝子1階ノーブル滝子1F", "url": "https://www.kaigokensaku.mhlw.go.jp/23/index.php?action_kouhyou_detail_004_kani=true&JigyosyoCd=2370701373-00&ServiceCd=110&Type=search", "url2": "http://hlc.athuman.com/" }, "geometry": { "type": "Point", "coordinates": [ 136.924936300000013, 35.1402191 ] } },
{ "type": "Feature", "properties": { "内容": "訪問介護事業所えんがわ【訪問介護】愛知県名古屋市昭和区村雲町２３－２６", "url": "https://www.kaigokensaku.mhlw.go.jp/23/index.php?action_kouhyou_detail_004_kani=true&JigyosyoCd=2370701803-00&ServiceCd=110&Type=search", "url2": null }, "geometry": { "type": "Point", "coordinates": [ 136.920236803704825, 35.144324371852314 ] } },
{ "type": "Feature", "properties": { "内容": "訪問介護ぶんぶく　さくらやま【訪問介護】愛知県名古屋市昭和区若柳町1-9プチメゾン若柳1階", "url": "https://www.kaigokensaku.mhlw.go.jp/23/index.php?action_kouhyou_detail_004_kani=true&JigyosyoCd=2370702769-00&ServiceCd=110&Type=search", "url2": "https://bunbuk.jp" }, "geometry": { "type": "Point", "coordinates": [ 136.928053330688471, 35.146155467948688 ] } },
{ "type": "Feature", "properties": { "内容": "はなみずき訪問介護事業所【訪問介護】山中町一丁目48番地ビラ三秀山中104", "url": "https://www.kaigokensaku.mhlw.go.jp/23/index.php?action_kouhyou_detail_004_kani=true&JigyosyoCd=2370701829-00&ServiceCd=110&Type=search", "url2": "http://www.hanamizuki5.com/" }, "geometry": { "type": "Point", "coordinates": [ 136.952886400000011, 35.1489684 ] } },
{ "type": "Feature", "properties": { "内容": "名古屋市シルバー人材センター訪問介護事業所【訪問介護】愛知県名古屋市昭和区御器所通3丁目12番地の1", "url": "https://www.kaigokensaku.mhlw.go.jp/23/index.php?action_kouhyou_detail_004_kani=true&JigyosyoCd=2370700276-00&ServiceCd=110&Type=search", "url2": "https://webc.sjc.ne.jp/nagoyasj/index" }, "geometry": { "type": "Point", "coordinates": [ 136.936021100000062, 35.1493549 ] } },
{ "type": "Feature", "properties": { "内容": "スマイルライフステーション【訪問介護】名古屋市昭和区石仏町1丁目1番地", "url": "https://www.kaigokensaku.mhlw.go.jp/23/index.php?action_kouhyou_detail_004_kani=true&JigyosyoCd=2370701670-00&ServiceCd=110&Type=search", "url2": "http://www.smile-l-s.com/" }, "geometry": { "type": "Point", "coordinates": [ 136.935680813322477, 35.148041989822374 ] } },
{ "type": "Feature", "properties": { "内容": "訪問介護事業所　さつき【訪問介護】駒方町２丁目３６番地の４", "url": "https://www.kaigokensaku.mhlw.go.jp/23/index.php?action_kouhyou_detail_004_kani=true&JigyosyoCd=2370701183-00&ServiceCd=110&Type=search", "url2": null }, "geometry": { "type": "Point", "coordinates": [ 136.948314441850243, 35.147494264440873 ] } },
{ "type": "Feature", "properties": { "内容": "ヘルパーステーションほまれ【訪問介護】愛知県名古屋市昭和区明月町3丁目22番地の２1号室", "url": "https://www.kaigokensaku.mhlw.go.jp/23/index.php?action_kouhyou_detail_004_kani=true&JigyosyoCd=2370702249-00&ServiceCd=110&Type=search", "url2": "http://www.agat.co.jp/agat/homare/" }, "geometry": { "type": "Point", "coordinates": [ 136.934576900000053, 35.1463608 ] } },
{ "type": "Feature", "properties": { "内容": "緊急支援介護フォレストケアセンター【訪問介護】名古屋市昭和区川名本町３丁目５－２　第一フォレストビル", "url": "https://www.kaigokensaku.mhlw.go.jp/23/index.php?action_kouhyou_detail_004_kani=true&JigyosyoCd=2370701464-00&ServiceCd=110&Type=search", "url2": "https://www.forest-japan.jp" }, "geometry": { "type": "Point", "coordinates": [ 136.943232546032732, 35.151048954305608 ] } },
{ "type": "Feature", "properties": { "内容": "訪問介護　こころ【訪問介護】愛知県名古屋市昭和区阿由知通5丁目14番地FB恵方マンション102号室", "url": "https://www.kaigokensaku.mhlw.go.jp/23/index.php?action_kouhyou_detail_004_kani=true&JigyosyoCd=2370702637-00&ServiceCd=110&Type=search", "url2": null }, "geometry": { "type": "Point", "coordinates": [ 136.9330084, 35.1453684 ] } },
{ "type": "Feature", "properties": { "内容": "訪問介護　お多福うさぎ【訪問介護】愛知県名古屋市昭和区川名町5丁目23番地カーサｕ１階", "url": "https://www.kaigokensaku.mhlw.go.jp/23/index.php?action_kouhyou_detail_004_kani=true&JigyosyoCd=2370702207-00&ServiceCd=110&Type=search", "url2": null }, "geometry": { "type": "Point", "coordinates": [ 136.945695200000046, 35.1525854 ] } },
{ "type": "Feature", "properties": { "内容": "障害者ヘルパーステーション・マイライフ【訪問介護】愛知県名古屋市昭和区明月町2-33-2相馬ハウス２階", "url": "https://www.kaigokensaku.mhlw.go.jp/23/index.php?action_kouhyou_detail_004_kani=true&JigyosyoCd=2370702322-00&ServiceCd=110&Type=search", "url2": "http://www.aju-cil.com/" }, "geometry": { "type": "Point", "coordinates": [ 136.930080099999941, 35.1470355 ] } },
{ "type": "Feature", "properties": { "内容": "在宅福祉総合サポートセンターひだまり【訪問介護】愛知県名古屋市昭和区円上町1-25高辻トランクビル201号", "url": "https://www.kaigokensaku.mhlw.go.jp/23/index.php?action_kouhyou_detail_004_kani=true&JigyosyoCd=2370702108-00&ServiceCd=110&Type=search", "url2": "http://neko-hidamari.com/company/rinen.html" }, "geometry": { "type": "Point", "coordinates": [ 136.918360118782886, 35.143900614234731 ] } },
{ "type": "Feature", "properties": { "内容": "いりなか訪問介護ステーション【訪問介護】愛知県名古屋市昭和区滝川町32－1ＥＭＵ201", "url": "https://www.kaigokensaku.mhlw.go.jp/23/index.php?action_kouhyou_detail_004_kani=true&JigyosyoCd=2370701910-00&ServiceCd=110&Type=search", "url2": "http://www.med-informatics.com/irinaka-kaigo/" }, "geometry": { "type": "Point", "coordinates": [ 136.955504909509244, 35.144064283391806 ] } },
{ "type": "Feature", "properties": { "内容": "ヘルパーステーションかわな【訪問介護】愛知県名古屋市昭和区山花町62番地の1", "url": "https://www.kaigokensaku.mhlw.go.jp/23/index.php?action_kouhyou_detail_004_kani=true&JigyosyoCd=2370700359-00&ServiceCd=110&Type=search", "url2": "https://kawanahp.jp/center/office/helper_station.php" }, "geometry": { "type": "Point", "coordinates": [ 136.951461976718548, 35.151237153994657 ] } },
{ "type": "Feature", "properties": { "内容": "訪問介護事業所ルドスィエ【訪問介護】桜山町2-48-1ジュネコキアージュ桜山304号室", "url": "https://www.kaigokensaku.mhlw.go.jp/23/index.php?action_kouhyou_detail_004_kani=true&JigyosyoCd=2370702264-00&ServiceCd=110&Type=search", "url2": null }, "geometry": { "type": "Point", "coordinates": [ 136.933700740403253, 35.143792851812449 ] } },
{ "type": "Feature", "properties": { "内容": "ハートステーション【訪問介護】名古屋市昭和区元宮町六丁目３４番地の１", "url": "https://www.kaigokensaku.mhlw.go.jp/23/index.php?action_kouhyou_detail_004_kani=true&JigyosyoCd=2370700656-00&ServiceCd=110&Type=search", "url2": "http://heart-sta.com" }, "geometry": { "type": "Point", "coordinates": [ 136.948369800000023, 35.1571239 ] } },
{ "type": "Feature", "properties": { "内容": "昭和区介護保険事業所【訪問介護】愛知県名古屋市昭和区御器所三丁目18-1", "url": "https://www.kaigokensaku.mhlw.go.jp/23/index.php?action_kouhyou_detail_004_kani=true&JigyosyoCd=2370700011-00&ServiceCd=110&Type=search", "url2": "http://www.care-net.biz/23/zaitakunet/" }, "geometry": { "type": "Point", "coordinates": [ 136.923233399999958, 35.1479407 ] } },
{ "type": "Feature", "properties": { "内容": "かなさ訪問介護センター【訪問介護】愛知県名古屋市昭和区滝子通3丁目29-43", "url": "https://www.kaigokensaku.mhlw.go.jp/23/index.php?action_kouhyou_detail_004_kani=true&JigyosyoCd=2370702694-00&ServiceCd=110&Type=search", "url2": "https://www.himawari-n.co.jp/" }, "geometry": { "type": "Point", "coordinates": [ 136.9247278, 35.1397939 ] } },
{ "type": "Feature", "properties": { "内容": "アリア八雲・山手通【訪問介護】愛知県名古屋市昭和区八雲町54番地の2", "url": "https://www.kaigokensaku.mhlw.go.jp/23/index.php?action_kouhyou_detail_004_kani=true&JigyosyoCd=2370702785-00&ServiceCd=110&Type=search", "url2": "https://www.benesse-style-care.co.jp/" }, "geometry": { "type": "Point", "coordinates": [ 136.9633002, 35.1525466 ] } },
{ "type": "Feature", "properties": { "内容": "イリーゼ鶴舞訪問介護センター【訪問介護】鶴舞二丁目1番3号の2", "url": "https://www.kaigokensaku.mhlw.go.jp/23/index.php?action_kouhyou_detail_004_kani=true&JigyosyoCd=2370702959-00&ServiceCd=110&Type=search", "url2": null }, "geometry": { "type": "Point", "coordinates": [ 136.9162766, 35.1543284 ] } },
{ "type": "Feature", "properties": { "内容": "ほなみヘルパーステーション名古屋【訪問介護】名古屋市昭和区白金2丁目10番17号", "url": "https://www.kaigokensaku.mhlw.go.jp/23/index.php?action_kouhyou_detail_004_kani=true&JigyosyoCd=2370702819-00&ServiceCd=110&Type=search", "url2": "http://okada-1999.co.jp" }, "geometry": { "type": "Point", "coordinates": [ 136.9148334, 35.1443881 ] } },
{ "type": "Feature", "properties": { "内容": "メリー訪問介護事業所【訪問介護】愛知県名古屋市瑞穂区大喜町1丁目5番5", "url": "https://www.kaigokensaku.mhlw.go.jp/23/index.php?action_kouhyou_detail_004_kani=true&JigyosyoCd=2370802411-00&ServiceCd=110&Type=search", "url2": null }, "geometry": { "type": "Point", "coordinates": [ 136.923991, 35.1253736 ] } },
{ "type": "Feature", "properties": { "内容": "ホームケア土屋　名古屋【訪問介護】愛知県　名古屋市　瑞穂区　瑞穂通　八丁目　八番地共栄ビル２階", "url": "https://www.kaigokensaku.mhlw.go.jp/23/index.php?action_kouhyou_detail_004_kani=true&JigyosyoCd=2370802486-00&ServiceCd=110&Type=search", "url2": "https://tcy.co.jp/" }, "geometry": { "type": "Point", "coordinates": [ 136.9361877, 35.1185302 ] } },
{ "type": "Feature", "properties": { "内容": "訪問介護イデア【訪問介護】愛知県名古屋市瑞穂区下坂町4丁目49番地下坂ハイツ1階", "url": "https://www.kaigokensaku.mhlw.go.jp/23/index.php?action_kouhyou_detail_004_kani=true&JigyosyoCd=2370802585-00&ServiceCd=110&Type=search", "url2": null }, "geometry": { "type": "Point", "coordinates": [ 136.9261228, 35.1222901 ] } },
{ "type": "Feature", "properties": { "内容": "CareLifeクレア【訪問介護】井の元町1番地コーポラス井の元303号", "url": "https://www.kaigokensaku.mhlw.go.jp/23/index.php?action_kouhyou_detail_004_kani=true&JigyosyoCd=2370802650-00&ServiceCd=110&Type=search", "url2": null }, "geometry": { "type": "Point", "coordinates": [ 136.954543300000012, 35.1149732 ] } },
{ "type": "Feature", "properties": { "内容": "リンクケア訪問介護【訪問介護】愛知県名古屋市瑞穂区瑞穂通2丁目2-2サニーストン瑞穂202号", "url": "https://www.kaigokensaku.mhlw.go.jp/23/index.php?action_kouhyou_detail_004_kani=true&JigyosyoCd=2370802395-00&ServiceCd=110&Type=search", "url2": "welfeck.com" }, "geometry": { "type": "Point", "coordinates": [ 136.933726, 35.1349495 ] } },
{ "type": "Feature", "properties": { "内容": "ケアステーションきらら桜山訪問介護事業所【訪問介護】愛知県名古屋市瑞穂区中山町6-1-2", "url": "https://www.kaigokensaku.mhlw.go.jp/23/index.php?action_kouhyou_detail_004_kani=true&JigyosyoCd=2370802437-00&ServiceCd=110&Type=search", "url2": null }, "geometry": { "type": "Point", "coordinates": [ 136.9278033, 35.1360171 ] } },
{ "type": "Feature", "properties": { "内容": "介護事業所　Ｇｒａｎ　Ｈｅａｒｔ【訪問介護】愛知県名古屋市瑞穂区前田町２－２７ジュネスＫ１　２Ｂ", "url": "https://www.kaigokensaku.mhlw.go.jp/23/index.php?action_kouhyou_detail_004_kani=true&JigyosyoCd=2370802478-00&ServiceCd=110&Type=search", "url2": null }, "geometry": { "type": "Point", "coordinates": [ 136.9310977, 35.1279241 ] } },
{ "type": "Feature", "properties": { "内容": "訪問介護事業所　芳泉【訪問介護】名古屋市瑞穂区神前町1丁目80番地の1", "url": "https://www.kaigokensaku.mhlw.go.jp/23/index.php?action_kouhyou_detail_004_kani=true&JigyosyoCd=2370801389-00&ServiceCd=110&Type=search", "url2": "http://housen2011.com/" }, "geometry": { "type": "Point", "coordinates": [ 136.93108890000002, 35.1208357 ] } },
{ "type": "Feature", "properties": { "内容": "さわやからいふ　みずほ訪問介護事業所【訪問介護】愛知県名古屋市瑞穂区豊岡通１丁目２５番地シャンボール近藤１F", "url": "https://www.kaigokensaku.mhlw.go.jp/23/index.php?action_kouhyou_detail_004_kani=true&JigyosyoCd=2370800993-00&ServiceCd=110&Type=search", "url2": "https://sawayakalife.jp" }, "geometry": { "type": "Point", "coordinates": [ 136.9305723, 35.1264325 ] } },
{ "type": "Feature", "properties": { "内容": "アネスト名古屋訪問介護サービス【訪問介護】愛知県名古屋市瑞穂区弥冨通1丁目6番地宝新瑞橋ハイツ505号", "url": "https://www.kaigokensaku.mhlw.go.jp/23/index.php?action_kouhyou_detail_004_kani=true&JigyosyoCd=2370802346-00&ServiceCd=110&Type=search", "url2": null }, "geometry": { "type": "Point", "coordinates": [ 136.9211762, 35.128590700000011 ] } },
{ "type": "Feature", "properties": { "内容": "ケア２１瑞穂【訪問介護】名古屋市瑞穂区妙音通3-49第2宏和ビル２Ｆ", "url": "https://www.kaigokensaku.mhlw.go.jp/23/index.php?action_kouhyou_detail_004_kani=true&JigyosyoCd=2370801470-00&ServiceCd=110&Type=search", "url2": "http://care21.co.jp" }, "geometry": { "type": "Point", "coordinates": [ 136.928866453195155, 35.116881908836923 ] } },
{ "type": "Feature", "properties": { "内容": "ヘルパーステーション虹の橋２４　瑞穂【訪問介護】愛知県名古屋市瑞穂区田辺通5丁目1-2", "url": "https://www.kaigokensaku.mhlw.go.jp/23/index.php?action_kouhyou_detail_004_kani=true&JigyosyoCd=2370800506-00&ServiceCd=110&Type=search", "url2": "http://www.caredo-nijinohashi.com" }, "geometry": { "type": "Point", "coordinates": [ 136.9467181, 35.1239528 ] } },
{ "type": "Feature", "properties": { "内容": "ケアリッツ新瑞橋【訪問介護】愛知県名古屋市瑞穂区姫宮町2-1-5", "url": "https://www.kaigokensaku.mhlw.go.jp/23/index.php?action_kouhyou_detail_004_kani=true&JigyosyoCd=2370802338-00&ServiceCd=110&Type=search", "url2": "https://www.careritz.co.jp/station/branch/aratamabashi/" }, "geometry": { "type": "Point", "coordinates": [ 136.933558364418019, 35.119587794229162 ] } },
{ "type": "Feature", "properties": { "内容": "アイリスケアセンター【訪問介護】愛知県名古屋市瑞穂区弥富通２丁目２７番地中初ビル１D", "url": "https://www.kaigokensaku.mhlw.go.jp/23/index.php?action_kouhyou_detail_004_kani=true&JigyosyoCd=2370802270-00&ServiceCd=110&Type=search", "url2": "https://www.sharl.biz/" }, "geometry": { "type": "Point", "coordinates": [ 136.9456395, 35.1175455 ] } },
{ "type": "Feature", "properties": { "内容": "りぼんケアサービス【訪問介護】愛知県名古屋市瑞穂区瑞穂通5丁目27番地の２サンメゾン瑞穂通３０２", "url": "https://www.kaigokensaku.mhlw.go.jp/23/index.php?action_kouhyou_detail_004_kani=true&JigyosyoCd=2370801637-00&ServiceCd=110&Type=search", "url2": null }, "geometry": { "type": "Point", "coordinates": [ 136.935599599999932, 35.1262577 ] } },
{ "type": "Feature", "properties": { "内容": "ライフアップ訪問介護センター【訪問介護】愛知県名古屋市瑞穂区陽明町2-31サンライズ塚本205", "url": "https://www.kaigokensaku.mhlw.go.jp/23/index.php?action_kouhyou_detail_004_kani=true&JigyosyoCd=2370802353-00&ServiceCd=110&Type=search", "url2": "https://medical-lifeup.jp/" }, "geometry": { "type": "Point", "coordinates": [ 136.945885800000013, 35.1316965 ] } },
{ "type": "Feature", "properties": { "内容": "ヘルパーステーションみずほ【訪問介護】愛知県名古屋市瑞穂区洲山町1丁目８番地の５神永ビル1Ⅽ", "url": "https://www.kaigokensaku.mhlw.go.jp/23/index.php?action_kouhyou_detail_004_kani=true&JigyosyoCd=2370802031-00&ServiceCd=110&Type=search", "url2": "https://carechienowa.com/" }, "geometry": { "type": "Point", "coordinates": [ 136.937855200000058, 35.1197223 ] } },
{ "type": "Feature", "properties": { "内容": "LinkofLife【訪問介護】名古屋市瑞穂区惣作町３丁目６９番地の５第10和興ビル３０３号", "url": "https://www.kaigokensaku.mhlw.go.jp/23/index.php?action_kouhyou_detail_004_kani=true&JigyosyoCd=2370801249-00&ServiceCd=110&Type=search", "url2": null }, "geometry": { "type": "Point", "coordinates": [ 136.930488432332595, 35.121017651933386 ] } },
{ "type": "Feature", "properties": { "内容": "おたすけ家族【訪問介護】愛知県名古屋市瑞穂区瑞穂通り４－４０マーマメゾン丸賀８階", "url": "https://www.kaigokensaku.mhlw.go.jp/23/index.php?action_kouhyou_detail_004_kani=true&JigyosyoCd=2370800688-00&ServiceCd=110&Type=search", "url2": "http://otasukekazoku.co.jp" }, "geometry": { "type": "Point", "coordinates": [ 136.935130100000038, 35.1289796 ] } },
{ "type": "Feature", "properties": { "内容": "夢愛ケア【訪問介護】名古屋市瑞穂区堀田通8-9-1", "url": "https://www.kaigokensaku.mhlw.go.jp/23/index.php?action_kouhyou_detail_004_kani=true&JigyosyoCd=2370800530-00&ServiceCd=110&Type=search", "url2": "http://www.atatakai-kokoro.or.jp/" }, "geometry": { "type": "Point", "coordinates": [ 136.921075796295099, 35.122759889511222 ] } },
{ "type": "Feature", "properties": { "内容": "ヘルパーステーションすけっとファミリー【訪問介護】愛知県名古屋市瑞穂区弥富通三丁目45番地", "url": "https://www.kaigokensaku.mhlw.go.jp/23/index.php?action_kouhyou_detail_004_kani=true&JigyosyoCd=2370800357-00&ServiceCd=110&Type=search", "url2": "http://suketto-family.jp/service/index.html" }, "geometry": { "type": "Point", "coordinates": [ 136.948665399999982, 35.1177119 ] } },
{ "type": "Feature", "properties": { "内容": "ヘルパーステーション　HARU【訪問介護】名古屋市瑞穂区瑞穂通７－１０－２サンライズ瑞穂3A", "url": "https://www.kaigokensaku.mhlw.go.jp/23/index.php?action_kouhyou_detail_004_kani=true&JigyosyoCd=2370800878-00&ServiceCd=110&Type=search", "url2": "http://www.haru-nagoya.com/" }, "geometry": { "type": "Point", "coordinates": [ 136.935891399999946, 35.1204694 ] } },
{ "type": "Feature", "properties": { "内容": "ヘルパーステーション　ゆうゆう【訪問介護】名古屋市瑞穂区太田町３丁目２６番地－２", "url": "https://www.kaigokensaku.mhlw.go.jp/23/index.php?action_kouhyou_detail_004_kani=true&JigyosyoCd=2370801074-00&ServiceCd=110&Type=search", "url2": null }, "geometry": { "type": "Point", "coordinates": [ 136.922449150926241, 35.138113668453919 ] } },
{ "type": "Feature", "properties": { "内容": "マザー介護サービス【訪問介護】愛知県名古屋市瑞穂区田辺通四丁目２７番地の５", "url": "https://www.kaigokensaku.mhlw.go.jp/23/index.php?action_kouhyou_detail_004_kani=true&JigyosyoCd=2370800134-00&ServiceCd=110&Type=search", "url2": null }, "geometry": { "type": "Point", "coordinates": [ 136.946345899999983, 35.1265386 ] } },
{ "type": "Feature", "properties": { "内容": "ヘルパーステーションみずほの花【訪問介護】雁道町一丁目１６アメニティー雁道４０１", "url": "https://www.kaigokensaku.mhlw.go.jp/23/index.php?action_kouhyou_detail_004_kani=true&JigyosyoCd=2370802460-00&ServiceCd=110&Type=search", "url2": null }, "geometry": { "type": "Point", "coordinates": [ 136.9205882, 35.1338849 ] } },
{ "type": "Feature", "properties": { "内容": "ボンセジュール瑞穂運動場東ケアステーション【訪問介護】愛知県名古屋市瑞穂区下山町２－６３", "url": "https://www.kaigokensaku.mhlw.go.jp/23/index.php?action_kouhyou_detail_004_kani=true&JigyosyoCd=2370801645-00&ServiceCd=110&Type=search", "url2": "http://www.benesse-style-care.co.jp/" }, "geometry": { "type": "Point", "coordinates": [ 139.721092099999964, 36.1916307 ] } },
{ "type": "Feature", "properties": { "内容": "サンライトガーデン瑞穂　ケア【訪問介護】愛知県名古屋市瑞穂区弥富通5丁目29番地", "url": "https://www.kaigokensaku.mhlw.go.jp/23/index.php?action_kouhyou_detail_004_kani=true&JigyosyoCd=2370802239-00&ServiceCd=110&Type=search", "url2": null }, "geometry": { "type": "Point", "coordinates": [ 136.959669997622626, 35.12042632956318 ] } },
{ "type": "Feature", "properties": { "内容": "訪問介護　縁こねくと【訪問介護】愛知県名古屋市瑞穂区妙音通3丁目48番地シャンボール朝日3階Ｂ号室", "url": "https://www.kaigokensaku.mhlw.go.jp/23/index.php?action_kouhyou_detail_004_kani=true&JigyosyoCd=2370801942-00&ServiceCd=110&Type=search", "url2": null }, "geometry": { "type": "Point", "coordinates": [ 136.929036600000018, 35.1169111 ] } },
{ "type": "Feature", "properties": { "内容": "有限会社レッイビー【訪問介護】愛知県名古屋市瑞穂区高田町4-15", "url": "https://www.kaigokensaku.mhlw.go.jp/23/index.php?action_kouhyou_detail_004_kani=true&JigyosyoCd=2370800464-00&ServiceCd=110&Type=search", "url2": "http://www.letitbe.jp/" }, "geometry": { "type": "Point", "coordinates": [ 136.93340790000002, 35.1342179 ] } },
{ "type": "Feature", "properties": { "内容": "学研ココファン瑞穂ヘルパーセンター【訪問介護】愛知県名古屋市瑞穂区雁道町6-7学研ココファン瑞穂", "url": "https://www.kaigokensaku.mhlw.go.jp/23/index.php?action_kouhyou_detail_004_kani=true&JigyosyoCd=2370802155-00&ServiceCd=110&Type=search", "url2": "https://www.cocofump.co.jp/facilities/detail/mizuho/" }, "geometry": { "type": "Point", "coordinates": [ 136.927343599999972, 35.1343141 ] } },
{ "type": "Feature", "properties": { "内容": "ヘルパーステーション　クローバー【訪問介護】愛知県名古屋市瑞穂区直来町4丁目30番地の10　2F", "url": "https://www.kaigokensaku.mhlw.go.jp/23/index.php?action_kouhyou_detail_004_kani=true&JigyosyoCd=2370802668-00&ServiceCd=110&Type=search", "url2": null }, "geometry": { "type": "Point", "coordinates": [ 136.9250709, 35.1295848 ] } },
{ "type": "Feature", "properties": { "内容": "瑞穂区介護保険事業所【訪問介護】愛知県名古屋市瑞穂区佐渡町３－１８", "url": "https://www.kaigokensaku.mhlw.go.jp/23/index.php?action_kouhyou_detail_004_kani=true&JigyosyoCd=2370800019-00&ServiceCd=110&Type=search", "url2": "http://care-net.biz/23/zaitakunet" }, "geometry": { "type": "Point", "coordinates": [ 136.936766, 35.1311322 ] } },
{ "type": "Feature", "properties": { "内容": "ニチイケアセンター瑞穂【訪問介護】名古屋市瑞穂区白龍町1-70", "url": "https://www.kaigokensaku.mhlw.go.jp/23/index.php?action_kouhyou_detail_004_kani=true&JigyosyoCd=2370800266-00&ServiceCd=110&Type=search", "url2": "http://www.nichiigakkan.co.jp" }, "geometry": { "type": "Point", "coordinates": [ 136.928034109925875, 35.12244851613692 ] } },
{ "type": "Feature", "properties": { "内容": "カミングヘルパーステーション【訪問介護】愛知県名古屋市瑞穂区井の元町162番地", "url": "https://www.kaigokensaku.mhlw.go.jp/23/index.php?action_kouhyou_detail_004_kani=true&JigyosyoCd=2370802544-00&ServiceCd=110&Type=search", "url2": "https://cominghome.jp/group/coming-helperstation/" }, "geometry": { "type": "Point", "coordinates": [ 136.957940242327851, 35.114525411885175 ] } },
{ "type": "Feature", "properties": { "内容": "サンライトガーデン堀田　ケア【訪問介護】愛知県名古屋市瑞穂区神穂町2丁目2番地", "url": "https://www.kaigokensaku.mhlw.go.jp/23/index.php?action_kouhyou_detail_004_kani=true&JigyosyoCd=2370802320-00&ServiceCd=110&Type=search", "url2": null }, "geometry": { "type": "Point", "coordinates": [ 136.9239633, 35.1141657 ] } },
{ "type": "Feature", "properties": { "内容": "訪問介護ステーションKポリス【訪問介護】愛知県名古屋市瑞穂区浮島町12番304号瑞穂センチュリーマンション304号", "url": "https://www.kaigokensaku.mhlw.go.jp/23/index.php?action_kouhyou_detail_004_kani=true&JigyosyoCd=2370802247-00&ServiceCd=110&Type=search", "url2": null }, "geometry": { "type": "Point", "coordinates": [ 136.912691699999982, 35.1157006 ] } },
{ "type": "Feature", "properties": { "内容": "いちごヘルパーステーション【訪問介護】名古屋市瑞穂区塩入町10番5号", "url": "https://www.kaigokensaku.mhlw.go.jp/23/index.php?action_kouhyou_detail_004_kani=true&JigyosyoCd=2370802221-00&ServiceCd=110&Type=search", "url2": null }, "geometry": { "type": "Point", "coordinates": [ 136.9205551, 35.1183315 ] } },
{ "type": "Feature", "properties": { "内容": "訪問介護のぞみ瑞穂汐路【訪問介護】愛知県名古屋市瑞穂区佐渡町4/13-7", "url": "https://www.kaigokensaku.mhlw.go.jp/23/index.php?action_kouhyou_detail_004_kani=true&JigyosyoCd=2370802304-00&ServiceCd=110&Type=search", "url2": "http://www.lamore.jp" }, "geometry": { "type": "Point", "coordinates": [ 136.937972699999989, 35.1307778 ] } },
{ "type": "Feature", "properties": { "内容": "ニチイライフケア八事緑ケ岡ヘルパーステーション【訪問介護】愛知県名古屋市瑞穂区弥富町字緑ケ岡20番4", "url": "https://www.kaigokensaku.mhlw.go.jp/23/index.php?action_kouhyou_detail_004_kani=true&JigyosyoCd=2370802684-00&ServiceCd=110&Type=search", "url2": "https://www.nichii-carepalace.co.jp/" }, "geometry": { "type": "Point", "coordinates": [ 136.955353440475449, 35.135347245934206 ] } },
{ "type": "Feature", "properties": { "内容": "訪問介護のぞみ名古屋【訪問介護】萩山町3-33アビタシオンナルセ201", "url": "https://www.kaigokensaku.mhlw.go.jp/23/index.php?action_kouhyou_detail_004_kani=true&JigyosyoCd=2370802692-00&ServiceCd=110&Type=search", "url2": null }, "geometry": { "type": "Point", "coordinates": [ 137.3671781, 34.8230916 ] } },
{ "type": "Feature", "properties": { "内容": "ケアステーションあるる【訪問介護】愛知県名古屋市熱田区尾頭町２番２号Ｒａｉｚ西高蔵１Ｆ", "url": "https://www.kaigokensaku.mhlw.go.jp/23/index.php?action_kouhyou_detail_004_kani=true&JigyosyoCd=2370901486-00&ServiceCd=110&Type=search", "url2": null }, "geometry": { "type": "Point", "coordinates": [ 136.898964068389688, 35.136935596396079 ] } },
{ "type": "Feature", "properties": { "内容": "ヘルパーステーションきらきら蛙【訪問介護】名古屋市熱田区二番二丁目12番10号", "url": "https://www.kaigokensaku.mhlw.go.jp/23/index.php?action_kouhyou_detail_004_kani=true&JigyosyoCd=2370901015-00&ServiceCd=110&Type=search", "url2": null }, "geometry": { "type": "Point", "coordinates": [ 136.892834599999986, 35.1217788 ] } },
{ "type": "Feature", "properties": { "内容": "訪問ケア　TUMUGI【訪問介護】愛知県名古屋市熱田区比々野町72番地コーポ魚半マンション702号室", "url": "https://www.kaigokensaku.mhlw.go.jp/23/index.php?action_kouhyou_detail_004_kani=true&JigyosyoCd=2370901957-00&ServiceCd=110&Type=search", "url2": null }, "geometry": { "type": "Point", "coordinates": [ 136.8914317, 35.1327583 ] } },
{ "type": "Feature", "properties": { "内容": "名身連ヘルパーセンター【訪問介護】愛知県名古屋市横田二丁目４番１６号名身連本部会館", "url": "https://www.kaigokensaku.mhlw.go.jp/23/index.php?action_kouhyou_detail_004_kani=true&JigyosyoCd=2370902070-00&ServiceCd=110&Type=search", "url2": null }, "geometry": { "type": "Point", "coordinates": [ 136.909665, 35.1305847 ] } },
{ "type": "Feature", "properties": { "内容": "サンウェルズ熱田ヘルパーステーション【訪問介護】愛知県名古屋市熱田区旗屋二丁目26番21号", "url": "https://www.kaigokensaku.mhlw.go.jp/23/index.php?action_kouhyou_detail_004_kani=true&JigyosyoCd=2370902112-00&ServiceCd=110&Type=search", "url2": null }, "geometry": { "type": "Point", "coordinates": [ 136.9045817, 35.1279419 ] } },
{ "type": "Feature", "properties": { "内容": "ファミーユヘルパーサービス愛知【訪問介護】愛知県名古屋市熱田区新尾頭三丁目1番18号WIZ金山602号室", "url": "https://www.kaigokensaku.mhlw.go.jp/23/index.php?action_kouhyou_detail_004_kani=true&JigyosyoCd=2370902153-00&ServiceCd=110&Type=search", "url2": "https://www.shi-on.net/" }, "geometry": { "type": "Point", "coordinates": [ 136.8996709, 35.1393682 ] } },
{ "type": "Feature", "properties": { "内容": "ヘルパーステーション　わっふる【訪問介護】三本松町16番6号", "url": "https://www.kaigokensaku.mhlw.go.jp/23/index.php?action_kouhyou_detail_004_kani=true&JigyosyoCd=2370901882-00&ServiceCd=110&Type=search", "url2": "http://www.icci.jp" }, "geometry": { "type": "Point", "coordinates": [ 136.9146438, 35.1261599 ] } },
{ "type": "Feature", "properties": { "内容": "訪問介護こくあ【訪問介護】愛知県名古屋市熱田区一番二丁目28番25号サイトビル一階南", "url": "https://www.kaigokensaku.mhlw.go.jp/23/index.php?action_kouhyou_detail_004_kani=true&JigyosyoCd=2370901833-00&ServiceCd=110&Type=search", "url2": "https://carebochibochi.com/" }, "geometry": { "type": "Point", "coordinates": [ 136.895107100000018, 35.1225594 ] } },
{ "type": "Feature", "properties": { "内容": "みなと医療生活協同組合ヘルパーステーションひだまり【訪問介護】名古屋市熱田区六番２丁目16-19くらしのセンター２F", "url": "https://www.kaigokensaku.mhlw.go.jp/23/index.php?action_kouhyou_detail_004_kani=true&JigyosyoCd=2370900124-00&ServiceCd=110&Type=search", "url2": "http://" }, "geometry": { "type": "Point", "coordinates": [ 136.888501799999972, 35.1187374 ] } },
{ "type": "Feature", "properties": { "内容": "ハッピー道子介護サービス【訪問介護】名古屋市熱田区波寄町15-20", "url": "https://www.kaigokensaku.mhlw.go.jp/23/index.php?action_kouhyou_detail_004_kani=true&JigyosyoCd=2370901577-00&ServiceCd=110&Type=search", "url2": "https://www.happysupportllc.com" }, "geometry": { "type": "Point", "coordinates": [ 136.904949876833939, 35.142786935043745 ] } },
{ "type": "Feature", "properties": { "内容": "聴覚障害者支援事業所ほっとくる【訪問介護】愛知県名古屋市熱田区神宮３丁目３－１１", "url": "https://www.kaigokensaku.mhlw.go.jp/23/index.php?action_kouhyou_detail_004_kani=true&JigyosyoCd=2370900892-00&ServiceCd=110&Type=search", "url2": null }, "geometry": { "type": "Point", "coordinates": [ 136.910665815938501, 35.127034592811526 ] } },
{ "type": "Feature", "properties": { "内容": "訪問介護事業所　TERASU【訪問介護】名古屋市熱田区南一番町7番12号ｆメゾン熱田Ⅱ　201号", "url": "https://www.kaigokensaku.mhlw.go.jp/23/index.php?action_kouhyou_detail_004_kani=true&JigyosyoCd=2370901932-00&ServiceCd=110&Type=search", "url2": "https://www.lga-terasu.com" }, "geometry": { "type": "Point", "coordinates": [ 136.896338599999979, 35.117135544324299 ] } },
{ "type": "Feature", "properties": { "内容": "ケアリッツ金山【訪問介護】愛知県名古屋市熱田区金山町1-11-2メイプル金山２階", "url": "https://www.kaigokensaku.mhlw.go.jp/23/index.php?action_kouhyou_detail_004_kani=true&JigyosyoCd=2370901791-00&ServiceCd=110&Type=search", "url2": "https://www.careritz.co.jp/station/branch/kanayama/" }, "geometry": { "type": "Point", "coordinates": [ 136.901664, 35.141144699999977 ] } },
{ "type": "Feature", "properties": { "内容": "ニチイケアセンターひびの【訪問介護】名古屋市熱田区比々野町４１－１第３小島ビル１０２", "url": "https://www.kaigokensaku.mhlw.go.jp/23/index.php?action_kouhyou_detail_004_kani=true&JigyosyoCd=2370900447-00&ServiceCd=110&Type=search", "url2": "http://www.nichiigakkan.co.jp" }, "geometry": { "type": "Point", "coordinates": [ 136.891223399999944, 35.1338499 ] } },
{ "type": "Feature", "properties": { "内容": "心春日和　訪問介護事業所【訪問介護】名古屋市熱田区森後町11番9号", "url": "https://www.kaigokensaku.mhlw.go.jp/23/index.php?action_kouhyou_detail_004_kani=true&JigyosyoCd=2370901072-00&ServiceCd=110&Type=search", "url2": null }, "geometry": { "type": "Point", "coordinates": [ 136.9091909, 35.1289813 ] } },
{ "type": "Feature", "properties": { "内容": "訪問介護ステーション　はな【訪問介護】愛知県名古屋市熱田区明野町16番13号オオタ明野ビル703号", "url": "https://www.kaigokensaku.mhlw.go.jp/23/index.php?action_kouhyou_detail_004_kani=true&JigyosyoCd=2370902146-00&ServiceCd=110&Type=search", "url2": "https://www.kaigo-hana.jp/" }, "geometry": { "type": "Point", "coordinates": [ 136.8928023, 35.1369472 ] } },
{ "type": "Feature", "properties": { "内容": "ＣＯＬＯＲＳ【訪問介護】愛知県名古屋市熱田区大宝4-1-30ロイヤルスズキハイツ102", "url": "https://www.kaigokensaku.mhlw.go.jp/23/index.php?action_kouhyou_detail_004_kani=true&JigyosyoCd=2370901841-00&ServiceCd=110&Type=search", "url2": "http://hp.kaipoke.biz/5ca/" }, "geometry": { "type": "Point", "coordinates": [ 136.8949055, 35.129304 ] } },
{ "type": "Feature", "properties": { "内容": "訪問介護事業所　あしたば【訪問介護】愛知県名古屋市熱田区六番二丁目７番２０号", "url": "https://www.kaigokensaku.mhlw.go.jp/23/index.php?action_kouhyou_detail_004_kani=true&JigyosyoCd=2370901601-00&ServiceCd=110&Type=search", "url2": "http://www.tenmashouji.jp" }, "geometry": { "type": "Point", "coordinates": [ 136.888157299999989, 35.1216009 ] } },
{ "type": "Feature", "properties": { "内容": "ルミエールコアカンパニー合同会社【訪問介護】愛知県名古屋市南区薬師通1丁目21番地の2", "url": "https://www.kaigokensaku.mhlw.go.jp/23/index.php?action_kouhyou_detail_004_kani=true&JigyosyoCd=2370902039-00&ServiceCd=110&Type=search", "url2": null }, "geometry": { "type": "Point", "coordinates": [ 136.925040599999988, 35.1078551 ] } },
{ "type": "Feature", "properties": { "内容": "ヘルパーステーション　アイリス【訪問介護】愛知県名古屋市熱田区千代田町17-8食品ビルA棟228号", "url": "https://www.kaigokensaku.mhlw.go.jp/23/index.php?action_kouhyou_detail_004_kani=true&JigyosyoCd=2370901528-00&ServiceCd=110&Type=search", "url2": "axiz.iris.llc@gmail.com" }, "geometry": { "type": "Point", "coordinates": [ 136.892893899600693, 35.136626035710194 ] } },
{ "type": "Feature", "properties": { "内容": "ヘルパーステーションふわり【訪問介護】名古屋市熱田区四番一丁目1-18-1エミアス熱田　102号室", "url": "https://www.kaigokensaku.mhlw.go.jp/23/index.php?action_kouhyou_detail_004_kani=true&JigyosyoCd=2370902062-00&ServiceCd=110&Type=search", "url2": null }, "geometry": { "type": "Point", "coordinates": [ 136.890794199999988, 35.126528800000024 ] } },
{ "type": "Feature", "properties": { "内容": "アウラ神宮南訪問介護事業所【訪問介護】名古屋市熱田区神戸町６０３", "url": "https://www.kaigokensaku.mhlw.go.jp/23/index.php?action_kouhyou_detail_004_kani=true&JigyosyoCd=2370900736-00&ServiceCd=110&Type=search", "url2": "http://aurajinguminami.net" }, "geometry": { "type": "Point", "coordinates": [ 136.907022099999949, 35.1196017 ] } },
{ "type": "Feature", "properties": { "内容": "サンライトガーデン熱田　ケア【訪問介護】千年二丁目37番22号", "url": "https://www.kaigokensaku.mhlw.go.jp/23/index.php?action_kouhyou_detail_004_kani=true&JigyosyoCd=2370902054-00&ServiceCd=110&Type=search", "url2": null }, "geometry": { "type": "Point", "coordinates": [ 136.8978353, 35.1133724 ] } },
{ "type": "Feature", "properties": { "内容": "ケアステーション六番町【訪問介護】愛知県名古屋市熱田区六番一丁目１３番１１号カワツビル１階", "url": "https://www.kaigokensaku.mhlw.go.jp/23/index.php?action_kouhyou_detail_004_kani=true&JigyosyoCd=2370901668-00&ServiceCd=110&Type=search", "url2": null }, "geometry": { "type": "Point", "coordinates": [ 136.886804500000011, 35.1241171 ] } },
{ "type": "Feature", "properties": { "内容": "ホワイトケアスマイル神宮ヘルパーステーション【訪問介護】愛知県名古屋市熱田区森後町１０番１号パール熱田１０３", "url": "https://www.kaigokensaku.mhlw.go.jp/23/index.php?action_kouhyou_detail_004_kani=true&JigyosyoCd=2370902195-00&ServiceCd=110&Type=search", "url2": "https://whitecaresmile.com/" }, "geometry": { "type": "Point", "coordinates": [ 136.9097535, 35.1291663 ] } },
{ "type": "Feature", "properties": { "内容": "まごころの杜訪問介護ステーション【訪問介護】愛知県名古屋市熱田区幡野町17-12アイユー幡野301", "url": "https://www.kaigokensaku.mhlw.go.jp/23/index.php?action_kouhyou_detail_004_kani=true&JigyosyoCd=2370901759-00&ServiceCd=110&Type=search", "url2": "http://www.med-informatics.com/magokoronomori-kaigo/" }, "geometry": { "type": "Point", "coordinates": [ 136.887908299999907, 35.1378453 ] } },
{ "type": "Feature", "properties": { "内容": "訪問介護事業所　にんぷう舎【訪問介護】愛知県名古屋市名古屋市中川区吉津３丁目１４０３番地ファミールコダマ　2-101", "url": "https://www.kaigokensaku.mhlw.go.jp/23/index.php?action_kouhyou_detail_004_kani=true&JigyosyoCd=2371003860-00&ServiceCd=110&Type=search", "url2": null }, "geometry": { "type": "Point", "coordinates": [ 136.821477274096651, 35.150113715205265 ] } },
{ "type": "Feature", "properties": { "内容": "あおぞら介護【訪問介護】名古屋市中川区九重町１１－１７", "url": "https://www.kaigokensaku.mhlw.go.jp/23/index.php?action_kouhyou_detail_004_kani=true&JigyosyoCd=2371003241-00&ServiceCd=110&Type=search", "url2": "http://www.aozorakaigo.net" }, "geometry": { "type": "Point", "coordinates": [ 136.872840699999983, 35.1561875 ] } },
{ "type": "Feature", "properties": { "内容": "ヘルパーステーションるっくる【訪問介護】愛知県名古屋市中川区明徳町3丁目26-3エムワン明徳103", "url": "https://www.kaigokensaku.mhlw.go.jp/23/index.php?action_kouhyou_detail_004_kani=true&JigyosyoCd=2371004231-00&ServiceCd=110&Type=search", "url2": null }, "geometry": { "type": "Point", "coordinates": [ 136.865090499999951, 35.1225001 ] } },
{ "type": "Feature", "properties": { "内容": "訪問介護事業所　Ｃｌｏｖｅｒ【訪問介護】愛知県名古屋市中川区かの里1丁目3204番地ｸﾞﾘｰﾝﾋﾞｭｰﾊｲﾂⅠ　101号室", "url": "https://www.kaigokensaku.mhlw.go.jp/23/index.php?action_kouhyou_detail_004_kani=true&JigyosyoCd=2371004215-00&ServiceCd=110&Type=search", "url2": null }, "geometry": { "type": "Point", "coordinates": [ 136.815042907270822, 35.131347473283043 ] } },
{ "type": "Feature", "properties": { "内容": "ケアステーションクローバーＩＳ【訪問介護】愛知県名古屋市中川区長須賀3丁目1407番地", "url": "https://www.kaigokensaku.mhlw.go.jp/23/index.php?action_kouhyou_detail_004_kani=true&JigyosyoCd=2371005014-00&ServiceCd=110&Type=search", "url2": null }, "geometry": { "type": "Point", "coordinates": [ 136.8245081, 35.1451428 ] } },
{ "type": "Feature", "properties": { "内容": "訪問介護センターすみれ【訪問介護】愛知県名古屋市中川区高畑五丁目６８番地", "url": "https://www.kaigokensaku.mhlw.go.jp/23/index.php?action_kouhyou_detail_004_kani=true&JigyosyoCd=2371005154-00&ServiceCd=110&Type=search", "url2": null }, "geometry": { "type": "Point", "coordinates": [ 136.850012298776591, 35.144736027732989 ] } },
{ "type": "Feature", "properties": { "内容": "訪問介護事業所Ｕact【訪問介護】愛知県名古屋市中川区高畑三丁目142番地光ハイツ301号室", "url": "https://www.kaigokensaku.mhlw.go.jp/23/index.php?action_kouhyou_detail_004_kani=true&JigyosyoCd=2371004991-00&ServiceCd=110&Type=search", "url2": null }, "geometry": { "type": "Point", "coordinates": [ 136.853333600000013, 35.137966 ] } },
{ "type": "Feature", "properties": { "内容": "訪問介護いちご【訪問介護】愛知県名古屋市中川区打中2丁目239番地ヤマト打中Ａ棟103号室", "url": "https://www.kaigokensaku.mhlw.go.jp/23/index.php?action_kouhyou_detail_004_kani=true&JigyosyoCd=2371005022-00&ServiceCd=110&Type=search", "url2": null }, "geometry": { "type": "Point", "coordinates": [ 136.8433551, 35.1338266 ] } },
{ "type": "Feature", "properties": { "内容": "ＷＡＬＫ　ｗｉｔｈ　ＹＯＵ【訪問介護】名古屋市中川区八熊2-1-5森ビル501号", "url": "https://www.kaigokensaku.mhlw.go.jp/23/index.php?action_kouhyou_detail_004_kani=true&JigyosyoCd=2371004868-00&ServiceCd=110&Type=search", "url2": null }, "geometry": { "type": "Point", "coordinates": [ 136.892755, 35.1420026 ] } },
{ "type": "Feature", "properties": { "内容": "ヘルパーステーション　ガーベラ【訪問介護】愛知県名古屋市中川区福川町3丁目1番地の24メゾンＵＭ4Ｂ", "url": "https://www.kaigokensaku.mhlw.go.jp/23/index.php?action_kouhyou_detail_004_kani=true&JigyosyoCd=2371004322-00&ServiceCd=110&Type=search", "url2": null }, "geometry": { "type": "Point", "coordinates": [ 136.877458199999978, 35.1275941 ] } },
{ "type": "Feature", "properties": { "内容": "訪問介護事業所ティム【訪問介護】愛知県名古屋市中川区馬手町1丁目59番地グランドソレイユ101号室", "url": "https://www.kaigokensaku.mhlw.go.jp/23/index.php?action_kouhyou_detail_004_kani=true&JigyosyoCd=2371005501-00&ServiceCd=110&Type=search", "url2": null }, "geometry": { "type": "Point", "coordinates": [ 136.8657001, 35.1306935 ] } },
{ "type": "Feature", "properties": { "内容": "ケアステーション咲楽【訪問介護】法華西町120番地", "url": "https://www.kaigokensaku.mhlw.go.jp/23/index.php?action_kouhyou_detail_004_kani=true&JigyosyoCd=2371005519-00&ServiceCd=110&Type=search", "url2": null }, "geometry": { "type": "Point", "coordinates": [ 136.8445058, 35.1302354 ] } },
{ "type": "Feature", "properties": { "内容": "名古屋市中川区十番町６－２【訪問介護】名古屋市中川区十番町6-2", "url": "https://www.kaigokensaku.mhlw.go.jp/23/index.php?action_kouhyou_detail_004_kani=true&JigyosyoCd=2371001997-00&ServiceCd=110&Type=search", "url2": null }, "geometry": { "type": "Point", "coordinates": [ 136.881916499999988, 35.1199287 ] } },
{ "type": "Feature", "properties": { "内容": "訪問介護あいこむ【訪問介護】愛知県名古屋市中川区荒中町57番地カーサデルソル101", "url": "https://www.kaigokensaku.mhlw.go.jp/23/index.php?action_kouhyou_detail_004_kani=true&JigyosyoCd=2371005451-00&ServiceCd=110&Type=search", "url2": "https://www.aicompass0501.com/cont2/main.html" }, "geometry": { "type": "Point", "coordinates": [ 136.85289258890765, 35.136008448056231 ] } },
{ "type": "Feature", "properties": { "内容": "エフ家事サービス【訪問介護】愛知県名古屋市中川区法華１丁目５３番地", "url": "https://www.kaigokensaku.mhlw.go.jp/23/index.php?action_kouhyou_detail_004_kani=true&JigyosyoCd=2371005493-00&ServiceCd=110&Type=search", "url2": null }, "geometry": { "type": "Point", "coordinates": [ 136.8454147, 35.1294581 ] } },
{ "type": "Feature", "properties": { "内容": "訪問介護事業所のっぽ中川【訪問介護】愛知県名古屋市中川区太平通7丁目4番地Serenity202号室", "url": "https://www.kaigokensaku.mhlw.go.jp/23/index.php?action_kouhyou_detail_004_kani=true&JigyosyoCd=2371005527-00&ServiceCd=110&Type=search", "url2": "https://www.heart-kaigo.biz/index.html" }, "geometry": { "type": "Point", "coordinates": [ 136.869338699999986, 35.1277764 ] } },
{ "type": "Feature", "properties": { "内容": "訪問介護事業所リンク中川【訪問介護】中島新町1丁目1220番地アベニュー中新ビル202号", "url": "https://www.kaigokensaku.mhlw.go.jp/23/index.php?action_kouhyou_detail_004_kani=true&JigyosyoCd=2371004033-00&ServiceCd=110&Type=search", "url2": null }, "geometry": { "type": "Point", "coordinates": [ 136.851777699999957, 35.1320372 ] } },
{ "type": "Feature", "properties": { "内容": "七福ハウス【訪問介護】愛知県名古屋市中川区新家３丁目３０１", "url": "https://www.kaigokensaku.mhlw.go.jp/23/index.php?action_kouhyou_detail_004_kani=true&JigyosyoCd=2371002235-00&ServiceCd=110&Type=search", "url2": null }, "geometry": { "type": "Point", "coordinates": [ 136.805025200000046, 35.1594968 ] } },
{ "type": "Feature", "properties": { "内容": "サンエリー訪問介護ステーション【訪問介護】名古屋市中川区吉津３丁目１９０６山嵜ビル３０５", "url": "https://www.kaigokensaku.mhlw.go.jp/23/index.php?action_kouhyou_detail_004_kani=true&JigyosyoCd=2371002532-00&ServiceCd=110&Type=search", "url2": null }, "geometry": { "type": "Point", "coordinates": [ 136.818890900000042, 35.1528979 ] } },
{ "type": "Feature", "properties": { "内容": "スマイルナーシング中川【訪問介護】愛知県名古屋市中川区下之一色町宮分17-1", "url": "https://www.kaigokensaku.mhlw.go.jp/23/index.php?action_kouhyou_detail_004_kani=true&JigyosyoCd=2371004819-00&ServiceCd=110&Type=search", "url2": "https://smile-nursing.jp/" }, "geometry": { "type": "Point", "coordinates": [ 136.8332684, 35.1273232 ] } },
{ "type": "Feature", "properties": { "内容": "セントケア八田【訪問介護】愛知県名古屋市中川区八田町1812", "url": "https://www.kaigokensaku.mhlw.go.jp/23/index.php?action_kouhyou_detail_004_kani=true&JigyosyoCd=2371002664-00&ServiceCd=110&Type=search", "url2": "hatta-sc23@saint-care.com" }, "geometry": { "type": "Point", "coordinates": [ 136.85350429999994, 35.1483407 ] } },
{ "type": "Feature", "properties": { "内容": "ヘルパーステーションひなた【訪問介護】愛知県名古屋市中川区一色新町三丁目1208番地", "url": "https://www.kaigokensaku.mhlw.go.jp/23/index.php?action_kouhyou_detail_004_kani=true&JigyosyoCd=2371004272-00&ServiceCd=110&Type=search", "url2": null }, "geometry": { "type": "Point", "coordinates": [ 136.828305503180019, 35.126572571426735 ] } },
{ "type": "Feature", "properties": { "内容": "訪問介護ステーション明日葉【訪問介護】愛知県名古屋市中川区大当郎３丁目２００９番地ファミール服部２０１号", "url": "https://www.kaigokensaku.mhlw.go.jp/23/index.php?action_kouhyou_detail_004_kani=true&JigyosyoCd=2371004702-00&ServiceCd=110&Type=search", "url2": "https://asuha0514.com/" }, "geometry": { "type": "Point", "coordinates": [ 136.832199299999957, 35.1310533 ] } },
{ "type": "Feature", "properties": { "内容": "訪問介護ひかり【訪問介護】愛知県名古屋市中川区応仁町二丁目４７ー１", "url": "https://www.kaigokensaku.mhlw.go.jp/23/index.php?action_kouhyou_detail_004_kani=true&JigyosyoCd=2371003936-00&ServiceCd=110&Type=search", "url2": "http://hkr-world.com/" }, "geometry": { "type": "Point", "coordinates": [ 136.882021, 35.1371706 ] } },
{ "type": "Feature", "properties": { "内容": "ヘルパーセンターなでしこ【訪問介護】名古屋市中川区中須町６６番地", "url": "https://www.kaigokensaku.mhlw.go.jp/23/index.php?action_kouhyou_detail_004_kani=true&JigyosyoCd=2371003464-00&ServiceCd=110&Type=search", "url2": "http://www.cd-nadeshiko.com" }, "geometry": { "type": "Point", "coordinates": [ 136.83939749325404, 35.139770139736129 ] } },
{ "type": "Feature", "properties": { "内容": "訪問介護マスト【訪問介護】愛知県名古屋市中川区高畑5丁目204番地　第奥村マンション2A", "url": "https://www.kaigokensaku.mhlw.go.jp/23/index.php?action_kouhyou_detail_004_kani=true&JigyosyoCd=2371004959-00&ServiceCd=110&Type=search", "url2": "https://mastocare.life/" }, "geometry": { "type": "Point", "coordinates": [ 136.837999299999979, 35.1418605 ] } },
{ "type": "Feature", "properties": { "内容": "さわやからいふ指定訪問介護事業所【訪問介護】柳島町４丁目１６番地", "url": "https://www.kaigokensaku.mhlw.go.jp/23/index.php?action_kouhyou_detail_004_kani=true&JigyosyoCd=2371000759-00&ServiceCd=110&Type=search", "url2": "https://sawayakalife.jp" }, "geometry": { "type": "Point", "coordinates": [ 136.88082350000002, 35.1477999 ] } },
{ "type": "Feature", "properties": { "内容": "かりんけあサービス【訪問介護】愛知県名古屋市中川区上流町1丁目17番地", "url": "https://www.kaigokensaku.mhlw.go.jp/23/index.php?action_kouhyou_detail_004_kani=true&JigyosyoCd=2371005055-00&ServiceCd=110&Type=search", "url2": null }, "geometry": { "type": "Point", "coordinates": [ 136.864412599405654, 35.133962645263779 ] } },
{ "type": "Feature", "properties": { "内容": "訪問介護事業所百笑【訪問介護】愛知県名古屋市中川区荒子町字宮窓110番地の1リバティー荒子104号", "url": "https://www.kaigokensaku.mhlw.go.jp/23/index.php?action_kouhyou_detail_004_kani=true&JigyosyoCd=2371005352-00&ServiceCd=110&Type=search", "url2": "http://you-rule.jimdofree.com" }, "geometry": { "type": "Point", "coordinates": [ 136.860391600000014, 35.136362 ] } },
{ "type": "Feature", "properties": { "内容": "ゆたか介護【訪問介護】愛知県名古屋市中川区東中島町1-34-1", "url": "https://www.kaigokensaku.mhlw.go.jp/23/index.php?action_kouhyou_detail_004_kani=true&JigyosyoCd=2371002706-00&ServiceCd=110&Type=search", "url2": null }, "geometry": { "type": "Point", "coordinates": [ 136.859329800000069, 35.127663 ] } },
{ "type": "Feature", "properties": { "内容": "訪問介護事業所　和とこころ【訪問介護】柳島町６丁目５７番地メゾン露橋２０２", "url": "https://www.kaigokensaku.mhlw.go.jp/23/index.php?action_kouhyou_detail_004_kani=true&JigyosyoCd=2371003894-00&ServiceCd=110&Type=search", "url2": null }, "geometry": { "type": "Point", "coordinates": [ 136.883743180985647, 35.145969181753834 ] } },
{ "type": "Feature", "properties": { "内容": "訪問介護けやき【訪問介護】愛知県名古屋市中川区野田一丁目534番地梅村コーポ101号", "url": "https://www.kaigokensaku.mhlw.go.jp/23/index.php?action_kouhyou_detail_004_kani=true&JigyosyoCd=2371005089-00&ServiceCd=110&Type=search", "url2": null }, "geometry": { "type": "Point", "coordinates": [ 136.8477031, 35.1422208 ] } },
{ "type": "Feature", "properties": { "内容": "ケアリッツ高畑【訪問介護】愛知県名古屋市中川区高畑3-134シオンタカオキ1B", "url": "https://www.kaigokensaku.mhlw.go.jp/23/index.php?action_kouhyou_detail_004_kani=true&JigyosyoCd=2371004983-00&ServiceCd=110&Type=search", "url2": "https://www.careritz.co.jp/station/branch/takabata/" }, "geometry": { "type": "Point", "coordinates": [ 136.853106253984635, 35.138349793221238 ] } },
{ "type": "Feature", "properties": { "内容": "ケアリッツ尾頭橋【訪問介護】愛知県名古屋市中川区五女子町2-20-1Crecia（クレシア）五女子２０１", "url": "https://www.kaigokensaku.mhlw.go.jp/23/index.php?action_kouhyou_detail_004_kani=true&JigyosyoCd=2371005188-00&ServiceCd=110&Type=search", "url2": "https://www.careritz.co.jp/station/branch/otobashi/" }, "geometry": { "type": "Point", "coordinates": [ 136.883512547867781, 35.144484315284593 ] } },
{ "type": "Feature", "properties": { "内容": "ケアリッツ春田【訪問介護】愛知県名古屋市中川区東春田2-45メゾン八勝202", "url": "https://www.kaigokensaku.mhlw.go.jp/23/index.php?action_kouhyou_detail_004_kani=true&JigyosyoCd=2371005386-00&ServiceCd=110&Type=search", "url2": "https://www.careritz.co.jp/station/branch/haruta/" }, "geometry": { "type": "Point", "coordinates": [ 136.817754799999989, 35.1420033 ] } },
{ "type": "Feature", "properties": { "内容": "サラダ介護【訪問介護】名古屋市中川区尾頭橋三丁目１８番５号", "url": "https://www.kaigokensaku.mhlw.go.jp/23/index.php?action_kouhyou_detail_004_kani=true&JigyosyoCd=2371000684-00&ServiceCd=110&Type=search", "url2": "http://www.sarada-kaigo.com/" }, "geometry": { "type": "Point", "coordinates": [ 136.889642099999946, 35.1456893 ] } },
{ "type": "Feature", "properties": { "内容": "ツクイ名古屋中川広田町【訪問介護】愛知県名古屋市中川区広田町1-9", "url": "https://www.kaigokensaku.mhlw.go.jp/23/index.php?action_kouhyou_detail_004_kani=true&JigyosyoCd=2371004892-00&ServiceCd=110&Type=search", "url2": "https://www.tsukui.net/home-care/2693/" }, "geometry": { "type": "Point", "coordinates": [ 136.857180044705188, 35.131380203110126 ] } },
{ "type": "Feature", "properties": { "内容": "ニチイケアセンター　荒子【訪問介護】愛知県名古屋市中川区荒子二丁目208メゾン志津102号室", "url": "https://www.kaigokensaku.mhlw.go.jp/23/index.php?action_kouhyou_detail_004_kani=true&JigyosyoCd=2371000536-00&ServiceCd=110&Type=search", "url2": "http://www.nichiigakkan.co.jp" }, "geometry": { "type": "Point", "coordinates": [ 136.8564159, 35.137239100000023 ] } },
{ "type": "Feature", "properties": { "内容": "ニチイケアセンター中川【訪問介護】愛知県名古屋市中川区高畑五丁目34-5　サンマンション高畑1F", "url": "https://www.kaigokensaku.mhlw.go.jp/23/index.php?action_kouhyou_detail_004_kani=true&JigyosyoCd=2371002102-00&ServiceCd=110&Type=search", "url2": "http://" }, "geometry": { "type": "Point", "coordinates": [ 136.8507558, 35.1454915 ] } },
{ "type": "Feature", "properties": { "内容": "ニチイケアセンター中川第二【訪問介護】名古屋市中川区吉津２－３１１８渕上マンション1F1-A号室", "url": "https://www.kaigokensaku.mhlw.go.jp/23/index.php?action_kouhyou_detail_004_kani=true&JigyosyoCd=2371002110-00&ServiceCd=110&Type=search", "url2": "http://www.nichiigakkan.co.jp" }, "geometry": { "type": "Point", "coordinates": [ 136.820454599999948, 35.1534007 ] } },
{ "type": "Feature", "properties": { "内容": "ニチイケアセンター伏屋【訪問介護】名古屋市中川区伏屋4-1601B号室", "url": "https://www.kaigokensaku.mhlw.go.jp/23/index.php?action_kouhyou_detail_004_kani=true&JigyosyoCd=2371004827-00&ServiceCd=110&Type=search", "url2": "http://www.nichiigakkan.co.jp" }, "geometry": { "type": "Point", "coordinates": [ 136.824773, 35.1403864 ] } },
{ "type": "Feature", "properties": { "内容": "ヘルパーステーションプラーナ【訪問介護】愛知県名古屋市中川区戸田1丁目1201番地ナーシングホームプラーナ内", "url": "https://www.kaigokensaku.mhlw.go.jp/23/index.php?action_kouhyou_detail_004_kani=true&JigyosyoCd=2371004710-00&ServiceCd=110&Type=search", "url2": "https://www.prana.nagoya/" }, "geometry": { "type": "Point", "coordinates": [ 136.808194681997378, 35.142637499175763 ] } },
{ "type": "Feature", "properties": { "内容": "メイカイ介護サービス【訪問介護】愛知県名古屋市中川区法華一丁目２５番地", "url": "https://www.kaigokensaku.mhlw.go.jp/23/index.php?action_kouhyou_detail_004_kani=true&JigyosyoCd=2371003878-00&ServiceCd=110&Type=search", "url2": null }, "geometry": { "type": "Point", "coordinates": [ 136.818766222537192, 35.142693871362766 ] } },
{ "type": "Feature", "properties": { "内容": "ヘルパーステーションプラス【訪問介護】愛知県名古屋市中川区高畑5丁目17", "url": "https://www.kaigokensaku.mhlw.go.jp/23/index.php?action_kouhyou_detail_004_kani=true&JigyosyoCd=2371004348-00&ServiceCd=110&Type=search", "url2": "http//www.mothers-planet.com/" }, "geometry": { "type": "Point", "coordinates": [ 136.85233329999997, 35.1456189 ] } },
{ "type": "Feature", "properties": { "内容": "株式会社親孝行　訪問介護事業部【訪問介護】愛知県名古屋市中川区大塩町1丁目4番地", "url": "https://www.kaigokensaku.mhlw.go.jp/23/index.php?action_kouhyou_detail_004_kani=true&JigyosyoCd=2371002359-00&ServiceCd=110&Type=search", "url2": "http://oyakhoko.net" }, "geometry": { "type": "Point", "coordinates": [ 136.873326685580423, 35.135136157865844 ] } },
{ "type": "Feature", "properties": { "内容": "ヘルパースペース導夢【訪問介護】名古屋市中川区吉良町138番地４", "url": "https://www.kaigokensaku.mhlw.go.jp/23/index.php?action_kouhyou_detail_004_kani=true&JigyosyoCd=2371003571-00&ServiceCd=110&Type=search", "url2": "http://www.dome-nakagawa.com/" }, "geometry": { "type": "Point", "coordinates": [ 136.86220604976802, 35.140086807619966 ] } },
{ "type": "Feature", "properties": { "内容": "にじのさと中川サービスセンター【訪問介護】愛知県名古屋市中川区高畑2-101高畑101ビル3F", "url": "https://www.kaigokensaku.mhlw.go.jp/23/index.php?action_kouhyou_detail_004_kani=true&JigyosyoCd=2371004629-00&ServiceCd=110&Type=search", "url2": "http://www.elderly.jp/" }, "geometry": { "type": "Point", "coordinates": [ 136.855156099999931, 35.1401637 ] } },
{ "type": "Feature", "properties": { "内容": "オリーブの森　訪問介護【訪問介護】名古屋市中川区八熊二丁目21番3号第二福島ビル事務所3号", "url": "https://www.kaigokensaku.mhlw.go.jp/23/index.php?action_kouhyou_detail_004_kani=true&JigyosyoCd=2371004280-00&ServiceCd=110&Type=search", "url2": null }, "geometry": { "type": "Point", "coordinates": [ 136.890711600000031, 35.1406872 ] } },
{ "type": "Feature", "properties": { "内容": "鈴の里【訪問介護】かの里三丁目603番地の2", "url": "https://www.kaigokensaku.mhlw.go.jp/23/index.php?action_kouhyou_detail_004_kani=true&JigyosyoCd=2371004975-00&ServiceCd=110&Type=search", "url2": null }, "geometry": { "type": "Point", "coordinates": [ 136.8151704, 35.1294412 ] } },
{ "type": "Feature", "properties": { "内容": "Ｆｌａｔ【訪問介護】愛知県名古屋市中川区一色新町二丁目401番地三日月住宅6棟409号", "url": "https://www.kaigokensaku.mhlw.go.jp/23/index.php?action_kouhyou_detail_004_kani=true&JigyosyoCd=2371004439-00&ServiceCd=110&Type=search", "url2": null }, "geometry": { "type": "Point", "coordinates": [ 136.828839335615555, 35.13046143434822 ] } },
{ "type": "Feature", "properties": { "内容": "戸田訪問介護ステーション【訪問介護】愛知県名古屋市中川区戸田西3-1165-2", "url": "https://www.kaigokensaku.mhlw.go.jp/23/index.php?action_kouhyou_detail_004_kani=true&JigyosyoCd=2371005279-00&ServiceCd=110&Type=search", "url2": null }, "geometry": { "type": "Point", "coordinates": [ 136.8003371, 35.1370951 ] } },
{ "type": "Feature", "properties": { "内容": "訪問介護センター共愛【訪問介護】名古屋市中川区下之一色町字権野１０８番地4", "url": "https://www.kaigokensaku.mhlw.go.jp/23/index.php?action_kouhyou_detail_004_kani=true&JigyosyoCd=2371000643-00&ServiceCd=110&Type=search", "url2": "http://www.kyoaikai.org" }, "geometry": { "type": "Point", "coordinates": [ 136.8284837, 35.1243659 ] } },
{ "type": "Feature", "properties": { "内容": "介護ステーション　彩・健・花【訪問介護】愛知県名古屋市中川区供米田2丁目904番地", "url": "https://www.kaigokensaku.mhlw.go.jp/23/index.php?action_kouhyou_detail_004_kani=true&JigyosyoCd=2371001229-00&ServiceCd=110&Type=search", "url2": "http://sw-marin.com/" }, "geometry": { "type": "Point", "coordinates": [ 136.814092653253283, 35.136777717085678 ] } },
{ "type": "Feature", "properties": { "内容": "はった訪問介護サービス事業所【訪問介護】愛知県名古屋市中川区高畑１丁目３３番地　サン・アベニュー２D", "url": "https://www.kaigokensaku.mhlw.go.jp/23/index.php?action_kouhyou_detail_004_kani=true&JigyosyoCd=2371001914-00&ServiceCd=110&Type=search", "url2": "http://www" }, "geometry": { "type": "Point", "coordinates": [ 136.853507400000012, 35.1428358 ] } },
{ "type": "Feature", "properties": { "内容": "ヘルパーステーション　ネクストホープ【訪問介護】愛知県名古屋市中川区丹後町2丁目13番地　大島マンション4－Ｃ", "url": "https://www.kaigokensaku.mhlw.go.jp/23/index.php?action_kouhyou_detail_004_kani=true&JigyosyoCd=2371005337-00&ServiceCd=110&Type=search", "url2": null }, "geometry": { "type": "Point", "coordinates": [ 136.8822126, 35.1338393 ] } },
{ "type": "Feature", "properties": { "内容": "からふるサポート千音寺【訪問介護】千音寺二丁目3534番地", "url": "https://www.kaigokensaku.mhlw.go.jp/23/index.php?action_kouhyou_detail_004_kani=true&JigyosyoCd=2371005246-00&ServiceCd=110&Type=search", "url2": null }, "geometry": { "type": "Point", "coordinates": [ 136.8122689, 35.16443120000001 ] } },
{ "type": "Feature", "properties": { "内容": "訪問介護シャイニー【訪問介護】西中島一丁目1008番地ピースフルハイツ103", "url": "https://www.kaigokensaku.mhlw.go.jp/23/index.php?action_kouhyou_detail_004_kani=true&JigyosyoCd=2371005311-00&ServiceCd=110&Type=search", "url2": "https://with-shiny.com/care/" }, "geometry": { "type": "Point", "coordinates": [ 136.8479771, 35.1216592 ] } },
{ "type": "Feature", "properties": { "内容": "ヘルパーステーション　くまさん【訪問介護】愛知県名古屋市中川区千音寺千音寺三丁目129番地", "url": "https://www.kaigokensaku.mhlw.go.jp/23/index.php?action_kouhyou_detail_004_kani=true&JigyosyoCd=2371002953-00&ServiceCd=110&Type=search", "url2": "https://caresupport.life" }, "geometry": { "type": "Point", "coordinates": [ 136.817980722835046, 35.163462153567643 ] } },
{ "type": "Feature", "properties": { "内容": "有限会社介護ふじ【訪問介護】愛知県名古屋市中川区中郷三丁目337番地", "url": "https://www.kaigokensaku.mhlw.go.jp/23/index.php?action_kouhyou_detail_004_kani=true&JigyosyoCd=2371000437-00&ServiceCd=110&Type=search", "url2": "http://" }, "geometry": { "type": "Point", "coordinates": [ 136.846744899999976, 35.1333759 ] } },
{ "type": "Feature", "properties": { "内容": "ひまわりの里【訪問介護】中郷三丁目１６６番地中郷２０３号室", "url": "https://www.kaigokensaku.mhlw.go.jp/23/index.php?action_kouhyou_detail_004_kani=true&JigyosyoCd=2371005147-00&ServiceCd=110&Type=search", "url2": null }, "geometry": { "type": "Point", "coordinates": [ 136.8458168, 35.1346759 ] } },
{ "type": "Feature", "properties": { "内容": "アースライフケア【訪問介護】名古屋市中川区八田町2813番地メディナス3階", "url": "https://www.kaigokensaku.mhlw.go.jp/23/index.php?action_kouhyou_detail_004_kani=true&JigyosyoCd=2371005287-00&ServiceCd=110&Type=search", "url2": null }, "geometry": { "type": "Point", "coordinates": [ 136.8522604, 35.1475626 ] } },
{ "type": "Feature", "properties": { "内容": "ぽかぽかケアサポート【訪問介護】愛知県名古屋市中川区荒子五丁目１６５番地", "url": "https://www.kaigokensaku.mhlw.go.jp/23/index.php?action_kouhyou_detail_004_kani=true&JigyosyoCd=2371003605-00&ServiceCd=110&Type=search", "url2": "www.win-p.com" }, "geometry": { "type": "Point", "coordinates": [ 136.854337983744813, 35.132305620916441 ] } },
{ "type": "Feature", "properties": { "内容": "ミサキ訪問介護センター【訪問介護】愛知県名古屋市中川区万場5丁目1007番地", "url": "https://www.kaigokensaku.mhlw.go.jp/23/index.php?action_kouhyou_detail_004_kani=true&JigyosyoCd=2371002219-00&ServiceCd=110&Type=search", "url2": "misakikaigo@nifty.com" }, "geometry": { "type": "Point", "coordinates": [ 136.828028144319177, 35.155853961268043 ] } },
{ "type": "Feature", "properties": { "内容": "ヘルパーステーション　リィヴァル【訪問介護】愛知県名古屋市中川区上流町２丁目48番地リーバルバンシエール中川", "url": "https://www.kaigokensaku.mhlw.go.jp/23/index.php?action_kouhyou_detail_004_kani=true&JigyosyoCd=2371003969-00&ServiceCd=110&Type=search", "url2": "rivalhonbu@gmail.com" }, "geometry": { "type": "Point", "coordinates": [ 136.864609810589599, 35.132447860241086 ] } },
{ "type": "Feature", "properties": { "内容": "介護センター愛　中川【訪問介護】愛知県名古屋市中川区千音寺3丁目３４５番地介護センター愛　中川", "url": "https://www.kaigokensaku.mhlw.go.jp/23/index.php?action_kouhyou_detail_004_kani=true&JigyosyoCd=2371004793-00&ServiceCd=110&Type=search", "url2": "kaigoainakagawa.jimdofree.com" }, "geometry": { "type": "Point", "coordinates": [ 136.8171112, 35.1609631 ] } },
{ "type": "Feature", "properties": { "内容": "ケアステーション・れい【訪問介護】春田三丁目56番地GAIA203号", "url": "https://www.kaigokensaku.mhlw.go.jp/23/index.php?action_kouhyou_detail_004_kani=true&JigyosyoCd=2371005345-00&ServiceCd=110&Type=search", "url2": null }, "geometry": { "type": "Point", "coordinates": [ 136.8130066, 35.1429721 ] } },
{ "type": "Feature", "properties": { "内容": "訪問介護　和花【訪問介護】八幡本通り１丁目３６番地", "url": "https://www.kaigokensaku.mhlw.go.jp/23/index.php?action_kouhyou_detail_004_kani=true&JigyosyoCd=2371004314-00&ServiceCd=110&Type=search", "url2": null }, "geometry": { "type": "Point", "coordinates": [ 132.359451199999967, 34.3899621 ] } },
{ "type": "Feature", "properties": { "内容": "あさがお訪問介護事業所【訪問介護】千音寺五丁目526番地伊藤アパート２０３", "url": "https://www.kaigokensaku.mhlw.go.jp/23/index.php?action_kouhyou_detail_004_kani=true&JigyosyoCd=2371005592-00&ServiceCd=110&Type=search", "url2": "https://sites.google.com/view/ainote-asagao" }, "geometry": { "type": "Point", "coordinates": [ 136.810252072594068, 35.15614010963062 ] } },
{ "type": "Feature", "properties": { "内容": "さくら・介護ステーションたかばた南【訪問介護】愛知県名古屋市中川区打中二丁目２６９番地ルミエール打中205", "url": "https://www.kaigokensaku.mhlw.go.jp/23/index.php?action_kouhyou_detail_004_kani=true&JigyosyoCd=2371005436-00&ServiceCd=110&Type=search", "url2": null }, "geometry": { "type": "Point", "coordinates": [ 136.8438629, 35.1328937 ] } },
{ "type": "Feature", "properties": { "内容": "大当郎ケアセンターまほろば　訪問介護【訪問介護】愛知県名古屋市中川区大当郎２丁目１１０８番地", "url": "https://www.kaigokensaku.mhlw.go.jp/23/index.php?action_kouhyou_detail_004_kani=true&JigyosyoCd=2371004363-00&ServiceCd=110&Type=search", "url2": "https://www.mahoroba-kaigo.jp" }, "geometry": { "type": "Point", "coordinates": [ 136.831651726618105, 35.132974435147318 ] } },
{ "type": "Feature", "properties": { "内容": "ヘルパーステーション　千　下之一色【訪問介護】名古屋市中川区下之一色町字西ノ切15-2", "url": "https://www.kaigokensaku.mhlw.go.jp/23/index.php?action_kouhyou_detail_004_kani=true&JigyosyoCd=2371005394-00&ServiceCd=110&Type=search", "url2": null }, "geometry": { "type": "Point", "coordinates": [ 136.8315087, 35.1223204 ] } },
{ "type": "Feature", "properties": { "内容": "ケアステーション星空【訪問介護】愛知県名古屋市中川区助光三丁目301エルマスアルト302号", "url": "https://www.kaigokensaku.mhlw.go.jp/23/index.php?action_kouhyou_detail_004_kani=true&JigyosyoCd=2371005634-00&ServiceCd=110&Type=search", "url2": null }, "geometry": { "type": "Point", "coordinates": [ 136.8290567, 35.1326306 ] } },
{ "type": "Feature", "properties": { "内容": "中川区介護保険事業所【訪問介護】名古屋市中川区小城町１－１－２０　中川区在宅サービスセンター内", "url": "https://www.kaigokensaku.mhlw.go.jp/23/index.php?action_kouhyou_detail_004_kani=true&JigyosyoCd=2371000056-00&ServiceCd=110&Type=search", "url2": "http://care-net.biz/23/zaitakunet/" }, "geometry": { "type": "Point", "coordinates": [ 136.861687500000016, 35.1345787 ] } },
{ "type": "Feature", "properties": { "内容": "ケアサービスオッケー【訪問介護】愛知県名古屋市中川区八田町2902番地八田ニューハイツ1階", "url": "https://www.kaigokensaku.mhlw.go.jp/23/index.php?action_kouhyou_detail_004_kani=true&JigyosyoCd=2371005667-00&ServiceCd=110&Type=search", "url2": null }, "geometry": { "type": "Point", "coordinates": [ 136.852192699999989, 35.1470864 ] } },
{ "type": "Feature", "properties": { "内容": "ヘルパーステーションHale中川【訪問介護】法華西町3-8", "url": "https://www.kaigokensaku.mhlw.go.jp/23/index.php?action_kouhyou_detail_004_kani=true&JigyosyoCd=2371005659-00&ServiceCd=110&Type=search", "url2": null }, "geometry": { "type": "Point", "coordinates": [ 136.842661100000015, 35.129400800000035 ] } },
{ "type": "Feature", "properties": { "内容": "訪問介護　いっぽ【訪問介護】大地334サンケイ第二ビル201", "url": "https://www.kaigokensaku.mhlw.go.jp/23/index.php?action_kouhyou_detail_004_kani=true&JigyosyoCd=2371005485-00&ServiceCd=110&Type=search", "url2": "https://yti-ippo.com/" }, "geometry": { "type": "Point", "coordinates": [ 136.83357, 35.161404 ] } },
{ "type": "Feature", "properties": { "内容": "訪問介護事業所知恵【訪問介護】愛知県名古屋市中川区供米田三丁目1640番地メゾネット豊10D号", "url": "https://www.kaigokensaku.mhlw.go.jp/23/index.php?action_kouhyou_detail_004_kani=true&JigyosyoCd=2371004678-00&ServiceCd=110&Type=search", "url2": null }, "geometry": { "type": "Point", "coordinates": [ 136.811315919816934, 35.135388159598669 ] } },
{ "type": "Feature", "properties": { "内容": "クレール中川ヘルパーセンター【訪問介護】愛知県名古屋市中川区大当郎一丁目1605番地", "url": "https://www.kaigokensaku.mhlw.go.jp/23/index.php?action_kouhyou_detail_004_kani=true&JigyosyoCd=2371005691-00&ServiceCd=110&Type=search", "url2": null }, "geometry": { "type": "Point", "coordinates": [ 136.834366, 35.133523900000021 ] } },
{ "type": "Feature", "properties": { "内容": "アスミルウェルケア【訪問介護】愛知県名古屋市中川区東春田三丁目153番地2F", "url": "https://www.kaigokensaku.mhlw.go.jp/23/index.php?action_kouhyou_detail_004_kani=true&JigyosyoCd=2371003779-00&ServiceCd=110&Type=search", "url2": null }, "geometry": { "type": "Point", "coordinates": [ 136.815526072467691, 35.137778097505674 ] } },
{ "type": "Feature", "properties": { "内容": "みどりケアサポート【訪問介護】名古屋市中川区横前町６８番地", "url": "https://www.kaigokensaku.mhlw.go.jp/23/index.php?action_kouhyou_detail_004_kani=true&JigyosyoCd=2371003126-00&ServiceCd=110&Type=search", "url2": null }, "geometry": { "type": "Point", "coordinates": [ 136.837960633210628, 35.147777119979565 ] } },
{ "type": "Feature", "properties": { "内容": "訪問介護ステーション　IF【訪問介護】愛知県名古屋市中川区吉津三丁目2405番地", "url": "https://www.kaigokensaku.mhlw.go.jp/23/index.php?action_kouhyou_detail_004_kani=true&JigyosyoCd=2371005329-00&ServiceCd=110&Type=search", "url2": "http://www.if0126.com" }, "geometry": { "type": "Point", "coordinates": [ 136.8184082, 35.1509573 ] } },
{ "type": "Feature", "properties": { "内容": "訪問介護ステーションつくしんぼ【訪問介護】愛知県名古屋市中川区大当郎三丁目２３１６番地エンジェルスコートＢ２０２号室", "url": "https://www.kaigokensaku.mhlw.go.jp/23/index.php?action_kouhyou_detail_004_kani=true&JigyosyoCd=2371004108-00&ServiceCd=110&Type=search", "url2": null }, "geometry": { "type": "Point", "coordinates": [ 136.832769, 35.129554100000021 ] } },
{ "type": "Feature", "properties": { "内容": "訪問介護事業所　ＩＲ【訪問介護】万場四丁目１００１番地ラビデンス万場２０７", "url": "https://www.kaigokensaku.mhlw.go.jp/23/index.php?action_kouhyou_detail_004_kani=true&JigyosyoCd=2371002656-00&ServiceCd=110&Type=search", "url2": null }, "geometry": { "type": "Point", "coordinates": [ 136.826089700000011, 35.1544175 ] } },
{ "type": "Feature", "properties": { "内容": "介護事業所　うるわし　名古屋【訪問介護】名古屋市中川区高畑五丁目１８７番地イラーヴァティⅮ－１号室", "url": "https://www.kaigokensaku.mhlw.go.jp/23/index.php?action_kouhyou_detail_004_kani=true&JigyosyoCd=2371005360-00&ServiceCd=110&Type=search", "url2": null }, "geometry": { "type": "Point", "coordinates": [ 136.851288400000016, 35.143762399999986 ] } },
{ "type": "Feature", "properties": { "内容": "訪問介護ステーション　咲良【訪問介護】太平通三丁目42番地の３", "url": "https://www.kaigokensaku.mhlw.go.jp/23/index.php?action_kouhyou_detail_004_kani=true&JigyosyoCd=2371005642-00&ServiceCd=110&Type=search", "url2": "http：//h-mdhico.jp" }, "geometry": { "type": "Point", "coordinates": [ 136.8703017, 35.1379741 ] } },
{ "type": "Feature", "properties": { "内容": "プレシア介護センター中川【訪問介護】名古屋市中川区二女子町2丁目64番地医療対応型リハビリナーシングプレシア中川", "url": "https://www.kaigokensaku.mhlw.go.jp/23/index.php?action_kouhyou_detail_004_kani=true&JigyosyoCd=2371005733-00&ServiceCd=110&Type=search", "url2": "https://force-jp.co.jp/presia/" }, "geometry": { "type": "Point", "coordinates": [ 136.87964980000001, 35.1457829 ] } },
{ "type": "Feature", "properties": { "内容": "ひだまりの郷訪問介護サービス【訪問介護】中島新町1-711アペラシオン205号", "url": "https://www.kaigokensaku.mhlw.go.jp/23/index.php?action_kouhyou_detail_004_kani=true&JigyosyoCd=2371005568-00&ServiceCd=110&Type=search", "url2": "https://hidamari-no-sato.jp/" }, "geometry": { "type": "Point", "coordinates": [ 136.852443557873926, 35.130292820187918 ] } },
{ "type": "Feature", "properties": { "内容": "ヘルパーステーション和楽縁東春田【訪問介護】愛知県名古屋市中川区東春田二丁目260番地ナーシング和楽縁東春田1F", "url": "https://www.kaigokensaku.mhlw.go.jp/23/index.php?action_kouhyou_detail_004_kani=true&JigyosyoCd=2371005725-00&ServiceCd=110&Type=search", "url2": "https://www.gazelle-inc.com/" }, "geometry": { "type": "Point", "coordinates": [ 136.8189284, 35.1411356 ] } },
{ "type": "Feature", "properties": { "内容": "株式会社ツバサ【訪問介護】愛知県名古屋市港区知多2丁目301番地スカイル幸和103", "url": "https://www.kaigokensaku.mhlw.go.jp/23/index.php?action_kouhyou_detail_004_kani=true&JigyosyoCd=2371102449-00&ServiceCd=110&Type=search", "url2": null }, "geometry": { "type": "Point", "coordinates": [ 136.825873699999988, 35.1108508 ] } },
{ "type": "Feature", "properties": { "内容": "訪問介護事業所　善【訪問介護】愛知県名古屋市港区港陽2丁目9番地の1　ハイス丸二Ｂ棟102", "url": "https://www.kaigokensaku.mhlw.go.jp/23/index.php?action_kouhyou_detail_004_kani=true&JigyosyoCd=2371102712-00&ServiceCd=110&Type=search", "url2": null }, "geometry": { "type": "Point", "coordinates": [ 136.889767871163912, 35.09930992213198 ] } },
{ "type": "Feature", "properties": { "内容": "ユーグリット【訪問介護】愛知県名古屋市港区宝神四丁目１５０６番地", "url": "https://www.kaigokensaku.mhlw.go.jp/23/index.php?action_kouhyou_detail_004_kani=true&JigyosyoCd=2371101631-00&ServiceCd=110&Type=search", "url2": null }, "geometry": { "type": "Point", "coordinates": [ 136.852927, 35.0859463 ] } },
{ "type": "Feature", "properties": { "内容": "訪問介護心【訪問介護】愛知県名古屋市港区港栄二丁目１番３号ライオンズマンション港栄６０５号", "url": "https://www.kaigokensaku.mhlw.go.jp/23/index.php?action_kouhyou_detail_004_kani=true&JigyosyoCd=2371102811-00&ServiceCd=110&Type=search", "url2": null }, "geometry": { "type": "Point", "coordinates": [ 136.8940461, 35.167422 ] } },
{ "type": "Feature", "properties": { "内容": "愛らんど【訪問介護】遠若町3丁目66番地の2", "url": "https://www.kaigokensaku.mhlw.go.jp/23/index.php?action_kouhyou_detail_004_kani=true&JigyosyoCd=2371102936-00&ServiceCd=110&Type=search", "url2": "https://www.ailandnpo.com/" }, "geometry": { "type": "Point", "coordinates": [ 136.865739600000012, 35.0970539 ] } },
{ "type": "Feature", "properties": { "内容": "訪問介護事業所　いろは【訪問介護】愛知県名古屋市港区春田野一丁目５０２番地の１", "url": "https://www.kaigokensaku.mhlw.go.jp/23/index.php?action_kouhyou_detail_004_kani=true&JigyosyoCd=2371103033-00&ServiceCd=110&Type=search", "url2": null }, "geometry": { "type": "Point", "coordinates": [ 136.8159952, 35.1176803 ] } },
{ "type": "Feature", "properties": { "内容": "ヘルパーステーション香音【訪問介護】愛知県名古屋市港区名港一丁目４番１７号フィユフラッツ築地１０２号", "url": "https://www.kaigokensaku.mhlw.go.jp/23/index.php?action_kouhyou_detail_004_kani=true&JigyosyoCd=2371102993-00&ServiceCd=110&Type=search", "url2": "https://pep1215.com/" }, "geometry": { "type": "Point", "coordinates": [ 136.885194599999977, 35.0975538 ] } },
{ "type": "Feature", "properties": { "内容": "訪問介護ステーション小碓【訪問介護】愛知県名古屋市港区土古町2丁目12番地", "url": "https://www.kaigokensaku.mhlw.go.jp/23/index.php?action_kouhyou_detail_004_kani=true&JigyosyoCd=2371102985-00&ServiceCd=110&Type=search", "url2": null }, "geometry": { "type": "Point", "coordinates": [ 136.860964402516203, 35.111466687555243 ] } },
{ "type": "Feature", "properties": { "内容": "ゆうえん港訪問介護【訪問介護】名古屋市港区当知三丁目3405番地プルミエコート306号", "url": "https://www.kaigokensaku.mhlw.go.jp/23/index.php?action_kouhyou_detail_004_kani=true&JigyosyoCd=2371103058-00&ServiceCd=110&Type=search", "url2": null }, "geometry": { "type": "Point", "coordinates": [ 136.8430078, 35.111703200000015 ] } },
{ "type": "Feature", "properties": { "内容": "アミカ港介護センター【訪問介護】愛知県名古屋市港区川間町2-41陽明ハイツ101", "url": "https://www.kaigokensaku.mhlw.go.jp/23/index.php?action_kouhyou_detail_004_kani=true&JigyosyoCd=2371102613-00&ServiceCd=110&Type=search", "url2": null }, "geometry": { "type": "Point", "coordinates": [ 136.8657078, 35.1166393 ] } },
{ "type": "Feature", "properties": { "内容": "ア・レーズケアステーション【訪問介護】多加良浦町四丁目249番地の1", "url": "https://www.kaigokensaku.mhlw.go.jp/23/index.php?action_kouhyou_detail_004_kani=true&JigyosyoCd=2371102928-00&ServiceCd=110&Type=search", "url2": null }, "geometry": { "type": "Point", "coordinates": [ 136.8416896, 35.1005403 ] } },
{ "type": "Feature", "properties": { "内容": "セントケア　港【訪問介護】愛知県名古屋市港区小碓1-38-2シルバーライフ月東101", "url": "https://www.kaigokensaku.mhlw.go.jp/23/index.php?action_kouhyou_detail_004_kani=true&JigyosyoCd=2371101110-00&ServiceCd=110&Type=search", "url2": "http://www.saint-care.com" }, "geometry": { "type": "Point", "coordinates": [ 136.854522399999951, 35.1217943 ] } },
{ "type": "Feature", "properties": { "内容": "くすの木ヘルパーステーション【訪問介護】愛知県名古屋市港区宝神５丁目２２１４番池", "url": "https://www.kaigokensaku.mhlw.go.jp/23/index.php?action_kouhyou_detail_004_kani=true&JigyosyoCd=2371102076-00&ServiceCd=110&Type=search", "url2": null }, "geometry": { "type": "Point", "coordinates": [ 136.848697533421301, 35.091011961578715 ] } },
{ "type": "Feature", "properties": { "内容": "ヘルパーステーション　コーワ品川【訪問介護】品川町1丁目3番地の2コーワ品川", "url": "https://www.kaigokensaku.mhlw.go.jp/23/index.php?action_kouhyou_detail_004_kani=true&JigyosyoCd=2371101763-00&ServiceCd=110&Type=search", "url2": "https:kouwa-shinagawa.com" }, "geometry": { "type": "Point", "coordinates": [ 136.865377699999954, 35.1043445 ] } },
{ "type": "Feature", "properties": { "内容": "織部【訪問介護】愛知県名古屋市港区１丁目１４番地１", "url": "https://www.kaigokensaku.mhlw.go.jp/23/index.php?action_kouhyou_detail_004_kani=true&JigyosyoCd=2371101912-00&ServiceCd=110&Type=search", "url2": "https//area-support-japan.jimbo.com" }, "geometry": { "type": "Point", "coordinates": [ 139.769846899999948, 35.6954947 ] } },
{ "type": "Feature", "properties": { "内容": "訪問介護事業所　えんの里みなと【訪問介護】甚平衛通２丁目１－１", "url": "https://www.kaigokensaku.mhlw.go.jp/23/index.php?action_kouhyou_detail_004_kani=true&JigyosyoCd=2371102696-00&ServiceCd=110&Type=search", "url2": "http://www.enntry.tv" }, "geometry": { "type": "Point", "coordinates": [ 136.846893200000011, 35.1046671 ] } },
{ "type": "Feature", "properties": { "内容": "ケアリッツ荒子川【訪問介護】愛知県名古屋市港区泰明町1-23グランドヒルズ西川301", "url": "https://www.kaigokensaku.mhlw.go.jp/23/index.php?action_kouhyou_detail_004_kani=true&JigyosyoCd=2371102910-00&ServiceCd=110&Type=search", "url2": "https://www.careritz.co.jp/station/branch/arakogawa/" }, "geometry": { "type": "Point", "coordinates": [ 136.8649968, 35.1089567 ] } },
{ "type": "Feature", "properties": { "内容": "ツクイ名古屋南【訪問介護】愛知県名古屋市港区甚兵衛通1-15-1", "url": "https://www.kaigokensaku.mhlw.go.jp/23/index.php?action_kouhyou_detail_004_kani=true&JigyosyoCd=2371102639-00&ServiceCd=110&Type=search", "url2": "http://www.tsukui.net/home-care/2096/" }, "geometry": { "type": "Point", "coordinates": [ 136.84693, 35.105974 ] } },
{ "type": "Feature", "properties": { "内容": "ツクイ名古屋ちとせ【訪問介護】愛知県名古屋市港区七番町5丁目3番地の1エルメゾン東海通101号", "url": "https://www.kaigokensaku.mhlw.go.jp/23/index.php?action_kouhyou_detail_004_kani=true&JigyosyoCd=2371102621-00&ServiceCd=110&Type=search", "url2": "nagoya-chitose@tsukui.net" }, "geometry": { "type": "Point", "coordinates": [ 136.8881764, 35.1143286 ] } },
{ "type": "Feature", "properties": { "内容": "ニチイケアセンター当知【訪問介護】愛知県名古屋市港区当知3－305－2", "url": "https://www.kaigokensaku.mhlw.go.jp/23/index.php?action_kouhyou_detail_004_kani=true&JigyosyoCd=2371101094-00&ServiceCd=110&Type=search", "url2": "http://www.nichiigakkan.co.jp" }, "geometry": { "type": "Point", "coordinates": [ 136.845282399999974, 35.1132926 ] } },
{ "type": "Feature", "properties": { "内容": "ニチイケアセンター名古屋みなと【訪問介護】愛知県名古屋市港区入船1丁目8番14号", "url": "https://www.kaigokensaku.mhlw.go.jp/23/index.php?action_kouhyou_detail_004_kani=true&JigyosyoCd=2371101102-00&ServiceCd=110&Type=search", "url2": "http://www.nichiigakkan.co.jp" }, "geometry": { "type": "Point", "coordinates": [ 136.882618336273794, 35.0924684032085 ] } },
{ "type": "Feature", "properties": { "内容": "ニチイケアセンター宝神【訪問介護】愛知県名古屋市港区宝神3丁目207番地２F", "url": "https://www.kaigokensaku.mhlw.go.jp/23/index.php?action_kouhyou_detail_004_kani=true&JigyosyoCd=2371101359-00&ServiceCd=110&Type=search", "url2": "http://www.nichiigakkan.co.jp" }, "geometry": { "type": "Point", "coordinates": [ 136.853221299999973, 35.0898209 ] } },
{ "type": "Feature", "properties": { "内容": "ニチイケアセンター南陽【訪問介護】愛知県名古屋市港区七反野2丁目1944番地ラフォーレ南陽　101号", "url": "https://www.kaigokensaku.mhlw.go.jp/23/index.php?action_kouhyou_detail_004_kani=true&JigyosyoCd=2371102530-00&ServiceCd=110&Type=search", "url2": "http://www.nichiigakkan.co.jp" }, "geometry": { "type": "Point", "coordinates": [ 136.818084399999975, 35.1125564 ] } },
{ "type": "Feature", "properties": { "内容": "訪問介護事業所のっぽ【訪問介護】愛知県名古屋市港区当知４－１０６T.TORIYAMAビル２A", "url": "https://www.kaigokensaku.mhlw.go.jp/23/index.php?action_kouhyou_detail_004_kani=true&JigyosyoCd=2371102860-00&ServiceCd=110&Type=search", "url2": "https://www.heart-kaigo.biz" }, "geometry": { "type": "Point", "coordinates": [ 136.8406123, 35.113756100000025 ] } },
{ "type": "Feature", "properties": { "内容": "訪問介護ハートネット【訪問介護】港北町３丁目１９番地ベルデュール１０１号", "url": "https://www.kaigokensaku.mhlw.go.jp/23/index.php?action_kouhyou_detail_004_kani=true&JigyosyoCd=2371102431-00&ServiceCd=110&Type=search", "url2": "https://www.instagram.com/heartnet_msi/" }, "geometry": { "type": "Point", "coordinates": [ 136.85740039999996, 35.1095393 ] } },
{ "type": "Feature", "properties": { "内容": "ヘルパーステーションサンポート茶屋【訪問介護】愛知県名古屋市港区東茶屋一丁目653番住宅型有料老人ホームサンポート茶屋", "url": "https://www.kaigokensaku.mhlw.go.jp/23/index.php?action_kouhyou_detail_004_kani=true&JigyosyoCd=2371102837-00&ServiceCd=110&Type=search", "url2": "https://links-s.jp" }, "geometry": { "type": "Point", "coordinates": [ 136.827873665190083, 35.108754701358635 ] } },
{ "type": "Feature", "properties": { "内容": "訪問介護　笑美【訪問介護】愛知県名古屋市港区小碓二丁目227番地", "url": "https://www.kaigokensaku.mhlw.go.jp/23/index.php?action_kouhyou_detail_004_kani=true&JigyosyoCd=2371102761-00&ServiceCd=110&Type=search", "url2": null }, "geometry": { "type": "Point", "coordinates": [ 136.8541821, 35.1142597 ] } },
{ "type": "Feature", "properties": { "内容": "訪問介護ステーション南陽【訪問介護】愛知県名古屋市港区新茶屋１丁目１２０６番地の１", "url": "https://www.kaigokensaku.mhlw.go.jp/23/index.php?action_kouhyou_detail_004_kani=true&JigyosyoCd=2371101656-00&ServiceCd=110&Type=search", "url2": "http://www.kayoukai.net" }, "geometry": { "type": "Point", "coordinates": [ 136.806301498533685, 35.111845128815389 ] } },
{ "type": "Feature", "properties": { "内容": "訪問介護事業所　サーブ【訪問介護】愛知県名古屋市港区川間町1丁目238番地の2グランドヒルズ1階号室", "url": "https://www.kaigokensaku.mhlw.go.jp/23/index.php?action_kouhyou_detail_004_kani=true&JigyosyoCd=2371102456-00&ServiceCd=110&Type=search", "url2": null }, "geometry": { "type": "Point", "coordinates": [ 136.868322799999987, 35.1142647 ] } },
{ "type": "Feature", "properties": { "内容": "ヘルパーステーション　すずらん【訪問介護】愛知県名古屋市港区龍宮町1-45", "url": "https://www.kaigokensaku.mhlw.go.jp/23/index.php?action_kouhyou_detail_004_kani=true&JigyosyoCd=2371101029-00&ServiceCd=110&Type=search", "url2": "http://www" }, "geometry": { "type": "Point", "coordinates": [ 136.897751800000037, 35.0966211 ] } },
{ "type": "Feature", "properties": { "内容": "おだやかケア　港【訪問介護】愛知県名古屋市港区西蟹田1608番地", "url": "https://www.kaigokensaku.mhlw.go.jp/23/index.php?action_kouhyou_detail_004_kani=true&JigyosyoCd=2371103066-00&ServiceCd=110&Type=search", "url2": null }, "geometry": { "type": "Point", "coordinates": [ 136.8168086, 35.1218442 ] } },
{ "type": "Feature", "properties": { "内容": "プレシア介護センター港【訪問介護】名古屋市港区善進町2丁目21番地医療対応型リハビリナーシングプレシア港", "url": "https://www.kaigokensaku.mhlw.go.jp/23/index.php?action_kouhyou_detail_004_kani=true&JigyosyoCd=2371103082-00&ServiceCd=110&Type=search", "url2": "https://force-jp.co.jp/presia/" }, "geometry": { "type": "Point", "coordinates": [ 136.8539192, 35.1062466 ] } },
{ "type": "Feature", "properties": { "内容": "訪問介護事業所あいとわ港本店【訪問介護】名古屋市港区入場二丁目1803-1", "url": "https://www.kaigokensaku.mhlw.go.jp/23/index.php?action_kouhyou_detail_004_kani=true&JigyosyoCd=2371102480-00&ServiceCd=110&Type=search", "url2": null }, "geometry": { "type": "Point", "coordinates": [ 136.851876806430028, 35.108838807790882 ] } },
{ "type": "Feature", "properties": { "内容": "ヘルパーステーション幸の芽【訪問介護】愛知県名古屋市港区小碓四丁目９０第二コーポ明利１階", "url": "https://www.kaigokensaku.mhlw.go.jp/23/index.php?action_kouhyou_detail_004_kani=true&JigyosyoCd=2371101953-00&ServiceCd=110&Type=search", "url2": null }, "geometry": { "type": "Point", "coordinates": [ 136.849791622090152, 35.11916701505875 ] } },
{ "type": "Feature", "properties": { "内容": "ケアサービスゆうおん【訪問介護】愛知県名古屋市港区宝神5-412", "url": "https://www.kaigokensaku.mhlw.go.jp/23/index.php?action_kouhyou_detail_004_kani=true&JigyosyoCd=2371101938-00&ServiceCd=110&Type=search", "url2": null }, "geometry": { "type": "Point", "coordinates": [ 136.846284527306864, 35.091857945142401 ] } },
{ "type": "Feature", "properties": { "内容": "訪問介護ステーションあゆみ【訪問介護】愛知県名古屋市港区寺前町２第七近藤ビル2C", "url": "https://www.kaigokensaku.mhlw.go.jp/23/index.php?action_kouhyou_detail_004_kani=true&JigyosyoCd=2371103025-00&ServiceCd=110&Type=search", "url2": null }, "geometry": { "type": "Point", "coordinates": [ 136.801317, 35.1139997 ] } },
{ "type": "Feature", "properties": { "内容": "クリエイトケアライフ【訪問介護】木場町2番地の31リビオ木場605", "url": "https://www.kaigokensaku.mhlw.go.jp/23/index.php?action_kouhyou_detail_004_kani=true&JigyosyoCd=2371101532-00&ServiceCd=110&Type=search", "url2": "go163r@yahoo.co.jp" }, "geometry": { "type": "Point", "coordinates": [ 136.899606899999981, 35.1054117 ] } },
{ "type": "Feature", "properties": { "内容": "リュッカ訪問介護事業所【訪問介護】港区正徳町5丁目2番地第一神野ハイツ１Ｆ", "url": "https://www.kaigokensaku.mhlw.go.jp/23/index.php?action_kouhyou_detail_004_kani=true&JigyosyoCd=2371102241-00&ServiceCd=110&Type=search", "url2": "http://lycka.jp" }, "geometry": { "type": "Point", "coordinates": [ 136.858038599999986, 35.1227665 ] } },
{ "type": "Feature", "properties": { "内容": "アクア港訪問介護【訪問介護】愛知県名古屋市港区港陽3丁目6番3号", "url": "https://www.kaigokensaku.mhlw.go.jp/23/index.php?action_kouhyou_detail_004_kani=true&JigyosyoCd=2371102795-00&ServiceCd=110&Type=search", "url2": null }, "geometry": { "type": "Point", "coordinates": [ 136.888243953967276, 35.100688154775007 ] } },
{ "type": "Feature", "properties": { "内容": "株式会社　フタバ【訪問介護】東土古町1丁目18番地", "url": "https://www.kaigokensaku.mhlw.go.jp/23/index.php?action_kouhyou_detail_004_kani=true&JigyosyoCd=2371102555-00&ServiceCd=110&Type=search", "url2": null }, "geometry": { "type": "Point", "coordinates": [ 136.8698894, 35.1129805 ] } },
{ "type": "Feature", "properties": { "内容": "ミラリス訪問介護　南陽店【訪問介護】名古屋市港区畑中２丁目１１１０番地", "url": "https://www.kaigokensaku.mhlw.go.jp/23/index.php?action_kouhyou_detail_004_kani=true&JigyosyoCd=2371101052-00&ServiceCd=110&Type=search", "url2": null }, "geometry": { "type": "Point", "coordinates": [ 136.7934821, 35.1143272 ] } },
{ "type": "Feature", "properties": { "内容": "訪問介護ニューサンライフ東蟹田【訪問介護】東蟹田1306番地", "url": "https://www.kaigokensaku.mhlw.go.jp/23/index.php?action_kouhyou_detail_004_kani=true&JigyosyoCd=2371102597-00&ServiceCd=110&Type=search", "url2": "https://new-sunlife.com/" }, "geometry": { "type": "Point", "coordinates": [ 136.819389565772013, 35.124641485881511 ] } },
{ "type": "Feature", "properties": { "内容": "ハートケアあさ凪【訪問介護】小賀須4丁目1123番地フロイデ小賀須202号室", "url": "https://www.kaigokensaku.mhlw.go.jp/23/index.php?action_kouhyou_detail_004_kani=true&JigyosyoCd=2371102753-00&ServiceCd=110&Type=search", "url2": null }, "geometry": { "type": "Point", "coordinates": [ 136.826384, 35.113654799999985 ] } },
{ "type": "Feature", "properties": { "内容": "ホワイトケアスマイルヘルパーステーション【訪問介護】愛知県名古屋市港区秋葉二丁目115番地", "url": "https://www.kaigokensaku.mhlw.go.jp/23/index.php?action_kouhyou_detail_004_kani=true&JigyosyoCd=2371103116-00&ServiceCd=110&Type=search", "url2": "https://whitecaresmile.com/" }, "geometry": { "type": "Point", "coordinates": [ 136.8180429, 35.1061812 ] } },
{ "type": "Feature", "properties": { "内容": "ヘルパーステーションネクストホープ　咲む【訪問介護】入場２丁目1607番地", "url": "https://www.kaigokensaku.mhlw.go.jp/23/index.php?action_kouhyou_detail_004_kani=true&JigyosyoCd=2371103140-00&ServiceCd=110&Type=search", "url2": null }, "geometry": { "type": "Point", "coordinates": [ 136.852296599999988, 35.1096214 ] } },
{ "type": "Feature", "properties": { "内容": "ヘルパーステーション樹奈【訪問介護】名古屋市港区中之島通1丁目6番地の1", "url": "https://www.kaigokensaku.mhlw.go.jp/23/index.php?action_kouhyou_detail_004_kani=true&JigyosyoCd=2371102951-00&ServiceCd=110&Type=search", "url2": null }, "geometry": { "type": "Point", "coordinates": [ 136.8705926, 35.098626 ] } },
{ "type": "Feature", "properties": { "内容": "港区介護保険事業所【訪問介護】名古屋市港区港楽二丁目6-32港区在宅サービスセンター内", "url": "https://www.kaigokensaku.mhlw.go.jp/23/index.php?action_kouhyou_detail_004_kani=true&JigyosyoCd=2371100013-00&ServiceCd=110&Type=search", "url2": "http://care-net.biz/23/zaitakunet" }, "geometry": { "type": "Point", "coordinates": [ 136.88551140000007, 35.1045895 ] } },
{ "type": "Feature", "properties": { "内容": "訪問介護事業所　ラシカル【訪問介護】愛知県名古屋市港区大西三丁目35番地の3ラシカルつつむ港大西", "url": "https://www.kaigokensaku.mhlw.go.jp/23/index.php?action_kouhyou_detail_004_kani=true&JigyosyoCd=2371102977-00&ServiceCd=110&Type=search", "url2": "https://tsutsumu-k.co.jp" }, "geometry": { "type": "Point", "coordinates": [ 136.815035615344243, 35.105652511919246 ] } },
{ "type": "Feature", "properties": { "内容": "ヘルパーステーション朝陽【訪問介護】愛知県名古屋市港区明正１丁目８１番地ウエストハウスＣ号室", "url": "https://www.kaigokensaku.mhlw.go.jp/23/index.php?action_kouhyou_detail_004_kani=true&JigyosyoCd=2371103157-00&ServiceCd=110&Type=search", "url2": null }, "geometry": { "type": "Point", "coordinates": [ 136.843795300000011, 35.1178543 ] } },
{ "type": "Feature", "properties": { "内容": "株式会社　涼　拓　　居宅介護事業所さやゆり【訪問介護】愛知県名古屋市港区入場2丁目1201番地", "url": "https://www.kaigokensaku.mhlw.go.jp/23/index.php?action_kouhyou_detail_004_kani=true&JigyosyoCd=2371103165-00&ServiceCd=110&Type=search", "url2": null }, "geometry": { "type": "Point", "coordinates": [ 136.8551689, 35.1098834 ] } },
{ "type": "Feature", "properties": { "内容": "ヘルパーステーションこはる【訪問介護】愛知県名古屋市港区九番町5－3－1ユナイテッド名古屋東海通ビル3階", "url": "https://www.kaigokensaku.mhlw.go.jp/23/index.php?action_kouhyou_detail_004_kani=true&JigyosyoCd=2371102969-00&ServiceCd=110&Type=search", "url2": "http://koharu-k.com" }, "geometry": { "type": "Point", "coordinates": [ 136.8844565, 35.1143348 ] } },
{ "type": "Feature", "properties": { "内容": "訪問介護事業所　チャムケアサービス【訪問介護】名古屋市港区小賀須二丁目112番地の1", "url": "https://www.kaigokensaku.mhlw.go.jp/23/index.php?action_kouhyou_detail_004_kani=true&JigyosyoCd=2371102423-00&ServiceCd=110&Type=search", "url2": null }, "geometry": { "type": "Point", "coordinates": [ 136.833199158474713, 35.113228894609392 ] } },
{ "type": "Feature", "properties": { "内容": "ケアシスタントびおら【訪問介護】愛知県名古屋市港区木場町2番地の56スペリアシティ名南アネックスI　106号", "url": "https://www.kaigokensaku.mhlw.go.jp/23/index.php?action_kouhyou_detail_004_kani=true&JigyosyoCd=2371102803-00&ServiceCd=110&Type=search", "url2": null }, "geometry": { "type": "Point", "coordinates": [ 136.8986722, 35.1039382 ] } },
{ "type": "Feature", "properties": { "内容": "介護センター愛【訪問介護】愛知県名古屋市港区幸町３丁目２１番地の１", "url": "https://www.kaigokensaku.mhlw.go.jp/23/index.php?action_kouhyou_detail_004_kani=true&JigyosyoCd=2371100898-00&ServiceCd=110&Type=search", "url2": "http://www.kaigoai.net/" }, "geometry": { "type": "Point", "coordinates": [ 136.872298482664519, 35.098621956646902 ] } },
{ "type": "Feature", "properties": { "内容": "ライフサポートゆたか【訪問介護】愛知県名古屋市南区泉楽通四丁目5番地３", "url": "https://www.kaigokensaku.mhlw.go.jp/23/index.php?action_kouhyou_detail_004_kani=true&JigyosyoCd=2371202751-00&ServiceCd=110&Type=search", "url2": "http://www.yutakahonbu.com/" }, "geometry": { "type": "Point", "coordinates": [ 136.905012, 35.0963934 ] } },
{ "type": "Feature", "properties": { "内容": "合同会社　福祉家【訪問介護】愛知県名古屋市南区菊住二丁目16-18", "url": "https://www.kaigokensaku.mhlw.go.jp/23/index.php?action_kouhyou_detail_004_kani=true&JigyosyoCd=2371202223-00&ServiceCd=110&Type=search", "url2": null }, "geometry": { "type": "Point", "coordinates": [ 136.93482328846892, 35.11102657198817 ] } },
{ "type": "Feature", "properties": { "内容": "SOMPOケア名古屋さくら台訪問介護【訪問介護】桜台一丁目1番23号", "url": "https://www.kaigokensaku.mhlw.go.jp/23/index.php?action_kouhyou_detail_004_kani=true&JigyosyoCd=2371203403-00&ServiceCd=110&Type=search", "url2": "https://www.sompocare.com" }, "geometry": { "type": "Point", "coordinates": [ 139.666514299999989, 35.7386522 ] } },
{ "type": "Feature", "properties": { "内容": "訪問介護ステーションまさ【訪問介護】城下町3丁目17", "url": "https://www.kaigokensaku.mhlw.go.jp/23/index.php?action_kouhyou_detail_004_kani=true&JigyosyoCd=2371203411-00&ServiceCd=110&Type=search", "url2": null }, "geometry": { "type": "Point", "coordinates": [ 136.9280324, 35.1010196 ] } },
{ "type": "Feature", "properties": { "内容": "ケアシスタントびおら【訪問介護】愛知県名古屋市南区丹後通３丁目4番地の2テラスレジデンス名古屋星崎　601号", "url": "https://www.kaigokensaku.mhlw.go.jp/23/index.php?action_kouhyou_detail_004_kani=true&JigyosyoCd=2371203437-00&ServiceCd=110&Type=search", "url2": null }, "geometry": { "type": "Point", "coordinates": [ 136.9228727, 35.0773245 ] } },
{ "type": "Feature", "properties": { "内容": "訪問介護ステーション空＆海【訪問介護】愛知県名古屋市南区駈上一丁目13番地23号", "url": "https://www.kaigokensaku.mhlw.go.jp/23/index.php?action_kouhyou_detail_004_kani=true&JigyosyoCd=2371203445-00&ServiceCd=110&Type=search", "url2": "http://www.himawari-care-s.com" }, "geometry": { "type": "Point", "coordinates": [ 136.939194500000013, 35.1135622 ] } },
{ "type": "Feature", "properties": { "内容": "ひなたケアステーションみなみ【訪問介護】愛知県名古屋市南区戸部下2丁目6-20リスタート303号室", "url": "https://www.kaigokensaku.mhlw.go.jp/23/index.php?action_kouhyou_detail_004_kani=true&JigyosyoCd=2371203486-00&ServiceCd=110&Type=search", "url2": null }, "geometry": { "type": "Point", "coordinates": [ 136.9196915, 35.1029668 ] } },
{ "type": "Feature", "properties": { "内容": "ヘルパーステーション　フェアリーベル【訪問介護】名古屋市南区戸部町三丁目39番１1階", "url": "https://www.kaigokensaku.mhlw.go.jp/23/index.php?action_kouhyou_detail_004_kani=true&JigyosyoCd=2371201589-00&ServiceCd=110&Type=search", "url2": "https://fairybell-k.jimdofree.com" }, "geometry": { "type": "Point", "coordinates": [ 136.930171873916663, 35.101406828183201 ] } },
{ "type": "Feature", "properties": { "内容": "ケアコール南【訪問介護】愛知県名古屋市南区汐田町１番14号", "url": "https://www.kaigokensaku.mhlw.go.jp/23/index.php?action_kouhyou_detail_004_kani=true&JigyosyoCd=2371203130-00&ServiceCd=110&Type=search", "url2": "http://nc-service.net/" }, "geometry": { "type": "Point", "coordinates": [ 136.924708900000013, 35.110632 ] } },
{ "type": "Feature", "properties": { "内容": "訪問介護事業所　恵（めぐみ）【訪問介護】愛知県名古屋市南区白雲町１４３番地の2", "url": "https://www.kaigokensaku.mhlw.go.jp/23/index.php?action_kouhyou_detail_004_kani=true&JigyosyoCd=2371202850-00&ServiceCd=110&Type=search", "url2": "https://keiwakai911.com" }, "geometry": { "type": "Point", "coordinates": [ 136.940261, 35.0947805 ] } },
{ "type": "Feature", "properties": { "内容": "こころヘルパーステーション桜【訪問介護】愛知県名古屋市南区鳥栖1丁目4番5号", "url": "https://www.kaigokensaku.mhlw.go.jp/23/index.php?action_kouhyou_detail_004_kani=true&JigyosyoCd=2371200516-00&ServiceCd=110&Type=search", "url2": "http://zuihokai-group.jp/" }, "geometry": { "type": "Point", "coordinates": [ 136.940280199999961, 35.1108734 ] } },
{ "type": "Feature", "properties": { "内容": "名南ヘルパーステーションきずな【訪問介護】愛知県名古屋市南区豊田五丁目15-18", "url": "https://www.kaigokensaku.mhlw.go.jp/23/index.php?action_kouhyou_detail_004_kani=true&JigyosyoCd=2371200359-00&ServiceCd=110&Type=search", "url2": "http://www.meinan.or.jp/" }, "geometry": { "type": "Point", "coordinates": [ 136.915088500000024, 35.1013622 ] } },
{ "type": "Feature", "properties": { "内容": "あくとケア名古屋【訪問介護】愛知県名古屋市南区呼続４丁目２６番３４号アニバーサリー帝國４０１号", "url": "https://www.kaigokensaku.mhlw.go.jp/23/index.php?action_kouhyou_detail_004_kani=true&JigyosyoCd=2371202918-00&ServiceCd=110&Type=search", "url2": null }, "geometry": { "type": "Point", "coordinates": [ 136.933394899999939, 35.1046598 ] } },
{ "type": "Feature", "properties": { "内容": "訪問介護ステーション１・３・８【訪問介護】愛知県名古屋市南区元柴田東町1-14-1", "url": "https://www.kaigokensaku.mhlw.go.jp/23/index.php?action_kouhyou_detail_004_kani=true&JigyosyoCd=2371203189-00&ServiceCd=110&Type=search", "url2": "https://www.arks-shalom.com/" }, "geometry": { "type": "Point", "coordinates": [ 136.908358006745914, 35.073679345048284 ] } },
{ "type": "Feature", "properties": { "内容": "つくしケアサービスみなみ【訪問介護】愛知県名古屋市南区塩屋町3丁目5番地の1オリオンビル2階", "url": "https://www.kaigokensaku.mhlw.go.jp/23/index.php?action_kouhyou_detail_004_kani=true&JigyosyoCd=2371201506-00&ServiceCd=110&Type=search", "url2": "http://www.adonislife.co.jp" }, "geometry": { "type": "Point", "coordinates": [ 136.923824718029749, 35.10295659788445 ] } },
{ "type": "Feature", "properties": { "内容": "ヘルパーステーション　笑和【訪問介護】愛知県名古屋市南区豊田5-11-68", "url": "https://www.kaigokensaku.mhlw.go.jp/23/index.php?action_kouhyou_detail_004_kani=true&JigyosyoCd=2371202330-00&ServiceCd=110&Type=search", "url2": null }, "geometry": { "type": "Point", "coordinates": [ 136.91335557837624, 35.097179410414803 ] } },
{ "type": "Feature", "properties": { "内容": "ヘルパーステーションリリー【訪問介護】名古屋市南区桜本町2丁目48番地さくらHills桜本町イースト601", "url": "https://www.kaigokensaku.mhlw.go.jp/23/index.php?action_kouhyou_detail_004_kani=true&JigyosyoCd=2371202454-00&ServiceCd=110&Type=search", "url2": null }, "geometry": { "type": "Point", "coordinates": [ 136.936766364417963, 35.10686381510898 ] } },
{ "type": "Feature", "properties": { "内容": "ツクイ名古屋粕畠【訪問介護】愛知県名古屋市南区粕畠町3丁目35番地の２サンムーンビル2階B号室", "url": "https://www.kaigokensaku.mhlw.go.jp/23/index.php?action_kouhyou_detail_004_kani=true&JigyosyoCd=2371203114-00&ServiceCd=110&Type=search", "url2": null }, "geometry": { "type": "Point", "coordinates": [ 136.9381047, 35.0930197 ] } },
{ "type": "Feature", "properties": { "内容": "ニチイケアセンター名南【訪問介護】愛知県名古屋市南区元柴田西町1-29コスギ貸事務所", "url": "https://www.kaigokensaku.mhlw.go.jp/23/index.php?action_kouhyou_detail_004_kani=true&JigyosyoCd=2371201308-00&ServiceCd=110&Type=search", "url2": "http://www.nichiigakkan.co.jp/" }, "geometry": { "type": "Point", "coordinates": [ 136.905672759524577, 35.073227314590007 ] } },
{ "type": "Feature", "properties": { "内容": "にじのさと南サービスセンター【訪問介護】愛知県名古屋市南区豊田1丁目18-13豊田一丁目店舗湯浅ビル2階", "url": "https://www.kaigokensaku.mhlw.go.jp/23/index.php?action_kouhyou_detail_004_kani=true&JigyosyoCd=2371203049-00&ServiceCd=110&Type=search", "url2": "http://www.elderly.jp/" }, "geometry": { "type": "Point", "coordinates": [ 136.910460397097722, 35.104408017435119 ] } },
{ "type": "Feature", "properties": { "内容": "福祉の幸　鶴里訪問介護事業所【訪問介護】名古屋市南区弥生町195アビリティⅡ弥生1F", "url": "https://www.kaigokensaku.mhlw.go.jp/23/index.php?action_kouhyou_detail_004_kani=true&JigyosyoCd=2371200722-00&ServiceCd=110&Type=search", "url2": "http://www.fukushinosachi.co.jp/" }, "geometry": { "type": "Point", "coordinates": [ 136.94160260000001, 35.0979025 ] } },
{ "type": "Feature", "properties": { "内容": "ヘルパーステーションぬくもり【訪問介護】名古屋市南区大磯通６丁目７番地日置ビル2B", "url": "https://www.kaigokensaku.mhlw.go.jp/23/index.php?action_kouhyou_detail_004_kani=true&JigyosyoCd=2371203106-00&ServiceCd=110&Type=search", "url2": null }, "geometry": { "type": "Point", "coordinates": [ 136.9283582, 35.102608 ] } },
{ "type": "Feature", "properties": { "内容": "ヘルパーステーションかなめ【訪問介護】名古屋市南区鳴浜町5-10", "url": "https://www.kaigokensaku.mhlw.go.jp/23/index.php?action_kouhyou_detail_004_kani=true&JigyosyoCd=2371200425-00&ServiceCd=110&Type=search", "url2": "http://pop.minami.or.jp" }, "geometry": { "type": "Point", "coordinates": [ 136.918299299999944, 35.0738405 ] } },
{ "type": "Feature", "properties": { "内容": "ヘルパーステーションほしざき【訪問介護】愛知県名古屋市南区星崎１丁目123", "url": "https://www.kaigokensaku.mhlw.go.jp/23/index.php?action_kouhyou_detail_004_kani=true&JigyosyoCd=2371200706-00&ServiceCd=110&Type=search", "url2": "http://www.minami.or.jp/" }, "geometry": { "type": "Point", "coordinates": [ 136.934961499999986, 35.0820232 ] } },
{ "type": "Feature", "properties": { "内容": "ヘルパーステーション　わたぼうし【訪問介護】愛知県名古屋市南区中割町4丁目78番地コーポ筒井1階Ａ号", "url": "https://www.kaigokensaku.mhlw.go.jp/23/index.php?action_kouhyou_detail_004_kani=true&JigyosyoCd=2371200904-00&ServiceCd=110&Type=search", "url2": "https://www.minami.or.jp" }, "geometry": { "type": "Point", "coordinates": [ 136.919712335195953, 35.088191130775222 ] } },
{ "type": "Feature", "properties": { "内容": "訪問介護センター　桃太郎【訪問介護】愛知県名古屋市南区松城町1-36グランドール松城1F", "url": "https://www.kaigokensaku.mhlw.go.jp/23/index.php?action_kouhyou_detail_004_kani=true&JigyosyoCd=2371200854-00&ServiceCd=110&Type=search", "url2": "http://talking-group.net/" }, "geometry": { "type": "Point", "coordinates": [ 136.92939600859836, 35.097302979479622 ] } },
{ "type": "Feature", "properties": { "内容": "訪問介護アイランド【訪問介護】愛知県名古屋市南区鶴田1-2-20", "url": "https://www.kaigokensaku.mhlw.go.jp/23/index.php?action_kouhyou_detail_004_kani=true&JigyosyoCd=2371203478-00&ServiceCd=110&Type=search", "url2": null }, "geometry": { "type": "Point", "coordinates": [ 136.9450881, 35.1108573 ] } },
{ "type": "Feature", "properties": { "内容": "訪問介護ステーションｃｈｉｗａｗａ【訪問介護】愛知県名古屋市南区笠寺町字下新町22番地アシスト106号室", "url": "https://www.kaigokensaku.mhlw.go.jp/23/index.php?action_kouhyou_detail_004_kani=true&JigyosyoCd=2371203254-00&ServiceCd=110&Type=search", "url2": null }, "geometry": { "type": "Point", "coordinates": [ 136.938867, 35.0954116 ] } },
{ "type": "Feature", "properties": { "内容": "特定非営利活動法人ハピネス【訪問介護】愛知県名古屋市南区内田橋2-30-22トヨダコーポ1Ｆ", "url": "https://www.kaigokensaku.mhlw.go.jp/23/index.php?action_kouhyou_detail_004_kani=true&JigyosyoCd=2371201019-00&ServiceCd=110&Type=search", "url2": "http://www.npohappiness.or.jp" }, "geometry": { "type": "Point", "coordinates": [ 136.90855, 35.1127526 ] } },
{ "type": "Feature", "properties": { "内容": "ヘルパーステーションひだまり【訪問介護】名古屋市南区岩戸町１７-２１薬師ビル1階", "url": "https://www.kaigokensaku.mhlw.go.jp/23/index.php?action_kouhyou_detail_004_kani=true&JigyosyoCd=2371201993-00&ServiceCd=110&Type=search", "url2": "http://grip88.info/" }, "geometry": { "type": "Point", "coordinates": [ 136.92977458698968, 35.10821202173355 ] } },
{ "type": "Feature", "properties": { "内容": "訪問介護のミライ【訪問介護】愛知県名古屋市南区寺崎町6番21号ストーク寺崎101", "url": "https://www.kaigokensaku.mhlw.go.jp/23/index.php?action_kouhyou_detail_004_kani=true&JigyosyoCd=2371203197-00&ServiceCd=110&Type=search", "url2": "https://www.kaigo-mirai.jp" }, "geometry": { "type": "Point", "coordinates": [ 136.9355045, 35.1103807 ] } },
{ "type": "Feature", "properties": { "内容": "あさがおケアセンター【訪問介護】愛知県名古屋市南区桜本町51番地成田ビル３C", "url": "https://www.kaigokensaku.mhlw.go.jp/23/index.php?action_kouhyou_detail_004_kani=true&JigyosyoCd=2371202165-00&ServiceCd=110&Type=search", "url2": null }, "geometry": { "type": "Point", "coordinates": [ 136.934856834041994, 35.100478466731701 ] } },
{ "type": "Feature", "properties": { "内容": "ヘルパーステーションウィング【訪問介護】名古屋市南区元塩町四丁目15番地", "url": "https://www.kaigokensaku.mhlw.go.jp/23/index.php?action_kouhyou_detail_004_kani=true&JigyosyoCd=2371201738-00&ServiceCd=110&Type=search", "url2": "https://sachi318.com/" }, "geometry": { "type": "Point", "coordinates": [ 136.927456600000028, 35.0854282 ] } },
{ "type": "Feature", "properties": { "内容": "訪問介護さんとぴあ【訪問介護】愛知県名古屋市南区天白町1-15サントピアみなみ", "url": "https://www.kaigokensaku.mhlw.go.jp/23/index.php?action_kouhyou_detail_004_kani=true&JigyosyoCd=2371201597-00&ServiceCd=110&Type=search", "url2": "http://hanatabakaigo.ne.jp" }, "geometry": { "type": "Point", "coordinates": [ 136.920607300000029, 35.0721907 ] } },
{ "type": "Feature", "properties": { "内容": "学研ココファン新瑞橋ヘルパーセンター【訪問介護】平子1-2-46学研ココファン新瑞橋", "url": "https://www.kaigokensaku.mhlw.go.jp/23/index.php?action_kouhyou_detail_004_kani=true&JigyosyoCd=2371203155-00&ServiceCd=110&Type=search", "url2": "https://www.cocofump.co.jp/" }, "geometry": { "type": "Point", "coordinates": [ 136.941342600000013, 35.1154405 ] } },
{ "type": "Feature", "properties": { "内容": "訪問介護スマイルマップ【訪問介護】愛知県名古屋市南区星宮町235ﾘﾊﾞｰｻｲﾄﾞ235（101）", "url": "https://www.kaigokensaku.mhlw.go.jp/23/index.php?action_kouhyou_detail_004_kani=true&JigyosyoCd=2371203015-00&ServiceCd=110&Type=search", "url2": null }, "geometry": { "type": "Point", "coordinates": [ 136.93886950000001, 35.0880783 ] } },
{ "type": "Feature", "properties": { "内容": "訪問介護　ハート＆スマイル【訪問介護】愛知県名古屋市南区丹後通3丁目4番地の２号テラスレジデンス名古屋星崎506号", "url": "https://www.kaigokensaku.mhlw.go.jp/23/index.php?action_kouhyou_detail_004_kani=true&JigyosyoCd=2371203171-00&ServiceCd=110&Type=search", "url2": null }, "geometry": { "type": "Point", "coordinates": [ 136.924052100000011, 35.0780333 ] } },
{ "type": "Feature", "properties": { "内容": "ケアネットひかり【訪問介護】愛知県名古屋市南区芝町28番地", "url": "https://www.kaigokensaku.mhlw.go.jp/23/index.php?action_kouhyou_detail_004_kani=true&JigyosyoCd=2371202009-00&ServiceCd=110&Type=search", "url2": "hikari201212@yahoo.co.jp" }, "geometry": { "type": "Point", "coordinates": [ 136.942216201821907, 35.09741367630081 ] } },
{ "type": "Feature", "properties": { "内容": "ユーライフみなみ【訪問介護】愛知県名古屋市南区浜田町１丁目２９", "url": "https://www.kaigokensaku.mhlw.go.jp/23/index.php?action_kouhyou_detail_004_kani=true&JigyosyoCd=2371202355-00&ServiceCd=110&Type=search", "url2": "http://u-ring.jp/" }, "geometry": { "type": "Point", "coordinates": [ 136.920276800000011, 35.0869973 ] } },
{ "type": "Feature", "properties": { "内容": "南区介護保険事業所【訪問介護】愛知県名古屋市南区前浜通3丁目10番地南区役所庁舎4階", "url": "https://www.kaigokensaku.mhlw.go.jp/23/index.php?action_kouhyou_detail_004_kani=true&JigyosyoCd=2371200060-00&ServiceCd=110&Type=search", "url2": "http;//care-net.biz/23/zaitakunet" }, "geometry": { "type": "Point", "coordinates": [ 136.934464299999945, 35.0987521 ] } },
{ "type": "Feature", "properties": { "内容": "訪問介護　IRORI【訪問介護】名古屋市南区元桜田町3丁目15-3桜台ハイツ502", "url": "https://www.kaigokensaku.mhlw.go.jp/23/index.php?action_kouhyou_detail_004_kani=true&JigyosyoCd=2371203502-00&ServiceCd=110&Type=search", "url2": null }, "geometry": { "type": "Point", "coordinates": [ 136.940487600000012, 35.1055388 ] } },
{ "type": "Feature", "properties": { "内容": "ヘルパーステーションふく【訪問介護】愛知県名古屋市南区鳥栖2-7-3Cherim桜本町103号室", "url": "https://www.kaigokensaku.mhlw.go.jp/23/index.php?action_kouhyou_detail_004_kani=true&JigyosyoCd=2371203320-00&ServiceCd=110&Type=search", "url2": null }, "geometry": { "type": "Point", "coordinates": [ 136.9415462, 35.1105742 ] } },
{ "type": "Feature", "properties": { "内容": "うちだばし訪問介護【訪問介護】愛知県名古屋市南区内田橋二丁目10番8号", "url": "https://www.kaigokensaku.mhlw.go.jp/23/index.php?action_kouhyou_detail_004_kani=true&JigyosyoCd=2371203346-00&ServiceCd=110&Type=search", "url2": "rsc-uchidabashi.jp" }, "geometry": { "type": "Point", "coordinates": [ 136.910947599999986, 35.1157822 ] } },
{ "type": "Feature", "properties": { "内容": "訪問介護ステーションかなれ【訪問介護】愛知県名古屋市南区松城町2丁目7番地", "url": "https://www.kaigokensaku.mhlw.go.jp/23/index.php?action_kouhyou_detail_004_kani=true&JigyosyoCd=2371202025-00&ServiceCd=110&Type=search", "url2": "https://community-care.co.jp/" }, "geometry": { "type": "Point", "coordinates": [ 136.929878599999938, 35.0982269 ] } },
{ "type": "Feature", "properties": { "内容": "ヘルパーステーション　おうえん【訪問介護】明治二丁目４番１２号", "url": "https://www.kaigokensaku.mhlw.go.jp/23/index.php?action_kouhyou_detail_004_kani=true&JigyosyoCd=2371202819-00&ServiceCd=110&Type=search", "url2": null }, "geometry": { "type": "Point", "coordinates": [ 136.90398110000001, 35.1108972 ] } },
{ "type": "Feature", "properties": { "内容": "ヘルパーステーションAlbero【訪問介護】愛知県名古屋市南区桜本町50-2Balbero", "url": "https://www.kaigokensaku.mhlw.go.jp/23/index.php?action_kouhyou_detail_004_kani=true&JigyosyoCd=2371203239-00&ServiceCd=110&Type=search", "url2": null }, "geometry": { "type": "Point", "coordinates": [ 136.934700099999986, 35.1007178 ] } },
{ "type": "Feature", "properties": { "内容": "ケアステーション一心【訪問介護】愛知県名古屋市南区豊一丁目22番3号Cortileゆたか201号", "url": "https://www.kaigokensaku.mhlw.go.jp/23/index.php?action_kouhyou_detail_004_kani=true&JigyosyoCd=2371203353-00&ServiceCd=110&Type=search", "url2": null }, "geometry": { "type": "Point", "coordinates": [ 136.912957, 35.11369 ] } },
{ "type": "Feature", "properties": { "内容": "ケアサポート楽明館【訪問介護】名古屋市守山区川西一丁目221番地", "url": "https://www.kaigokensaku.mhlw.go.jp/23/index.php?action_kouhyou_detail_004_kani=true&JigyosyoCd=2371302916-00&ServiceCd=110&Type=search", "url2": null }, "geometry": { "type": "Point", "coordinates": [ 136.929656, 35.2108381 ] } },
{ "type": "Feature", "properties": { "内容": "Jade名古屋【訪問介護】愛知県名古屋市守山区瀬古東3-2034番地アイルシティSeko103号", "url": "https://www.kaigokensaku.mhlw.go.jp/23/index.php?action_kouhyou_detail_004_kani=true&JigyosyoCd=2371303773-00&ServiceCd=110&Type=search", "url2": null }, "geometry": { "type": "Point", "coordinates": [ 136.9452546, 35.2107828 ] } },
{ "type": "Feature", "properties": { "内容": "Ｌｕｃｅｎｔケアサービス【訪問介護】愛知県名古屋市守山区川西1-221-2", "url": "https://www.kaigokensaku.mhlw.go.jp/23/index.php?action_kouhyou_detail_004_kani=true&JigyosyoCd=2371304367-00&ServiceCd=110&Type=search", "url2": null }, "geometry": { "type": "Point", "coordinates": [ 136.9291165, 35.2105196 ] } },
{ "type": "Feature", "properties": { "内容": "訪問介護ぶりす【訪問介護】愛知県名古屋市守山中志段味東山島2087番地ベルメゾンⅡ1－2", "url": "https://www.kaigokensaku.mhlw.go.jp/23/index.php?action_kouhyou_detail_004_kani=true&JigyosyoCd=2371304458-00&ServiceCd=110&Type=search", "url2": null }, "geometry": { "type": "Point", "coordinates": [ 137.024196499999988, 35.2493591 ] } },
{ "type": "Feature", "properties": { "内容": "あみゅーずほうもんかいごじぎょうしょ【訪問介護】名古屋市守山区小幡千代田2-7千代田グランデ2B", "url": "https://www.kaigokensaku.mhlw.go.jp/23/index.php?action_kouhyou_detail_004_kani=true&JigyosyoCd=2371304482-00&ServiceCd=110&Type=search", "url2": null }, "geometry": { "type": "Point", "coordinates": [ 136.972319700000014, 35.191427 ] } },
{ "type": "Feature", "properties": { "内容": "へるぱーすてーしょん　ほほえみ【訪問介護】愛知県名古屋市守山区白山2丁目901クラージュ901S201号", "url": "https://www.kaigokensaku.mhlw.go.jp/23/index.php?action_kouhyou_detail_004_kani=true&JigyosyoCd=2371303393-00&ServiceCd=110&Type=search", "url2": null }, "geometry": { "type": "Point", "coordinates": [ 137.028516099999933, 35.1958069 ] } },
{ "type": "Feature", "properties": { "内容": "訪問介護事業所はぴねす【訪問介護】愛知県名古屋市守山区幸心3丁目1115", "url": "https://www.kaigokensaku.mhlw.go.jp/23/index.php?action_kouhyou_detail_004_kani=true&JigyosyoCd=2371304706-00&ServiceCd=110&Type=search", "url2": "https://cross-talk.jp" }, "geometry": { "type": "Point", "coordinates": [ 136.9492831, 35.2124063 ] } },
{ "type": "Feature", "properties": { "内容": "訪問介護ステーションＳＹケアーズ【訪問介護】愛知県名古屋市西新12-9", "url": "https://www.kaigokensaku.mhlw.go.jp/23/index.php?action_kouhyou_detail_004_kani=true&JigyosyoCd=2371304680-00&ServiceCd=110&Type=search", "url2": "https://sy-cares.co.jp" }, "geometry": { "type": "Point", "coordinates": [ 136.966292451333516, 35.197956459499785 ] } },
{ "type": "Feature", "properties": { "内容": "訪問介護事業所　結【訪問介護】瀬古３丁目707番地アクセスヒル３C", "url": "https://www.kaigokensaku.mhlw.go.jp/23/index.php?action_kouhyou_detail_004_kani=true&JigyosyoCd=2371304789-00&ServiceCd=110&Type=search", "url2": "bunei.jp" }, "geometry": { "type": "Point", "coordinates": [ 136.941041899999988, 35.2131847 ] } },
{ "type": "Feature", "properties": { "内容": "ﾍﾙﾊﾟｰｽﾃｰｼｮﾝ　takestep【訪問介護】愛知県名古屋市守山区東山町13番27号グラン・コート瓢箪山402号", "url": "https://www.kaigokensaku.mhlw.go.jp/23/index.php?action_kouhyou_detail_004_kani=true&JigyosyoCd=2371304813-00&ServiceCd=110&Type=search", "url2": null }, "geometry": { "type": "Point", "coordinates": [ 136.9643819, 35.1982812 ] } },
{ "type": "Feature", "properties": { "内容": "ヘルパーステーション来夢【訪問介護】名古屋市守山区天子田1丁目1丁目1016番地スタジオ26　207号室", "url": "https://www.kaigokensaku.mhlw.go.jp/23/index.php?action_kouhyou_detail_004_kani=true&JigyosyoCd=2371304953-00&ServiceCd=110&Type=search", "url2": null }, "geometry": { "type": "Point", "coordinates": [ 136.998399506082194, 35.19626123815187 ] } },
{ "type": "Feature", "properties": { "内容": "中日ケアサービス【訪問介護】愛知県名古屋市守山区桜坂二丁目1019番地", "url": "https://www.kaigokensaku.mhlw.go.jp/23/index.php?action_kouhyou_detail_004_kani=true&JigyosyoCd=2371304987-00&ServiceCd=110&Type=search", "url2": null }, "geometry": { "type": "Point", "coordinates": [ 137.0211435, 35.2398919 ] } },
{ "type": "Feature", "properties": { "内容": "ヘルパーステーション　ソエル【訪問介護】愛知県名古屋市守山区四軒家一丁目１５７８番地の1マンションスピーリア201号", "url": "https://www.kaigokensaku.mhlw.go.jp/23/index.php?action_kouhyou_detail_004_kani=true&JigyosyoCd=2371304888-00&ServiceCd=110&Type=search", "url2": null }, "geometry": { "type": "Point", "coordinates": [ 137.017822148479468, 35.193148776589041 ] } },
{ "type": "Feature", "properties": { "内容": "菜の花ヘルパーステーション【訪問介護】愛知県名古屋市守山区本地が丘１１０２番地OS・SKYフレックス藤が丘５０４号", "url": "https://www.kaigokensaku.mhlw.go.jp/23/index.php?action_kouhyou_detail_004_kani=true&JigyosyoCd=2371304904-00&ServiceCd=110&Type=search", "url2": null }, "geometry": { "type": "Point", "coordinates": [ 137.0212182, 35.1975623 ] } },
{ "type": "Feature", "properties": { "内容": "ヘルパーステーショントライスター【訪問介護】愛知県名古屋市守山区瀬古1丁目610番地", "url": "https://www.kaigokensaku.mhlw.go.jp/23/index.php?action_kouhyou_detail_004_kani=true&JigyosyoCd=2371303005-00&ServiceCd=110&Type=search", "url2": "http://www.moriyama-family-cl.com/sirius" }, "geometry": { "type": "Point", "coordinates": [ 136.935561842205772, 35.212211725411606 ] } },
{ "type": "Feature", "properties": { "内容": "訪問介護事業所　縁【訪問介護】愛知県名古屋市守山区瀬古東3丁目209番の1住宅型有料老人ホーム　縁", "url": "https://www.kaigokensaku.mhlw.go.jp/23/index.php?action_kouhyou_detail_004_kani=true&JigyosyoCd=2371303369-00&ServiceCd=110&Type=search", "url2": "http://bunei-en.com/index.html" }, "geometry": { "type": "Point", "coordinates": [ 136.93849130000001, 35.2112937 ] } },
{ "type": "Feature", "properties": { "内容": "ヘルパーステーション　イノベル　守山【訪問介護】大字上志段味字道光316番地有料老人ホームイノベルステイ守山", "url": "https://www.kaigokensaku.mhlw.go.jp/23/index.php?action_kouhyou_detail_004_kani=true&JigyosyoCd=2371305026-00&ServiceCd=110&Type=search", "url2": null }, "geometry": { "type": "Point", "coordinates": [ 137.0331549, 35.2542906 ] } },
{ "type": "Feature", "properties": { "内容": "ケアリッツ守山【訪問介護】愛知県名古屋市守山区喜多山2-31-23ワールパーク203", "url": "https://www.kaigokensaku.mhlw.go.jp/23/index.php?action_kouhyou_detail_004_kani=true&JigyosyoCd=2371304979-00&ServiceCd=110&Type=search", "url2": "https://www.careritz.co.jp/station/branch/moriyama/" }, "geometry": { "type": "Point", "coordinates": [ 136.9900184, 35.2077203 ] } },
{ "type": "Feature", "properties": { "内容": "ヘルパーステーションいちばん星【訪問介護】愛知県名古屋市守山区吉根三丁目1214ダンク富士101号", "url": "https://www.kaigokensaku.mhlw.go.jp/23/index.php?action_kouhyou_detail_004_kani=true&JigyosyoCd=2371304581-00&ServiceCd=110&Type=search", "url2": null }, "geometry": { "type": "Point", "coordinates": [ 136.9653384, 35.2074165 ] } },
{ "type": "Feature", "properties": { "内容": "訪問介護くらしい【訪問介護】愛知県名古屋市守山区茶臼前5－10", "url": "https://www.kaigokensaku.mhlw.go.jp/23/index.php?action_kouhyou_detail_004_kani=true&JigyosyoCd=2371305075-00&ServiceCd=110&Type=search", "url2": null }, "geometry": { "type": "Point", "coordinates": [ 136.985976099999988, 35.2059148 ] } },
{ "type": "Feature", "properties": { "内容": "クレール守山ヘルパーセンター【訪問介護】中志段味大洞口2723-1", "url": "https://www.kaigokensaku.mhlw.go.jp/23/index.php?action_kouhyou_detail_004_kani=true&JigyosyoCd=2371305109-00&ServiceCd=110&Type=search", "url2": null }, "geometry": { "type": "Point", "coordinates": [ 137.02942010000001, 35.2443707 ] } },
{ "type": "Feature", "properties": { "内容": "あおば守山【訪問介護】愛知県名古屋市守山区幸心一丁目216番地プラザ小島C号", "url": "https://www.kaigokensaku.mhlw.go.jp/23/index.php?action_kouhyou_detail_004_kani=true&JigyosyoCd=2371305141-00&ServiceCd=110&Type=search", "url2": "http://energycare.co.jp/" }, "geometry": { "type": "Point", "coordinates": [ 136.9447552, 35.2075545 ] } },
{ "type": "Feature", "properties": { "内容": "PurSoins【訪問介護】名古屋市守山区森孝一丁目１３１２番地レジデンス梅村１０３", "url": "https://www.kaigokensaku.mhlw.go.jp/23/index.php?action_kouhyou_detail_004_kani=true&JigyosyoCd=2371302007-00&ServiceCd=110&Type=search", "url2": "http://www.pur-esprit" }, "geometry": { "type": "Point", "coordinates": [ 137.003244499999937, 35.193498 ] } },
{ "type": "Feature", "properties": { "内容": "ヘルパーステーションすずらん【訪問介護】名古屋市守山区幸心三丁目1202番地", "url": "https://www.kaigokensaku.mhlw.go.jp/23/index.php?action_kouhyou_detail_004_kani=true&JigyosyoCd=2371302965-00&ServiceCd=110&Type=search", "url2": "https://w-suzuran.net/" }, "geometry": { "type": "Point", "coordinates": [ 136.949187024467477, 35.21335195299455 ] } },
{ "type": "Feature", "properties": { "内容": "あんしんネットワーク【訪問介護】愛知県名古屋市守山区金屋二丁目388", "url": "https://www.kaigokensaku.mhlw.go.jp/23/index.php?action_kouhyou_detail_004_kani=true&JigyosyoCd=2371300902-00&ServiceCd=110&Type=search", "url2": "http://www.tsubame-taxi.or.jp/" }, "geometry": { "type": "Point", "coordinates": [ 136.955781600000023, 35.2043008 ] } },
{ "type": "Feature", "properties": { "内容": "訪問介護ステーション大森【訪問介護】名古屋市守山区大森１丁目１２０４番地志水ビル　５０３号", "url": "https://www.kaigokensaku.mhlw.go.jp/23/index.php?action_kouhyou_detail_004_kani=true&JigyosyoCd=2371302635-00&ServiceCd=110&Type=search", "url2": null }, "geometry": { "type": "Point", "coordinates": [ 136.994428699999958, 35.2048408 ] } },
{ "type": "Feature", "properties": { "内容": "やさしい手小幡訪問介護事業所【訪問介護】愛知県名古屋市守山区小幡南1-23-1アクロス小幡ビル西館１階", "url": "https://www.kaigokensaku.mhlw.go.jp/23/index.php?action_kouhyou_detail_004_kani=true&JigyosyoCd=2371301140-00&ServiceCd=110&Type=search", "url2": "http://www.yasashiite.com/subdomains/section/011" }, "geometry": { "type": "Point", "coordinates": [ 136.974852422578408, 35.200444418918011 ] } },
{ "type": "Feature", "properties": { "内容": "訪問介護アルク【訪問介護】愛知県名古屋市守山区城土町114パルクヴェール小幡205号", "url": "https://www.kaigokensaku.mhlw.go.jp/23/index.php?action_kouhyou_detail_004_kani=true&JigyosyoCd=2371302551-00&ServiceCd=110&Type=search", "url2": "aruku21.jp" }, "geometry": { "type": "Point", "coordinates": [ 136.9740109, 35.212489499999982 ] } },
{ "type": "Feature", "properties": { "内容": "訪問介護まごころ【訪問介護】名古屋市守山区川村町37番地", "url": "https://www.kaigokensaku.mhlw.go.jp/23/index.php?action_kouhyou_detail_004_kani=true&JigyosyoCd=2371301496-00&ServiceCd=110&Type=search", "url2": null }, "geometry": { "type": "Point", "coordinates": [ 136.963747600000033, 35.2105083 ] } },
{ "type": "Feature", "properties": { "内容": "訪問介護　ココロ守山【訪問介護】愛知県名古屋市守山区大森北二丁目101番地", "url": "https://www.kaigokensaku.mhlw.go.jp/23/index.php?action_kouhyou_detail_004_kani=true&JigyosyoCd=2371301082-00&ServiceCd=110&Type=search", "url2": "http://support22.jp" }, "geometry": { "type": "Point", "coordinates": [ 137.004375662318353, 35.215326766327721 ] } },
{ "type": "Feature", "properties": { "内容": "訪問介護ソレイユ【訪問介護】愛知県名古屋市守山区大森八龍一丁目701番地ケイハウス１階４号室", "url": "https://www.kaigokensaku.mhlw.go.jp/23/index.php?action_kouhyou_detail_004_kani=true&JigyosyoCd=2371301835-00&ServiceCd=110&Type=search", "url2": null }, "geometry": { "type": "Point", "coordinates": [ 136.999583628033406, 35.212526285856839 ] } },
{ "type": "Feature", "properties": { "内容": "ニチイケアセンター喜多山【訪問介護】愛知県名古屋市守山区小幡四丁目9番7号ラプレス喜多山1Ｆ", "url": "https://www.kaigokensaku.mhlw.go.jp/23/index.php?action_kouhyou_detail_004_kani=true&JigyosyoCd=2371301397-00&ServiceCd=110&Type=search", "url2": "http://www.nichiigakkan.co.jp" }, "geometry": { "type": "Point", "coordinates": [ 136.981995890443386, 35.207657080925905 ] } },
{ "type": "Feature", "properties": { "内容": "訪問介護つぼみ【訪問介護】愛知県名古屋市守山区向台三丁目１１０２番地の１", "url": "https://www.kaigokensaku.mhlw.go.jp/23/index.php?action_kouhyou_detail_004_kani=true&JigyosyoCd=2371301702-00&ServiceCd=110&Type=search", "url2": "http://heartfulcare.co.jp/" }, "geometry": { "type": "Point", "coordinates": [ 137.009785499999964, 35.1989378 ] } },
{ "type": "Feature", "properties": { "内容": "ヘルパーステーション　ここみ【訪問介護】深沢一丁目505番地", "url": "https://www.kaigokensaku.mhlw.go.jp/23/index.php?action_kouhyou_detail_004_kani=true&JigyosyoCd=2371302171-00&ServiceCd=110&Type=search", "url2": null }, "geometry": { "type": "Point", "coordinates": [ 137.003896578658328, 35.237793967649793 ] } },
{ "type": "Feature", "properties": { "内容": "介護センター　三つ葉【訪問介護】愛知県名古屋市守山区大牧町3-22グレイス守山1002号", "url": "https://www.kaigokensaku.mhlw.go.jp/23/index.php?action_kouhyou_detail_004_kani=true&JigyosyoCd=2371302718-00&ServiceCd=110&Type=search", "url2": null }, "geometry": { "type": "Point", "coordinates": [ 136.958695400000011, 35.2028595 ] } },
{ "type": "Feature", "properties": { "内容": "ひなたヘルパーステーション【訪問介護】愛知県名古屋市守山区小幡太田701", "url": "https://www.kaigokensaku.mhlw.go.jp/23/index.php?action_kouhyou_detail_004_kani=true&JigyosyoCd=2371301827-00&ServiceCd=110&Type=search", "url2": null }, "geometry": { "type": "Point", "coordinates": [ 136.976391799999988, 35.1938612 ] } },
{ "type": "Feature", "properties": { "内容": "ヘルパーステーションかわかみ【訪問介護】大屋敷9-2ハウス大屋敷106", "url": "https://www.kaigokensaku.mhlw.go.jp/23/index.php?action_kouhyou_detail_004_kani=true&JigyosyoCd=2371302890-00&ServiceCd=110&Type=search", "url2": null }, "geometry": { "type": "Point", "coordinates": [ 136.964862111745674, 35.202347132739646 ] } },
{ "type": "Feature", "properties": { "内容": "ヘルパーステーション夢歌【訪問介護】名古屋市守山区小幡４丁目11－7カトウコーポ１号館101号コーポカトウ１号館101", "url": "https://www.kaigokensaku.mhlw.go.jp/23/index.php?action_kouhyou_detail_004_kani=true&JigyosyoCd=2371301868-00&ServiceCd=110&Type=search", "url2": null }, "geometry": { "type": "Point", "coordinates": [ 136.982560347993513, 35.205854606299944 ] } },
{ "type": "Feature", "properties": { "内容": "ヘルパーステーション建国ビハーラ【訪問介護】愛知県名古屋市守山区青葉台２０６番地", "url": "https://www.kaigokensaku.mhlw.go.jp/23/index.php?action_kouhyou_detail_004_kani=true&JigyosyoCd=2371300779-00&ServiceCd=110&Type=search", "url2": "http://www.kenkoku-vihara.com" }, "geometry": { "type": "Point", "coordinates": [ 136.9940894, 35.2258543 ] } },
{ "type": "Feature", "properties": { "内容": "訪問介護ひまわり【訪問介護】愛知県名古屋市守山区下志段味三丁目2907番地", "url": "https://www.kaigokensaku.mhlw.go.jp/23/index.php?action_kouhyou_detail_004_kani=true&JigyosyoCd=2371300993-00&ServiceCd=110&Type=search", "url2": "http://sunrise-shidami.com/" }, "geometry": { "type": "Point", "coordinates": [ 137.0145473, 35.2482852 ] } },
{ "type": "Feature", "properties": { "内容": "訪問介護あすなろ【訪問介護】白山2-1001-2プラムガーデン１Ｆ", "url": "https://www.kaigokensaku.mhlw.go.jp/23/index.php?action_kouhyou_detail_004_kani=true&JigyosyoCd=2371302866-00&ServiceCd=110&Type=search", "url2": "https://asunaro.jbplt.jp/" }, "geometry": { "type": "Point", "coordinates": [ 137.028448616394058, 35.196816000538405 ] } },
{ "type": "Feature", "properties": { "内容": "ヘルパーステーションほっと広場【訪問介護】愛知県名古屋市守山区藪田町703番地", "url": "https://www.kaigokensaku.mhlw.go.jp/23/index.php?action_kouhyou_detail_004_kani=true&JigyosyoCd=2371301371-00&ServiceCd=110&Type=search", "url2": "http://www.hothiroba.co.jp" }, "geometry": { "type": "Point", "coordinates": [ 136.992370017791018, 35.198644560890465 ] } },
{ "type": "Feature", "properties": { "内容": "ケアスタイル名東【訪問介護】愛知県名古屋市守山区向台一丁目１２１０番地コージィーコート１０２号", "url": "https://www.kaigokensaku.mhlw.go.jp/23/index.php?action_kouhyou_detail_004_kani=true&JigyosyoCd=2371301512-00&ServiceCd=110&Type=search", "url2": null }, "geometry": { "type": "Point", "coordinates": [ 137.0003838, 35.1951366 ] } },
{ "type": "Feature", "properties": { "内容": "ファミリー24守山【訪問介護】名古屋市守山区下志段味5丁目3904番地", "url": "https://www.kaigokensaku.mhlw.go.jp/23/index.php?action_kouhyou_detail_004_kani=true&JigyosyoCd=2371302957-00&ServiceCd=110&Type=search", "url2": null }, "geometry": { "type": "Point", "coordinates": [ 137.014424096454349, 35.250557133818944 ] } },
{ "type": "Feature", "properties": { "内容": "介護ステーション　雅【訪問介護】名古屋市守山区天子田二丁目９２２番地", "url": "https://www.kaigokensaku.mhlw.go.jp/23/index.php?action_kouhyou_detail_004_kani=true&JigyosyoCd=2371301629-00&ServiceCd=110&Type=search", "url2": null }, "geometry": { "type": "Point", "coordinates": [ 137.004266923942652, 35.198594373229781 ] } },
{ "type": "Feature", "properties": { "内容": "訪問介護ステーション　おうお【訪問介護】愛知県名古屋市守山区天子田１丁目８０２番地マイハイス１　４A", "url": "https://www.kaigokensaku.mhlw.go.jp/23/index.php?action_kouhyou_detail_004_kani=true&JigyosyoCd=2371304433-00&ServiceCd=110&Type=search", "url2": "https://www.kaigo-iwu.co.jp/" }, "geometry": { "type": "Point", "coordinates": [ 136.997338, 35.1970122 ] } },
{ "type": "Feature", "properties": { "内容": "メディカルヘルパー守山【訪問介護】愛知県名古屋市守山区白沢町189", "url": "https://www.kaigokensaku.mhlw.go.jp/23/index.php?action_kouhyou_detail_004_kani=true&JigyosyoCd=2371303864-00&ServiceCd=110&Type=search", "url2": "http://thinkbody.co.jp" }, "geometry": { "type": "Point", "coordinates": [ 136.969583206190464, 35.21283389312169 ] } },
{ "type": "Feature", "properties": { "内容": "ヘルパーステーションすずらん喜多山【訪問介護】野萩町9-38住宅型有料老人ホームル・コンフォールすずらん喜多山", "url": "https://www.kaigokensaku.mhlw.go.jp/23/index.php?action_kouhyou_detail_004_kani=true&JigyosyoCd=2371303740-00&ServiceCd=110&Type=search", "url2": "https://w-suzuran.net/" }, "geometry": { "type": "Point", "coordinates": [ 136.98589370000002, 35.2020576 ] } },
{ "type": "Feature", "properties": { "内容": "訪問介護　人と季【訪問介護】愛知県名古屋市守山区桔梗平一丁目1502番地", "url": "https://www.kaigokensaku.mhlw.go.jp/23/index.php?action_kouhyou_detail_004_kani=true&JigyosyoCd=2371304102-00&ServiceCd=110&Type=search", "url2": "https://www.s2cn-hitotoki.com" }, "geometry": { "type": "Point", "coordinates": [ 136.9939068, 35.2311023 ] } },
{ "type": "Feature", "properties": { "内容": "ヘルパーステーションはなひなの杜　守山【訪問介護】愛知県名古屋市守山区小幡一丁目2番5号WOFビル", "url": "https://www.kaigokensaku.mhlw.go.jp/23/index.php?action_kouhyou_detail_004_kani=true&JigyosyoCd=2371303450-00&ServiceCd=110&Type=search", "url2": "https://www.hanahina.jp/ozone" }, "geometry": { "type": "Point", "coordinates": [ 136.975661, 35.2024767 ] } },
{ "type": "Feature", "properties": { "内容": "ゆうあいライフ訪問介護事業所【訪問介護】愛知県名古屋市守山区四軒家一丁目1536番地", "url": "https://www.kaigokensaku.mhlw.go.jp/23/index.php?action_kouhyou_detail_004_kani=true&JigyosyoCd=2371304235-00&ServiceCd=110&Type=search", "url2": "https://yuuai-l.com/" }, "geometry": { "type": "Point", "coordinates": [ 137.018042900000012, 35.1936189 ] } },
{ "type": "Feature", "properties": { "内容": "ウェル介護103森孝【訪問介護】森孝2-919森孝プラザビル2F", "url": "https://www.kaigokensaku.mhlw.go.jp/23/index.php?action_kouhyou_detail_004_kani=true&JigyosyoCd=2371303674-00&ServiceCd=110&Type=search", "url2": null }, "geometry": { "type": "Point", "coordinates": [ 137.00840489999996, 35.1936565 ] } },
{ "type": "Feature", "properties": { "内容": "オオツカ介護サービス上志段味【訪問介護】愛知県名古屋市守山区上志段味東谷2074番地の69", "url": "https://www.kaigokensaku.mhlw.go.jp/23/index.php?action_kouhyou_detail_004_kani=true&JigyosyoCd=2371303625-00&ServiceCd=110&Type=search", "url2": "http://otuka-kaigo.co.jp/" }, "geometry": { "type": "Point", "coordinates": [ 137.043449900000041, 35.2489145 ] } },
{ "type": "Feature", "properties": { "内容": "ケアサポートかがやき【訪問介護】愛知県名古屋市守山区大字中志段味字上寺林103番地の1ボンメゾン三ツ矢106号", "url": "https://www.kaigokensaku.mhlw.go.jp/23/index.php?action_kouhyou_detail_004_kani=true&JigyosyoCd=2371304441-00&ServiceCd=110&Type=search", "url2": null }, "geometry": { "type": "Point", "coordinates": [ 137.0302158, 35.2492753 ] } },
{ "type": "Feature", "properties": { "内容": "すこやか訪問介護ステーション【訪問介護】名古屋市守山区大字中志段味字上寺林104-3コーポNODAX・101号", "url": "https://www.kaigokensaku.mhlw.go.jp/23/index.php?action_kouhyou_detail_004_kani=true&JigyosyoCd=2371303567-00&ServiceCd=110&Type=search", "url2": null }, "geometry": { "type": "Point", "coordinates": [ 137.030037, 35.249271199999981 ] } },
{ "type": "Feature", "properties": { "内容": "ケアステーションエイル【訪問介護】愛知県名古屋市守山区大字上志段味字山の田1005番地オレンジマンションB3号室", "url": "https://www.kaigokensaku.mhlw.go.jp/23/index.php?action_kouhyou_detail_004_kani=true&JigyosyoCd=2371304086-00&ServiceCd=110&Type=search", "url2": "https://www.narkid-eir.com" }, "geometry": { "type": "Point", "coordinates": [ 137.041955799999982, 35.2571817 ] } },
{ "type": "Feature", "properties": { "内容": "ピュアスマイルヘルパーステーション【訪問介護】愛知県名古屋市守山区吉根２丁目１０２番地メルバハイツ１０６号室", "url": "https://www.kaigokensaku.mhlw.go.jp/23/index.php?action_kouhyou_detail_004_kani=true&JigyosyoCd=2371303575-00&ServiceCd=110&Type=search", "url2": null }, "geometry": { "type": "Point", "coordinates": [ 137.000016546478292, 35.234703846672254 ] } },
{ "type": "Feature", "properties": { "内容": "ケア　咲花【訪問介護】愛知県名古屋市守山区大永寺町129", "url": "https://www.kaigokensaku.mhlw.go.jp/23/index.php?action_kouhyou_detail_004_kani=true&JigyosyoCd=2371303179-00&ServiceCd=110&Type=search", "url2": "http://hp.kaipoke.biz/g5n/83649/index_0003.html" }, "geometry": { "type": "Point", "coordinates": [ 136.95908129999998, 35.2076364 ] } },
{ "type": "Feature", "properties": { "内容": "ひなたケアステーションもりやま【訪問介護】名古屋市守山区大字上志段味字樹木1638番地の2", "url": "https://www.kaigokensaku.mhlw.go.jp/23/index.php?action_kouhyou_detail_004_kani=true&JigyosyoCd=2371304508-00&ServiceCd=110&Type=search", "url2": null }, "geometry": { "type": "Point", "coordinates": [ 137.0362781, 35.2505224 ] } },
{ "type": "Feature", "properties": { "内容": "じょいふる訪問介護ステーション【訪問介護】四軒家一丁目331番住宅型有料老人ホームさくら四軒家　内", "url": "https://www.kaigokensaku.mhlw.go.jp/23/index.php?action_kouhyou_detail_004_kani=true&JigyosyoCd=2371303278-00&ServiceCd=110&Type=search", "url2": null }, "geometry": { "type": "Point", "coordinates": [ 137.012515399999984, 35.1940566 ] } },
{ "type": "Feature", "properties": { "内容": "ケアステーション心凰【訪問介護】愛知県名古屋市守山区白山二丁目1503番地メゾン柊館3階A号", "url": "https://www.kaigokensaku.mhlw.go.jp/23/index.php?action_kouhyou_detail_004_kani=true&JigyosyoCd=2371304599-00&ServiceCd=110&Type=search", "url2": null }, "geometry": { "type": "Point", "coordinates": [ 137.029914, 35.1972309 ] } },
{ "type": "Feature", "properties": { "内容": "ヘルパーステーションみんみん【訪問介護】愛知県名古屋市守山区白沢町１３１番地", "url": "https://www.kaigokensaku.mhlw.go.jp/23/index.php?action_kouhyou_detail_004_kani=true&JigyosyoCd=2371304649-00&ServiceCd=110&Type=search", "url2": "https://minmin-houmonkaigo.jp/" }, "geometry": { "type": "Point", "coordinates": [ 136.970548, 35.2136773 ] } },
{ "type": "Feature", "properties": { "内容": "スマイル訪問介護センター【訪問介護】愛知県名古屋市守山区町南1番1号リアライズ矢田川　401号", "url": "https://www.kaigokensaku.mhlw.go.jp/23/index.php?action_kouhyou_detail_004_kani=true&JigyosyoCd=2371304052-00&ServiceCd=110&Type=search", "url2": null }, "geometry": { "type": "Point", "coordinates": [ 136.950815799999987, 35.1950344 ] } },
{ "type": "Feature", "properties": { "内容": "訪問介護みんなのおうち【訪問介護】四軒家一丁目１５７７番地の１ナスキーミズノ１D", "url": "https://www.kaigokensaku.mhlw.go.jp/23/index.php?action_kouhyou_detail_004_kani=true&JigyosyoCd=2371304300-00&ServiceCd=110&Type=search", "url2": null }, "geometry": { "type": "Point", "coordinates": [ 137.017719950995627, 35.19340272420601 ] } },
{ "type": "Feature", "properties": { "内容": "ケアセンターみつき【訪問介護】小六町１８番９号シティライフ城下６０１号", "url": "https://www.kaigokensaku.mhlw.go.jp/23/index.php?action_kouhyou_detail_004_kani=true&JigyosyoCd=2371303435-00&ServiceCd=110&Type=search", "url2": null }, "geometry": { "type": "Point", "coordinates": [ 136.970092199999954, 35.1930417 ] } },
{ "type": "Feature", "properties": { "内容": "ヘルパーステーションほほえみの輪【訪問介護】愛知県名古屋市守山区城南町10-7サンハイツ11　1B", "url": "https://www.kaigokensaku.mhlw.go.jp/23/index.php?action_kouhyou_detail_004_kani=true&JigyosyoCd=2371304714-00&ServiceCd=110&Type=search", "url2": "http://www.hohoeminowayuai.com" }, "geometry": { "type": "Point", "coordinates": [ 136.967279335581964, 35.201955151046214 ] } },
{ "type": "Feature", "properties": { "内容": "つくもヘルパーサービス【訪問介護】愛知県名古屋市守山区鼓が丘一丁目１１５番地", "url": "https://www.kaigokensaku.mhlw.go.jp/23/index.php?action_kouhyou_detail_004_kani=true&JigyosyoCd=2371303245-00&ServiceCd=110&Type=search", "url2": "http://www.tukumokai.jp" }, "geometry": { "type": "Point", "coordinates": [ 137.01005669999995, 35.2290043 ] } },
{ "type": "Feature", "properties": { "内容": "SunSun9℃【訪問介護】愛知県名古屋市守山区下志段味３丁目２１１０番地", "url": "https://www.kaigokensaku.mhlw.go.jp/23/index.php?action_kouhyou_detail_004_kani=true&JigyosyoCd=2371304219-00&ServiceCd=110&Type=search", "url2": "http://treasureship.jp" }, "geometry": { "type": "Point", "coordinates": [ 137.015120753303506, 35.245836557322434 ] } },
{ "type": "Feature", "properties": { "内容": "ホームケアこみち【訪問介護】新城24番16号ｼｰｽﾞﾝｺｰﾄ小幡1階西側", "url": "https://www.kaigokensaku.mhlw.go.jp/23/index.php?action_kouhyou_detail_004_kani=true&JigyosyoCd=2371303294-00&ServiceCd=110&Type=search", "url2": "https://www.comichi.jp/" }, "geometry": { "type": "Point", "coordinates": [ 136.969528800098402, 35.194561663642602 ] } },
{ "type": "Feature", "properties": { "内容": "訪問介護太助【訪問介護】愛知県名古屋市守山区笹ヶ根一丁目1621番地", "url": "https://www.kaigokensaku.mhlw.go.jp/23/index.php?action_kouhyou_detail_004_kani=true&JigyosyoCd=2371304524-00&ServiceCd=110&Type=search", "url2": "http://tasuke.org" }, "geometry": { "type": "Point", "coordinates": [ 137.0074855, 35.2312641 ] } },
{ "type": "Feature", "properties": { "内容": "川島病院　訪問介護事業所【訪問介護】愛知県名古屋市守山区白山３丁目501番地", "url": "https://www.kaigokensaku.mhlw.go.jp/23/index.php?action_kouhyou_detail_004_kani=true&JigyosyoCd=2371304409-00&ServiceCd=110&Type=search", "url2": null }, "geometry": { "type": "Point", "coordinates": [ 137.0289857, 35.1949866 ] } },
{ "type": "Feature", "properties": { "内容": "ケアセンター　ゆう【訪問介護】小幡二丁目５番２１号", "url": "https://www.kaigokensaku.mhlw.go.jp/23/index.php?action_kouhyou_detail_004_kani=true&JigyosyoCd=2371301488-00&ServiceCd=110&Type=search", "url2": null }, "geometry": { "type": "Point", "coordinates": [ 136.97732724769503, 35.206689991884595 ] } },
{ "type": "Feature", "properties": { "内容": "あしたば訪問介護ステーション癒しの杜【訪問介護】愛知県名古屋市守山区下志段味1丁目3701番地", "url": "https://www.kaigokensaku.mhlw.go.jp/23/index.php?action_kouhyou_detail_004_kani=true&JigyosyoCd=2371304318-00&ServiceCd=110&Type=search", "url2": "http://ashitaba-iyashinomori.com" }, "geometry": { "type": "Point", "coordinates": [ 137.022339, 35.2435577 ] } },
{ "type": "Feature", "properties": { "内容": "ニチイケアセンター守山【訪問介護】名古屋市守山区森孝3-1010-1", "url": "https://www.kaigokensaku.mhlw.go.jp/23/index.php?action_kouhyou_detail_004_kani=true&JigyosyoCd=2371301843-00&ServiceCd=110&Type=search", "url2": "www.nichiigakkan.co.jp" }, "geometry": { "type": "Point", "coordinates": [ 137.009790800000019, 35.1934149 ] } },
{ "type": "Feature", "properties": { "内容": "ヘルパーステーション　ゆめかぜ【訪問介護】愛知県名古屋市守山区西島町２番１３号", "url": "https://www.kaigokensaku.mhlw.go.jp/23/index.php?action_kouhyou_detail_004_kani=true&JigyosyoCd=2371303336-00&ServiceCd=110&Type=search", "url2": "http://kaigo-yumean.co.jp/index.html" }, "geometry": { "type": "Point", "coordinates": [ 136.96451460000003, 35.1993463 ] } },
{ "type": "Feature", "properties": { "内容": "ヘルパーステーションゆかり【訪問介護】愛知県名古屋市守山区上志段味東谷2086-269", "url": "https://www.kaigokensaku.mhlw.go.jp/23/index.php?action_kouhyou_detail_004_kani=true&JigyosyoCd=2371303823-00&ServiceCd=110&Type=search", "url2": "http://www.sumika.nagoya/" }, "geometry": { "type": "Point", "coordinates": [ 137.046836922864259, 35.247965543013599 ] } },
{ "type": "Feature", "properties": { "内容": "ヘルパーステーションサンゴ【訪問介護】愛知県名古屋市守山区桔梗平2丁目1201スカイパーク201", "url": "https://www.kaigokensaku.mhlw.go.jp/23/index.php?action_kouhyou_detail_004_kani=true&JigyosyoCd=2371305166-00&ServiceCd=110&Type=search", "url2": null }, "geometry": { "type": "Point", "coordinates": [ 136.9957305, 35.2337072 ] } },
{ "type": "Feature", "properties": { "内容": "ヘルパーステーション愛富【訪問介護】愛知県名古屋市守山区大字中志段味字西山島1888-4山崎ビル102", "url": "https://www.kaigokensaku.mhlw.go.jp/23/index.php?action_kouhyou_detail_004_kani=true&JigyosyoCd=2371305067-00&ServiceCd=110&Type=search", "url2": null }, "geometry": { "type": "Point", "coordinates": [ 137.02380450000004, 35.2488833 ] } },
{ "type": "Feature", "properties": { "内容": "あいちほっと介護センター二十四株式会社【訪問介護】名古屋市守山区小六町21-9カシータス城下1F", "url": "https://www.kaigokensaku.mhlw.go.jp/23/index.php?action_kouhyou_detail_004_kani=true&JigyosyoCd=2371300142-00&ServiceCd=110&Type=search", "url2": "http://hp.kaipoke.biz/0x5/" }, "geometry": { "type": "Point", "coordinates": [ 136.969871256448783, 35.19436796079335 ] } },
{ "type": "Feature", "properties": { "内容": "訪問介護センター　オリーブ【訪問介護】名古屋市守山区瀬古東三丁目210番地の1", "url": "https://www.kaigokensaku.mhlw.go.jp/23/index.php?action_kouhyou_detail_004_kani=true&JigyosyoCd=2371302270-00&ServiceCd=110&Type=search", "url2": "https://eruna.info/company/" }, "geometry": { "type": "Point", "coordinates": [ 136.937961388049274, 35.211270478986961 ] } },
{ "type": "Feature", "properties": { "内容": "訪問ケアあんしん生活【訪問介護】名古屋市守山区大森1丁目3303番地モードビル1階東", "url": "https://www.kaigokensaku.mhlw.go.jp/23/index.php?action_kouhyou_detail_004_kani=true&JigyosyoCd=2371304193-00&ServiceCd=110&Type=search", "url2": null }, "geometry": { "type": "Point", "coordinates": [ 136.995620173885357, 35.205307385773885 ] } },
{ "type": "Feature", "properties": { "内容": "高齢者生活協同組合ヘルプサービスあまこだ【訪問介護】愛知県名古屋市守山区向台1-1218", "url": "https://www.kaigokensaku.mhlw.go.jp/23/index.php?action_kouhyou_detail_004_kani=true&JigyosyoCd=2371300829-00&ServiceCd=110&Type=search", "url2": "http://aichiko.com" }, "geometry": { "type": "Point", "coordinates": [ 137.000725399999965, 35.1946423 ] } },
{ "type": "Feature", "properties": { "内容": "介護センター　あくしゅ【訪問介護】愛知県名古屋市守山区川村町262番地の3", "url": "https://www.kaigokensaku.mhlw.go.jp/23/index.php?action_kouhyou_detail_004_kani=true&JigyosyoCd=2371303484-00&ServiceCd=110&Type=search", "url2": "http://sharehouse-kizuna.0g0.jp/" }, "geometry": { "type": "Point", "coordinates": [ 136.964219700000058, 35.2127718 ] } },
{ "type": "Feature", "properties": { "内容": "Ajuケアステーション【訪問介護】愛知県名古屋市守山区桜坂二丁目1730番地", "url": "https://www.kaigokensaku.mhlw.go.jp/23/index.php?action_kouhyou_detail_004_kani=true&JigyosyoCd=2371304623-00&ServiceCd=110&Type=search", "url2": null }, "geometry": { "type": "Point", "coordinates": [ 137.022000680128372, 35.24160802532171 ] } },
{ "type": "Feature", "properties": { "内容": "ピースケアステーション守山【訪問介護】愛知県名古屋市守山区野萩町5番3号", "url": "https://www.kaigokensaku.mhlw.go.jp/23/index.php?action_kouhyou_detail_004_kani=true&JigyosyoCd=2371304292-00&ServiceCd=110&Type=search", "url2": "https://peace-nagoya.love/" }, "geometry": { "type": "Point", "coordinates": [ 136.9864316, 35.2009208 ] } },
{ "type": "Feature", "properties": { "内容": "ヘルパーステーション　ぽぷら【訪問介護】小幡五丁目11番14号グランドハイツ喜多山1階", "url": "https://www.kaigokensaku.mhlw.go.jp/23/index.php?action_kouhyou_detail_004_kani=true&JigyosyoCd=2371302064-00&ServiceCd=110&Type=search", "url2": "https://www.popuramoriyama-recruit.com/works/" }, "geometry": { "type": "Point", "coordinates": [ 136.9831494, 35.2039739 ] } },
{ "type": "Feature", "properties": { "内容": "ヘルパーステーションふくろう【訪問介護】町南1番1号リアライズ矢田川１０２・１０３号", "url": "https://www.kaigokensaku.mhlw.go.jp/23/index.php?action_kouhyou_detail_004_kani=true&JigyosyoCd=2371302320-00&ServiceCd=110&Type=search", "url2": "http://www.fukurouippuku.web.fc2.com/" }, "geometry": { "type": "Point", "coordinates": [ 136.950798106068419, 35.194999581154384 ] } },
{ "type": "Feature", "properties": { "内容": "訪問介護ハッピー【訪問介護】愛知県名古屋市守山区上志段味所下1060番地の2", "url": "https://www.kaigokensaku.mhlw.go.jp/23/index.php?action_kouhyou_detail_004_kani=true&JigyosyoCd=2371301603-00&ServiceCd=110&Type=search", "url2": null }, "geometry": { "type": "Point", "coordinates": [ 137.04071650000003, 35.2565662 ] } },
{ "type": "Feature", "properties": { "内容": "ヘルパーステーションくるみ【訪問介護】幸心３丁目８０６番地フォレストビィラ幸心１０１号室", "url": "https://www.kaigokensaku.mhlw.go.jp/23/index.php?action_kouhyou_detail_004_kani=true&JigyosyoCd=2371302437-00&ServiceCd=110&Type=search", "url2": null }, "geometry": { "type": "Point", "coordinates": [ 136.948426427871823, 35.213497581912129 ] } },
{ "type": "Feature", "properties": { "内容": "ステラ【訪問介護】愛知県名古屋市守山区守山三丁目3番4号", "url": "https://www.kaigokensaku.mhlw.go.jp/23/index.php?action_kouhyou_detail_004_kani=true&JigyosyoCd=2371304557-00&ServiceCd=110&Type=search", "url2": null }, "geometry": { "type": "Point", "coordinates": [ 136.9572301, 35.1970479 ] } },
{ "type": "Feature", "properties": { "内容": "地域生活支援センター「Ｈｅａｒｔ　Ｌｉｎｋ」【訪問介護】愛知県名古屋市守山区城土町３７３番地１", "url": "https://www.kaigokensaku.mhlw.go.jp/23/index.php?action_kouhyou_detail_004_kani=true&JigyosyoCd=2371303120-00&ServiceCd=110&Type=search", "url2": "http://swc1980.net" }, "geometry": { "type": "Point", "coordinates": [ 136.9762595, 35.212873 ] } },
{ "type": "Feature", "properties": { "内容": "株式会社　　愛翔会【訪問介護】愛知県名古屋市守山区大永寺町２７８番地", "url": "https://www.kaigokensaku.mhlw.go.jp/23/index.php?action_kouhyou_detail_004_kani=true&JigyosyoCd=2371301579-00&ServiceCd=110&Type=search", "url2": null }, "geometry": { "type": "Point", "coordinates": [ 136.959000087046405, 35.209277700706011 ] } },
{ "type": "Feature", "properties": { "内容": "訪問介護ステーションぽけっと【訪問介護】愛知県名古屋市守山区大森二丁目１４１３番地清和ビル１０３号室", "url": "https://www.kaigokensaku.mhlw.go.jp/23/index.php?action_kouhyou_detail_004_kani=true&JigyosyoCd=2371305208-00&ServiceCd=110&Type=search", "url2": "https://www.pocketcarestation.com" }, "geometry": { "type": "Point", "coordinates": [ 136.9918151, 35.2075228 ] } },
{ "type": "Feature", "properties": { "内容": "訪問介護事業所　笑実【訪問介護】名古屋市守山区瀬古３丁目705番地メゾンローゼ403", "url": "https://www.kaigokensaku.mhlw.go.jp/23/index.php?action_kouhyou_detail_004_kani=true&JigyosyoCd=2371304730-00&ServiceCd=110&Type=search", "url2": null }, "geometry": { "type": "Point", "coordinates": [ 136.9405596, 35.2131297 ] } },
{ "type": "Feature", "properties": { "内容": "守山ケアステーション【訪問介護】愛知県名古屋市守山区大字上志段味字東谷2086番地の70BLAD　BERY　G", "url": "https://www.kaigokensaku.mhlw.go.jp/23/index.php?action_kouhyou_detail_004_kani=true&JigyosyoCd=2371303831-00&ServiceCd=110&Type=search", "url2": null }, "geometry": { "type": "Point", "coordinates": [ 137.041512844735706, 35.246605755169817 ] } },
{ "type": "Feature", "properties": { "内容": "ヘルパーステーション　リバー【訪問介護】天子田一丁目1003番地メゾン天子田201", "url": "https://www.kaigokensaku.mhlw.go.jp/23/index.php?action_kouhyou_detail_004_kani=true&JigyosyoCd=2371304094-00&ServiceCd=110&Type=search", "url2": null }, "geometry": { "type": "Point", "coordinates": [ 136.997943899999967, 35.1963734 ] } },
{ "type": "Feature", "properties": { "内容": "ヘルパーステーションRoad【訪問介護】愛知県名古屋市守山区森孝1丁目1711番地フェイスM3階A号室", "url": "https://www.kaigokensaku.mhlw.go.jp/23/index.php?action_kouhyou_detail_004_kani=true&JigyosyoCd=2371304698-00&ServiceCd=110&Type=search", "url2": "https://www.road0601.com/heipar" }, "geometry": { "type": "Point", "coordinates": [ 137.004541599999982, 35.19234340000002 ] } },
{ "type": "Feature", "properties": { "内容": "ヘルパーステーション　クオン【訪問介護】名古屋市守山区瀬古東3-1180", "url": "https://www.kaigokensaku.mhlw.go.jp/23/index.php?action_kouhyou_detail_004_kani=true&JigyosyoCd=2371301355-00&ServiceCd=110&Type=search", "url2": "http://" }, "geometry": { "type": "Point", "coordinates": [ 136.94243437363275, 35.212147801002153 ] } },
{ "type": "Feature", "properties": { "内容": "訪問介護ラパンⅢ【訪問介護】愛知県名古屋市守山区森孝3丁目　408番地住宅型有料老人ホーム　フォレスト八剣内", "url": "https://www.kaigokensaku.mhlw.go.jp/23/index.php?action_kouhyou_detail_004_kani=true&JigyosyoCd=2371302882-00&ServiceCd=110&Type=search", "url2": "ken-ple.com/forest/greeting/" }, "geometry": { "type": "Point", "coordinates": [ 137.008815955711384, 35.194645589928001 ] } },
{ "type": "Feature", "properties": { "内容": "ヘルパーステーションはるのしろ【訪問介護】愛知県名古屋市守山区瀬古1丁目１６２０番地の１", "url": "https://www.kaigokensaku.mhlw.go.jp/23/index.php?action_kouhyou_detail_004_kani=true&JigyosyoCd=2371302767-00&ServiceCd=110&Type=search", "url2": "http://www.endlessroad.net/" }, "geometry": { "type": "Point", "coordinates": [ 136.936674933729591, 35.208887486716137 ] } },
{ "type": "Feature", "properties": { "内容": "守山区介護保険事業所【訪問介護】愛知県名古屋市守山区小幡南一丁目24-10", "url": "https://www.kaigokensaku.mhlw.go.jp/23/index.php?action_kouhyou_detail_004_kani=true&JigyosyoCd=2371300043-00&ServiceCd=110&Type=search", "url2": "http://care-net.biz/23/zaitakunet/" }, "geometry": { "type": "Point", "coordinates": [ 136.975886100000025, 35.2007019 ] } },
{ "type": "Feature", "properties": { "内容": "訪問介護ステーション　神無【訪問介護】名古屋市守山区川北町１７８レージュ川秋１A", "url": "https://www.kaigokensaku.mhlw.go.jp/23/index.php?action_kouhyou_detail_004_kani=true&JigyosyoCd=2371302148-00&ServiceCd=110&Type=search", "url2": "http://hp.kaipoke.biz/kanna/index.html" }, "geometry": { "type": "Point", "coordinates": [ 136.967017072691306, 35.214024868663124 ] } },
{ "type": "Feature", "properties": { "内容": "たいようヘルパーステーション【訪問介護】愛知県名古屋市守山区小幡南３丁目２１－１８sai３０３", "url": "https://www.kaigokensaku.mhlw.go.jp/23/index.php?action_kouhyou_detail_004_kani=true&JigyosyoCd=2371302015-00&ServiceCd=110&Type=search", "url2": null }, "geometry": { "type": "Point", "coordinates": [ 136.981882770981088, 35.202313304052325 ] } },
{ "type": "Feature", "properties": { "内容": "訪問介護のぞみ守山【訪問介護】愛知県名古屋市守山区森宮町173番地", "url": "https://www.kaigokensaku.mhlw.go.jp/23/index.php?action_kouhyou_detail_004_kani=true&JigyosyoCd=2371304359-00&ServiceCd=110&Type=search", "url2": "http://www.lamore.jp/" }, "geometry": { "type": "Point", "coordinates": [ 136.964657675918602, 35.209310239243045 ] } },
{ "type": "Feature", "properties": { "内容": "ヘルパーステーション　セカンド【訪問介護】愛知県名古屋市守山区天子田一丁目1003番地　メゾン天子田　203", "url": "https://www.kaigokensaku.mhlw.go.jp/23/index.php?action_kouhyou_detail_004_kani=true&JigyosyoCd=2371305042-00&ServiceCd=110&Type=search", "url2": null }, "geometry": { "type": "Point", "coordinates": [ 136.9979347, 35.1963223 ] } },
{ "type": "Feature", "properties": { "内容": "けあサポートAtoZ【訪問介護】愛知県名古屋市守山区喜多山南19番15号ガーデンコート喜多山南201号", "url": "https://www.kaigokensaku.mhlw.go.jp/23/index.php?action_kouhyou_detail_004_kani=true&JigyosyoCd=2371304565-00&ServiceCd=110&Type=search", "url2": null }, "geometry": { "type": "Point", "coordinates": [ 136.9888641, 35.2032558 ] } },
{ "type": "Feature", "properties": { "内容": "ヘルパーステーション小幡緑地館【訪問介護】名古屋市守山区緑ヶ丘107番地", "url": "https://www.kaigokensaku.mhlw.go.jp/23/index.php?action_kouhyou_detail_004_kani=true&JigyosyoCd=2371304920-00&ServiceCd=110&Type=search", "url2": "https://www.prestige-care-tokai.co.jp" }, "geometry": { "type": "Point", "coordinates": [ 136.980923, 35.2120216 ] } },
{ "type": "Feature", "properties": { "内容": "ヘルパーステーション　笑み【訪問介護】大永寺町８番地", "url": "https://www.kaigokensaku.mhlw.go.jp/23/index.php?action_kouhyou_detail_004_kani=true&JigyosyoCd=2371305224-00&ServiceCd=110&Type=search", "url2": null }, "geometry": { "type": "Point", "coordinates": [ 136.9578275, 35.2059443 ] } },
{ "type": "Feature", "properties": { "内容": "チーム１３【訪問介護】愛知県名古屋市守山区白沢町３４番地の１", "url": "https://www.kaigokensaku.mhlw.go.jp/23/index.php?action_kouhyou_detail_004_kani=true&JigyosyoCd=2371301892-00&ServiceCd=110&Type=search", "url2": "www.cheer.co.jp" }, "geometry": { "type": "Point", "coordinates": [ 137.034837, 35.2446172 ] } },
{ "type": "Feature", "properties": { "内容": "訪問介護　まるくる【訪問介護】天子田4丁目1710番地", "url": "https://www.kaigokensaku.mhlw.go.jp/23/index.php?action_kouhyou_detail_004_kani=true&JigyosyoCd=2371304607-00&ServiceCd=110&Type=search", "url2": "https://athome-marukuru.com/" }, "geometry": { "type": "Point", "coordinates": [ 137.001847683253033, 35.198168690034521 ] } },
{ "type": "Feature", "properties": { "内容": "訪問介護さんさん事業所【訪問介護】名古屋市守山区森孝東二丁目102番地", "url": "https://www.kaigokensaku.mhlw.go.jp/23/index.php?action_kouhyou_detail_004_kani=true&JigyosyoCd=2371304797-00&ServiceCd=110&Type=search", "url2": null }, "geometry": { "type": "Point", "coordinates": [ 137.026118200000013, 35.1923467 ] } },
{ "type": "Feature", "properties": { "内容": "ケアステーションスカラ【訪問介護】愛知県名古屋市守山区下志段味2丁目1305番地OntheHill103", "url": "https://www.kaigokensaku.mhlw.go.jp/23/index.php?action_kouhyou_detail_004_kani=true&JigyosyoCd=2371304839-00&ServiceCd=110&Type=search", "url2": "https://www.medifore.co.jp/" }, "geometry": { "type": "Point", "coordinates": [ 137.0184654, 35.2415038 ] } },
{ "type": "Feature", "properties": { "内容": "ヘルパーステーション安樹【訪問介護】名古屋市守山区桔梗平3丁目2001番", "url": "https://www.kaigokensaku.mhlw.go.jp/23/index.php?action_kouhyou_detail_004_kani=true&JigyosyoCd=2371304854-00&ServiceCd=110&Type=search", "url2": "http://kaigo-yumean.co.jp" }, "geometry": { "type": "Point", "coordinates": [ 136.9950493, 35.2381581 ] } },
{ "type": "Feature", "properties": { "内容": "訪問介護　サンタ【訪問介護】愛知県名古屋市守山区金屋二丁目266番地大秋ハイツ1号", "url": "https://www.kaigokensaku.mhlw.go.jp/23/index.php?action_kouhyou_detail_004_kani=true&JigyosyoCd=2371304862-00&ServiceCd=110&Type=search", "url2": "https://kaigo-santa.com/" }, "geometry": { "type": "Point", "coordinates": [ 136.9540316, 35.2029343 ] } },
{ "type": "Feature", "properties": { "内容": "訪問介護　うちわ【訪問介護】愛知県名古屋市緑区鳴海町字上汐田276番地サカエファイブ504号室", "url": "https://www.kaigokensaku.mhlw.go.jp/23/index.php?action_kouhyou_detail_004_kani=true&JigyosyoCd=2371404530-00&ServiceCd=110&Type=search", "url2": null }, "geometry": { "type": "Point", "coordinates": [ 136.947886899999986, 35.0792988 ] } },
{ "type": "Feature", "properties": { "内容": "訪問介護ステーションぶらうんらっと【訪問介護】愛知県名古屋市緑区平子が丘2202-2ヴィーヴル平子が丘203", "url": "https://www.kaigokensaku.mhlw.go.jp/23/index.php?action_kouhyou_detail_004_kani=true&JigyosyoCd=2371404324-00&ServiceCd=110&Type=search", "url2": null }, "geometry": { "type": "Point", "coordinates": [ 136.9648137, 35.0736081 ] } },
{ "type": "Feature", "properties": { "内容": "早稲田イーライフ神の倉【訪問介護】名古屋市緑区乗鞍1丁目301－403", "url": "https://www.kaigokensaku.mhlw.go.jp/23/index.php?action_kouhyou_detail_004_kani=true&JigyosyoCd=2371404407-00&ServiceCd=110&Type=search", "url2": "https://ifit-waseda.com" }, "geometry": { "type": "Point", "coordinates": [ 136.993630112637476, 35.096568612756528 ] } },
{ "type": "Feature", "properties": { "内容": "訪問介護ゆら【訪問介護】愛知県名古屋市緑区浦里三丁目330番地アクセスコートⅧ　A3", "url": "https://www.kaigokensaku.mhlw.go.jp/23/index.php?action_kouhyou_detail_004_kani=true&JigyosyoCd=2371404803-00&ServiceCd=110&Type=search", "url2": null }, "geometry": { "type": "Point", "coordinates": [ 136.9492348, 35.0875174 ] } },
{ "type": "Feature", "properties": { "内容": "介護クラーク大高【訪問介護】鳴海町字中汐田215番地の2第5菊屋ビル3E号室", "url": "https://www.kaigokensaku.mhlw.go.jp/23/index.php?action_kouhyou_detail_004_kani=true&JigyosyoCd=2371404969-00&ServiceCd=110&Type=search", "url2": "https://cuc-hospice.com/rehope/" }, "geometry": { "type": "Point", "coordinates": [ 136.9451219, 35.0757047 ] } },
{ "type": "Feature", "properties": { "内容": "ゴールドエイジ　鳴海営業所【訪問介護】名古屋市緑区浦里5丁目115番地ゴールドエイジ鳴海", "url": "https://www.kaigokensaku.mhlw.go.jp/23/index.php?action_kouhyou_detail_004_kani=true&JigyosyoCd=2371404902-00&ServiceCd=110&Type=search", "url2": null }, "geometry": { "type": "Point", "coordinates": [ 136.943441400000012, 35.0845243 ] } },
{ "type": "Feature", "properties": { "内容": "Hanaヘルパーステーション【訪問介護】愛知県名古屋市緑区篭山3丁目119番地テラスレジデンス鳴海B22号", "url": "https://www.kaigokensaku.mhlw.go.jp/23/index.php?action_kouhyou_detail_004_kani=true&JigyosyoCd=2371404878-00&ServiceCd=110&Type=search", "url2": null }, "geometry": { "type": "Point", "coordinates": [ 136.98306740000001, 35.0815312 ] } },
{ "type": "Feature", "properties": { "内容": "ケアリッツ徳重【訪問介護】愛知県名古屋市緑区徳重5-625アーバニティ幸202", "url": "https://www.kaigokensaku.mhlw.go.jp/23/index.php?action_kouhyou_detail_004_kani=true&JigyosyoCd=2371404977-00&ServiceCd=110&Type=search", "url2": "https://www.careritz.co.jp/station/branch/tokushige/" }, "geometry": { "type": "Point", "coordinates": [ 136.995807799999966, 35.0886394 ] } },
{ "type": "Feature", "properties": { "内容": "ワンセルフケアステーション【訪問介護】愛知県名古屋市緑区元徳重一丁目1516番地", "url": "https://www.kaigokensaku.mhlw.go.jp/23/index.php?action_kouhyou_detail_004_kani=true&JigyosyoCd=2371405008-00&ServiceCd=110&Type=search", "url2": null }, "geometry": { "type": "Point", "coordinates": [ 137.0026752, 35.0965689 ] } },
{ "type": "Feature", "properties": { "内容": "ヘルパーステーションMayLily徳重【訪問介護】愛知県名古屋市緑区徳重三丁目221番地の1", "url": "https://www.kaigokensaku.mhlw.go.jp/23/index.php?action_kouhyou_detail_004_kani=true&JigyosyoCd=2371405016-00&ServiceCd=110&Type=search", "url2": "https://w-suzuran.net/" }, "geometry": { "type": "Point", "coordinates": [ 137.0041999, 35.0880434 ] } },
{ "type": "Feature", "properties": { "内容": "ヘルパーステーションシリン【訪問介護】若田二丁目1110番地シャンブル若田303", "url": "https://www.kaigokensaku.mhlw.go.jp/23/index.php?action_kouhyou_detail_004_kani=true&JigyosyoCd=2371405024-00&ServiceCd=110&Type=search", "url2": null }, "geometry": { "type": "Point", "coordinates": [ 136.96953329055151, 35.077048890684146 ] } },
{ "type": "Feature", "properties": { "内容": "アースサポート名古屋緑【訪問介護】愛知県名古屋市緑区鳴海町字花井町34番地", "url": "https://www.kaigokensaku.mhlw.go.jp/23/index.php?action_kouhyou_detail_004_kani=true&JigyosyoCd=2371401668-00&ServiceCd=110&Type=search", "url2": "https://www.earthsupport.co.jp/" }, "geometry": { "type": "Point", "coordinates": [ 136.951048899999932, 35.0831262 ] } },
{ "type": "Feature", "properties": { "内容": "ヘルパーステーション和心【訪問介護】愛知県名古屋市緑区諸の木二丁目2501番地ナーシング和楽縁みどり1F", "url": "https://www.kaigokensaku.mhlw.go.jp/23/index.php?action_kouhyou_detail_004_kani=true&JigyosyoCd=2371403573-00&ServiceCd=110&Type=search", "url2": "http://www.gazelle-inc.com" }, "geometry": { "type": "Point", "coordinates": [ 137.004370995006838, 35.076277207448136 ] } },
{ "type": "Feature", "properties": { "内容": "訪問介護パタパタママ【訪問介護】名古屋市緑区桃山四丁目３１４番地", "url": "https://www.kaigokensaku.mhlw.go.jp/23/index.php?action_kouhyou_detail_004_kani=true&JigyosyoCd=2371401312-00&ServiceCd=110&Type=search", "url2": "http://www.mc.ccnw.ne.jp/ppmm/index.html" }, "geometry": { "type": "Point", "coordinates": [ 136.985540300000025, 35.1037787 ] } },
{ "type": "Feature", "properties": { "内容": "ヘルパーステーション陽【訪問介護】愛知県名古屋市緑区桶狭間森前1106番地", "url": "https://www.kaigokensaku.mhlw.go.jp/23/index.php?action_kouhyou_detail_004_kani=true&JigyosyoCd=2371403151-00&ServiceCd=110&Type=search", "url2": "http://shouseikai.jp.net" }, "geometry": { "type": "Point", "coordinates": [ 136.967319506074489, 35.049862858409391 ] } },
{ "type": "Feature", "properties": { "内容": "土屋訪問介護事業所　名古屋緑センター【訪問介護】愛知県名古屋市緑区滝ノ水四丁目2101番地セントラル滝ノ水401号室", "url": "https://www.kaigokensaku.mhlw.go.jp/23/index.php?action_kouhyou_detail_004_kani=true&JigyosyoCd=2371404605-00&ServiceCd=110&Type=search", "url2": "https://tsuchiya-midori.net" }, "geometry": { "type": "Point", "coordinates": [ 136.9744728, 35.0829185 ] } },
{ "type": "Feature", "properties": { "内容": "あくとケアみどり【訪問介護】名古屋市緑区漆山1401番地レジデンス漆山B棟201号", "url": "https://www.kaigokensaku.mhlw.go.jp/23/index.php?action_kouhyou_detail_004_kani=true&JigyosyoCd=2371403839-00&ServiceCd=110&Type=search", "url2": "https://actcare.jp/" }, "geometry": { "type": "Point", "coordinates": [ 136.954718, 35.0687689 ] } },
{ "type": "Feature", "properties": { "内容": "ヘルパーステーションすずらん有松【訪問介護】桶狭間巻山714住宅型有料老人ホームル・コンフォールすずらん有松", "url": "https://www.kaigokensaku.mhlw.go.jp/23/index.php?action_kouhyou_detail_004_kani=true&JigyosyoCd=2371403763-00&ServiceCd=110&Type=search", "url2": "https://w-suzuran.net/" }, "geometry": { "type": "Point", "coordinates": [ 136.96847, 35.0569768 ] } },
{ "type": "Feature", "properties": { "内容": "ヘルパーステーションぽぽ【訪問介護】愛知県名古屋市緑区六田一丁目１９２番地", "url": "https://www.kaigokensaku.mhlw.go.jp/23/index.php?action_kouhyou_detail_004_kani=true&JigyosyoCd=2371400488-00&ServiceCd=110&Type=search", "url2": "http://www.k-tanpopo.co.jp/" }, "geometry": { "type": "Point", "coordinates": [ 136.958753900000033, 35.0781519 ] } },
{ "type": "Feature", "properties": { "内容": "ヘルパーステーションはな華【訪問介護】名古屋市緑区大高町字中ノ島46番地1", "url": "https://www.kaigokensaku.mhlw.go.jp/23/index.php?action_kouhyou_detail_004_kani=true&JigyosyoCd=2371403946-00&ServiceCd=110&Type=search", "url2": "https://hanahana-g.com/" }, "geometry": { "type": "Point", "coordinates": [ 136.925976253689555, 35.063100321685702 ] } },
{ "type": "Feature", "properties": { "内容": "アスモ介護サービス大高【訪問介護】愛知県名古屋市緑区南大高3-1211ドミトリー南大高105号室", "url": "https://www.kaigokensaku.mhlw.go.jp/23/index.php?action_kouhyou_detail_004_kani=true&JigyosyoCd=2371402583-00&ServiceCd=110&Type=search", "url2": null }, "geometry": { "type": "Point", "coordinates": [ 136.945443966964746, 35.052038432738101 ] } },
{ "type": "Feature", "properties": { "内容": "まごころ介護【訪問介護】愛知県名古屋市緑区鳴海町字矢切77番地の2", "url": "https://www.kaigokensaku.mhlw.go.jp/23/index.php?action_kouhyou_detail_004_kani=true&JigyosyoCd=2371403672-00&ServiceCd=110&Type=search", "url2": null }, "geometry": { "type": "Point", "coordinates": [ 136.951717255326798, 35.082538193912235 ] } },
{ "type": "Feature", "properties": { "内容": "ヘルパーステーションアロー名南【訪問介護】愛知県名古屋市緑区四本木６０８番地", "url": "https://www.kaigokensaku.mhlw.go.jp/23/index.php?action_kouhyou_detail_004_kani=true&JigyosyoCd=2371402591-00&ServiceCd=110&Type=search", "url2": null }, "geometry": { "type": "Point", "coordinates": [ 136.961895967983992, 35.070806948711464 ] } },
{ "type": "Feature", "properties": { "内容": "心笑ヘルパーステーション【訪問介護】名古屋市緑区鹿山2丁目1番5号ナーシングこえみ緑鹿山1F", "url": "https://www.kaigokensaku.mhlw.go.jp/23/index.php?action_kouhyou_detail_004_kani=true&JigyosyoCd=2371404464-00&ServiceCd=110&Type=search", "url2": "https://www.koemi.jp/" }, "geometry": { "type": "Point", "coordinates": [ 136.9636989, 35.0897703 ] } },
{ "type": "Feature", "properties": { "内容": "ベルディー【訪問介護】徳重五丁目411番地メゾングリーンイースト101号室", "url": "https://www.kaigokensaku.mhlw.go.jp/23/index.php?action_kouhyou_detail_004_kani=true&JigyosyoCd=2371404522-00&ServiceCd=110&Type=search", "url2": null }, "geometry": { "type": "Point", "coordinates": [ 136.9966243, 35.088886 ] } },
{ "type": "Feature", "properties": { "内容": "ケアステーションあかり【訪問介護】愛知県名古屋市緑区有松町有松往還南214-4バンベール有松1008号室", "url": "https://www.kaigokensaku.mhlw.go.jp/23/index.php?action_kouhyou_detail_004_kani=true&JigyosyoCd=2371403029-00&ServiceCd=110&Type=search", "url2": null }, "geometry": { "type": "Point", "coordinates": [ 136.968817119802054, 35.065514437151037 ] } },
{ "type": "Feature", "properties": { "内容": "ケアネットリゾン鳴海【訪問介護】愛知県名古屋市緑区鳴海町字赤塚２７ゆうゆう未来館鳴海", "url": "https://www.kaigokensaku.mhlw.go.jp/23/index.php?action_kouhyou_detail_004_kani=true&JigyosyoCd=2371401361-00&ServiceCd=110&Type=search", "url2": "http://www.yuyu-club.net/gtop/index.htm" }, "geometry": { "type": "Point", "coordinates": [ 136.956831800000032, 35.091187 ] } },
{ "type": "Feature", "properties": { "内容": "ニチイケアセンター桃山【訪問介護】名古屋市緑区桃山3-510", "url": "https://www.kaigokensaku.mhlw.go.jp/23/index.php?action_kouhyou_detail_004_kani=true&JigyosyoCd=2371400512-00&ServiceCd=110&Type=search", "url2": "http://www.nichiigakkan.co.jp" }, "geometry": { "type": "Point", "coordinates": [ 136.9915231, 35.1002849 ] } },
{ "type": "Feature", "properties": { "内容": "ニチイケアセンターみどり【訪問介護】愛知県名古屋市緑区潮見が丘三丁目４３番地青山コーポ１Ｆ", "url": "https://www.kaigokensaku.mhlw.go.jp/23/index.php?action_kouhyou_detail_004_kani=true&JigyosyoCd=2371401585-00&ServiceCd=110&Type=search", "url2": "http://www.nichiigakkan.co.jp/" }, "geometry": { "type": "Point", "coordinates": [ 136.964818199999968, 35.080899 ] } },
{ "type": "Feature", "properties": { "内容": "ニチイケアセンター神の倉【訪問介護】愛知県名古屋市緑区赤松716ニューライフオフィスビル1階西号室", "url": "https://www.kaigokensaku.mhlw.go.jp/23/index.php?action_kouhyou_detail_004_kani=true&JigyosyoCd=2371404167-00&ServiceCd=110&Type=search", "url2": "http://www.nichiigakkan.co.jp" }, "geometry": { "type": "Point", "coordinates": [ 137.016427, 35.100775200000015 ] } },
{ "type": "Feature", "properties": { "内容": "ひなたの丘ヘルパーステーション【訪問介護】愛知県名古屋市緑区細口3丁目531", "url": "https://www.kaigokensaku.mhlw.go.jp/23/index.php?action_kouhyou_detail_004_kani=true&JigyosyoCd=2371402526-00&ServiceCd=110&Type=search", "url2": null }, "geometry": { "type": "Point", "coordinates": [ 136.990298375818469, 35.08843448907588 ] } },
{ "type": "Feature", "properties": { "内容": "ヘルパーステーションほら貝【訪問介護】愛知県名古屋市緑区桃山四丁目129番地", "url": "https://www.kaigokensaku.mhlw.go.jp/23/index.php?action_kouhyou_detail_004_kani=true&JigyosyoCd=2371403037-00&ServiceCd=110&Type=search", "url2": null }, "geometry": { "type": "Point", "coordinates": [ 136.984618100000034, 35.1041092 ] } },
{ "type": "Feature", "properties": { "内容": "風ヘルパーステーション【訪問介護】森の里一丁目7番地", "url": "https://www.kaigokensaku.mhlw.go.jp/23/index.php?action_kouhyou_detail_004_kani=true&JigyosyoCd=2371402252-00&ServiceCd=110&Type=search", "url2": "https://kaze-village.com/" }, "geometry": { "type": "Point", "coordinates": [ 136.940818904665207, 35.063680706490942 ] } },
{ "type": "Feature", "properties": { "内容": "株式会社福祉の里　名古屋鳴海営業所【訪問介護】名古屋市緑区六田1丁目185", "url": "https://www.kaigokensaku.mhlw.go.jp/23/index.php?action_kouhyou_detail_004_kani=true&JigyosyoCd=2371400322-00&ServiceCd=110&Type=search", "url2": "https://www.fukushinosato.co.jp/facility/narumi.html" }, "geometry": { "type": "Point", "coordinates": [ 136.959062200000062, 35.0786019 ] } },
{ "type": "Feature", "properties": { "内容": "よつば【訪問介護】名古屋市緑区鳴海町字向田176番地の1BELLB.L.D301号室", "url": "https://www.kaigokensaku.mhlw.go.jp/23/index.php?action_kouhyou_detail_004_kani=true&JigyosyoCd=2371402658-00&ServiceCd=110&Type=search", "url2": null }, "geometry": { "type": "Point", "coordinates": [ 136.949193499999978, 35.0779515 ] } },
{ "type": "Feature", "properties": { "内容": "Ｍ＆Ｓヘルパーステーション【訪問介護】愛知県名古屋市緑区大高町字亀原48番地の1", "url": "https://www.kaigokensaku.mhlw.go.jp/23/index.php?action_kouhyou_detail_004_kani=true&JigyosyoCd=2371403458-00&ServiceCd=110&Type=search", "url2": "ms-odaka.com" }, "geometry": { "type": "Point", "coordinates": [ 136.947643699999986, 35.0661359 ] } },
{ "type": "Feature", "properties": { "内容": "訪問介護WAYMAKER【訪問介護】ほら貝一丁目429番地", "url": "https://www.kaigokensaku.mhlw.go.jp/23/index.php?action_kouhyou_detail_004_kani=true&JigyosyoCd=2371404084-00&ServiceCd=110&Type=search", "url2": null }, "geometry": { "type": "Point", "coordinates": [ 136.9810986, 35.0997115 ] } },
{ "type": "Feature", "properties": { "内容": "訪問介護ハローすまいる【訪問介護】籠山1丁目1302サウスヒルズⅭ棟103", "url": "https://www.kaigokensaku.mhlw.go.jp/23/index.php?action_kouhyou_detail_004_kani=true&JigyosyoCd=2371404308-00&ServiceCd=110&Type=search", "url2": null }, "geometry": { "type": "Point", "coordinates": [ 136.9851677, 35.0854137 ] } },
{ "type": "Feature", "properties": { "内容": "ヘルパーステーションRe:Life【訪問介護】愛知県名古屋市緑区太子1-357太子マンション店舗3号", "url": "https://www.kaigokensaku.mhlw.go.jp/23/index.php?action_kouhyou_detail_004_kani=true&JigyosyoCd=2371403920-00&ServiceCd=110&Type=search", "url2": "https://reh-village.jp/" }, "geometry": { "type": "Point", "coordinates": [ 136.977961100000016, 35.064274 ] } },
{ "type": "Feature", "properties": { "内容": "ヘルパーステーションあじさい【訪問介護】名古屋市緑区桃山1－54", "url": "https://www.kaigokensaku.mhlw.go.jp/23/index.php?action_kouhyou_detail_004_kani=true&JigyosyoCd=2371400611-00&ServiceCd=110&Type=search", "url2": "azisai-hp@minami.or.jp" }, "geometry": { "type": "Point", "coordinates": [ 136.987803799999938, 35.1071562 ] } },
{ "type": "Feature", "properties": { "内容": "南医療生活協同組合　　ヘルパーステーションわかば【訪問介護】愛知県名古屋市緑区有松三丁山913", "url": "https://www.kaigokensaku.mhlw.go.jp/23/index.php?action_kouhyou_detail_004_kani=true&JigyosyoCd=2371400850-00&ServiceCd=110&Type=search", "url2": "http://" }, "geometry": { "type": "Point", "coordinates": [ 136.966861222341549, 35.063432994197115 ] } },
{ "type": "Feature", "properties": { "内容": "南生協よってって横丁　ヘルパーステーションよってって【訪問介護】愛知県名古屋市緑区南大高二丁目７０１番地南生協よってって横丁おたがいさまの家", "url": "https://www.kaigokensaku.mhlw.go.jp/23/index.php?action_kouhyou_detail_004_kani=true&JigyosyoCd=2371403250-00&ServiceCd=110&Type=search", "url2": "https://www.minami-hp.jp" }, "geometry": { "type": "Point", "coordinates": [ 136.947327878929173, 35.055421861905806 ] } },
{ "type": "Feature", "properties": { "内容": "指定訪問介護ゆうらぎの森緑事業所【訪問介護】名古屋市緑区池上台3-6", "url": "https://www.kaigokensaku.mhlw.go.jp/23/index.php?action_kouhyou_detail_004_kani=true&JigyosyoCd=2371401684-00&ServiceCd=110&Type=search", "url2": "http://www.tomarigi.co.jp/" }, "geometry": { "type": "Point", "coordinates": [ 136.966189399999962, 35.0913097 ] } },
{ "type": "Feature", "properties": { "内容": "あい愛ライフなるみ訪問介護サービス【訪問介護】名古屋市緑区鳴海町字有松裏５番地の７", "url": "https://www.kaigokensaku.mhlw.go.jp/23/index.php?action_kouhyou_detail_004_kani=true&JigyosyoCd=2371400082-00&ServiceCd=110&Type=search", "url2": "https://r.goope.jp/narumikaigoshien/" }, "geometry": { "type": "Point", "coordinates": [ 136.970767099999989, 35.0688342 ] } },
{ "type": "Feature", "properties": { "内容": "有限会社もみじ【訪問介護】名古屋市緑区神の倉四丁目２２８番地", "url": "https://www.kaigokensaku.mhlw.go.jp/23/index.php?action_kouhyou_detail_004_kani=true&JigyosyoCd=2371400264-00&ServiceCd=110&Type=search", "url2": null }, "geometry": { "type": "Point", "coordinates": [ 137.010593, 35.09953 ] } },
{ "type": "Feature", "properties": { "内容": "ゆうな訪問介護事業所【訪問介護】名古屋市緑区神沢一丁目２４１２番地", "url": "https://www.kaigokensaku.mhlw.go.jp/23/index.php?action_kouhyou_detail_004_kani=true&JigyosyoCd=2371401270-00&ServiceCd=110&Type=search", "url2": "http://" }, "geometry": { "type": "Point", "coordinates": [ 136.986232, 35.0979461 ] } },
{ "type": "Feature", "properties": { "内容": "訪問介護事業所　ほがらか【訪問介護】愛知県名古屋市緑区白土３０４ホワイトステージＡ棟１０２", "url": "https://www.kaigokensaku.mhlw.go.jp/23/index.php?action_kouhyou_detail_004_kani=true&JigyosyoCd=2371402997-00&ServiceCd=110&Type=search", "url2": "http://yuuki-kaigo.com" }, "geometry": { "type": "Point", "coordinates": [ 137.022487100000035, 35.1026868 ] } },
{ "type": "Feature", "properties": { "内容": "ヘルパーステーション滝ノ水【訪問介護】名古屋市緑区万場山一丁目１７１１番地レジデンス万場山201号", "url": "https://www.kaigokensaku.mhlw.go.jp/23/index.php?action_kouhyou_detail_004_kani=true&JigyosyoCd=2371404217-00&ServiceCd=110&Type=search", "url2": "https://hs-takinomizu201.com/" }, "geometry": { "type": "Point", "coordinates": [ 136.9704667, 35.0927045 ] } },
{ "type": "Feature", "properties": { "内容": "ヘルパーステーションよすが【訪問介護】愛知県名古屋市緑区鳴海町字鉾ノ木５９番地の１", "url": "https://www.kaigokensaku.mhlw.go.jp/23/index.php?action_kouhyou_detail_004_kani=true&JigyosyoCd=2371403771-00&ServiceCd=110&Type=search", "url2": "https://tomys-yosuga.com/helperst/" }, "geometry": { "type": "Point", "coordinates": [ 136.95141506763045, 35.089387869847201 ] } },
{ "type": "Feature", "properties": { "内容": "介護サービス　アロア【訪問介護】愛知県名古屋市緑区梅里二丁目１２番地の1パークサイド梅里１０２号", "url": "https://www.kaigokensaku.mhlw.go.jp/23/index.php?action_kouhyou_detail_004_kani=true&JigyosyoCd=2371402856-00&ServiceCd=110&Type=search", "url2": null }, "geometry": { "type": "Point", "coordinates": [ 136.9904702, 35.1062925 ] } },
{ "type": "Feature", "properties": { "内容": "アクア緑訪問介護【訪問介護】愛知県名古屋市緑区大高町寅新田150番地の３", "url": "https://www.kaigokensaku.mhlw.go.jp/23/index.php?action_kouhyou_detail_004_kani=true&JigyosyoCd=2371404134-00&ServiceCd=110&Type=search", "url2": null }, "geometry": { "type": "Point", "coordinates": [ 136.9201405, 35.0634797 ] } },
{ "type": "Feature", "properties": { "内容": "H&Nヘルパーステーション鳴海【訪問介護】愛知県名古屋市緑区鳴海町横吹字40番地の6住宅型有料老人ホームＨ＆Ｎ鳴海", "url": "https://www.kaigokensaku.mhlw.go.jp/23/index.php?action_kouhyou_detail_004_kani=true&JigyosyoCd=2371403581-00&ServiceCd=110&Type=search", "url2": "http://heartofleaf.hn-hd.com/houmonkaigo.html#narumi" }, "geometry": { "type": "Point", "coordinates": [ 136.996310417196696, 35.083762000000149 ] } },
{ "type": "Feature", "properties": { "内容": "ヘルパーステーションうえのやま【訪問介護】鳴海町上ノ山76-2", "url": "https://www.kaigokensaku.mhlw.go.jp/23/index.php?action_kouhyou_detail_004_kani=true&JigyosyoCd=2371404290-00&ServiceCd=110&Type=search", "url2": "https://fujikina.co.jp/" }, "geometry": { "type": "Point", "coordinates": [ 136.9546504, 35.0947357 ] } },
{ "type": "Feature", "properties": { "内容": "株式会社　暖家【訪問介護】名古屋市緑区鳴海町字上ノ山50番地の1", "url": "https://www.kaigokensaku.mhlw.go.jp/23/index.php?action_kouhyou_detail_004_kani=true&JigyosyoCd=2371403607-00&ServiceCd=110&Type=search", "url2": null }, "geometry": { "type": "Point", "coordinates": [ 136.955301299999974, 35.0971894 ] } },
{ "type": "Feature", "properties": { "内容": "訪問介護　ふじ【訪問介護】青山2丁目198番地2C号1階", "url": "https://www.kaigokensaku.mhlw.go.jp/23/index.php?action_kouhyou_detail_004_kani=true&JigyosyoCd=2371404050-00&ServiceCd=110&Type=search", "url2": "https://yusei2019.com/" }, "geometry": { "type": "Point", "coordinates": [ 136.951429313475046, 35.070394322244297 ] } },
{ "type": "Feature", "properties": { "内容": "ケアステーション元気村【訪問介護】愛知県名古屋市緑区緑花台1946番ファインビレッジ緑花台1F", "url": "https://www.kaigokensaku.mhlw.go.jp/23/index.php?action_kouhyou_detail_004_kani=true&JigyosyoCd=2371402641-00&ServiceCd=110&Type=search", "url2": "http://www.fine-village.com/" }, "geometry": { "type": "Point", "coordinates": [ 136.961038738345337, 35.058941414265036 ] } },
{ "type": "Feature", "properties": { "内容": "ライフサポートのどか【訪問介護】名古屋市緑区平手北二丁目５０９番地", "url": "https://www.kaigokensaku.mhlw.go.jp/23/index.php?action_kouhyou_detail_004_kani=true&JigyosyoCd=2371401734-00&ServiceCd=110&Type=search", "url2": "https://lifesupport-nodoka.com/" }, "geometry": { "type": "Point", "coordinates": [ 136.991028940554628, 35.087333508264969 ] } },
{ "type": "Feature", "properties": { "内容": "ヘルパーステーション　笑の花【訪問介護】名古屋市緑区桶狭間神明601-21", "url": "https://www.kaigokensaku.mhlw.go.jp/23/index.php?action_kouhyou_detail_004_kani=true&JigyosyoCd=2371401148-00&ServiceCd=110&Type=search", "url2": "http://" }, "geometry": { "type": "Point", "coordinates": [ 136.964195199999949, 35.0555683 ] } },
{ "type": "Feature", "properties": { "内容": "HeavenGatesLifeSupport【訪問介護】愛知県名古屋市緑区鳴子町2丁目115番地ベテル鳴子2A", "url": "https://www.kaigokensaku.mhlw.go.jp/23/index.php?action_kouhyou_detail_004_kani=true&JigyosyoCd=2371404480-00&ServiceCd=110&Type=search", "url2": null }, "geometry": { "type": "Point", "coordinates": [ 136.962334, 35.1004817 ] } },
{ "type": "Feature", "properties": { "内容": "ケアステーションクローバー【訪問介護】愛知県名古屋市緑区滝ノ水5-2105", "url": "https://www.kaigokensaku.mhlw.go.jp/23/index.php?action_kouhyou_detail_004_kani=true&JigyosyoCd=2371404472-00&ServiceCd=110&Type=search", "url2": "https://burisu-clover.com/" }, "geometry": { "type": "Point", "coordinates": [ 136.972394215380859, 35.085452636284806 ] } },
{ "type": "Feature", "properties": { "内容": "ヘルパーステーション　鶴の会【訪問介護】愛知県名古屋市緑区鎌倉台2丁目1901番地２", "url": "https://www.kaigokensaku.mhlw.go.jp/23/index.php?action_kouhyou_detail_004_kani=true&JigyosyoCd=2371402849-00&ServiceCd=110&Type=search", "url2": null }, "geometry": { "type": "Point", "coordinates": [ 136.987313525208179, 35.071034845289553 ] } },
{ "type": "Feature", "properties": { "内容": "ヘルパーステーションきらり【訪問介護】名古屋市緑区鳴海町字有松裏200番地ウインハート有松住宅棟２階", "url": "https://www.kaigokensaku.mhlw.go.jp/23/index.php?action_kouhyou_detail_004_kani=true&JigyosyoCd=2371404621-00&ServiceCd=110&Type=search", "url2": "https://phama-star-kaigo.jp" }, "geometry": { "type": "Point", "coordinates": [ 136.9724454, 35.0672053 ] } },
{ "type": "Feature", "properties": { "内容": "ヘルパーステーション鳴海館【訪問介護】愛知県名古屋市緑区鳴海町字三高根41番地", "url": "https://www.kaigokensaku.mhlw.go.jp/23/index.php?action_kouhyou_detail_004_kani=true&JigyosyoCd=2371404860-00&ServiceCd=110&Type=search", "url2": "https://www.prestige-care-tokai.co.jp/institutions/narumikan/" }, "geometry": { "type": "Point", "coordinates": [ 136.9533241, 35.0889581 ] } },
{ "type": "Feature", "properties": { "内容": "訪問介護事業所幸の運び【訪問介護】愛知県名古屋市緑区滝ノ水一丁目902番地サンMALEKI1F", "url": "https://www.kaigokensaku.mhlw.go.jp/23/index.php?action_kouhyou_detail_004_kani=true&JigyosyoCd=2371403532-00&ServiceCd=110&Type=search", "url2": "https://www.big-advance.site/s/127/1308" }, "geometry": { "type": "Point", "coordinates": [ 136.977350500000057, 35.0912875 ] } },
{ "type": "Feature", "properties": { "内容": "訪問介護メイ【訪問介護】愛知県名古屋市緑区潮見が丘1‐2‐1ジョイフル潮見301", "url": "https://www.kaigokensaku.mhlw.go.jp/23/index.php?action_kouhyou_detail_004_kani=true&JigyosyoCd=2371404639-00&ServiceCd=110&Type=search", "url2": null }, "geometry": { "type": "Point", "coordinates": [ 136.9610635, 35.0845288 ] } },
{ "type": "Feature", "properties": { "内容": "ランプケアサービス【訪問介護】神沢一丁目1615番地の1", "url": "https://www.kaigokensaku.mhlw.go.jp/23/index.php?action_kouhyou_detail_004_kani=true&JigyosyoCd=2371404662-00&ServiceCd=110&Type=search", "url2": null }, "geometry": { "type": "Point", "coordinates": [ 136.9890335, 35.0974703 ] } },
{ "type": "Feature", "properties": { "内容": "緑区介護保険事業所【訪問介護】愛知県名古屋市緑区鳴子町1丁目7番１緑区在宅サービスセンター内", "url": "https://www.kaigokensaku.mhlw.go.jp/23/index.php?action_kouhyou_detail_004_kani=true&JigyosyoCd=2371400025-00&ServiceCd=110&Type=search", "url2": "http://care-net.biz/23/zaitakunet" }, "geometry": { "type": "Point", "coordinates": [ 136.964015574175221, 35.098786646026774 ] } },
{ "type": "Feature", "properties": { "内容": "ケアステーション久方【訪問介護】梅里1-27タウン梅里G棟202号", "url": "https://www.kaigokensaku.mhlw.go.jp/23/index.php?action_kouhyou_detail_004_kani=true&JigyosyoCd=2371403854-00&ServiceCd=110&Type=search", "url2": null }, "geometry": { "type": "Point", "coordinates": [ 136.984263368014552, 35.104314863613688 ] } },
{ "type": "Feature", "properties": { "内容": "ヘルパーステーション　かりん名古屋市緑区【訪問介護】愛知県名古屋市緑区ほら貝一丁目224-1", "url": "https://www.kaigokensaku.mhlw.go.jp/23/index.php?action_kouhyou_detail_004_kani=true&JigyosyoCd=2371405040-00&ServiceCd=110&Type=search", "url2": "https://karin-care.jp/" }, "geometry": { "type": "Point", "coordinates": [ 136.979575358197025, 35.100530057166289 ] } },
{ "type": "Feature", "properties": { "内容": "訪問介護ステーション　チャレンジ【訪問介護】愛知県名古屋市緑区桃山一丁目77番地桃山住宅14棟401号", "url": "https://www.kaigokensaku.mhlw.go.jp/23/index.php?action_kouhyou_detail_004_kani=true&JigyosyoCd=2371404696-00&ServiceCd=110&Type=search", "url2": null }, "geometry": { "type": "Point", "coordinates": [ 136.988602760713206, 35.104881430318635 ] } },
{ "type": "Feature", "properties": { "内容": "訪問介護　ねこのて【訪問介護】愛知県名古屋市緑区大将ヶ根２丁目６１８番地富士ハイツ103号室", "url": "https://www.kaigokensaku.mhlw.go.jp/23/index.php?action_kouhyou_detail_004_kani=true&JigyosyoCd=2371404787-00&ServiceCd=110&Type=search", "url2": "https：//nekonote38.com" }, "geometry": { "type": "Point", "coordinates": [ 136.9828066, 35.0630011 ] } },
{ "type": "Feature", "properties": { "内容": "愛ライフ訪問介護センター【訪問介護】愛知県名古屋市緑区鳴丘二丁目2808", "url": "https://www.kaigokensaku.mhlw.go.jp/23/index.php?action_kouhyou_detail_004_kani=true&JigyosyoCd=2371400835-00&ServiceCd=110&Type=search", "url2": "http://www.ailife.co.jp" }, "geometry": { "type": "Point", "coordinates": [ 136.986837799999989, 35.0893027 ] } },
{ "type": "Feature", "properties": { "内容": "ヘルパーステーション　欅【訪問介護】南大高四丁目２０９番地クリスタルシャトーｓｕｚｕｋｉ１－Ｅ", "url": "https://www.kaigokensaku.mhlw.go.jp/23/index.php?action_kouhyou_detail_004_kani=true&JigyosyoCd=2371402138-00&ServiceCd=110&Type=search", "url2": null }, "geometry": { "type": "Point", "coordinates": [ 136.940454596373002, 35.056469853387362 ] } },
{ "type": "Feature", "properties": { "内容": "ライフサポート　マミーケアサービス【訪問介護】愛知県名古屋市緑区鳴海町赤塚55-1", "url": "https://www.kaigokensaku.mhlw.go.jp/23/index.php?action_kouhyou_detail_004_kani=true&JigyosyoCd=2371403953-00&ServiceCd=110&Type=search", "url2": null }, "geometry": { "type": "Point", "coordinates": [ 136.956895600000053, 35.0903204 ] } },
{ "type": "Feature", "properties": { "内容": "メリィケア有松【訪問介護】愛知県名古屋市緑区有松三丁山609番地サンコート有松103号室", "url": "https://www.kaigokensaku.mhlw.go.jp/23/index.php?action_kouhyou_detail_004_kani=true&JigyosyoCd=2371404720-00&ServiceCd=110&Type=search", "url2": "https://mei-mei.co.jp/" }, "geometry": { "type": "Point", "coordinates": [ 136.9674389, 35.0649545 ] } },
{ "type": "Feature", "properties": { "内容": "訪問介護事業所　トップウェル鳴海【訪問介護】諸の木一丁目808番地", "url": "https://www.kaigokensaku.mhlw.go.jp/23/index.php?action_kouhyou_detail_004_kani=true&JigyosyoCd=2371402443-00&ServiceCd=110&Type=search", "url2": null }, "geometry": { "type": "Point", "coordinates": [ 137.005856714016801, 35.082992025024708 ] } },
{ "type": "Feature", "properties": { "内容": "訪問介護　あとおし【訪問介護】愛知県名古屋市緑区曽根一丁目138番地メゾンサファイア305", "url": "https://www.kaigokensaku.mhlw.go.jp/23/index.php?action_kouhyou_detail_004_kani=true&JigyosyoCd=2371405032-00&ServiceCd=110&Type=search", "url2": null }, "geometry": { "type": "Point", "coordinates": [ 136.956598607969283, 35.074496830968585 ] } },
{ "type": "Feature", "properties": { "内容": "訪問介護ほしぞら【訪問介護】愛知県名古屋市緑区文大高町字167番地の2", "url": "https://www.kaigokensaku.mhlw.go.jp/23/index.php?action_kouhyou_detail_004_kani=true&JigyosyoCd=2371404811-00&ServiceCd=110&Type=search", "url2": "https://bluestatice.com/" }, "geometry": { "type": "Point", "coordinates": [ 136.938715602788676, 35.067104237480017 ] } },
{ "type": "Feature", "properties": { "内容": "ケアサービスきずな【訪問介護】愛知県名古屋市緑区大将ケ根二丁目730番地フォンティーヌ203", "url": "https://www.kaigokensaku.mhlw.go.jp/23/index.php?action_kouhyou_detail_004_kani=true&JigyosyoCd=2371404928-00&ServiceCd=110&Type=search", "url2": null }, "geometry": { "type": "Point", "coordinates": [ 136.9819278, 35.0627958 ] } },
{ "type": "Feature", "properties": { "内容": "あいちヘルパーステーション【訪問介護】愛知県名古屋市緑区尾崎山２－１０２", "url": "https://www.kaigokensaku.mhlw.go.jp/23/index.php?action_kouhyou_detail_004_kani=true&JigyosyoCd=2371401072-00&ServiceCd=110&Type=search", "url2": "http://www.minaka.net/" }, "geometry": { "type": "Point", "coordinates": [ 136.976174899999933, 35.0767755 ] } },
{ "type": "Feature", "properties": { "内容": "訪問介護パル【訪問介護】名古屋市名東区小井堀町１００１番地ユニーブル藤ヶ丘サウスパーク406号", "url": "https://www.kaigokensaku.mhlw.go.jp/23/index.php?action_kouhyou_detail_004_kani=true&JigyosyoCd=2371500931-00&ServiceCd=110&Type=search", "url2": "http://" }, "geometry": { "type": "Point", "coordinates": [ 137.025355200000035, 35.1730364 ] } },
{ "type": "Feature", "properties": { "内容": "ＬＡＧＯＭ西山ヘルパーステーション【訪問介護】亀の井3−68−１メゾン虹ヶ丘303号", "url": "https://www.kaigokensaku.mhlw.go.jp/23/index.php?action_kouhyou_detail_004_kani=true&JigyosyoCd=2371503695-00&ServiceCd=110&Type=search", "url2": "https://lagom.nagoya" }, "geometry": { "type": "Point", "coordinates": [ 137.002649125794989, 35.16234438431264 ] } },
{ "type": "Feature", "properties": { "内容": "居宅支援センター千のきずな【訪問介護】愛知県名古屋市名東区極楽三丁目304番地パシフィックハイツ204", "url": "https://www.kaigokensaku.mhlw.go.jp/23/index.php?action_kouhyou_detail_004_kani=true&JigyosyoCd=2371504040-00&ServiceCd=110&Type=search", "url2": "https://www.sennokizuna.net/" }, "geometry": { "type": "Point", "coordinates": [ 137.0248043, 35.1554958 ] } },
{ "type": "Feature", "properties": { "内容": "訪問介護ステーションメープルリング【訪問介護】愛知県名古屋市名東区猪高台一丁目1301番地タイコウビル3階", "url": "https://www.kaigokensaku.mhlw.go.jp/23/index.php?action_kouhyou_detail_004_kani=true&JigyosyoCd=2371503307-00&ServiceCd=110&Type=search", "url2": "www.maplering.com" }, "geometry": { "type": "Point", "coordinates": [ 137.002789731413259, 35.182108220699519 ] } },
{ "type": "Feature", "properties": { "内容": "まっぴー訪問サービス【訪問介護】名古屋市名東区引山三丁目108番地サンハイツ引山1B号室", "url": "https://www.kaigokensaku.mhlw.go.jp/23/index.php?action_kouhyou_detail_004_kani=true&JigyosyoCd=2371504099-00&ServiceCd=110&Type=search", "url2": null }, "geometry": { "type": "Point", "coordinates": [ 136.998950400000041, 35.1922488 ] } },
{ "type": "Feature", "properties": { "内容": "ヘルパーステーション・エデン【訪問介護】名古屋市名東区文教台二丁目４０５番地　シニアハウス文教台１Ｆ", "url": "https://www.kaigokensaku.mhlw.go.jp/23/index.php?action_kouhyou_detail_004_kani=true&JigyosyoCd=2371501459-00&ServiceCd=110&Type=search", "url2": "http://" }, "geometry": { "type": "Point", "coordinates": [ 137.001284199999986, 35.1810911 ] } },
{ "type": "Feature", "properties": { "内容": "訪問介護ステーションちどり【訪問介護】愛知県名古屋市名東区猪高台一丁目１０２２番地ＳＴマンション３０１号室", "url": "https://www.kaigokensaku.mhlw.go.jp/23/index.php?action_kouhyou_detail_004_kani=true&JigyosyoCd=2371504305-00&ServiceCd=110&Type=search", "url2": "https://chidori-kaigo.com/" }, "geometry": { "type": "Point", "coordinates": [ 137.006288399999988, 35.1815946 ] } },
{ "type": "Feature", "properties": { "内容": "Libertaケアステーション【訪問介護】名古屋市名東区一社三丁目121番地の1", "url": "https://www.kaigokensaku.mhlw.go.jp/23/index.php?action_kouhyou_detail_004_kani=true&JigyosyoCd=2371504297-00&ServiceCd=110&Type=search", "url2": null }, "geometry": { "type": "Point", "coordinates": [ 137.004525299999983, 35.1698811 ] } },
{ "type": "Feature", "properties": { "内容": "四季の華訪問介護センター星が丘【訪問介護】愛知県名古屋市名東区高間町64番地住宅型有料老人ホーム　四季の華星が丘東", "url": "https://www.kaigokensaku.mhlw.go.jp/23/index.php?action_kouhyou_detail_004_kani=true&JigyosyoCd=2371504396-00&ServiceCd=110&Type=search", "url2": null }, "geometry": { "type": "Point", "coordinates": [ 136.997089049073793, 35.161050944700342 ] } },
{ "type": "Feature", "properties": { "内容": "パプリカ居宅訪問介護名古屋名東【訪問介護】愛知県名古屋市名東区一社4丁目114番地の1シャンテニエ2G", "url": "https://www.kaigokensaku.mhlw.go.jp/23/index.php?action_kouhyou_detail_004_kani=true&JigyosyoCd=2371504420-00&ServiceCd=110&Type=search", "url2": "paprika-heart.com" }, "geometry": { "type": "Point", "coordinates": [ 137.0037825, 35.1675905 ] } },
{ "type": "Feature", "properties": { "内容": "四季の華訪問介護センター【訪問介護】山の手２丁目８０２番地住宅型有料老人ホーム四季の華名東山の手内", "url": "https://www.kaigokensaku.mhlw.go.jp/23/index.php?action_kouhyou_detail_004_kani=true&JigyosyoCd=2371502549-00&ServiceCd=110&Type=search", "url2": "http://shikinohana.jp/" }, "geometry": { "type": "Point", "coordinates": [ 136.991749199999958, 35.1848543 ] } },
{ "type": "Feature", "properties": { "内容": "ヘルパーステーション　ハートブリッジ【訪問介護】愛知県名東区引山１丁目１００５サンリバーｋ２０２号", "url": "https://www.kaigokensaku.mhlw.go.jp/23/index.php?action_kouhyou_detail_004_kani=true&JigyosyoCd=2371502978-00&ServiceCd=110&Type=search", "url2": "https://smileheart-incorporated.online/" }, "geometry": { "type": "Point", "coordinates": [ 136.9993016, 35.189269900000021 ] } },
{ "type": "Feature", "properties": { "内容": "ケアコール藤が丘【訪問介護】愛知県名古屋市名東区明が丘79番地ファミリー・ホスピスOASIS藤が丘", "url": "https://www.kaigokensaku.mhlw.go.jp/23/index.php?action_kouhyou_detail_004_kani=true&JigyosyoCd=2371503828-00&ServiceCd=110&Type=search", "url2": "https://family-hospice.co.jp/facility/64/" }, "geometry": { "type": "Point", "coordinates": [ 137.017715900000013, 35.1821835 ] } },
{ "type": "Feature", "properties": { "内容": "愛恩訪問介護ステーション【訪問介護】極楽四丁目９０４番地サンライズ極楽１０５号室", "url": "https://www.kaigokensaku.mhlw.go.jp/23/index.php?action_kouhyou_detail_004_kani=true&JigyosyoCd=2371503604-00&ServiceCd=110&Type=search", "url2": null }, "geometry": { "type": "Point", "coordinates": [ 137.016994, 35.1553509 ] } },
{ "type": "Feature", "properties": { "内容": "サニーライフ名古屋名東　訪問介護事業所【訪問介護】愛知県名古屋市名東区高針台二丁目901番地", "url": "https://www.kaigokensaku.mhlw.go.jp/23/index.php?action_kouhyou_detail_004_kani=true&JigyosyoCd=2371502606-00&ServiceCd=110&Type=search", "url2": "http://www.sunnylife-group.co.jp" }, "geometry": { "type": "Point", "coordinates": [ 137.017180300000064, 35.1585363 ] } },
{ "type": "Feature", "properties": { "内容": "ヘルパーステーション　アリス【訪問介護】愛知県名古屋市名東区引山３－５８０パールレジデンスⅡ２０１", "url": "https://www.kaigokensaku.mhlw.go.jp/23/index.php?action_kouhyou_detail_004_kani=true&JigyosyoCd=2371501822-00&ServiceCd=110&Type=search", "url2": null }, "geometry": { "type": "Point", "coordinates": [ 136.998396243516453, 35.194473346634865 ] } },
{ "type": "Feature", "properties": { "内容": "介護２４はーと【訪問介護】名古屋市名東区引山三丁目715番地", "url": "https://www.kaigokensaku.mhlw.go.jp/23/index.php?action_kouhyou_detail_004_kani=true&JigyosyoCd=2371501921-00&ServiceCd=110&Type=search", "url2": "e-life.nagoya" }, "geometry": { "type": "Point", "coordinates": [ 137.010374899999988, 35.1770974 ] } },
{ "type": "Feature", "properties": { "内容": "訪問介護たすけびと【訪問介護】愛知県名古屋市名東区引山2丁目406番地雄徳ビル1A号", "url": "https://www.kaigokensaku.mhlw.go.jp/23/index.php?action_kouhyou_detail_004_kani=true&JigyosyoCd=2371503521-00&ServiceCd=110&Type=search", "url2": null }, "geometry": { "type": "Point", "coordinates": [ 137.000842199999965, 35.1910483 ] } },
{ "type": "Feature", "properties": { "内容": "ヘルパーステションはなひなの杜　名東【訪問介護】愛知県名古屋市名東区八前２－１００１", "url": "https://www.kaigokensaku.mhlw.go.jp/23/index.php?action_kouhyou_detail_004_kani=true&JigyosyoCd=2371502630-00&ServiceCd=110&Type=search", "url2": "http://www.hanahina.jp" }, "geometry": { "type": "Point", "coordinates": [ 136.989867254027558, 35.180531219177531 ] } },
{ "type": "Feature", "properties": { "内容": "Hands【訪問介護】愛知県名古屋市名東区藤里町３０－１FSマンション３０２号", "url": "https://www.kaigokensaku.mhlw.go.jp/23/index.php?action_kouhyou_detail_004_kani=true&JigyosyoCd=2371500972-00&ServiceCd=110&Type=search", "url2": "http://www.hikariclub.com/" }, "geometry": { "type": "Point", "coordinates": [ 137.005862100000058, 35.15745 ] } },
{ "type": "Feature", "properties": { "内容": "ヘルパーステーション　ゆうわ【訪問介護】香流３丁目1008", "url": "https://www.kaigokensaku.mhlw.go.jp/23/index.php?action_kouhyou_detail_004_kani=true&JigyosyoCd=2371501723-00&ServiceCd=110&Type=search", "url2": "http://www.yu-kikaku.info/" }, "geometry": { "type": "Point", "coordinates": [ 136.997595600000068, 35.1867376 ] } },
{ "type": "Feature", "properties": { "内容": "訪問介護事業所　エミサン【訪問介護】名古屋市名東区一社一丁目７９番地第六名昭ビル３階", "url": "https://www.kaigokensaku.mhlw.go.jp/23/index.php?action_kouhyou_detail_004_kani=true&JigyosyoCd=2371502481-00&ServiceCd=110&Type=search", "url2": null }, "geometry": { "type": "Point", "coordinates": [ 136.994648604404773, 35.16741812828726 ] } },
{ "type": "Feature", "properties": { "内容": "ケア２１一社【訪問介護】愛知県名古屋市名東区一社二丁目１６２番地の１松甫ビル２Ｆ", "url": "https://www.kaigokensaku.mhlw.go.jp/23/index.php?action_kouhyou_detail_004_kani=true&JigyosyoCd=2371502457-00&ServiceCd=110&Type=search", "url2": null }, "geometry": { "type": "Point", "coordinates": [ 136.996807499999932, 35.1663179 ] } },
{ "type": "Feature", "properties": { "内容": "訪問介護ステーション　サワ【訪問介護】愛知県名古屋市名東区高針台二丁目101番地", "url": "https://www.kaigokensaku.mhlw.go.jp/23/index.php?action_kouhyou_detail_004_kani=true&JigyosyoCd=2371503638-00&ServiceCd=110&Type=search", "url2": null }, "geometry": { "type": "Point", "coordinates": [ 137.016107208598328, 35.159522799199699 ] } },
{ "type": "Feature", "properties": { "内容": "ケアネットリゾン藤が丘【訪問介護】愛知県名古屋市名東区照が丘210番地", "url": "https://www.kaigokensaku.mhlw.go.jp/23/index.php?action_kouhyou_detail_004_kani=true&JigyosyoCd=2371501756-00&ServiceCd=110&Type=search", "url2": "http://www.yuyu-club.net/gtop/index.htm" }, "geometry": { "type": "Point", "coordinates": [ 137.0251647, 35.1772618 ] } },
{ "type": "Feature", "properties": { "内容": "ヘルパーステーション　ソラスト名東【訪問介護】名古屋市名東区代万町１丁目４９番", "url": "https://www.kaigokensaku.mhlw.go.jp/23/index.php?action_kouhyou_detail_004_kani=true&JigyosyoCd=2371503240-00&ServiceCd=110&Type=search", "url2": "https://solasto-kaigo.com/care/area/post-14.html" }, "geometry": { "type": "Point", "coordinates": [ 136.992694706745851, 35.159251085646957 ] } },
{ "type": "Feature", "properties": { "内容": "ツクイ名古屋名東平和が丘【訪問介護】愛知県名古屋市名東区平和が丘四丁目235番地", "url": "https://www.kaigokensaku.mhlw.go.jp/23/index.php?action_kouhyou_detail_004_kani=true&JigyosyoCd=2371503760-00&ServiceCd=110&Type=search", "url2": "https://www.tsukui.net/" }, "geometry": { "type": "Point", "coordinates": [ 136.991640665916179, 35.171319719605762 ] } },
{ "type": "Feature", "properties": { "内容": "ニチイケアセンター名古屋東【訪問介護】名古屋市名東区高社1-89第2東昭ビル　2-A", "url": "https://www.kaigokensaku.mhlw.go.jp/23/index.php?action_kouhyou_detail_004_kani=true&JigyosyoCd=2371500204-00&ServiceCd=110&Type=search", "url2": "http://www.nichiigakkan.co.jp" }, "geometry": { "type": "Point", "coordinates": [ 136.993221799999986, 35.1680064 ] } },
{ "type": "Feature", "properties": { "内容": "ﾆﾁｲｹｱｾﾝﾀｰ藤が丘【訪問介護】愛知県名古屋市名東区本郷2-66-1ﾌｧｰｽﾄﾋﾞﾙ503号", "url": "https://www.kaigokensaku.mhlw.go.jp/23/index.php?action_kouhyou_detail_004_kani=true&JigyosyoCd=2371503737-00&ServiceCd=110&Type=search", "url2": null }, "geometry": { "type": "Point", "coordinates": [ 137.012833199999989, 35.1761574 ] } },
{ "type": "Feature", "properties": { "内容": "Ｈ＆Ｎヘルパーステーション名東【訪問介護】愛知県名古屋市名東区社が丘1-804", "url": "https://www.kaigokensaku.mhlw.go.jp/23/index.php?action_kouhyou_detail_004_kani=true&JigyosyoCd=2371502424-00&ServiceCd=110&Type=search", "url2": "https://hn-hd.com/" }, "geometry": { "type": "Point", "coordinates": [ 137.015538902672347, 35.172603583270806 ] } },
{ "type": "Feature", "properties": { "内容": "訪問介護事業所つながり【訪問介護】藤森２－２８６ステイタスビル304", "url": "https://www.kaigokensaku.mhlw.go.jp/23/index.php?action_kouhyou_detail_004_kani=true&JigyosyoCd=2371502101-00&ServiceCd=110&Type=search", "url2": null }, "geometry": { "type": "Point", "coordinates": [ 137.01221350000003, 35.1787223 ] } },
{ "type": "Feature", "properties": { "内容": "かいご堂【訪問介護】新宿二丁目56番地シャンポール新宿103", "url": "https://www.kaigokensaku.mhlw.go.jp/23/index.php?action_kouhyou_detail_004_kani=true&JigyosyoCd=2371502143-00&ServiceCd=110&Type=search", "url2": "http://www.kaigo-do.com/" }, "geometry": { "type": "Point", "coordinates": [ 137.011497800870188, 35.152040241675898 ] } },
{ "type": "Feature", "properties": { "内容": "訪問介護事業所フリーウォーク【訪問介護】愛知県名古屋市名東区香南二丁目916番地", "url": "https://www.kaigokensaku.mhlw.go.jp/23/index.php?action_kouhyou_detail_004_kani=true&JigyosyoCd=2371502622-00&ServiceCd=110&Type=search", "url2": "https://freewalk.jp/" }, "geometry": { "type": "Point", "coordinates": [ 137.007507319517231, 35.189039281697745 ] } },
{ "type": "Feature", "properties": { "内容": "訪問介護あんじゅ【訪問介護】愛知県名古屋市名東区牧の里一丁目１０８番地アーバンきたじま１０１", "url": "https://www.kaigokensaku.mhlw.go.jp/23/index.php?action_kouhyou_detail_004_kani=true&JigyosyoCd=2371502531-00&ServiceCd=110&Type=search", "url2": null }, "geometry": { "type": "Point", "coordinates": [ 137.0044567, 35.155953 ] } },
{ "type": "Feature", "properties": { "内容": "愛知ケア訪問介護ステーション【訪問介護】愛知県名古屋市名東区高社1-248三陽ドーリエビル4階", "url": "https://www.kaigokensaku.mhlw.go.jp/23/index.php?action_kouhyou_detail_004_kani=true&JigyosyoCd=2371501632-00&ServiceCd=110&Type=search", "url2": "http://aichicare.jp/" }, "geometry": { "type": "Point", "coordinates": [ 136.994405, 35.168195299999979 ] } },
{ "type": "Feature", "properties": { "内容": "訪問介護あかね【訪問介護】猪高台ニ丁目401番地第2名正ハイツ", "url": "https://www.kaigokensaku.mhlw.go.jp/23/index.php?action_kouhyou_detail_004_kani=true&JigyosyoCd=2371501962-00&ServiceCd=110&Type=search", "url2": null }, "geometry": { "type": "Point", "coordinates": [ 137.005010935581936, 35.181246447819674 ] } },
{ "type": "Feature", "properties": { "内容": "ヘルパーステーションあたしンち!!【訪問介護】名古屋市名東区新宿1丁目３１０番地", "url": "https://www.kaigokensaku.mhlw.go.jp/23/index.php?action_kouhyou_detail_004_kani=true&JigyosyoCd=2371501749-00&ServiceCd=110&Type=search", "url2": null }, "geometry": { "type": "Point", "coordinates": [ 137.0144391, 35.1501958 ] } },
{ "type": "Feature", "properties": { "内容": "にじのさと名東サービスセンター【訪問介護】愛知県名古屋市名東区本郷3-171ハイツ・ラミアール201号室", "url": "https://www.kaigokensaku.mhlw.go.jp/23/index.php?action_kouhyou_detail_004_kani=true&JigyosyoCd=2371503570-00&ServiceCd=110&Type=search", "url2": "http://www.elderly.jp/" }, "geometry": { "type": "Point", "coordinates": [ 137.017663800000037, 35.1777383 ] } },
{ "type": "Feature", "properties": { "内容": "株式会社名東介護センター【訪問介護】名古屋市名東区名東本通３丁目３１番地第６東洋ビル1F", "url": "https://www.kaigokensaku.mhlw.go.jp/23/index.php?action_kouhyou_detail_004_kani=true&JigyosyoCd=2371500279-00&ServiceCd=110&Type=search", "url2": "http://www.m-care.net/" }, "geometry": { "type": "Point", "coordinates": [ 136.996100326428177, 35.16069721412569 ] } },
{ "type": "Feature", "properties": { "内容": "メディカルケア名東　訪問介護事業所【訪問介護】愛知県名古屋市名東区大針三丁目140番1", "url": "https://www.kaigokensaku.mhlw.go.jp/23/index.php?action_kouhyou_detail_004_kani=true&JigyosyoCd=2371504107-00&ServiceCd=110&Type=search", "url2": "http://www.kaiteki.ne.jp/service2.html" }, "geometry": { "type": "Point", "coordinates": [ 137.016495216394077, 35.148124743786546 ] } },
{ "type": "Feature", "properties": { "内容": "ヘルパーステーションことは【訪問介護】名古屋市名東区香流2丁目601番地レジオン香流102号室", "url": "https://www.kaigokensaku.mhlw.go.jp/23/index.php?action_kouhyou_detail_004_kani=true&JigyosyoCd=2371501616-00&ServiceCd=110&Type=search", "url2": "http://www.kotoha2007.co.jp/homehelp.html" }, "geometry": { "type": "Point", "coordinates": [ 136.995273491125147, 35.188210408504411 ] } },
{ "type": "Feature", "properties": { "内容": "訪問介護事業所　ドラゴン【訪問介護】愛知県名古屋市名東区藤森一丁目２５２番地藤清コーポ２０２号", "url": "https://www.kaigokensaku.mhlw.go.jp/23/index.php?action_kouhyou_detail_004_kani=true&JigyosyoCd=2371501335-00&ServiceCd=110&Type=search", "url2": "http//www.kaigo-doragon.jimdo.com/" }, "geometry": { "type": "Point", "coordinates": [ 137.007370700000024, 35.1812798 ] } },
{ "type": "Feature", "properties": { "内容": "リトル・トゥリー　みずき【訪問介護】愛知県名古屋市名東区新宿2-34-1メイトウヤマダビル201", "url": "https://www.kaigokensaku.mhlw.go.jp/23/index.php?action_kouhyou_detail_004_kani=true&JigyosyoCd=2371501319-00&ServiceCd=110&Type=search", "url2": "http://www.little-tree.org" }, "geometry": { "type": "Point", "coordinates": [ 137.010780937573259, 35.152543334111726 ] } },
{ "type": "Feature", "properties": { "内容": "シーアイ訪問介護事業所【訪問介護】愛知県名古屋市名東区藤森西町612アムールフジ101号", "url": "https://www.kaigokensaku.mhlw.go.jp/23/index.php?action_kouhyou_detail_004_kani=true&JigyosyoCd=2371502986-00&ServiceCd=110&Type=search", "url2": null }, "geometry": { "type": "Point", "coordinates": [ 136.993967200000043, 35.165457600000011 ] } },
{ "type": "Feature", "properties": { "内容": "ヘルパーステーションさわやか【訪問介護】愛知県名古屋市名東区八前2-310ライオンズマンション平和が丘第３　105号", "url": "https://www.kaigokensaku.mhlw.go.jp/23/index.php?action_kouhyou_detail_004_kani=true&JigyosyoCd=2371503596-00&ServiceCd=110&Type=search", "url2": "http://hp.kaipoke.biz/kvg/" }, "geometry": { "type": "Point", "coordinates": [ 136.98484940000003, 35.1811424 ] } },
{ "type": "Feature", "properties": { "内容": "なないろCare【訪問介護】愛知県名古屋市名東区引山二丁目404番地ユーハウス引山５A", "url": "https://www.kaigokensaku.mhlw.go.jp/23/index.php?action_kouhyou_detail_004_kani=true&JigyosyoCd=2371503893-00&ServiceCd=110&Type=search", "url2": null }, "geometry": { "type": "Point", "coordinates": [ 137.000792600000011, 35.1913271 ] } },
{ "type": "Feature", "properties": { "内容": "訪問介護事業所　恵【訪問介護】名古屋市名東区香南２丁目１３１５番地", "url": "https://www.kaigokensaku.mhlw.go.jp/23/index.php?action_kouhyou_detail_004_kani=true&JigyosyoCd=2371503133-00&ServiceCd=110&Type=search", "url2": null }, "geometry": { "type": "Point", "coordinates": [ 137.004314099999988, 35.1883292 ] } },
{ "type": "Feature", "properties": { "内容": "ケアサービス結愛ＹＯＵＩ【訪問介護】愛知県名古屋市名東区山の手三丁目806番地三旺マンション４０２号", "url": "https://www.kaigokensaku.mhlw.go.jp/23/index.php?action_kouhyou_detail_004_kani=true&JigyosyoCd=2371503901-00&ServiceCd=110&Type=search", "url2": null }, "geometry": { "type": "Point", "coordinates": [ 136.9943788, 35.1859805 ] } },
{ "type": "Feature", "properties": { "内容": "コープあいち福祉サービス名東【訪問介護】名古屋市名東区香南２丁目１３０２高木ビル２Ｄ", "url": "https://www.kaigokensaku.mhlw.go.jp/23/index.php?action_kouhyou_detail_004_kani=true&JigyosyoCd=2371501210-00&ServiceCd=110&Type=search", "url2": "http://coopaichi.tcoop.or.jp/" }, "geometry": { "type": "Point", "coordinates": [ 137.004514, 35.1885153 ] } },
{ "type": "Feature", "properties": { "内容": "愛・I　ホームヘルパーステーション【訪問介護】名古屋市名東区石が根町８５番地高重ビル１０３号", "url": "https://www.kaigokensaku.mhlw.go.jp/23/index.php?action_kouhyou_detail_004_kani=true&JigyosyoCd=2371501202-00&ServiceCd=110&Type=search", "url2": "http://tasukeaiwcoaiai.strikingly.com/" }, "geometry": { "type": "Point", "coordinates": [ 137.008901535829182, 35.181928647523115 ] } },
{ "type": "Feature", "properties": { "内容": "ヘルパーハウス八前【訪問介護】愛知県名古屋市名東区八前一丁目801番地ライオンビル503号", "url": "https://www.kaigokensaku.mhlw.go.jp/23/index.php?action_kouhyou_detail_004_kani=true&JigyosyoCd=2371503141-00&ServiceCd=110&Type=search", "url2": "www.nozominoie.com" }, "geometry": { "type": "Point", "coordinates": [ 136.9858415, 35.1832099 ] } },
{ "type": "Feature", "properties": { "内容": "ヘルパーハウスかりん【訪問介護】名古屋市名東区高針原二丁目１８０５番地", "url": "https://www.kaigokensaku.mhlw.go.jp/23/index.php?action_kouhyou_detail_004_kani=true&JigyosyoCd=2371503380-00&ServiceCd=110&Type=search", "url2": "http://nozominoie.com" }, "geometry": { "type": "Point", "coordinates": [ 136.995996600000012, 35.145629300000017 ] } },
{ "type": "Feature", "properties": { "内容": "マエホ介護サービス【訪問介護】愛知県名古屋市名東区望が丘308コ－ポおくほ1階", "url": "https://www.kaigokensaku.mhlw.go.jp/23/index.php?action_kouhyou_detail_004_kani=true&JigyosyoCd=2371502507-00&ServiceCd=110&Type=search", "url2": "http://maeho.nagoya/" }, "geometry": { "type": "Point", "coordinates": [ 137.018730051381681, 35.178574711396585 ] } },
{ "type": "Feature", "properties": { "内容": "有限会社介護グループひまわり【訪問介護】名古屋市名東区神丘町２丁目１７番地", "url": "https://www.kaigokensaku.mhlw.go.jp/23/index.php?action_kouhyou_detail_004_kani=true&JigyosyoCd=2371500600-00&ServiceCd=110&Type=search", "url2": "http://" }, "geometry": { "type": "Point", "coordinates": [ 137.000746, 35.1583664 ] } },
{ "type": "Feature", "properties": { "内容": "ケアステーションYUINOKI【訪問介護】愛知県名古屋市名東区本郷一丁目43番地The　Apartment　Lif　2F", "url": "https://www.kaigokensaku.mhlw.go.jp/23/index.php?action_kouhyou_detail_004_kani=true&JigyosyoCd=2371504404-00&ServiceCd=110&Type=search", "url2": null }, "geometry": { "type": "Point", "coordinates": [ 137.013205199999987, 35.1808393 ] } },
{ "type": "Feature", "properties": { "内容": "訪問介護事業所エスペランサ【訪問介護】上菅2丁目207", "url": "https://www.kaigokensaku.mhlw.go.jp/23/index.php?action_kouhyou_detail_004_kani=true&JigyosyoCd=2371502465-00&ServiceCd=110&Type=search", "url2": "http://www.smile-coltd.jp" }, "geometry": { "type": "Point", "coordinates": [ 136.9964238, 35.17978 ] } },
{ "type": "Feature", "properties": { "内容": "介護クラーク星ヶ丘【訪問介護】愛知県名古屋市名東区桜が丘１番地ライフメゾン瑞光園１B", "url": "https://www.kaigokensaku.mhlw.go.jp/23/index.php?action_kouhyou_detail_004_kani=true&JigyosyoCd=2371503703-00&ServiceCd=110&Type=search", "url2": "https://cuc-hospice.com/" }, "geometry": { "type": "Point", "coordinates": [ 136.9898518, 35.1693187 ] } },
{ "type": "Feature", "properties": { "内容": "介護さくら名東【訪問介護】名古屋市名東区高針荒田1011番地", "url": "https://www.kaigokensaku.mhlw.go.jp/23/index.php?action_kouhyou_detail_004_kani=true&JigyosyoCd=2371500519-00&ServiceCd=110&Type=search", "url2": "http://www.kaigo-sakura.com" }, "geometry": { "type": "Point", "coordinates": [ 136.993118735279324, 35.149135268862942 ] } },
{ "type": "Feature", "properties": { "内容": "グランダ一社ケアステーション【訪問介護】愛知県名古屋市名東区亀の井二丁目3番地", "url": "https://www.kaigokensaku.mhlw.go.jp/23/index.php?action_kouhyou_detail_004_kani=true&JigyosyoCd=2371503588-00&ServiceCd=110&Type=search", "url2": null }, "geometry": { "type": "Point", "coordinates": [ 136.996404699999971, 35.1649859 ] } },
{ "type": "Feature", "properties": { "内容": "訪問介護事業所　まつぼっくり【訪問介護】名東区社台３丁目８６", "url": "https://www.kaigokensaku.mhlw.go.jp/23/index.php?action_kouhyou_detail_004_kani=true&JigyosyoCd=2371502218-00&ServiceCd=110&Type=search", "url2": null }, "geometry": { "type": "Point", "coordinates": [ 137.001012400000036, 35.1728255 ] } },
{ "type": "Feature", "properties": { "内容": "ケアサービスひまり【訪問介護】愛知県名古屋市名東区牧の原３丁目５０２番地ソレーユ牧の原２０５号", "url": "https://www.kaigokensaku.mhlw.go.jp/23/index.php?action_kouhyou_detail_004_kani=true&JigyosyoCd=2371503471-00&ServiceCd=110&Type=search", "url2": null }, "geometry": { "type": "Point", "coordinates": [ 136.9972464, 35.1514757 ] } },
{ "type": "Feature", "properties": { "内容": "ヘルパーステーション　アベニュー【訪問介護】愛知県名古屋市名東区陸前町3007番地ブルーデル東一社105", "url": "https://www.kaigokensaku.mhlw.go.jp/23/index.php?action_kouhyou_detail_004_kani=true&JigyosyoCd=2371504438-00&ServiceCd=110&Type=search", "url2": null }, "geometry": { "type": "Point", "coordinates": [ 137.007577, 35.1616034 ] } },
{ "type": "Feature", "properties": { "内容": "訪問介護TOWA【訪問介護】愛知県名古屋市名東区引山1-1201クレストハイム引山102", "url": "https://www.kaigokensaku.mhlw.go.jp/23/index.php?action_kouhyou_detail_004_kani=true&JigyosyoCd=2371504487-00&ServiceCd=110&Type=search", "url2": null }, "geometry": { "type": "Point", "coordinates": [ 136.996966500000013, 35.1902979 ] } },
{ "type": "Feature", "properties": { "内容": "ヘルパーステーション優々【訪問介護】愛知県名古屋市名東区つつじが丘１０２番地つつじが丘パークマンション２０３号", "url": "https://www.kaigokensaku.mhlw.go.jp/23/index.php?action_kouhyou_detail_004_kani=true&JigyosyoCd=2371502770-00&ServiceCd=110&Type=search", "url2": null }, "geometry": { "type": "Point", "coordinates": [ 136.988913599999933, 35.182996100000011 ] } },
{ "type": "Feature", "properties": { "内容": "ホームケアまほろ【訪問介護】愛知県名古屋市名東区上社四丁目１３１番地", "url": "https://www.kaigokensaku.mhlw.go.jp/23/index.php?action_kouhyou_detail_004_kani=true&JigyosyoCd=2371504164-00&ServiceCd=110&Type=search", "url2": "https://pur-care.com/" }, "geometry": { "type": "Point", "coordinates": [ 137.006227, 35.1711105 ] } },
{ "type": "Feature", "properties": { "内容": "訪問介護事業所テンダー【訪問介護】愛知県名古屋市名東区猪子石原３－１６０４ファミール名東３０２", "url": "https://www.kaigokensaku.mhlw.go.jp/23/index.php?action_kouhyou_detail_004_kani=true&JigyosyoCd=2371501830-00&ServiceCd=110&Type=search", "url2": null }, "geometry": { "type": "Point", "coordinates": [ 136.994510842158519, 35.193402527435062 ] } },
{ "type": "Feature", "properties": { "内容": "訪問介護事業所　明日奈【訪問介護】名古屋市名東区よもぎ台二丁目６３２番地NODAGULANDE103号", "url": "https://www.kaigokensaku.mhlw.go.jp/23/index.php?action_kouhyou_detail_004_kani=true&JigyosyoCd=2371504065-00&ServiceCd=110&Type=search", "url2": null }, "geometry": { "type": "Point", "coordinates": [ 136.9919361, 35.1781006 ] } },
{ "type": "Feature", "properties": { "内容": "スマイルシップ訪問介護【訪問介護】勢子坊二丁目1408グリーンハイツ名東１０２号室", "url": "https://www.kaigokensaku.mhlw.go.jp/23/index.php?action_kouhyou_detail_004_kani=true&JigyosyoCd=2371504032-00&ServiceCd=110&Type=search", "url2": null }, "geometry": { "type": "Point", "coordinates": [ 137.0180449, 35.1632394 ] } },
{ "type": "Feature", "properties": { "内容": "訪問介護　つむぎの丘【訪問介護】愛知県名古屋市名東区社が丘4丁目610プレステージ社が丘203号室", "url": "https://www.kaigokensaku.mhlw.go.jp/23/index.php?action_kouhyou_detail_004_kani=true&JigyosyoCd=2371504008-00&ServiceCd=110&Type=search", "url2": null }, "geometry": { "type": "Point", "coordinates": [ 137.0187585, 35.1713574 ] } },
{ "type": "Feature", "properties": { "内容": "ヘルパーステーション　フチュールフレンズ【訪問介護】引山三丁目５３１番地日の出荘１３号室", "url": "https://www.kaigokensaku.mhlw.go.jp/23/index.php?action_kouhyou_detail_004_kani=true&JigyosyoCd=2371503794-00&ServiceCd=110&Type=search", "url2": null }, "geometry": { "type": "Point", "coordinates": [ 136.9987327, 35.1946458 ] } },
{ "type": "Feature", "properties": { "内容": "棗　訪問介護事業所【訪問介護】愛知県名古屋市名東区牧の原3丁目809番地2階", "url": "https://www.kaigokensaku.mhlw.go.jp/23/index.php?action_kouhyou_detail_004_kani=true&JigyosyoCd=2371503877-00&ServiceCd=110&Type=search", "url2": null }, "geometry": { "type": "Point", "coordinates": [ 136.9972675, 35.1493848 ] } },
{ "type": "Feature", "properties": { "内容": "三笑【訪問介護】大針三丁目181", "url": "https://www.kaigokensaku.mhlw.go.jp/23/index.php?action_kouhyou_detail_004_kani=true&JigyosyoCd=2371503935-00&ServiceCd=110&Type=search", "url2": null }, "geometry": { "type": "Point", "coordinates": [ 137.017340112233768, 35.149021738156002 ] } },
{ "type": "Feature", "properties": { "内容": "サンウェルズ平和が丘ヘルパーステーション【訪問介護】愛知県名古屋市名東区平和が丘4丁目12番PDハウス平和が丘", "url": "https://www.kaigokensaku.mhlw.go.jp/23/index.php?action_kouhyou_detail_004_kani=true&JigyosyoCd=2371504180-00&ServiceCd=110&Type=search", "url2": "http://sunwels.jp" }, "geometry": { "type": "Point", "coordinates": [ 136.9884726, 35.1723194 ] } },
{ "type": "Feature", "properties": { "内容": "しろくまヘルパーステーション【訪問介護】貴船1-143　サンヒルズキフネ208", "url": "https://www.kaigokensaku.mhlw.go.jp/23/index.php?action_kouhyou_detail_004_kani=true&JigyosyoCd=2371503968-00&ServiceCd=110&Type=search", "url2": null }, "geometry": { "type": "Point", "coordinates": [ 137.0098012, 35.1683358 ] } },
{ "type": "Feature", "properties": { "内容": "訪問介護　Halo【訪問介護】愛知県名古屋市名東区本郷３丁目８１番地ハイネス本郷６０２号", "url": "https://www.kaigokensaku.mhlw.go.jp/23/index.php?action_kouhyou_detail_004_kani=true&JigyosyoCd=2371503984-00&ServiceCd=110&Type=search", "url2": null }, "geometry": { "type": "Point", "coordinates": [ 137.0171748, 35.1760729 ] } },
{ "type": "Feature", "properties": { "内容": "bonbon名東【訪問介護】愛知県名古屋市名東区猪子石原三丁目805番地フロレア－レ香流103号室", "url": "https://www.kaigokensaku.mhlw.go.jp/23/index.php?action_kouhyou_detail_004_kani=true&JigyosyoCd=2371504057-00&ServiceCd=110&Type=search", "url2": null }, "geometry": { "type": "Point", "coordinates": [ 136.992223702799294, 35.194086017778815 ] } },
{ "type": "Feature", "properties": { "内容": "ヘルパーステーションおうちケア24【訪問介護】名古屋市名東区高針台1-107エクセレント伸和207号", "url": "https://www.kaigokensaku.mhlw.go.jp/23/index.php?action_kouhyou_detail_004_kani=true&JigyosyoCd=2371503919-00&ServiceCd=110&Type=search", "url2": "https://ouchi-care24.com/" }, "geometry": { "type": "Point", "coordinates": [ 137.012823500000025, 35.1581262 ] } },
{ "type": "Feature", "properties": { "内容": "コル訪問介護【訪問介護】愛知県名古屋市名東区本郷一丁目21番地の3ユーハウス本郷3A", "url": "https://www.kaigokensaku.mhlw.go.jp/23/index.php?action_kouhyou_detail_004_kani=true&JigyosyoCd=2371504016-00&ServiceCd=110&Type=search", "url2": "https://www.facebook.com.koruhhc" }, "geometry": { "type": "Point", "coordinates": [ 137.0158965, 35.1799154 ] } },
{ "type": "Feature", "properties": { "内容": "いのこし在宅介護センター【訪問介護】愛知県名古屋市名東区猪子石原一丁目1501番地", "url": "https://www.kaigokensaku.mhlw.go.jp/23/index.php?action_kouhyou_detail_004_kani=true&JigyosyoCd=2371500444-00&ServiceCd=110&Type=search", "url2": "https://www.hakuhoukai-hp.or.jp/" }, "geometry": { "type": "Point", "coordinates": [ 136.991029600000047, 35.1932116 ] } },
{ "type": "Feature", "properties": { "内容": "名東区介護保険事業所【訪問介護】愛知県名古屋市名東区上社1丁目802上社ターミナルビル2階", "url": "https://www.kaigokensaku.mhlw.go.jp/23/index.php?action_kouhyou_detail_004_kani=true&JigyosyoCd=2371500048-00&ServiceCd=110&Type=search", "url2": "http://care-net.biz/23/zaitakunet/" }, "geometry": { "type": "Point", "coordinates": [ 137.0063361, 35.1737913 ] } },
{ "type": "Feature", "properties": { "内容": "もよりの介護【訪問介護】愛知県名古屋市名東区上社四丁目104番の1", "url": "https://www.kaigokensaku.mhlw.go.jp/23/index.php?action_kouhyou_detail_004_kani=true&JigyosyoCd=2371504511-00&ServiceCd=110&Type=search", "url2": null }, "geometry": { "type": "Point", "coordinates": [ 137.007115199999987, 35.1701218 ] } },
{ "type": "Feature", "properties": { "内容": "La・Coeur名東【訪問介護】愛知県名古屋市名東区藤森２－６０－１グレンコーA", "url": "https://www.kaigokensaku.mhlw.go.jp/23/index.php?action_kouhyou_detail_004_kani=true&JigyosyoCd=2371504495-00&ServiceCd=110&Type=search", "url2": "https://lien-group.co.jp/" }, "geometry": { "type": "Point", "coordinates": [ 137.01112518769682, 35.180600462623694 ] } },
{ "type": "Feature", "properties": { "内容": "けんこう長寿訪問介護【訪問介護】愛知県名古屋市名東区引山2丁目803番地", "url": "https://www.kaigokensaku.mhlw.go.jp/23/index.php?action_kouhyou_detail_004_kani=true&JigyosyoCd=2371503653-00&ServiceCd=110&Type=search", "url2": "https://www.kenko-choju.com/" }, "geometry": { "type": "Point", "coordinates": [ 137.002175639979868, 35.190938250206472 ] } },
{ "type": "Feature", "properties": { "内容": "ヘルパーステーション　寅六【訪問介護】愛知県名古屋市名東区文教台一丁目701番地高平ハイツ105号", "url": "https://www.kaigokensaku.mhlw.go.jp/23/index.php?action_kouhyou_detail_004_kani=true&JigyosyoCd=2371504529-00&ServiceCd=110&Type=search", "url2": null }, "geometry": { "type": "Point", "coordinates": [ 136.999291571163951, 35.181933438796605 ] } },
{ "type": "Feature", "properties": { "内容": "ケアリッツ藤が丘【訪問介護】愛知県名古屋市名東区明が丘113サン季世502", "url": "https://www.kaigokensaku.mhlw.go.jp/23/index.php?action_kouhyou_detail_004_kani=true&JigyosyoCd=2371504537-00&ServiceCd=110&Type=search", "url2": "https://www.careritz.co.jp/station/branch/fujigaoka/" }, "geometry": { "type": "Point", "coordinates": [ 137.0194378, 35.1825441 ] } },
{ "type": "Feature", "properties": { "内容": "ヘルパーファクトリーリアン【訪問介護】名古屋市名東区極楽2-136", "url": "https://www.kaigokensaku.mhlw.go.jp/23/index.php?action_kouhyou_detail_004_kani=true&JigyosyoCd=2371501566-00&ServiceCd=110&Type=search", "url2": null }, "geometry": { "type": "Point", "coordinates": [ 137.019710506420893, 35.157183707142885 ] } },
{ "type": "Feature", "properties": { "内容": "ハッピーシニア訪問介護サービス【訪問介護】牧の里三丁目104番地の2", "url": "https://www.kaigokensaku.mhlw.go.jp/23/index.php?action_kouhyou_detail_004_kani=true&JigyosyoCd=2371504156-00&ServiceCd=110&Type=search", "url2": "https://happy-senior.co.jp" }, "geometry": { "type": "Point", "coordinates": [ 137.00218609999996, 35.150578699999983 ] } },
{ "type": "Feature", "properties": { "内容": "ヘルパーステーション　ソフィリス【訪問介護】名古屋市名東区宝が丘300番地シャトー柳705号", "url": "https://www.kaigokensaku.mhlw.go.jp/23/index.php?action_kouhyou_detail_004_kani=true&JigyosyoCd=2371504503-00&ServiceCd=110&Type=search", "url2": null }, "geometry": { "type": "Point", "coordinates": [ 137.0240995, 35.1757622 ] } },
{ "type": "Feature", "properties": { "内容": "快適ライフセンター【訪問介護】愛知県名古屋市名東区引山一丁目６０８番地", "url": "https://www.kaigokensaku.mhlw.go.jp/23/index.php?action_kouhyou_detail_004_kani=true&JigyosyoCd=2371500014-00&ServiceCd=110&Type=search", "url2": "http://www.kaiteki.ne.jp/" }, "geometry": { "type": "Point", "coordinates": [ 137.002415199999973, 35.183405 ] } },
{ "type": "Feature", "properties": { "内容": "ドリーム訪問介護ステーション【訪問介護】愛知県名古屋市名東区一社四丁目223番地", "url": "https://www.kaigokensaku.mhlw.go.jp/23/index.php?action_kouhyou_detail_004_kani=true&JigyosyoCd=2371504271-00&ServiceCd=110&Type=search", "url2": null }, "geometry": { "type": "Point", "coordinates": [ 137.00426010000001, 35.1659941 ] } },
{ "type": "Feature", "properties": { "内容": "ケアステーション　かりん【訪問介護】名古屋市名東区大針二丁目291番地サンヒルズ大針Ａ棟", "url": "https://www.kaigokensaku.mhlw.go.jp/23/index.php?action_kouhyou_detail_004_kani=true&JigyosyoCd=2371502648-00&ServiceCd=110&Type=search", "url2": null }, "geometry": { "type": "Point", "coordinates": [ 137.021450312966891, 35.150306493168095 ] } },
{ "type": "Feature", "properties": { "内容": "訪問介護事業所ゆうじゅ【訪問介護】大針2丁目１７５番地カサフェリスB202", "url": "https://www.kaigokensaku.mhlw.go.jp/23/index.php?action_kouhyou_detail_004_kani=true&JigyosyoCd=2371504131-00&ServiceCd=110&Type=search", "url2": "yuju.jp" }, "geometry": { "type": "Point", "coordinates": [ 137.020367535582011, 35.150884650845285 ] } },
{ "type": "Feature", "properties": { "内容": "訪問介護ステーション　オランジュ【訪問介護】大坪二丁目1115番地シャロール八事101号室", "url": "https://www.kaigokensaku.mhlw.go.jp/23/index.php?action_kouhyou_detail_004_kani=true&JigyosyoCd=2371602307-00&ServiceCd=110&Type=search", "url2": "http://www.3leaves.co.jp/index.html" }, "geometry": { "type": "Point", "coordinates": [ 136.982370100000054, 35.137494 ] } },
{ "type": "Feature", "properties": { "内容": "こまヘルパーステーション【訪問介護】愛知県名古屋市天白区島田2-408", "url": "https://www.kaigokensaku.mhlw.go.jp/23/index.php?action_kouhyou_detail_004_kani=true&JigyosyoCd=2371602224-00&ServiceCd=110&Type=search", "url2": null }, "geometry": { "type": "Point", "coordinates": [ 136.978118408119002, 35.123728642900872 ] } },
{ "type": "Feature", "properties": { "内容": "訪問介護ツーステップ【訪問介護】保呂町2305ﾗﾌｨｰﾈ保呂町104", "url": "https://www.kaigokensaku.mhlw.go.jp/23/index.php?action_kouhyou_detail_004_kani=true&JigyosyoCd=2371604089-00&ServiceCd=110&Type=search", "url2": null }, "geometry": { "type": "Point", "coordinates": [ 136.96939230000001, 35.1182276 ] } },
{ "type": "Feature", "properties": { "内容": "フォーライフ【訪問介護】愛知県名古屋市天白区中平四丁目1724番地", "url": "https://www.kaigokensaku.mhlw.go.jp/23/index.php?action_kouhyou_detail_004_kani=true&JigyosyoCd=2371604188-00&ServiceCd=110&Type=search", "url2": null }, "geometry": { "type": "Point", "coordinates": [ 136.9981807, 35.1104429 ] } },
{ "type": "Feature", "properties": { "内容": "あおぞら介護訪問介護事業所Jill【訪問介護】愛知県名古屋市天白区植田山5丁目1312レジデンスたかお103号室", "url": "https://www.kaigokensaku.mhlw.go.jp/23/index.php?action_kouhyou_detail_004_kani=true&JigyosyoCd=2371603909-00&ServiceCd=110&Type=search", "url2": "aozorakaigo-jill.com" }, "geometry": { "type": "Point", "coordinates": [ 136.9855787, 35.1433396 ] } },
{ "type": "Feature", "properties": { "内容": "ヘルパーステーションにじいろ名古屋【訪問介護】愛知県名古屋市天白区野並二丁目173番地松栄マンション野並201", "url": "https://www.kaigokensaku.mhlw.go.jp/23/index.php?action_kouhyou_detail_004_kani=true&JigyosyoCd=2371604279-00&ServiceCd=110&Type=search", "url2": "https://www.ykt-innovation.com" }, "geometry": { "type": "Point", "coordinates": [ 136.954384800000014, 35.105402 ] } },
{ "type": "Feature", "properties": { "内容": "ケアセンター優【訪問介護】平針１丁目２１２クレアタウン原２Ａ", "url": "https://www.kaigokensaku.mhlw.go.jp/23/index.php?action_kouhyou_detail_004_kani=true&JigyosyoCd=2371604345-00&ServiceCd=110&Type=search", "url2": null }, "geometry": { "type": "Point", "coordinates": [ 137.001861, 35.128172 ] } },
{ "type": "Feature", "properties": { "内容": "訪問介護ぴっぴちゃん【訪問介護】野並1丁目42番地デュエム野並E-2", "url": "https://www.kaigokensaku.mhlw.go.jp/23/index.php?action_kouhyou_detail_004_kani=true&JigyosyoCd=2371604352-00&ServiceCd=110&Type=search", "url2": null }, "geometry": { "type": "Point", "coordinates": [ 136.9553784, 35.1094285 ] } },
{ "type": "Feature", "properties": { "内容": "訪問介護サービスぽんすけ【訪問介護】名古屋市天白区梅が丘4丁目1201エルテ梅ヶ丘1A", "url": "https://www.kaigokensaku.mhlw.go.jp/23/index.php?action_kouhyou_detail_004_kani=true&JigyosyoCd=2371604360-00&ServiceCd=110&Type=search", "url2": "https://www.ponsuke-kaigo.net/" }, "geometry": { "type": "Point", "coordinates": [ 137.003415, 35.13126 ] } },
{ "type": "Feature", "properties": { "内容": "訪問介護ステーションかんな【訪問介護】名古屋市天白区中平3-209", "url": "https://www.kaigokensaku.mhlw.go.jp/23/index.php?action_kouhyou_detail_004_kani=true&JigyosyoCd=2371604436-00&ServiceCd=110&Type=search", "url2": "https://nh-kanna.com/" }, "geometry": { "type": "Point", "coordinates": [ 137.0016042, 35.1198809 ] } },
{ "type": "Feature", "properties": { "内容": "ライフケアサポート名古屋【訪問介護】山根町202番地", "url": "https://www.kaigokensaku.mhlw.go.jp/23/index.php?action_kouhyou_detail_004_kani=true&JigyosyoCd=2371604485-00&ServiceCd=110&Type=search", "url2": null }, "geometry": { "type": "Point", "coordinates": [ 136.972186599999986, 35.1119628 ] } },
{ "type": "Feature", "properties": { "内容": "パーソナルケアステーション【訪問介護】愛知県名古屋市天白区植田西三丁目1008番", "url": "https://www.kaigokensaku.mhlw.go.jp/23/index.php?action_kouhyou_detail_004_kani=true&JigyosyoCd=2371601721-00&ServiceCd=110&Type=search", "url2": null }, "geometry": { "type": "Point", "coordinates": [ 136.981356340211136, 35.131608132063782 ] } },
{ "type": "Feature", "properties": { "内容": "PACIFIC訪問介護ステーション【訪問介護】愛知県名古屋市天白区平針二丁目1812番地新・村瀬ビル2階　201号室", "url": "https://www.kaigokensaku.mhlw.go.jp/23/index.php?action_kouhyou_detail_004_kani=true&JigyosyoCd=2371603800-00&ServiceCd=110&Type=search", "url2": "https://pacific-wf.jp/" }, "geometry": { "type": "Point", "coordinates": [ 137.0046494, 35.1230988 ] } },
{ "type": "Feature", "properties": { "内容": "ケアコール野並【訪問介護】愛知県名古屋市天白区野並３丁目250番地ファミリー・ホスピスOASIS天白野並", "url": "https://www.kaigokensaku.mhlw.go.jp/23/index.php?action_kouhyou_detail_004_kani=true&JigyosyoCd=2371603958-00&ServiceCd=110&Type=search", "url2": "https://nyukyo.nc-service.net/facility/595/" }, "geometry": { "type": "Point", "coordinates": [ 136.9577936, 35.1016266 ] } },
{ "type": "Feature", "properties": { "内容": "訪問介護ステーション　フレール【訪問介護】愛知県名古屋市天白区大坪一丁目101番地", "url": "https://www.kaigokensaku.mhlw.go.jp/23/index.php?action_kouhyou_detail_004_kani=true&JigyosyoCd=2371602893-00&ServiceCd=110&Type=search", "url2": "https://medifore.jp/freres.html" }, "geometry": { "type": "Point", "coordinates": [ 136.983094034724132, 35.140343449397811 ] } },
{ "type": "Feature", "properties": { "内容": "あいおい介護サービス【訪問介護】境根町１６８番地サンライフ相生２０５号", "url": "https://www.kaigokensaku.mhlw.go.jp/23/index.php?action_kouhyou_detail_004_kani=true&JigyosyoCd=2371602604-00&ServiceCd=110&Type=search", "url2": null }, "geometry": { "type": "Point", "coordinates": [ 136.9731997, 35.1027729 ] } },
{ "type": "Feature", "properties": { "内容": "はっぴーたいむ【訪問介護】愛知県名古屋市天白区西入町165番地", "url": "https://www.kaigokensaku.mhlw.go.jp/23/index.php?action_kouhyou_detail_004_kani=true&JigyosyoCd=2371604063-00&ServiceCd=110&Type=search", "url2": null }, "geometry": { "type": "Point", "coordinates": [ 136.978064085983277, 35.112391741114422 ] } },
{ "type": "Feature", "properties": { "内容": "サンスマイル【訪問介護】名古屋市天白区植田山一丁目1802番地エクセルハイツ１０２号", "url": "https://www.kaigokensaku.mhlw.go.jp/23/index.php?action_kouhyou_detail_004_kani=true&JigyosyoCd=2371603594-00&ServiceCd=110&Type=search", "url2": "https://lifeyou-net.com/" }, "geometry": { "type": "Point", "coordinates": [ 136.982778400000029, 35.1450651 ] } },
{ "type": "Feature", "properties": { "内容": "ヘルパーステーションＭＬＳ【訪問介護】愛知県名古屋市天白区菅田一丁目2802番地", "url": "https://www.kaigokensaku.mhlw.go.jp/23/index.php?action_kouhyou_detail_004_kani=true&JigyosyoCd=2371601911-00&ServiceCd=110&Type=search", "url2": "https://yagoto-mls.com" }, "geometry": { "type": "Point", "coordinates": [ 136.967005844853986, 35.114672635385112 ] } },
{ "type": "Feature", "properties": { "内容": "ケアステーションONE【訪問介護】元八事五丁目１１０番地パレスこんどう２０３", "url": "https://www.kaigokensaku.mhlw.go.jp/23/index.php?action_kouhyou_detail_004_kani=true&JigyosyoCd=2371604097-00&ServiceCd=110&Type=search", "url2": null }, "geometry": { "type": "Point", "coordinates": [ 136.9778155, 35.1302531 ] } },
{ "type": "Feature", "properties": { "内容": "ヘルパーステーションすずらん天白【訪問介護】愛知県名古屋市天白区高宮町1301-1ナーシングホームすずらん名古屋天白", "url": "https://www.kaigokensaku.mhlw.go.jp/23/index.php?action_kouhyou_detail_004_kani=true&JigyosyoCd=2371603602-00&ServiceCd=110&Type=search", "url2": "https://w-suzuran.net/" }, "geometry": { "type": "Point", "coordinates": [ 136.97576373041079, 35.114562987235217 ] } },
{ "type": "Feature", "properties": { "内容": "ケアライフ　スウィートホーム【訪問介護】愛知県名古屋市天白区元植田１－２１０１グレイス植田１０４", "url": "https://www.kaigokensaku.mhlw.go.jp/23/index.php?action_kouhyou_detail_004_kani=true&JigyosyoCd=2371602687-00&ServiceCd=110&Type=search", "url2": null }, "geometry": { "type": "Point", "coordinates": [ 136.988771370252948, 35.137689461931551 ] } },
{ "type": "Feature", "properties": { "内容": "ライフデザインミーサ【訪問介護】元八事二丁目102番地第2アイリス近藤702号", "url": "https://www.kaigokensaku.mhlw.go.jp/23/index.php?action_kouhyou_detail_004_kani=true&JigyosyoCd=2371604139-00&ServiceCd=110&Type=search", "url2": null }, "geometry": { "type": "Point", "coordinates": [ 136.9680246, 35.122932 ] } },
{ "type": "Feature", "properties": { "内容": "アリスケアサービス【訪問介護】愛知県名古屋市天白区平針1-1901佐久間ﾏﾝｼｮﾝ205", "url": "https://www.kaigokensaku.mhlw.go.jp/23/index.php?action_kouhyou_detail_004_kani=true&JigyosyoCd=2371602448-00&ServiceCd=110&Type=search", "url2": "http://alicecare.net/" }, "geometry": { "type": "Point", "coordinates": [ 137.002303160990891, 35.124635737290085 ] } },
{ "type": "Feature", "properties": { "内容": "訪問介護ステーションアルズ【訪問介護】愛知県名古屋市天白区原３丁目2201上原ビル１階", "url": "https://www.kaigokensaku.mhlw.go.jp/23/index.php?action_kouhyou_detail_004_kani=true&JigyosyoCd=2371603792-00&ServiceCd=110&Type=search", "url2": "https://arzlinks.com" }, "geometry": { "type": "Point", "coordinates": [ 136.9919119, 35.1207908 ] } },
{ "type": "Feature", "properties": { "内容": "訪問介護事業所ヤシの木【訪問介護】愛知県名古屋市天白区焼山二丁目419番地コーネルオオヤ202号室", "url": "https://www.kaigokensaku.mhlw.go.jp/23/index.php?action_kouhyou_detail_004_kani=true&JigyosyoCd=2371602257-00&ServiceCd=110&Type=search", "url2": "http://www.wln.co.jp" }, "geometry": { "type": "Point", "coordinates": [ 136.9919165, 35.143324 ] } },
{ "type": "Feature", "properties": { "内容": "訪問介護事業所　ハナミズキ【訪問介護】愛知県名古屋市天白区高島一丁目1216サンビレッジ高島Ｂ棟102", "url": "https://www.kaigokensaku.mhlw.go.jp/23/index.php?action_kouhyou_detail_004_kani=true&JigyosyoCd=2371602471-00&ServiceCd=110&Type=search", "url2": null }, "geometry": { "type": "Point", "coordinates": [ 136.999180300000035, 35.1067399 ] } },
{ "type": "Feature", "properties": { "内容": "ヘルパーステーション結【訪問介護】愛知県名古屋市天白区保呂町2305番地ラフィーネ保呂町204号室", "url": "https://www.kaigokensaku.mhlw.go.jp/23/index.php?action_kouhyou_detail_004_kani=true&JigyosyoCd=2371604006-00&ServiceCd=110&Type=search", "url2": null }, "geometry": { "type": "Point", "coordinates": [ 136.96939230000001, 35.1182276 ] } },
{ "type": "Feature", "properties": { "内容": "訪問介護のぞみ天白医療モール【訪問介護】愛知県名古屋市天白区高宮町1305-1", "url": "https://www.kaigokensaku.mhlw.go.jp/23/index.php?action_kouhyou_detail_004_kani=true&JigyosyoCd=2371603560-00&ServiceCd=110&Type=search", "url2": "http://www.lamore.jp" }, "geometry": { "type": "Point", "coordinates": [ 136.97639920000006, 35.1139132 ] } },
{ "type": "Feature", "properties": { "内容": "ヘルパーステーションさくらんぼ【訪問介護】焼山二丁目1904番地シャインビル202号室", "url": "https://www.kaigokensaku.mhlw.go.jp/23/index.php?action_kouhyou_detail_004_kani=true&JigyosyoCd=2371602455-00&ServiceCd=110&Type=search", "url2": null }, "geometry": { "type": "Point", "coordinates": [ 136.990749982368982, 35.140935696164995 ] } },
{ "type": "Feature", "properties": { "内容": "ヘルパーステーション　ギルエル八事【訪問介護】天白町大字八事字裏山６０番地の４３２グランドホーム　やごと", "url": "https://www.kaigokensaku.mhlw.go.jp/23/index.php?action_kouhyou_detail_004_kani=true&JigyosyoCd=2371602745-00&ServiceCd=110&Type=search", "url2": "gilwell.jp" }, "geometry": { "type": "Point", "coordinates": [ 136.976134499999944, 35.1444262 ] } },
{ "type": "Feature", "properties": { "内容": "ことはな訪問介護事業所【訪問介護】名古屋市天白区平針３丁目２７０２番地レジデンス蓮池１Ｆ", "url": "https://www.kaigokensaku.mhlw.go.jp/23/index.php?action_kouhyou_detail_004_kani=true&JigyosyoCd=2371601598-00&ServiceCd=110&Type=search", "url2": null }, "geometry": { "type": "Point", "coordinates": [ 137.0062987, 35.1197496 ] } },
{ "type": "Feature", "properties": { "内容": "ニチイケアセンター野並【訪問介護】愛知県名古屋市天白区野並3-412-1ＤＯ！野並ビル　4Ｆ", "url": "https://www.kaigokensaku.mhlw.go.jp/23/index.php?action_kouhyou_detail_004_kani=true&JigyosyoCd=2371600152-00&ServiceCd=110&Type=search", "url2": "http://www.nichiigakkan.co.jp" }, "geometry": { "type": "Point", "coordinates": [ 136.956190099999958, 35.101872400000019 ] } },
{ "type": "Feature", "properties": { "内容": "ニチイケアセンター元八事【訪問介護】愛知県名古屋市天白区元八事1-159", "url": "https://www.kaigokensaku.mhlw.go.jp/23/index.php?action_kouhyou_detail_004_kani=true&JigyosyoCd=2371600434-00&ServiceCd=110&Type=search", "url2": "http://www.nichiigakkan.co.jp" }, "geometry": { "type": "Point", "coordinates": [ 136.962944500000049, 35.1227008 ] } },
{ "type": "Feature", "properties": { "内容": "ニチイケアセンター天白【訪問介護】愛知県名古屋市天白区井口1－901シャトー山本1Ｆ", "url": "https://www.kaigokensaku.mhlw.go.jp/23/index.php?action_kouhyou_detail_004_kani=true&JigyosyoCd=2371601390-00&ServiceCd=110&Type=search", "url2": null }, "geometry": { "type": "Point", "coordinates": [ 136.992930500000057, 35.12795586217694 ] } },
{ "type": "Feature", "properties": { "内容": "ﾍﾙﾊﾟｰｽﾃｰｼｮﾝ　ｹｱﾌﾙ【訪問介護】愛知県名古屋市天白区原1丁目2402番地1第2水野マンション101号室", "url": "https://www.kaigokensaku.mhlw.go.jp/23/index.php?action_kouhyou_detail_004_kani=true&JigyosyoCd=2371602422-00&ServiceCd=110&Type=search", "url2": "https://kk-life1089.com" }, "geometry": { "type": "Point", "coordinates": [ 136.999775463728042, 35.124918425471279 ] } },
{ "type": "Feature", "properties": { "内容": "レガーレ訪問介護事業所【訪問介護】名古屋市天白区大根町269番地", "url": "https://www.kaigokensaku.mhlw.go.jp/23/index.php?action_kouhyou_detail_004_kani=true&JigyosyoCd=2371603677-00&ServiceCd=110&Type=search", "url2": null }, "geometry": { "type": "Point", "coordinates": [ 136.9909874, 35.1141025 ] } },
{ "type": "Feature", "properties": { "内容": "ヘルパーステーション　ぜっとわん【訪問介護】愛知県名古屋市天白区中平三丁目2805番地パークハイムファミリア205号", "url": "https://www.kaigokensaku.mhlw.go.jp/23/index.php?action_kouhyou_detail_004_kani=true&JigyosyoCd=2371603586-00&ServiceCd=110&Type=search", "url2": "(http://www.z-onegroup.jp/)" }, "geometry": { "type": "Point", "coordinates": [ 137.0021157, 35.114890600000017 ] } },
{ "type": "Feature", "properties": { "内容": "訪問介護暖家【訪問介護】愛知県名古屋市天白区焼山二丁目1904番地シャインビル502号室", "url": "https://www.kaigokensaku.mhlw.go.jp/23/index.php?action_kouhyou_detail_004_kani=true&JigyosyoCd=2371604105-00&ServiceCd=110&Type=search", "url2": null }, "geometry": { "type": "Point", "coordinates": [ 136.9907819, 35.1409496 ] } },
{ "type": "Feature", "properties": { "内容": "ひかり介護ステーション【訪問介護】愛知県名古屋市天白区植田東２丁目９０２番地シャングリラ１０２号", "url": "https://www.kaigokensaku.mhlw.go.jp/23/index.php?action_kouhyou_detail_004_kani=true&JigyosyoCd=2371602521-00&ServiceCd=110&Type=search", "url2": null }, "geometry": { "type": "Point", "coordinates": [ 136.99505929999998, 35.133504100000017 ] } },
{ "type": "Feature", "properties": { "内容": "ヘルパーステーションケアマキス笹原【訪問介護】愛知県名古屋市天白区笹原町1701番地", "url": "https://www.kaigokensaku.mhlw.go.jp/23/index.php?action_kouhyou_detail_004_kani=true&JigyosyoCd=2371603107-00&ServiceCd=110&Type=search", "url2": "info@care-makis.org" }, "geometry": { "type": "Point", "coordinates": [ 136.961470977707194, 35.110076935539496 ] } },
{ "type": "Feature", "properties": { "内容": "訪問介護事業所　さくらいふ池場【訪問介護】愛知県名古屋市天白区池場2丁目2405番地", "url": "https://www.kaigokensaku.mhlw.go.jp/23/index.php?action_kouhyou_detail_004_kani=true&JigyosyoCd=2371602216-00&ServiceCd=110&Type=search", "url2": "http://www.koujyukai.com" }, "geometry": { "type": "Point", "coordinates": [ 136.983115, 35.1207488 ] } },
{ "type": "Feature", "properties": { "内容": "訪問介護事業所　高坂苑【訪問介護】愛知県名古屋市天白区高坂町１９７番地の１", "url": "https://www.kaigokensaku.mhlw.go.jp/23/index.php?action_kouhyou_detail_004_kani=true&JigyosyoCd=2371600244-00&ServiceCd=110&Type=search", "url2": "http://www.takasaka.info" }, "geometry": { "type": "Point", "coordinates": [ 136.9876011, 35.1080033 ] } },
{ "type": "Feature", "properties": { "内容": "愛モアヘルパー【訪問介護】名古屋市天白区原1-2006", "url": "https://www.kaigokensaku.mhlw.go.jp/23/index.php?action_kouhyou_detail_004_kani=true&JigyosyoCd=2371600517-00&ServiceCd=110&Type=search", "url2": "http://www.sugitomos.co.jp/" }, "geometry": { "type": "Point", "coordinates": [ 136.995485899999949, 35.1255681 ] } },
{ "type": "Feature", "properties": { "内容": "コープあいち福祉サービス天白【訪問介護】名古屋市天白区久方１丁目１２９番地", "url": "https://www.kaigokensaku.mhlw.go.jp/23/index.php?action_kouhyou_detail_004_kani=true&JigyosyoCd=2371601564-00&ServiceCd=110&Type=search", "url2": "http://coopaichi.tcoop.or.jp/" }, "geometry": { "type": "Point", "coordinates": [ 136.9780991, 35.1076836 ] } },
{ "type": "Feature", "properties": { "内容": "赤池ケアセンター【訪問介護】愛知県名古屋市天白区平針二丁目1111番地A2ビル308号室", "url": "https://www.kaigokensaku.mhlw.go.jp/23/index.php?action_kouhyou_detail_004_kani=true&JigyosyoCd=2371604121-00&ServiceCd=110&Type=search", "url2": null }, "geometry": { "type": "Point", "coordinates": [ 137.005684800000012, 35.1240788 ] } },
{ "type": "Feature", "properties": { "内容": "カヒコ訪問介護センター　野並【訪問介護】愛知県名古屋市天白区野並三丁目３０２番地", "url": "https://www.kaigokensaku.mhlw.go.jp/23/index.php?action_kouhyou_detail_004_kani=true&JigyosyoCd=2371601267-00&ServiceCd=110&Type=search", "url2": "https://arc3y.crayonsite.com/" }, "geometry": { "type": "Point", "coordinates": [ 136.959717599999976, 35.1019114 ] } },
{ "type": "Feature", "properties": { "内容": "チェリッシュケアセンター【訪問介護】名古屋市天白区植田二丁目202　2階", "url": "https://www.kaigokensaku.mhlw.go.jp/23/index.php?action_kouhyou_detail_004_kani=true&JigyosyoCd=2371600368-00&ServiceCd=110&Type=search", "url2": "http://www.cherish-care.co.jp" }, "geometry": { "type": "Point", "coordinates": [ 136.991482378295956, 35.132015883041369 ] } },
{ "type": "Feature", "properties": { "内容": "訪問介護　ことぶき平針【訪問介護】名古屋市天白区平針三丁目1503番地寿シニアハウス平針", "url": "https://www.kaigokensaku.mhlw.go.jp/23/index.php?action_kouhyou_detail_004_kani=true&JigyosyoCd=2371601804-00&ServiceCd=110&Type=search", "url2": "http://www.takasaka.info/" }, "geometry": { "type": "Point", "coordinates": [ 137.008715271296865, 35.121267985793914 ] } },
{ "type": "Feature", "properties": { "内容": "訪問介護のんの【訪問介護】向が丘4-1012", "url": "https://www.kaigokensaku.mhlw.go.jp/23/index.php?action_kouhyou_detail_004_kani=true&JigyosyoCd=2371603370-00&ServiceCd=110&Type=search", "url2": null }, "geometry": { "type": "Point", "coordinates": [ 137.009306899999956, 35.111609 ] } },
{ "type": "Feature", "properties": { "内容": "ボンセジュール植田ケアステーション【訪問介護】愛知県名古屋市天白区植田三丁目801番1", "url": "https://www.kaigokensaku.mhlw.go.jp/23/index.php?action_kouhyou_detail_004_kani=true&JigyosyoCd=2371602539-00&ServiceCd=110&Type=search", "url2": "http://www.benesse-style-care.co.jp/" }, "geometry": { "type": "Point", "coordinates": [ 136.993366499999979, 35.131209 ] } },
{ "type": "Feature", "properties": { "内容": "ボンセジュール天白笹原ケアステーション【訪問介護】笹原町1703番地", "url": "https://www.kaigokensaku.mhlw.go.jp/23/index.php?action_kouhyou_detail_004_kani=true&JigyosyoCd=2371604469-00&ServiceCd=110&Type=search", "url2": "https://www.benesse-style-care.co.jp/" }, "geometry": { "type": "Point", "coordinates": [ 136.96186745277862, 35.110445891707393 ] } },
{ "type": "Feature", "properties": { "内容": "訪問介護セルサポート【訪問介護】愛知県名古屋市天白区井口二丁目406番地", "url": "https://www.kaigokensaku.mhlw.go.jp/23/index.php?action_kouhyou_detail_004_kani=true&JigyosyoCd=2371603883-00&ServiceCd=110&Type=search", "url2": "cerstudiollc.wixsite.com/my-site" }, "geometry": { "type": "Point", "coordinates": [ 136.99822660000001, 35.129412 ] } },
{ "type": "Feature", "properties": { "内容": "アリア八事ケアステーション【訪問介護】愛知県名古屋市天白区八事天道525", "url": "https://www.kaigokensaku.mhlw.go.jp/23/index.php?action_kouhyou_detail_004_kani=true&JigyosyoCd=2371603859-00&ServiceCd=110&Type=search", "url2": null }, "geometry": { "type": "Point", "coordinates": [ 136.9617341, 35.1349874 ] } },
{ "type": "Feature", "properties": { "内容": "訪問介護ステーション　あお【訪問介護】愛知県名古屋市天白区高坂町339グランツール高坂501号", "url": "https://www.kaigokensaku.mhlw.go.jp/23/index.php?action_kouhyou_detail_004_kani=true&JigyosyoCd=2371603545-00&ServiceCd=110&Type=search", "url2": null }, "geometry": { "type": "Point", "coordinates": [ 136.989683032116432, 35.109802505748377 ] } },
{ "type": "Feature", "properties": { "内容": "介護事業所マザーストーン２【訪問介護】保呂町2305番地ラフィーネ保呂町102号", "url": "https://www.kaigokensaku.mhlw.go.jp/23/index.php?action_kouhyou_detail_004_kani=true&JigyosyoCd=2371604402-00&ServiceCd=110&Type=search", "url2": null }, "geometry": { "type": "Point", "coordinates": [ 136.9693845, 35.1182328 ] } },
{ "type": "Feature", "properties": { "内容": "ひなたケアステーションこうのす【訪問介護】愛知県名古屋市天白区鴻の巣１丁目１８０７番地ルミエール平山１０３", "url": "https://www.kaigokensaku.mhlw.go.jp/23/index.php?action_kouhyou_detail_004_kani=true&JigyosyoCd=2371602406-00&ServiceCd=110&Type=search", "url2": "http://jujugroup.co.jp" }, "geometry": { "type": "Point", "coordinates": [ 136.9970965, 35.1418049 ] } },
{ "type": "Feature", "properties": { "内容": "訪問介護ティユール【訪問介護】愛知県名古屋市天白区島田黒石503番地サンライトガーデン", "url": "https://www.kaigokensaku.mhlw.go.jp/23/index.php?action_kouhyou_detail_004_kani=true&JigyosyoCd=2371603388-00&ServiceCd=110&Type=search", "url2": null }, "geometry": { "type": "Point", "coordinates": [ 136.990453500000058, 35.1098281 ] } },
{ "type": "Feature", "properties": { "内容": "訪問介護スマイルアップ【訪問介護】保呂町1818番地", "url": "https://www.kaigokensaku.mhlw.go.jp/23/index.php?action_kouhyou_detail_004_kani=true&JigyosyoCd=2371603289-00&ServiceCd=110&Type=search", "url2": null }, "geometry": { "type": "Point", "coordinates": [ 136.967673420515524, 35.115647551834321 ] } },
{ "type": "Feature", "properties": { "内容": "プレシア介護センター天白【訪問介護】愛知県名古屋市天白区池見２丁目６６番地医療対応型リハビリナーシングプレシア天白", "url": "https://www.kaigokensaku.mhlw.go.jp/23/index.php?action_kouhyou_detail_004_kani=true&JigyosyoCd=2371603875-00&ServiceCd=110&Type=search", "url2": "https://force-jp.co.jp/presia/" }, "geometry": { "type": "Point", "coordinates": [ 136.9836082, 35.1229928 ] } },
{ "type": "Feature", "properties": { "内容": "学研ココファン植田ヘルパーセンター【訪問介護】植田本町2丁目1604‐1学研ココファン植田", "url": "https://www.kaigokensaku.mhlw.go.jp/23/index.php?action_kouhyou_detail_004_kani=true&JigyosyoCd=2371604022-00&ServiceCd=110&Type=search", "url2": null }, "geometry": { "type": "Point", "coordinates": [ 136.9932648, 35.1338406 ] } },
{ "type": "Feature", "properties": { "内容": "ジェイ＆ビー倶楽部【訪問介護】愛知県名古屋市天白区島田2丁目706島田ビル1-B", "url": "https://www.kaigokensaku.mhlw.go.jp/23/index.php?action_kouhyou_detail_004_kani=true&JigyosyoCd=2371601424-00&ServiceCd=110&Type=search", "url2": null }, "geometry": { "type": "Point", "coordinates": [ 136.975429500000018, 35.1222429 ] } },
{ "type": "Feature", "properties": { "内容": "だいだいトータルライフサポート【訪問介護】原1-412村瀬商事ビル１B", "url": "https://www.kaigokensaku.mhlw.go.jp/23/index.php?action_kouhyou_detail_004_kani=true&JigyosyoCd=2371604477-00&ServiceCd=110&Type=search", "url2": "https://shisei-ph.com/total-life-support/" }, "geometry": { "type": "Point", "coordinates": [ 136.9965489, 35.12571 ] } },
{ "type": "Feature", "properties": { "内容": "天音訪問介護事業所【訪問介護】鴻の巣２－１１５エレガンスタカネ203号", "url": "https://www.kaigokensaku.mhlw.go.jp/23/index.php?action_kouhyou_detail_004_kani=true&JigyosyoCd=2371604501-00&ServiceCd=110&Type=search", "url2": null }, "geometry": { "type": "Point", "coordinates": [ 136.993452600000012, 35.1399156 ] } },
{ "type": "Feature", "properties": { "内容": "天白区介護保険事業所【訪問介護】名古屋市天白区原1丁目301原ターミナルビル3F", "url": "https://www.kaigokensaku.mhlw.go.jp/23/index.php?action_kouhyou_detail_004_kani=true&JigyosyoCd=2371600038-00&ServiceCd=110&Type=search", "url2": "http://care-net.biz/23/zaitakunet" }, "geometry": { "type": "Point", "coordinates": [ 136.996226200000024, 35.1259372 ] } },
{ "type": "Feature", "properties": { "内容": "相生山ケアセンター【訪問介護】愛知県名古屋市天白区山根町３３５番地ながいビルＥ号室ながいビルE号室", "url": "https://www.kaigokensaku.mhlw.go.jp/23/index.php?action_kouhyou_detail_004_kani=true&JigyosyoCd=2371600715-00&ServiceCd=110&Type=search", "url2": "http://www.atatakai-kokoro.or.jp/" }, "geometry": { "type": "Point", "coordinates": [ 136.976008474205088, 35.10836715484038 ] } },
{ "type": "Feature", "properties": { "内容": "訪問介護事業所楽人【訪問介護】愛知県名古屋市天白区土原1-336", "url": "https://www.kaigokensaku.mhlw.go.jp/23/index.php?action_kouhyou_detail_004_kani=true&JigyosyoCd=2371602943-00&ServiceCd=110&Type=search", "url2": "http://www.asunaro-web.jp/rakuto-tsuchihara/" }, "geometry": { "type": "Point", "coordinates": [ 136.980359799999974, 35.1172603 ] } },
{ "type": "Feature", "properties": { "内容": "訪問介護日常【訪問介護】愛知県名古屋市天白区島田5丁目709アルファ島田201", "url": "https://www.kaigokensaku.mhlw.go.jp/23/index.php?action_kouhyou_detail_004_kani=true&JigyosyoCd=2371604303-00&ServiceCd=110&Type=search", "url2": null }, "geometry": { "type": "Point", "coordinates": [ 136.9760507, 35.1199775 ] } },
{ "type": "Feature", "properties": { "内容": "福之家訪問介護事務所【訪問介護】愛知県名古屋市天白区道明町２ユニバーサル島田１０２", "url": "https://www.kaigokensaku.mhlw.go.jp/23/index.php?action_kouhyou_detail_004_kani=true&JigyosyoCd=2371604519-00&ServiceCd=110&Type=search", "url2": null }, "geometry": { "type": "Point", "coordinates": [ 136.9716491, 35.1238824 ] } },
{ "type": "Feature", "properties": { "内容": "学研ココファン野並ヘルパーセンター【訪問介護】愛知県名古屋市天白区中坪町181", "url": "https://www.kaigokensaku.mhlw.go.jp/23/index.php?action_kouhyou_detail_004_kani=true&JigyosyoCd=2371603768-00&ServiceCd=110&Type=search", "url2": null }, "geometry": { "type": "Point", "coordinates": [ 136.951976, 35.1089618 ] } },
{ "type": "Feature", "properties": { "内容": "株式会社アルデバラン【訪問介護】愛知県名古屋市天白区平針一丁目907番地", "url": "https://www.kaigokensaku.mhlw.go.jp/23/index.php?action_kouhyou_detail_004_kani=true&JigyosyoCd=2371603073-00&ServiceCd=110&Type=search", "url2": null }, "geometry": { "type": "Point", "coordinates": [ 137.001507685797151, 35.127094405853555 ] } },
{ "type": "Feature", "properties": { "内容": "訪問介護ステーション一つ山【訪問介護】愛知県名古屋市天白区一つ山三丁目2番地の1ＣＨ一ツ山305号", "url": "https://www.kaigokensaku.mhlw.go.jp/23/index.php?action_kouhyou_detail_004_kani=true&JigyosyoCd=2371604329-00&ServiceCd=110&Type=search", "url2": null }, "geometry": { "type": "Point", "coordinates": [ 136.9772989, 35.110234800000022 ] } },
{ "type": "Feature", "properties": { "内容": "ケアステーションMUSUBITE【訪問介護】愛知県名古屋市天白区池場三丁目117カーサ東田面105", "url": "https://www.kaigokensaku.mhlw.go.jp/23/index.php?action_kouhyou_detail_004_kani=true&JigyosyoCd=2371604048-00&ServiceCd=110&Type=search", "url2": "https://public-action-plans.com/" }, "geometry": { "type": "Point", "coordinates": [ 136.9836607, 35.1229854 ] } },
{ "type": "Feature", "properties": { "内容": "訪問介護RK【訪問介護】向が丘一丁目2109番地", "url": "https://www.kaigokensaku.mhlw.go.jp/23/index.php?action_kouhyou_detail_004_kani=true&JigyosyoCd=2371604527-00&ServiceCd=110&Type=search", "url2": null }, "geometry": { "type": "Point", "coordinates": [ 137.0027474, 35.1149479 ] } },
{ "type": "Feature", "properties": { "内容": "ヘルパーステーションかなで【訪問介護】高島二丁目512番地すずらんⅡ　102号室", "url": "https://www.kaigokensaku.mhlw.go.jp/23/index.php?action_kouhyou_detail_004_kani=true&JigyosyoCd=2371604543-00&ServiceCd=110&Type=search", "url2": "https://araiphysical.wixsite.com/my-site" }, "geometry": { "type": "Point", "coordinates": [ 137.001387599999987, 35.1037687 ] } },
{ "type": "Feature", "properties": { "内容": "ケアステーションスカラ・天箔【訪問介護】愛知県名古屋市天白区鴻の巣二丁目1512番地エスポアール鴻ノ巣105号室", "url": "https://www.kaigokensaku.mhlw.go.jp/23/index.php?action_kouhyou_detail_004_kani=true&JigyosyoCd=2371604535-00&ServiceCd=110&Type=search", "url2": null }, "geometry": { "type": "Point", "coordinates": [ 136.9954242, 35.1384304 ] } },
{ "type": "Feature", "properties": { "内容": "訪問介護ステーションあん【訪問介護】愛知県名古屋市天白区土原1丁目325番地2サンヒルズ松和花壇307号室", "url": "https://www.kaigokensaku.mhlw.go.jp/23/index.php?action_kouhyou_detail_004_kani=true&JigyosyoCd=2371604220-00&ServiceCd=110&Type=search", "url2": null }, "geometry": { "type": "Point", "coordinates": [ 136.984394060607315, 35.113039601274487 ] } },
{ "type": "Feature", "properties": { "内容": "ケアステーション島田【訪問介護】久方二丁目15-19TAKAハイツ101", "url": "https://www.kaigokensaku.mhlw.go.jp/23/index.php?action_kouhyou_detail_004_kani=true&JigyosyoCd=2371604295-00&ServiceCd=110&Type=search", "url2": null }, "geometry": { "type": "Point", "coordinates": [ 136.984178913491832, 35.105978819987151 ] } },
{ "type": "Feature", "properties": { "内容": "訪問介護よもぎ台【訪問介護】愛知県名古屋市天白区向が丘4丁目1001番地", "url": "https://www.kaigokensaku.mhlw.go.jp/23/index.php?action_kouhyou_detail_004_kani=true&JigyosyoCd=2371604550-00&ServiceCd=110&Type=search", "url2": "https://tsukuru333.jp/service/hk_yomogidai/" }, "geometry": { "type": "Point", "coordinates": [ 137.0087183, 35.1122056 ] } },
{ "type": "Feature", "properties": { "内容": "ヘルパーステーション　青い空【訪問介護】豊橋市山田三番町７０－２", "url": "https://www.kaigokensaku.mhlw.go.jp/23/index.php?action_kouhyou_detail_004_kani=true&JigyosyoCd=2372003042-00&ServiceCd=110&Type=search", "url2": null }, "geometry": { "type": "Point", "coordinates": [ 137.399552500000027, 34.741142 ] } },
{ "type": "Feature", "properties": { "内容": "あいビリーブ訪問介護事業所【訪問介護】佐藤四丁目28番地16　コーポムラタ102号室", "url": "https://www.kaigokensaku.mhlw.go.jp/23/index.php?action_kouhyou_detail_004_kani=true&JigyosyoCd=2372003059-00&ServiceCd=110&Type=search", "url2": "http://www.geocities.jp/ibelieve_2011/" }, "geometry": { "type": "Point", "coordinates": [ 137.408129700000018, 34.7392909 ] } },
{ "type": "Feature", "properties": { "内容": "へるぱー太陽【訪問介護】愛知県豊橋市植田町字境松35番地4", "url": "https://www.kaigokensaku.mhlw.go.jp/23/index.php?action_kouhyou_detail_004_kani=true&JigyosyoCd=2372003265-00&ServiceCd=110&Type=search", "url2": null }, "geometry": { "type": "Point", "coordinates": [ 137.362729, 34.7115944 ] } },
{ "type": "Feature", "properties": { "内容": "ヘルパー事業所ゆう【訪問介護】愛知県豊橋市岩屋町字岩屋下２９－３２鈴木貸店舗住宅203号", "url": "https://www.kaigokensaku.mhlw.go.jp/23/index.php?action_kouhyou_detail_004_kani=true&JigyosyoCd=2372005047-00&ServiceCd=110&Type=search", "url2": null }, "geometry": { "type": "Point", "coordinates": [ 137.423823700000014, 34.7385349 ] } },
{ "type": "Feature", "properties": { "内容": "湊町ヘルパーステーション【訪問介護】豊橋市湊町３番地", "url": "https://www.kaigokensaku.mhlw.go.jp/23/index.php?action_kouhyou_detail_004_kani=true&JigyosyoCd=2372002085-00&ServiceCd=110&Type=search", "url2": null }, "geometry": { "type": "Point", "coordinates": [ 137.384444499999972, 34.7714018 ] } },
{ "type": "Feature", "properties": { "内容": "ホームヘルプサービスセンター弥生王寿園【訪問介護】愛知県豊橋市弥生町字東豊和2-1", "url": "https://www.kaigokensaku.mhlw.go.jp/23/index.php?action_kouhyou_detail_004_kani=true&JigyosyoCd=2372001228-00&ServiceCd=110&Type=search", "url2": "http://www.oujukai.or.jp" }, "geometry": { "type": "Point", "coordinates": [ 137.392055998147612, 34.736735365571221 ] } },
{ "type": "Feature", "properties": { "内容": "しおんさぽーとせんたー【訪問介護】愛知県豊橋市伝馬町178山本ビル103号", "url": "https://www.kaigokensaku.mhlw.go.jp/23/index.php?action_kouhyou_detail_004_kani=true&JigyosyoCd=2372004024-00&ServiceCd=110&Type=search", "url2": "shion-yutaka.com" }, "geometry": { "type": "Point", "coordinates": [ 137.410844542101415, 34.75615257830772 ] } },
{ "type": "Feature", "properties": { "内容": "へるぱーおふぃす・ねいろ【訪問介護】愛知県豊橋市往完町往還東６３－４", "url": "https://www.kaigokensaku.mhlw.go.jp/23/index.php?action_kouhyou_detail_004_kani=true&JigyosyoCd=2372004040-00&ServiceCd=110&Type=search", "url2": "office-neiro.com" }, "geometry": { "type": "Point", "coordinates": [ 137.3784233, 34.7548147 ] } },
{ "type": "Feature", "properties": { "内容": "ヘルパーステーション　尽誠苑【訪問介護】愛知県豊橋市大脇町大脇ノ谷74番54", "url": "https://www.kaigokensaku.mhlw.go.jp/23/index.php?action_kouhyou_detail_004_kani=true&JigyosyoCd=2372001467-00&ServiceCd=110&Type=search", "url2": "http://www.jinsei-kai.or.jp/" }, "geometry": { "type": "Point", "coordinates": [ 137.4545925, 34.730431 ] } },
{ "type": "Feature", "properties": { "内容": "ヘルパーステーションはーとらいふ堂坂【訪問介護】愛知県豊橋市堂坂町47番地2", "url": "https://www.kaigokensaku.mhlw.go.jp/23/index.php?action_kouhyou_detail_004_kani=true&JigyosyoCd=2372003943-00&ServiceCd=110&Type=search", "url2": "http://www.reliable-heartlife.com" }, "geometry": { "type": "Point", "coordinates": [ 137.3788429, 34.750223599999977 ] } },
{ "type": "Feature", "properties": { "内容": "豊橋訪問介護事業所　蔵【訪問介護】愛知県豊橋市向山大池町14番地1向山大池ビル　1階北東側事務所", "url": "https://www.kaigokensaku.mhlw.go.jp/23/index.php?action_kouhyou_detail_004_kani=true&JigyosyoCd=2372004974-00&ServiceCd=110&Type=search", "url2": "http://shinme-fukushi.com" }, "geometry": { "type": "Point", "coordinates": [ 137.4044939, 34.7564969 ] } },
{ "type": "Feature", "properties": { "内容": "さいえんすケア訪問介護事業所【訪問介護】愛知県豊橋市二川町字西向山174-2", "url": "https://www.kaigokensaku.mhlw.go.jp/23/index.php?action_kouhyou_detail_004_kani=true&JigyosyoCd=2372002648-00&ServiceCd=110&Type=search", "url2": "http://" }, "geometry": { "type": "Point", "coordinates": [ 137.447961579797834, 34.720360025872623 ] } },
{ "type": "Feature", "properties": { "内容": "ヴィラ・カワイ介護サービス【訪問介護】愛知県豊橋市野依町字諏訪９０番地", "url": "https://www.kaigokensaku.mhlw.go.jp/23/index.php?action_kouhyou_detail_004_kani=true&JigyosyoCd=2372003505-00&ServiceCd=110&Type=search", "url2": "http://www:kawaikaigo:com/" }, "geometry": { "type": "Point", "coordinates": [ 137.389235399999961, 34.6992051 ] } },
{ "type": "Feature", "properties": { "内容": "豊橋市社会福祉協議会　ホームヘルパー中部【訪問介護】愛知県豊橋市八町通五丁目９番地", "url": "https://www.kaigokensaku.mhlw.go.jp/23/index.php?action_kouhyou_detail_004_kani=true&JigyosyoCd=2372000600-00&ServiceCd=110&Type=search", "url2": "http://www.toyohashi-shakyo.or.jp" }, "geometry": { "type": "Point", "coordinates": [ 137.397737799999959, 34.767 ] } },
{ "type": "Feature", "properties": { "内容": "ヘルパーステーションアイリス【訪問介護】愛知県豊橋市西小鷹野三丁目11番地1グローリアス小鷹野公園Ⅱ番館503", "url": "https://www.kaigokensaku.mhlw.go.jp/23/index.php?action_kouhyou_detail_004_kani=true&JigyosyoCd=2372004925-00&ServiceCd=110&Type=search", "url2": "http://www.ayamenohana.jp" }, "geometry": { "type": "Point", "coordinates": [ 137.4256422, 34.7735875 ] } },
{ "type": "Feature", "properties": { "内容": "ヘルパーステーション花桃【訪問介護】多米中町１丁目２番地５", "url": "https://www.kaigokensaku.mhlw.go.jp/23/index.php?action_kouhyou_detail_004_kani=true&JigyosyoCd=2372004453-00&ServiceCd=110&Type=search", "url2": "http://www.hana-momo.info/" }, "geometry": { "type": "Point", "coordinates": [ 137.442547307090507, 34.761457220823026 ] } },
{ "type": "Feature", "properties": { "内容": "訪問介護ステーション　ラヴィータ【訪問介護】愛知県豊橋市東田町字井原38番地の4エバーグリーン赤岩ハイツB-102", "url": "https://www.kaigokensaku.mhlw.go.jp/23/index.php?action_kouhyou_detail_004_kani=true&JigyosyoCd=2372004883-00&ServiceCd=110&Type=search", "url2": null }, "geometry": { "type": "Point", "coordinates": [ 137.428961500000014, 34.7626917 ] } },
{ "type": "Feature", "properties": { "内容": "ふれあい東海訪問介護事業所【訪問介護】愛知県豊橋市花田町字百北82.84合併地1", "url": "https://www.kaigokensaku.mhlw.go.jp/23/index.php?action_kouhyou_detail_004_kani=true&JigyosyoCd=2372001194-00&ServiceCd=110&Type=search", "url2": "http://www.tokaikotsu.co.jp" }, "geometry": { "type": "Point", "coordinates": [ 137.375730510372961, 34.766202046648914 ] } },
{ "type": "Feature", "properties": { "内容": "訪問介護事業所豊園よしかわ【訪問介護】愛知県豊橋市吉川町106番2豊園ここからのすまい吉川", "url": "https://www.kaigokensaku.mhlw.go.jp/23/index.php?action_kouhyou_detail_004_kani=true&JigyosyoCd=2372004305-00&ServiceCd=110&Type=search", "url2": "http://www.union-hd.jp" }, "geometry": { "type": "Point", "coordinates": [ 137.36540679999996, 34.7715817 ] } },
{ "type": "Feature", "properties": { "内容": "介護スタッフ日の出【訪問介護】愛知県豊橋市八町通三丁目１０５番地", "url": "https://www.kaigokensaku.mhlw.go.jp/23/index.php?action_kouhyou_detail_004_kani=true&JigyosyoCd=2372000337-00&ServiceCd=110&Type=search", "url2": "http://hp.kaipoke.biz/9y1/" }, "geometry": { "type": "Point", "coordinates": [ 137.393268900000066, 34.7669332 ] } },
{ "type": "Feature", "properties": { "内容": "医心館訪問介護ステーション豊橋【訪問介護】愛知県豊橋市牟呂町字南汐田１－３", "url": "https://www.kaigokensaku.mhlw.go.jp/23/index.php?action_kouhyou_detail_004_kani=true&JigyosyoCd=2372005393-00&ServiceCd=110&Type=search", "url2": null }, "geometry": { "type": "Point", "coordinates": [ 137.3639248, 34.7455485 ] } },
{ "type": "Feature", "properties": { "内容": "訪問介護つむぎ【訪問介護】飯村北5丁目6-5正栄ジンドウビル201", "url": "https://www.kaigokensaku.mhlw.go.jp/23/index.php?action_kouhyou_detail_004_kani=true&JigyosyoCd=2372005351-00&ServiceCd=110&Type=search", "url2": "https://peraichi.com/landing_pages/view/3456tumugi/" }, "geometry": { "type": "Point", "coordinates": [ 137.4321634, 34.7466411 ] } },
{ "type": "Feature", "properties": { "内容": "コープあいち福祉サービス豊橋西【訪問介護】愛知県豊橋市牟呂町字松崎１５番地", "url": "https://www.kaigokensaku.mhlw.go.jp/23/index.php?action_kouhyou_detail_004_kani=true&JigyosyoCd=2372000030-00&ServiceCd=110&Type=search", "url2": "http://coopaichi.tcoop.or.jp/" }, "geometry": { "type": "Point", "coordinates": [ 137.373328082803368, 34.751463017232382 ] } },
{ "type": "Feature", "properties": { "内容": "訪問介護ステーション　明陽苑【訪問介護】豊橋市八通町64-3老人保健施設　明陽苑", "url": "https://www.kaigokensaku.mhlw.go.jp/23/index.php?action_kouhyou_detail_004_kani=true&JigyosyoCd=2372000345-00&ServiceCd=110&Type=search", "url2": "http://www.meiyokai.or.jp" }, "geometry": { "type": "Point", "coordinates": [ 137.379521714680578, 34.760001522220264 ] } },
{ "type": "Feature", "properties": { "内容": "ニチイケアセンター豊橋【訪問介護】豊橋市西岩田4丁目１３番地13", "url": "https://www.kaigokensaku.mhlw.go.jp/23/index.php?action_kouhyou_detail_004_kani=true&JigyosyoCd=2372000501-00&ServiceCd=110&Type=search", "url2": "http://www.nichiigakkan.co.jp" }, "geometry": { "type": "Point", "coordinates": [ 137.422060699999946, 34.7546772 ] } },
{ "type": "Feature", "properties": { "内容": "作楽荘訪問介護事業所【訪問介護】愛知県豊橋市王ヶ崎町字上原1番地145", "url": "https://www.kaigokensaku.mhlw.go.jp/23/index.php?action_kouhyou_detail_004_kani=true&JigyosyoCd=2372000550-00&ServiceCd=110&Type=search", "url2": "http://www15.ocn.ne.jp/~offss/" }, "geometry": { "type": "Point", "coordinates": [ 137.3752187, 34.7383472 ] } },
{ "type": "Feature", "properties": { "内容": "豊橋市社会福祉協議会　ホームヘルパー事業所【訪問介護】豊橋市佐藤5丁目22-16", "url": "https://www.kaigokensaku.mhlw.go.jp/23/index.php?action_kouhyou_detail_004_kani=true&JigyosyoCd=2372000584-00&ServiceCd=110&Type=search", "url2": "http://www.toyohashi-shakyo.or.jp/" }, "geometry": { "type": "Point", "coordinates": [ 137.4052269, 34.742989200000011 ] } },
{ "type": "Feature", "properties": { "内容": "愛知クリニックヘルパーステーション【訪問介護】愛知県豊橋市松村町５１番地", "url": "https://www.kaigokensaku.mhlw.go.jp/23/index.php?action_kouhyou_detail_004_kani=true&JigyosyoCd=2372001731-00&ServiceCd=110&Type=search", "url2": "http://www.aichi.clinic.or.jp" }, "geometry": { "type": "Point", "coordinates": [ 137.3845063, 34.7513625 ] } },
{ "type": "Feature", "properties": { "内容": "コープあいち福祉サービス豊橋北【訪問介護】愛知県豊橋市朝丘町132番地", "url": "https://www.kaigokensaku.mhlw.go.jp/23/index.php?action_kouhyou_detail_004_kani=true&JigyosyoCd=2372001954-00&ServiceCd=110&Type=search", "url2": "http://coopaichi.tcoop.or.jp/" }, "geometry": { "type": "Point", "coordinates": [ 137.419743917790981, 34.761074758276472 ] } },
{ "type": "Feature", "properties": { "内容": "アースサポート豊橋【訪問介護】愛知県豊橋市花田町字荒木38番地1", "url": "https://www.kaigokensaku.mhlw.go.jp/23/index.php?action_kouhyou_detail_004_kani=true&JigyosyoCd=2372002150-00&ServiceCd=110&Type=search", "url2": "http://www.earthsupport.co.jp" }, "geometry": { "type": "Point", "coordinates": [ 137.372184269095499, 34.767507646839981 ] } },
{ "type": "Feature", "properties": { "内容": "カワイ介護サービス　飯村センター【訪問介護】愛知県豊橋市飯村北2丁目30番地の1サンイースト早川", "url": "https://www.kaigokensaku.mhlw.go.jp/23/index.php?action_kouhyou_detail_004_kani=true&JigyosyoCd=2372002259-00&ServiceCd=110&Type=search", "url2": "http://www:kawaikaigo:com/" }, "geometry": { "type": "Point", "coordinates": [ 137.423177799999962, 34.745500500000034 ] } },
{ "type": "Feature", "properties": { "内容": "株式会社ニチイ学館　ニチイケアセンター花田【訪問介護】愛知県豊橋市花田町荒木14-1　第一杉ビル1Ｆ東", "url": "https://www.kaigokensaku.mhlw.go.jp/23/index.php?action_kouhyou_detail_004_kani=true&JigyosyoCd=2372002622-00&ServiceCd=110&Type=search", "url2": "http://" }, "geometry": { "type": "Point", "coordinates": [ 137.37013909999996, 34.7675745 ] } },
{ "type": "Feature", "properties": { "内容": "ヘルパーステーション　さかえの郷【訪問介護】豊橋市牟呂中村町10-10", "url": "https://www.kaigokensaku.mhlw.go.jp/23/index.php?action_kouhyou_detail_004_kani=true&JigyosyoCd=2372002846-00&ServiceCd=110&Type=search", "url2": "http://www.sks2012.net/" }, "geometry": { "type": "Point", "coordinates": [ 137.356747400000017, 34.7498674 ] } },
{ "type": "Feature", "properties": { "内容": "ヘルパーステーションはな【訪問介護】愛知県豊橋市山田町字郷７３番地９", "url": "https://www.kaigokensaku.mhlw.go.jp/23/index.php?action_kouhyou_detail_004_kani=true&JigyosyoCd=2372002853-00&ServiceCd=110&Type=search", "url2": null }, "geometry": { "type": "Point", "coordinates": [ 137.391698606507845, 34.746399844131311 ] } },
{ "type": "Feature", "properties": { "内容": "訪問介護フラワーサーチ【訪問介護】愛知県豊橋市東高田町665", "url": "https://www.kaigokensaku.mhlw.go.jp/23/index.php?action_kouhyou_detail_004_kani=true&JigyosyoCd=2372002911-00&ServiceCd=110&Type=search", "url2": "http://www.flower-s.co.jp" }, "geometry": { "type": "Point", "coordinates": [ 137.4326089, 34.7147823 ] } },
{ "type": "Feature", "properties": { "内容": "訪問介護事業所　輝き【訪問介護】豊橋市飯村北３丁目２４番地17ユトリロ飯村101号室", "url": "https://www.kaigokensaku.mhlw.go.jp/23/index.php?action_kouhyou_detail_004_kani=true&JigyosyoCd=2372003141-00&ServiceCd=110&Type=search", "url2": "kagayakitoyohashi@tg.commufa.jp" }, "geometry": { "type": "Point", "coordinates": [ 137.427129178959603, 34.745069432840594 ] } },
{ "type": "Feature", "properties": { "内容": "へルパーステーションリファイン【訪問介護】愛知県豊橋市弥生町字松原47－4とりでビルⅡ２階Ⅲ号室", "url": "https://www.kaigokensaku.mhlw.go.jp/23/index.php?action_kouhyou_detail_004_kani=true&JigyosyoCd=2372003885-00&ServiceCd=110&Type=search", "url2": "http://www.refine-heartlife.com/toyohashi/" }, "geometry": { "type": "Point", "coordinates": [ 137.399609222774643, 34.731869658362641 ] } },
{ "type": "Feature", "properties": { "内容": "ヘルパーステーション　はーとらいふ豊橋【訪問介護】愛知県豊橋市大脇町字大脇20番地8カワイハイツⅡ　102", "url": "https://www.kaigokensaku.mhlw.go.jp/23/index.php?action_kouhyou_detail_004_kani=true&JigyosyoCd=2372003901-00&ServiceCd=110&Type=search", "url2": null }, "geometry": { "type": "Point", "coordinates": [ 137.457326038098131, 34.725971787258985 ] } },
{ "type": "Feature", "properties": { "内容": "ヘルパーステーションめいさ【訪問介護】愛知県愛知県豊橋市佐藤１丁目5-3", "url": "https://www.kaigokensaku.mhlw.go.jp/23/index.php?action_kouhyou_detail_004_kani=true&JigyosyoCd=2372004511-00&ServiceCd=110&Type=search", "url2": "ライフサポート.com" }, "geometry": { "type": "Point", "coordinates": [ 137.427877, 34.753255300000021 ] } },
{ "type": "Feature", "properties": { "内容": "訪問介護ステーションめい花【訪問介護】愛知県豊橋市飯村北三丁目24-17　ユトリロ飯村302号室", "url": "https://www.kaigokensaku.mhlw.go.jp/23/index.php?action_kouhyou_detail_004_kani=true&JigyosyoCd=2372004750-00&ServiceCd=110&Type=search", "url2": "https://www.union-hd.jp" }, "geometry": { "type": "Point", "coordinates": [ 137.427044757563721, 34.745110110521225 ] } },
{ "type": "Feature", "properties": { "内容": "ニチイケアセンタ－三本木【訪問介護】愛知県豊橋市三本木町元三本木82-1ユトリロ三本木1-F", "url": "https://www.kaigokensaku.mhlw.go.jp/23/index.php?action_kouhyou_detail_004_kani=true&JigyosyoCd=2372004800-00&ServiceCd=110&Type=search", "url2": null }, "geometry": { "type": "Point", "coordinates": [ 137.396113499999956, 34.7237035 ] } },
{ "type": "Feature", "properties": { "内容": "ヘルパーゆうみ【訪問介護】愛知県豊橋市高師町西沢80", "url": "https://www.kaigokensaku.mhlw.go.jp/23/index.php?action_kouhyou_detail_004_kani=true&JigyosyoCd=2372005039-00&ServiceCd=110&Type=search", "url2": null }, "geometry": { "type": "Point", "coordinates": [ 137.386244938805078, 34.723960198716895 ] } },
{ "type": "Feature", "properties": { "内容": "ケアステーション　ラポール【訪問介護】愛知県豊橋市潮崎町36マンションきらら302", "url": "https://www.kaigokensaku.mhlw.go.jp/23/index.php?action_kouhyou_detail_004_kani=true&JigyosyoCd=2372005120-00&ServiceCd=110&Type=search", "url2": "https://rapport-caresupport.com" }, "geometry": { "type": "Point", "coordinates": [ 137.370085499999988, 34.7454056 ] } },
{ "type": "Feature", "properties": { "内容": "ひなたケアステーションとよはし【訪問介護】愛知県豊橋市潮崎町36マンションきらら401号室", "url": "https://www.kaigokensaku.mhlw.go.jp/23/index.php?action_kouhyou_detail_004_kani=true&JigyosyoCd=2372005229-00&ServiceCd=110&Type=search", "url2": "https://juju-g.co.jp/" }, "geometry": { "type": "Point", "coordinates": [ 137.370085499999988, 34.7454056 ] } },
{ "type": "Feature", "properties": { "内容": "ソラリオ牛川【訪問介護】愛知県豊橋市牛川町字乗小路32番地294", "url": "https://www.kaigokensaku.mhlw.go.jp/23/index.php?action_kouhyou_detail_004_kani=true&JigyosyoCd=2372005401-00&ServiceCd=110&Type=search", "url2": "https://solarioushikawa.com" }, "geometry": { "type": "Point", "coordinates": [ 137.434586599999989, 34.7709472 ] } },
{ "type": "Feature", "properties": { "内容": "アクアホーム豊橋西浜【訪問介護】愛知県豊橋市西浜町8番地1", "url": "https://www.kaigokensaku.mhlw.go.jp/23/index.php?action_kouhyou_detail_004_kani=true&JigyosyoCd=2372005419-00&ServiceCd=110&Type=search", "url2": null }, "geometry": { "type": "Point", "coordinates": [ 137.3296733, 34.7851264 ] } },
{ "type": "Feature", "properties": { "内容": "訪問介護ステーション　彩千華【訪問介護】朝丘町１６番地ルナハウス２０１号", "url": "https://www.kaigokensaku.mhlw.go.jp/23/index.php?action_kouhyou_detail_004_kani=true&JigyosyoCd=2372005435-00&ServiceCd=110&Type=search", "url2": "https://www.ichica0301.com/" }, "geometry": { "type": "Point", "coordinates": [ 137.417427300000014, 34.7623474 ] } },
{ "type": "Feature", "properties": { "内容": "訪問介護ステーション　虹の森　南栄【訪問介護】愛知県豊橋市北山町字東浦1番10サービス付き高齢者向け住宅　虹の森　南栄", "url": "https://www.kaigokensaku.mhlw.go.jp/23/index.php?action_kouhyou_detail_004_kani=true&JigyosyoCd=2372004396-00&ServiceCd=110&Type=search", "url2": "http://www.nijino-mori.com/" }, "geometry": { "type": "Point", "coordinates": [ 137.389175799999947, 34.7372699 ] } },
{ "type": "Feature", "properties": { "内容": "ソエルガーデン豊橋訪問介護【訪問介護】佐藤二丁目25－5", "url": "https://www.kaigokensaku.mhlw.go.jp/23/index.php?action_kouhyou_detail_004_kani=true&JigyosyoCd=2372005492-00&ServiceCd=110&Type=search", "url2": "https://www.care-partner.com/place/sg-toyohashi/" }, "geometry": { "type": "Point", "coordinates": [ 137.7471323, 34.7131104 ] } },
{ "type": "Feature", "properties": { "内容": "ヘルパーステーションさつき【訪問介護】愛知県豊橋市佐藤1丁目5-3", "url": "https://www.kaigokensaku.mhlw.go.jp/23/index.php?action_kouhyou_detail_004_kani=true&JigyosyoCd=2372005369-00&ServiceCd=110&Type=search", "url2": "https://ライフサポート.com" }, "geometry": { "type": "Point", "coordinates": [ 137.4014607, 34.7496131 ] } },
{ "type": "Feature", "properties": { "内容": "大清水ほのぼのヘルパーステーション【訪問介護】愛知県豊橋市南大清水町字藤ヶ谷168番地", "url": "https://www.kaigokensaku.mhlw.go.jp/23/index.php?action_kouhyou_detail_004_kani=true&JigyosyoCd=2372002689-00&ServiceCd=110&Type=search", "url2": null }, "geometry": { "type": "Point", "coordinates": [ 137.371401600000013, 34.6881114 ] } },
{ "type": "Feature", "properties": { "内容": "みき訪問介護事業所【訪問介護】羽根井西町12-13", "url": "https://www.kaigokensaku.mhlw.go.jp/23/index.php?action_kouhyou_detail_004_kani=true&JigyosyoCd=2372003117-00&ServiceCd=110&Type=search", "url2": null }, "geometry": { "type": "Point", "coordinates": [ 137.371595498904099, 34.755644724557563 ] } },
{ "type": "Feature", "properties": { "内容": "第二さわらび指定訪問介護事業所【訪問介護】愛知県豊橋市野依町字山中19-17", "url": "https://www.kaigokensaku.mhlw.go.jp/23/index.php?action_kouhyou_detail_004_kani=true&JigyosyoCd=2372001541-00&ServiceCd=110&Type=search", "url2": "http://www.sawarabi.or.jp/" }, "geometry": { "type": "Point", "coordinates": [ 137.400270399999954, 34.7009357 ] } },
{ "type": "Feature", "properties": { "内容": "スマイルナーシング豊橋吉田方【訪問介護】愛知県豊橋市小向町字北小向20番2", "url": "https://www.kaigokensaku.mhlw.go.jp/23/index.php?action_kouhyou_detail_004_kani=true&JigyosyoCd=2372004867-00&ServiceCd=110&Type=search", "url2": "https://smile-nursing.jp" }, "geometry": { "type": "Point", "coordinates": [ 137.36270110000001, 34.7688089 ] } },
{ "type": "Feature", "properties": { "内容": "メイカーズケア豊橋【訪問介護】大岩町字小山塚86番地", "url": "https://www.kaigokensaku.mhlw.go.jp/23/index.php?action_kouhyou_detail_004_kani=true&JigyosyoCd=2372005013-00&ServiceCd=110&Type=search", "url2": "https://makers-co.com/" }, "geometry": { "type": "Point", "coordinates": [ 137.4464039, 34.7187582 ] } },
{ "type": "Feature", "properties": { "内容": "あっぷるみんとケアステーション【訪問介護】愛知県豊橋市前田町二丁目７－３グラッセ前田4FB", "url": "https://www.kaigokensaku.mhlw.go.jp/23/index.php?action_kouhyou_detail_004_kani=true&JigyosyoCd=2372005500-00&ServiceCd=110&Type=search", "url2": null }, "geometry": { "type": "Point", "coordinates": [ 137.399179, 34.7610767 ] } },
{ "type": "Feature", "properties": { "内容": "訪問介護スマイルナーシング豊橋三ノ輪【訪問介護】愛知県豊橋市三ノ輪町本興寺27番4", "url": "https://www.kaigokensaku.mhlw.go.jp/23/index.php?action_kouhyou_detail_004_kani=true&JigyosyoCd=2372004958-00&ServiceCd=110&Type=search", "url2": "https://smile-nursing.jp" }, "geometry": { "type": "Point", "coordinates": [ 137.407409699999988, 34.74855340000002 ] } },
{ "type": "Feature", "properties": { "内容": "アクア豊橋訪問介護【訪問介護】愛知県豊橋市菰口町２丁目２０番地", "url": "https://www.kaigokensaku.mhlw.go.jp/23/index.php?action_kouhyou_detail_004_kani=true&JigyosyoCd=2372005328-00&ServiceCd=110&Type=search", "url2": null }, "geometry": { "type": "Point", "coordinates": [ 137.3678711, 34.7721906 ] } },
{ "type": "Feature", "properties": { "内容": "セラヴィ豊橋訪問介護ステーシ【訪問介護】愛知県豊橋市多米西町１丁目5-1", "url": "https://www.kaigokensaku.mhlw.go.jp/23/index.php?action_kouhyou_detail_004_kani=true&JigyosyoCd=2372005476-00&ServiceCd=110&Type=search", "url2": null }, "geometry": { "type": "Point", "coordinates": [ 137.433191, 34.7633119 ] } },
{ "type": "Feature", "properties": { "内容": "三鳳訪問介護ステーション【訪問介護】豊橋市西幸町字幸82", "url": "https://www.kaigokensaku.mhlw.go.jp/23/index.php?action_kouhyou_detail_004_kani=true&JigyosyoCd=2372005088-00&ServiceCd=110&Type=search", "url2": null }, "geometry": { "type": "Point", "coordinates": [ 137.3744418, 34.7506844 ] } },
{ "type": "Feature", "properties": { "内容": "ココファン豊橋大手町【訪問介護】愛知県豊橋市大手町101ココファン豊橋大手町", "url": "https://www.kaigokensaku.mhlw.go.jp/23/index.php?action_kouhyou_detail_004_kani=true&JigyosyoCd=2372004578-00&ServiceCd=110&Type=search", "url2": null }, "geometry": { "type": "Point", "coordinates": [ 137.391097, 34.7643917 ] } },
{ "type": "Feature", "properties": { "内容": "訪問介護ステーション虹の森豊橋【訪問介護】豊橋市下地町字新道41番", "url": "https://www.kaigokensaku.mhlw.go.jp/23/index.php?action_kouhyou_detail_004_kani=true&JigyosyoCd=2372005203-00&ServiceCd=110&Type=search", "url2": "http://nijino-mori.com" }, "geometry": { "type": "Point", "coordinates": [ 137.3819428, 34.7837944 ] } },
{ "type": "Feature", "properties": { "内容": "ヘルパーステーション　心春【訪問介護】愛知県豊橋市上野町字上ノ山18-1グレープリーフ102号室", "url": "https://www.kaigokensaku.mhlw.go.jp/23/index.php?action_kouhyou_detail_004_kani=true&JigyosyoCd=2372005153-00&ServiceCd=110&Type=search", "url2": "https://www.instagram.com/helperstation_koharu/" }, "geometry": { "type": "Point", "coordinates": [ 137.388756, 34.7233728 ] } },
{ "type": "Feature", "properties": { "内容": "訪問介護あざれあ豊橋【訪問介護】愛知県豊橋市瓜郷町八反田22住宅型有料老人ホームあざれあ豊橋", "url": "https://www.kaigokensaku.mhlw.go.jp/23/index.php?action_kouhyou_detail_004_kani=true&JigyosyoCd=2372004628-00&ServiceCd=110&Type=search", "url2": "http://www.azalea-care.com/" }, "geometry": { "type": "Point", "coordinates": [ 137.380528181020281, 34.7865922353147 ] } },
{ "type": "Feature", "properties": { "内容": "ライフサポートあさひ【訪問介護】豊橋市下地町字若宮66番地", "url": "https://www.kaigokensaku.mhlw.go.jp/23/index.php?action_kouhyou_detail_004_kani=true&JigyosyoCd=2372003455-00&ServiceCd=110&Type=search", "url2": "http://www.asahi-g.net" }, "geometry": { "type": "Point", "coordinates": [ 137.384397241108672, 34.784467241410361 ] } },
{ "type": "Feature", "properties": { "内容": "訪問介護　おてんとうさま【訪問介護】愛知県岡崎市桑原町字門立31-4", "url": "https://www.kaigokensaku.mhlw.go.jp/23/index.php?action_kouhyou_detail_004_kani=true&JigyosyoCd=2372104923-00&ServiceCd=110&Type=search", "url2": null }, "geometry": { "type": "Point", "coordinates": [ 137.18655560000002, 35.0308101 ] } },
{ "type": "Feature", "properties": { "内容": "かわいの里ホームヘルパー【訪問介護】愛知県岡崎市秦梨町字平畑１６番地１", "url": "https://www.kaigokensaku.mhlw.go.jp/23/index.php?action_kouhyou_detail_004_kani=true&JigyosyoCd=2372100707-00&ServiceCd=110&Type=search", "url2": "http://okafuku.com/" }, "geometry": { "type": "Point", "coordinates": [ 137.2489104, 34.9565533 ] } },
{ "type": "Feature", "properties": { "内容": "ヘルパーステーションWiz【訪問介護】愛知県岡崎市大門5丁目16番8アンサンブルアベニューA棟102", "url": "https://www.kaigokensaku.mhlw.go.jp/23/index.php?action_kouhyou_detail_004_kani=true&JigyosyoCd=2372105409-00&ServiceCd=110&Type=search", "url2": null }, "geometry": { "type": "Point", "coordinates": [ 137.150126377909828, 34.983459243550776 ] } },
{ "type": "Feature", "properties": { "内容": "あんじゅ訪問介護ステーション【訪問介護】愛知県岡崎市法性寺町字荒子16", "url": "https://www.kaigokensaku.mhlw.go.jp/23/index.php?action_kouhyou_detail_004_kani=true&JigyosyoCd=2372104428-00&ServiceCd=110&Type=search", "url2": "www.ange-kaigo.co.jp" }, "geometry": { "type": "Point", "coordinates": [ 137.142149707237422, 34.930974575867538 ] } },
{ "type": "Feature", "properties": { "内容": "ミコノス　ケアサービス【訪問介護】茅原沢町字梁野111番地1シニアビレッジ　リリーフセコンド", "url": "https://www.kaigokensaku.mhlw.go.jp/23/index.php?action_kouhyou_detail_004_kani=true&JigyosyoCd=2372104055-00&ServiceCd=110&Type=search", "url2": "http://www.relief-second.com" }, "geometry": { "type": "Point", "coordinates": [ 137.23942444078989, 34.935352977037425 ] } },
{ "type": "Feature", "properties": { "内容": "クルール岡崎大和町【訪問介護】愛知県岡崎市大和町鳥ヶ城22番地1", "url": "https://www.kaigokensaku.mhlw.go.jp/23/index.php?action_kouhyou_detail_004_kani=true&JigyosyoCd=2372105425-00&ServiceCd=110&Type=search", "url2": "https://couleurcourt-okazaki.com" }, "geometry": { "type": "Point", "coordinates": [ 137.130783082342248, 34.9469805 ] } },
{ "type": "Feature", "properties": { "内容": "クルール岡崎矢作町【訪問介護】愛知県岡崎市矢作町小河原28", "url": "https://www.kaigokensaku.mhlw.go.jp/23/index.php?action_kouhyou_detail_004_kani=true&JigyosyoCd=2372105433-00&ServiceCd=110&Type=search", "url2": "https://couleurcourt-okazaki.com" }, "geometry": { "type": "Point", "coordinates": [ 137.134751249790042, 34.964873311522425 ] } },
{ "type": "Feature", "properties": { "内容": "クルール岡崎矢作末広【訪問介護】愛知県岡崎市矢作町字末広１８", "url": "https://www.kaigokensaku.mhlw.go.jp/23/index.php?action_kouhyou_detail_004_kani=true&JigyosyoCd=2372105441-00&ServiceCd=110&Type=search", "url2": "couleurcourt-okazaki.com" }, "geometry": { "type": "Point", "coordinates": [ 137.135558371196197, 34.962621928390497 ] } },
{ "type": "Feature", "properties": { "内容": "岡崎介護サービス【訪問介護】愛知県岡崎市稲熊町字8丁目184番地", "url": "https://www.kaigokensaku.mhlw.go.jp/23/index.php?action_kouhyou_detail_004_kani=true&JigyosyoCd=2372101218-00&ServiceCd=110&Type=search", "url2": "https://goodlife-okazaki.com" }, "geometry": { "type": "Point", "coordinates": [ 137.184325299999955, 34.9658335 ] } },
{ "type": "Feature", "properties": { "内容": "ハートケアナンブ【訪問介護】愛知県岡崎市戸崎町字牛転１０番地９１", "url": "https://www.kaigokensaku.mhlw.go.jp/23/index.php?action_kouhyou_detail_004_kani=true&JigyosyoCd=2372100525-00&ServiceCd=110&Type=search", "url2": "tatsumigaoka@nambu-y.jp" }, "geometry": { "type": "Point", "coordinates": [ 137.175916235873387, 34.931917063062365 ] } },
{ "type": "Feature", "properties": { "内容": "訪問介護事業所インクオリア北岡崎【訪問介護】愛知県岡崎市大門４丁目２番地２", "url": "https://www.kaigokensaku.mhlw.go.jp/23/index.php?action_kouhyou_detail_004_kani=true&JigyosyoCd=2372105235-00&ServiceCd=110&Type=search", "url2": null }, "geometry": { "type": "Point", "coordinates": [ 137.155272200000013, 34.9863608 ] } },
{ "type": "Feature", "properties": { "内容": "ホームケア土屋東海【訪問介護】愛知県岡崎市康生通東2丁目41昴ビル5F", "url": "https://www.kaigokensaku.mhlw.go.jp/23/index.php?action_kouhyou_detail_004_kani=true&JigyosyoCd=2372105607-00&ServiceCd=110&Type=search", "url2": "https://homecare-tsuchiya.com" }, "geometry": { "type": "Point", "coordinates": [ 137.1655016, 34.9588784 ] } },
{ "type": "Feature", "properties": { "内容": "シーエス前地訪問介護事業所【訪問介護】愛知県岡崎市蓑川新町3丁目2-1", "url": "https://www.kaigokensaku.mhlw.go.jp/23/index.php?action_kouhyou_detail_004_kani=true&JigyosyoCd=2372100673-00&ServiceCd=110&Type=search", "url2": null }, "geometry": { "type": "Point", "coordinates": [ 137.201341400000047, 34.9208273 ] } },
{ "type": "Feature", "properties": { "内容": "ケアステーション光　岡崎【訪問介護】愛知県岡崎市上里二丁目20-8上里ガーデンビル2F", "url": "https://www.kaigokensaku.mhlw.go.jp/23/index.php?action_kouhyou_detail_004_kani=true&JigyosyoCd=2372105805-00&ServiceCd=110&Type=search", "url2": null }, "geometry": { "type": "Point", "coordinates": [ 137.1600202, 34.9912779 ] } },
{ "type": "Feature", "properties": { "内容": "ヘルパーステーション　マハロ【訪問介護】愛知県岡崎市若松東２丁目24－2FLATSわかまつ702", "url": "https://www.kaigokensaku.mhlw.go.jp/23/index.php?action_kouhyou_detail_004_kani=true&JigyosyoCd=2372105508-00&ServiceCd=110&Type=search", "url2": "https://kaigo-maharo.1web.jp" }, "geometry": { "type": "Point", "coordinates": [ 137.1687887, 34.9139887 ] } },
{ "type": "Feature", "properties": { "内容": "ヘルパーステーションアロハケア【訪問介護】愛知県岡崎市東明大寺町11-2イエローボックス2階", "url": "https://www.kaigokensaku.mhlw.go.jp/23/index.php?action_kouhyou_detail_004_kani=true&JigyosyoCd=2372105961-00&ServiceCd=110&Type=search", "url2": null }, "geometry": { "type": "Point", "coordinates": [ 137.17793850000001, 34.9442305 ] } },
{ "type": "Feature", "properties": { "内容": "ヘルパーステーションユーフォリア【訪問介護】愛知県岡崎市若松東２丁目24-2FLATSわかまつ503", "url": "https://www.kaigokensaku.mhlw.go.jp/23/index.php?action_kouhyou_detail_004_kani=true&JigyosyoCd=2372106001-00&ServiceCd=110&Type=search", "url2": null }, "geometry": { "type": "Point", "coordinates": [ 137.1687887, 34.9139887 ] } },
{ "type": "Feature", "properties": { "内容": "ヘルパーステーションあずと【訪問介護】愛知県岡崎市小呂町字２丁目８４番地２", "url": "https://www.kaigokensaku.mhlw.go.jp/23/index.php?action_kouhyou_detail_004_kani=true&JigyosyoCd=2372105987-00&ServiceCd=110&Type=search", "url2": null }, "geometry": { "type": "Point", "coordinates": [ 137.1854146, 34.95824380000002 ] } },
{ "type": "Feature", "properties": { "内容": "高齢者生協ヘルプサービスかけはし【訪問介護】岡崎市大門2丁目7-9", "url": "https://www.kaigokensaku.mhlw.go.jp/23/index.php?action_kouhyou_detail_004_kani=true&JigyosyoCd=2372101010-00&ServiceCd=110&Type=search", "url2": null }, "geometry": { "type": "Point", "coordinates": [ 137.149386109603938, 34.986328665533378 ] } },
{ "type": "Feature", "properties": { "内容": "楽えんヘルパーステーション【訪問介護】愛知県岡崎市羽根町字小豆坂61－1", "url": "https://www.kaigokensaku.mhlw.go.jp/23/index.php?action_kouhyou_detail_004_kani=true&JigyosyoCd=2372105037-00&ServiceCd=110&Type=search", "url2": null }, "geometry": { "type": "Point", "coordinates": [ 137.177160599999979, 34.9257674 ] } },
{ "type": "Feature", "properties": { "内容": "ＣＡＳＡヘルパーステーション【訪問介護】下和田町字大島15番地１和合橋ホーム", "url": "https://www.kaigokensaku.mhlw.go.jp/23/index.php?action_kouhyou_detail_004_kani=true&JigyosyoCd=2372104295-00&ServiceCd=110&Type=search", "url2": "http://www.okazakilife.jp/wagou" }, "geometry": { "type": "Point", "coordinates": [ 137.14793659999998, 34.9088071 ] } },
{ "type": "Feature", "properties": { "内容": "ヘルパーステーションらくえる【訪問介護】愛知県岡崎市仁木町八反田51番地165", "url": "https://www.kaigokensaku.mhlw.go.jp/23/index.php?action_kouhyou_detail_004_kani=true&JigyosyoCd=2372106092-00&ServiceCd=110&Type=search", "url2": null }, "geometry": { "type": "Point", "coordinates": [ 137.1765538, 35.0179945 ] } },
{ "type": "Feature", "properties": { "内容": "訪問介護ステーションよいかん岡崎光ヶ丘【訪問介護】愛知県岡崎市戸崎町藤狭45番地1", "url": "https://www.kaigokensaku.mhlw.go.jp/23/index.php?action_kouhyou_detail_004_kani=true&JigyosyoCd=2372105821-00&ServiceCd=110&Type=search", "url2": "https://bond-ym.co.jp/" }, "geometry": { "type": "Point", "coordinates": [ 137.1595595, 34.9289636 ] } },
{ "type": "Feature", "properties": { "内容": "ほっとハウス愛訪問介護事業所【訪問介護】愛知県岡崎市上地1丁目44番地17", "url": "https://www.kaigokensaku.mhlw.go.jp/23/index.php?action_kouhyou_detail_004_kani=true&JigyosyoCd=2372106100-00&ServiceCd=110&Type=search", "url2": null }, "geometry": { "type": "Point", "coordinates": [ 137.160988524536862, 34.906680294244637 ] } },
{ "type": "Feature", "properties": { "内容": "ケアリール訪問介護事業所　真福寺【訪問介護】真福寺町座中ノ坂94-5", "url": "https://www.kaigokensaku.mhlw.go.jp/23/index.php?action_kouhyou_detail_004_kani=true&JigyosyoCd=2372106118-00&ServiceCd=110&Type=search", "url2": "https://www.niceman-care.com/" }, "geometry": { "type": "Point", "coordinates": [ 137.17693043306582, 34.999837186819683 ] } },
{ "type": "Feature", "properties": { "内容": "アクア鴨田訪問介護【訪問介護】愛知県岡崎市鴨田町字向山58-1", "url": "https://www.kaigokensaku.mhlw.go.jp/23/index.php?action_kouhyou_detail_004_kani=true&JigyosyoCd=2372105870-00&ServiceCd=110&Type=search", "url2": "http://www.staff-syuei.biz/" }, "geometry": { "type": "Point", "coordinates": [ 137.167621503704822, 34.977319115483446 ] } },
{ "type": "Feature", "properties": { "内容": "岡崎市社会福祉協議会指定訪問介護事業所【訪問介護】愛知県岡崎市美合町字五本松68番地12岡崎市社会福祉センター3階", "url": "https://www.kaigokensaku.mhlw.go.jp/23/index.php?action_kouhyou_detail_004_kani=true&JigyosyoCd=2372100129-00&ServiceCd=110&Type=search", "url2": "https://okazaki-shakyo.jp/" }, "geometry": { "type": "Point", "coordinates": [ 137.182798192671953, 34.932469272049616 ] } },
{ "type": "Feature", "properties": { "内容": "やはぎ苑ヘルパ－ステ－ション【訪問介護】愛知県岡崎市上佐々木町字大官49番地", "url": "https://www.kaigokensaku.mhlw.go.jp/23/index.php?action_kouhyou_detail_004_kani=true&JigyosyoCd=2372100608-00&ServiceCd=110&Type=search", "url2": "http://www.mizuho-kai.or.jp/" }, "geometry": { "type": "Point", "coordinates": [ 137.121395600000028, 34.9404977 ] } },
{ "type": "Feature", "properties": { "内容": "ニチイケアセンター岡崎【訪問介護】岡崎市美合町つむぎ中6-10", "url": "https://www.kaigokensaku.mhlw.go.jp/23/index.php?action_kouhyou_detail_004_kani=true&JigyosyoCd=2372100624-00&ServiceCd=110&Type=search", "url2": "http://www.nichiigakkan.co.jp" }, "geometry": { "type": "Point", "coordinates": [ 137.183933140298848, 34.927402313482723 ] } },
{ "type": "Feature", "properties": { "内容": "コープあいち福祉サービス・岡崎【訪問介護】愛知県岡崎市竜美南3丁目1-24", "url": "https://www.kaigokensaku.mhlw.go.jp/23/index.php?action_kouhyou_detail_004_kani=true&JigyosyoCd=2372100806-00&ServiceCd=110&Type=search", "url2": "http://coopaichi.tcoop.or.jp/" }, "geometry": { "type": "Point", "coordinates": [ 137.172832699999958, 34.9392272 ] } },
{ "type": "Feature", "properties": { "内容": "コープあいち福祉サービスひな【訪問介護】愛知県岡崎市日名南町20-3訪問介護事業所", "url": "https://www.kaigokensaku.mhlw.go.jp/23/index.php?action_kouhyou_detail_004_kani=true&JigyosyoCd=2372101408-00&ServiceCd=110&Type=search", "url2": "http://" }, "geometry": { "type": "Point", "coordinates": [ 137.151348577909829, 34.96897495802564 ] } },
{ "type": "Feature", "properties": { "内容": "ニチイケアセンター上里【訪問介護】愛知県岡崎市上里二丁目13番地3", "url": "https://www.kaigokensaku.mhlw.go.jp/23/index.php?action_kouhyou_detail_004_kani=true&JigyosyoCd=2372101846-00&ServiceCd=110&Type=search", "url2": "http://www.nichiigakkan.co.jp" }, "geometry": { "type": "Point", "coordinates": [ 137.162102199999907, 34.9903912 ] } },
{ "type": "Feature", "properties": { "内容": "ヘルパーステーションのぞみ【訪問介護】愛知県岡崎市上青野町字馬場5", "url": "https://www.kaigokensaku.mhlw.go.jp/23/index.php?action_kouhyou_detail_004_kani=true&JigyosyoCd=2372101978-00&ServiceCd=110&Type=search", "url2": "https://npo-nozomi.jp" }, "geometry": { "type": "Point", "coordinates": [ 137.122969268647807, 34.918622086409066 ] } },
{ "type": "Feature", "properties": { "内容": "ヘルパーステーションなのはな苑ふくおか【訪問介護】岡崎市福岡町四反田２６番地", "url": "https://www.kaigokensaku.mhlw.go.jp/23/index.php?action_kouhyou_detail_004_kani=true&JigyosyoCd=2372103040-00&ServiceCd=110&Type=search", "url2": "http://www.meisuikai.or.jp/02_serv/helper.html" }, "geometry": { "type": "Point", "coordinates": [ 137.157791800000041, 34.8957311 ] } },
{ "type": "Feature", "properties": { "内容": "ニチイケアセンタ-緑丘東【訪問介護】愛知県岡崎市緑丘3-17-16", "url": "https://www.kaigokensaku.mhlw.go.jp/23/index.php?action_kouhyou_detail_004_kani=true&JigyosyoCd=2372103487-00&ServiceCd=110&Type=search", "url2": "www.nichiigakkan.co.jp" }, "geometry": { "type": "Point", "coordinates": [ 137.184637899999984, 34.9155852 ] } },
{ "type": "Feature", "properties": { "内容": "ポッジョ・デル・アルジェント　　ヘルパーステーション【訪問介護】愛知県岡崎市真伝町荒戸２１番地５", "url": "https://www.kaigokensaku.mhlw.go.jp/23/index.php?action_kouhyou_detail_004_kani=true&JigyosyoCd=2372103537-00&ServiceCd=110&Type=search", "url2": "https://argento.shuei-sangyo.com/" }, "geometry": { "type": "Point", "coordinates": [ 137.182523749737555, 34.982560553390364 ] } },
{ "type": "Feature", "properties": { "内容": "ニチイケアセンター橋目【訪問介護】岡崎市橋目町字阿知賀27-3", "url": "https://www.kaigokensaku.mhlw.go.jp/23/index.php?action_kouhyou_detail_004_kani=true&JigyosyoCd=2372103834-00&ServiceCd=110&Type=search", "url2": "https://www.nichiigakkan.co.jp" }, "geometry": { "type": "Point", "coordinates": [ 137.135546299999987, 34.9760058 ] } },
{ "type": "Feature", "properties": { "内容": "よっこらしょっ青い鳥　訪問介護～助っ人～【訪問介護】愛知県岡崎市昭和町字天神１８番地よっこらしょっ青い鳥", "url": "https://www.kaigokensaku.mhlw.go.jp/23/index.php?action_kouhyou_detail_004_kani=true&JigyosyoCd=2372104733-00&ServiceCd=110&Type=search", "url2": "http://aoitori-home.com/" }, "geometry": { "type": "Point", "coordinates": [ 137.119787299999984, 34.9459722 ] } },
{ "type": "Feature", "properties": { "内容": "ヘルパーステーション花・花【訪問介護】愛知県岡崎市下和田町高畑47-1", "url": "https://www.kaigokensaku.mhlw.go.jp/23/index.php?action_kouhyou_detail_004_kani=true&JigyosyoCd=2372104824-00&ServiceCd=110&Type=search", "url2": null }, "geometry": { "type": "Point", "coordinates": [ 137.144210287945242, 34.907123640868846 ] } },
{ "type": "Feature", "properties": { "内容": "にじのさと岡崎サービスセンター【訪問介護】愛知県岡崎市庄司田1-6-81階", "url": "https://www.kaigokensaku.mhlw.go.jp/23/index.php?action_kouhyou_detail_004_kani=true&JigyosyoCd=2372105326-00&ServiceCd=110&Type=search", "url2": "http://senior-life.jp" }, "geometry": { "type": "Point", "coordinates": [ 137.171174498018416, 34.921667098550074 ] } },
{ "type": "Feature", "properties": { "内容": "ヘルパーステーション永遠【訪問介護】上地２丁目15番地3田中ビルA", "url": "https://www.kaigokensaku.mhlw.go.jp/23/index.php?action_kouhyou_detail_004_kani=true&JigyosyoCd=2372105359-00&ServiceCd=110&Type=search", "url2": "http://hp.kaipoke.biz/1u3/" }, "geometry": { "type": "Point", "coordinates": [ 137.167111283614247, 34.912767873251283 ] } },
{ "type": "Feature", "properties": { "内容": "ニチイケアセンタ－法性寺【訪問介護】愛知県岡崎市法性寺町荒子56-3味楽留ビル1階", "url": "https://www.kaigokensaku.mhlw.go.jp/23/index.php?action_kouhyou_detail_004_kani=true&JigyosyoCd=2372105417-00&ServiceCd=110&Type=search", "url2": null }, "geometry": { "type": "Point", "coordinates": [ 137.142399699999942, 34.9298517 ] } },
{ "type": "Feature", "properties": { "内容": "向日葵のかおり岡崎【訪問介護】愛知県岡崎市岩津町二丁目6-4", "url": "https://www.kaigokensaku.mhlw.go.jp/23/index.php?action_kouhyou_detail_004_kani=true&JigyosyoCd=2372105714-00&ServiceCd=110&Type=search", "url2": "http://himawarinohizashi.com/" }, "geometry": { "type": "Point", "coordinates": [ 137.168602587696824, 35.00222671546581 ] } },
{ "type": "Feature", "properties": { "内容": "ヘルパーステーションKOP岡崎【訪問介護】愛知県岡崎市北本郷町字野添40　アビタシオン104号室", "url": "https://www.kaigokensaku.mhlw.go.jp/23/index.php?action_kouhyou_detail_004_kani=true&JigyosyoCd=2372105730-00&ServiceCd=110&Type=search", "url2": null }, "geometry": { "type": "Point", "coordinates": [ 137.125331403041088, 34.952843469199607 ] } },
{ "type": "Feature", "properties": { "内容": "ヘルパーちばる【訪問介護】愛知県岡崎市中園町字川成１００番地３", "url": "https://www.kaigokensaku.mhlw.go.jp/23/index.php?action_kouhyou_detail_004_kani=true&JigyosyoCd=2372105763-00&ServiceCd=110&Type=search", "url2": "https://cityriverstyle.jp/free/parlorchibaru" }, "geometry": { "type": "Point", "coordinates": [ 137.143002237434359, 34.969175547093045 ] } },
{ "type": "Feature", "properties": { "内容": "ヘルパーステーションLIFE【訪問介護】柱2丁目5-1鳥ビル２C", "url": "https://www.kaigokensaku.mhlw.go.jp/23/index.php?action_kouhyou_detail_004_kani=true&JigyosyoCd=2372105904-00&ServiceCd=110&Type=search", "url2": "https://zaitakucareservice.lacrie.biz" }, "geometry": { "type": "Point", "coordinates": [ 137.154962, 34.924679 ] } },
{ "type": "Feature", "properties": { "内容": "介護クラーク岡崎【訪問介護】愛知県岡崎市明大寺町字仲ヶ入29-1", "url": "https://www.kaigokensaku.mhlw.go.jp/23/index.php?action_kouhyou_detail_004_kani=true&JigyosyoCd=2372105995-00&ServiceCd=110&Type=search", "url2": "https://cuc-hospice.com/rehope/" }, "geometry": { "type": "Point", "coordinates": [ 137.1736883, 34.9477729 ] } },
{ "type": "Feature", "properties": { "内容": "医心館訪問介護ステーション岡崎【訪問介護】愛知県岡崎市欠町字網笠5番地1", "url": "https://www.kaigokensaku.mhlw.go.jp/23/index.php?action_kouhyou_detail_004_kani=true&JigyosyoCd=2372106175-00&ServiceCd=110&Type=search", "url2": null }, "geometry": { "type": "Point", "coordinates": [ 137.1905628, 34.9508574 ] } },
{ "type": "Feature", "properties": { "内容": "岡崎市社会福祉協議会額田支所指定訪問介護事業所【訪問介護】愛知県岡崎市樫山町字山ノ神１０番地１岡崎市豊富学区市民ホーム内", "url": "https://www.kaigokensaku.mhlw.go.jp/23/index.php?action_kouhyou_detail_004_kani=true&JigyosyoCd=2376000366-00&ServiceCd=110&Type=search", "url2": "https://okazaki-shakyo.jp/" }, "geometry": { "type": "Point", "coordinates": [ 137.292884501852427, 34.918981552592683 ] } },
{ "type": "Feature", "properties": { "内容": "ひまわり訪問介護【訪問介護】愛知県岡崎市舳越町東沖1-1", "url": "https://www.kaigokensaku.mhlw.go.jp/23/index.php?action_kouhyou_detail_004_kani=true&JigyosyoCd=2372105029-00&ServiceCd=110&Type=search", "url2": null }, "geometry": { "type": "Point", "coordinates": [ 137.143996710975671, 34.977395152234266 ] } },
{ "type": "Feature", "properties": { "内容": "しあわせ介護【訪問介護】愛知県岡崎市稲熊町字8丁目56番地1井坂ビル4階", "url": "https://www.kaigokensaku.mhlw.go.jp/23/index.php?action_kouhyou_detail_004_kani=true&JigyosyoCd=2372106134-00&ServiceCd=110&Type=search", "url2": null }, "geometry": { "type": "Point", "coordinates": [ 137.1824969, 34.9665238 ] } },
{ "type": "Feature", "properties": { "内容": "D&M株式会社　さわやかサービス【訪問介護】愛知県岡崎市羽根町陣場173番地", "url": "https://www.kaigokensaku.mhlw.go.jp/23/index.php?action_kouhyou_detail_004_kani=true&JigyosyoCd=2372100574-00&ServiceCd=110&Type=search", "url2": "http://www.syoyukai.or.jp/" }, "geometry": { "type": "Point", "coordinates": [ 137.169304947850378, 34.925696753697125 ] } },
{ "type": "Feature", "properties": { "内容": "ヘルパーステーション岡福【訪問介護】岡崎市美合町字下長根２番地１高年者センター岡崎", "url": "https://www.kaigokensaku.mhlw.go.jp/23/index.php?action_kouhyou_detail_004_kani=true&JigyosyoCd=2372102398-00&ServiceCd=110&Type=search", "url2": "https://www.okazaki-fukushi.or.jp" }, "geometry": { "type": "Point", "coordinates": [ 137.184243299999906, 34.9214874 ] } },
{ "type": "Feature", "properties": { "内容": "ヘルパーステーション虹【訪問介護】愛知県岡崎市洞町字向山13番地１4", "url": "https://www.kaigokensaku.mhlw.go.jp/23/index.php?action_kouhyou_detail_004_kani=true&JigyosyoCd=2372100566-00&ServiceCd=110&Type=search", "url2": "http://www.hakuhoukai-hp.or.jp" }, "geometry": { "type": "Point", "coordinates": [ 137.19976859999997, 34.9461609 ] } },
{ "type": "Feature", "properties": { "内容": "ヘルパーステーション　さくらの里【訪問介護】愛知県岡崎市中岡崎町11番地2", "url": "https://www.kaigokensaku.mhlw.go.jp/23/index.php?action_kouhyou_detail_004_kani=true&JigyosyoCd=2372100418-00&ServiceCd=110&Type=search", "url2": "http://www.sakuranosato.com" }, "geometry": { "type": "Point", "coordinates": [ 137.15447134840997, 34.957530048273917 ] } },
{ "type": "Feature", "properties": { "内容": "みのりライフ介護センタ－【訪問介護】岡崎市六名２丁目２番地の１", "url": "https://www.kaigokensaku.mhlw.go.jp/23/index.php?action_kouhyou_detail_004_kani=true&JigyosyoCd=2372100475-00&ServiceCd=110&Type=search", "url2": "http://www.minori-life.com/okazaki/" }, "geometry": { "type": "Point", "coordinates": [ 137.156633899999946, 34.9476343 ] } },
{ "type": "Feature", "properties": { "内容": "オアシス　ケア【訪問介護】岡崎市伊賀町字４－６８－２", "url": "https://www.kaigokensaku.mhlw.go.jp/23/index.php?action_kouhyou_detail_004_kani=true&JigyosyoCd=2372101762-00&ServiceCd=110&Type=search", "url2": "http://" }, "geometry": { "type": "Point", "coordinates": [ 137.169857099999945, 34.9673579 ] } },
{ "type": "Feature", "properties": { "内容": "ヘルパ－ステーションみのがわ【訪問介護】愛知県岡崎市鉢地町字下中野2番地1", "url": "https://www.kaigokensaku.mhlw.go.jp/23/index.php?action_kouhyou_detail_004_kani=true&JigyosyoCd=2372102232-00&ServiceCd=110&Type=search", "url2": "http://nekkonokai.com/" }, "geometry": { "type": "Point", "coordinates": [ 137.262224293254121, 34.884299077189034 ] } },
{ "type": "Feature", "properties": { "内容": "けいろう葵【訪問介護】岡崎市柱町字東荒子１", "url": "https://www.kaigokensaku.mhlw.go.jp/23/index.php?action_kouhyou_detail_004_kani=true&JigyosyoCd=2372101473-00&ServiceCd=110&Type=search", "url2": "www.keirou-aoi.com" }, "geometry": { "type": "Point", "coordinates": [ 137.159223699999984, 34.9217617 ] } },
{ "type": "Feature", "properties": { "内容": "あんしんサービス株式会社【訪問介護】愛知県岡崎市江口一丁目3番地20", "url": "https://www.kaigokensaku.mhlw.go.jp/23/index.php?action_kouhyou_detail_004_kani=true&JigyosyoCd=2372103412-00&ServiceCd=110&Type=search", "url2": null }, "geometry": { "type": "Point", "coordinates": [ 137.156386133649107, 34.937201727323078 ] } },
{ "type": "Feature", "properties": { "内容": "ミークケア【訪問介護】愛知県岡崎市羽根東町３－１－１ラッシュビル403", "url": "https://www.kaigokensaku.mhlw.go.jp/23/index.php?action_kouhyou_detail_004_kani=true&JigyosyoCd=2372105888-00&ServiceCd=110&Type=search", "url2": "http://hp.kaipoke.biz/tmd/" }, "geometry": { "type": "Point", "coordinates": [ 137.1667669, 34.9260046 ] } },
{ "type": "Feature", "properties": { "内容": "だいじゅ【訪問介護】愛知県岡崎市籠田町１２番地第1藤村ビル2F", "url": "https://www.kaigokensaku.mhlw.go.jp/23/index.php?action_kouhyou_detail_004_kani=true&JigyosyoCd=2372105698-00&ServiceCd=110&Type=search", "url2": null }, "geometry": { "type": "Point", "coordinates": [ 137.167688, 34.9582591 ] } },
{ "type": "Feature", "properties": { "内容": "訪問介護事業所　幸田の家【訪問介護】福岡町北藤六18-7", "url": "https://www.kaigokensaku.mhlw.go.jp/23/index.php?action_kouhyou_detail_004_kani=true&JigyosyoCd=2372106217-00&ServiceCd=110&Type=search", "url2": "info@kota-u.jp" }, "geometry": { "type": "Point", "coordinates": [ 137.160848600000037, 34.9087815 ] } },
{ "type": "Feature", "properties": { "内容": "ひびきホームケアサービス【訪問介護】愛知県岡崎市在家町字西五反田１３番地１", "url": "https://www.kaigokensaku.mhlw.go.jp/23/index.php?action_kouhyou_detail_004_kani=true&JigyosyoCd=2372103024-00&ServiceCd=110&Type=search", "url2": "http://www.hibiki-care.jp/" }, "geometry": { "type": "Point", "coordinates": [ 137.132154600000035, 34.9109318 ] } },
{ "type": "Feature", "properties": { "内容": "ヘルパーステーションかるみあ【訪問介護】愛知県岡崎市欠町字金谷10番地1S&Sビル303", "url": "https://www.kaigokensaku.mhlw.go.jp/23/index.php?action_kouhyou_detail_004_kani=true&JigyosyoCd=2372105672-00&ServiceCd=110&Type=search", "url2": "https://hrn.co.jp" }, "geometry": { "type": "Point", "coordinates": [ 137.1868418, 34.9517337 ] } },
{ "type": "Feature", "properties": { "内容": "住宅型有料老人ホーム　ユーワン【訪問介護】愛知県岡崎市井内町上堤30番地", "url": "https://www.kaigokensaku.mhlw.go.jp/23/index.php?action_kouhyou_detail_004_kani=true&JigyosyoCd=2372105649-00&ServiceCd=110&Type=search", "url2": "http://www.you1-one.com" }, "geometry": { "type": "Point", "coordinates": [ 137.14569034665729, 34.91812568927427 ] } },
{ "type": "Feature", "properties": { "内容": "訪問介護事業所インクオリアつむぎ【訪問介護】美合町字つむぎ中6-2", "url": "https://www.kaigokensaku.mhlw.go.jp/23/index.php?action_kouhyou_detail_004_kani=true&JigyosyoCd=2372105938-00&ServiceCd=110&Type=search", "url2": "https://www.inqualia-tsumugi.com/" }, "geometry": { "type": "Point", "coordinates": [ 137.185447900000014, 34.9272228 ] } },
{ "type": "Feature", "properties": { "内容": "在宅サポートセンター舳越訪問介護事業所【訪問介護】愛知県岡崎市舳越町字宮前17番地1", "url": "https://www.kaigokensaku.mhlw.go.jp/23/index.php?action_kouhyou_detail_004_kani=true&JigyosyoCd=2372104451-00&ServiceCd=110&Type=search", "url2": "hv-h.info" }, "geometry": { "type": "Point", "coordinates": [ 137.140856900000017, 34.9744395 ] } },
{ "type": "Feature", "properties": { "内容": "株式会社　シルバーネット【訪問介護】愛知県岡崎市羽根町字小豆坂53番地1", "url": "https://www.kaigokensaku.mhlw.go.jp/23/index.php?action_kouhyou_detail_004_kani=true&JigyosyoCd=2372105334-00&ServiceCd=110&Type=search", "url2": "https://www.kaigotaxi-okazaki.com/index.html" }, "geometry": { "type": "Point", "coordinates": [ 137.158374653372903, 34.936526340636711 ] } },
{ "type": "Feature", "properties": { "内容": "アクア岡崎訪問介護【訪問介護】愛知県岡崎市宇頭北町2丁目1番3", "url": "https://www.kaigokensaku.mhlw.go.jp/23/index.php?action_kouhyou_detail_004_kani=true&JigyosyoCd=2372105599-00&ServiceCd=110&Type=search", "url2": null }, "geometry": { "type": "Point", "coordinates": [ 137.1219949, 34.972253 ] } },
{ "type": "Feature", "properties": { "内容": "だるまさん【訪問介護】愛知県岡崎市康生通西4丁目29番地株式会社信洋会　４F", "url": "https://www.kaigokensaku.mhlw.go.jp/23/index.php?action_kouhyou_detail_004_kani=true&JigyosyoCd=2372105854-00&ServiceCd=110&Type=search", "url2": null }, "geometry": { "type": "Point", "coordinates": [ 137.15963210000001, 34.9585422 ] } },
{ "type": "Feature", "properties": { "内容": "訪問介護ステーション　アルクオーレ【訪問介護】愛知県岡崎市大平町字古渕２５番地", "url": "https://www.kaigokensaku.mhlw.go.jp/23/index.php?action_kouhyou_detail_004_kani=true&JigyosyoCd=2372103065-00&ServiceCd=110&Type=search", "url2": "http://www.hyakuyoukai.jp/" }, "geometry": { "type": "Point", "coordinates": [ 137.187206400000036, 34.9377666 ] } },
{ "type": "Feature", "properties": { "内容": "ヘルパーステーションひかり【訪問介護】愛知県岡崎市東明大寺町１２－１０メゾンむつみ２０２", "url": "https://www.kaigokensaku.mhlw.go.jp/23/index.php?action_kouhyou_detail_004_kani=true&JigyosyoCd=2372101598-00&ServiceCd=110&Type=search", "url2": null }, "geometry": { "type": "Point", "coordinates": [ 137.177943199999959, 34.9434408 ] } },
{ "type": "Feature", "properties": { "内容": "ヘルパーステーションみずき【訪問介護】岡崎市欠町字地蔵前１番地２", "url": "https://www.kaigokensaku.mhlw.go.jp/23/index.php?action_kouhyou_detail_004_kani=true&JigyosyoCd=2372102125-00&ServiceCd=110&Type=search", "url2": "http://nekkonokai.com/" }, "geometry": { "type": "Point", "coordinates": [ 137.190729954492213, 34.951913231464736 ] } },
{ "type": "Feature", "properties": { "内容": "ヘルパーステーション　えん【訪問介護】愛知県岡崎市柱４丁目８番地６リバーサイドミキ２０１", "url": "https://www.kaigokensaku.mhlw.go.jp/23/index.php?action_kouhyou_detail_004_kani=true&JigyosyoCd=2372105953-00&ServiceCd=110&Type=search", "url2": null }, "geometry": { "type": "Point", "coordinates": [ 137.15033, 34.922912 ] } },
{ "type": "Feature", "properties": { "内容": "アバンセ介護センターじょうほく【訪問介護】愛知県岡崎市末広町８番地５", "url": "https://www.kaigokensaku.mhlw.go.jp/23/index.php?action_kouhyou_detail_004_kani=true&JigyosyoCd=2372105797-00&ServiceCd=110&Type=search", "url2": "https://a-lifesupport.co.jp/elder/nursing_johoku/" }, "geometry": { "type": "Point", "coordinates": [ 137.156318, 34.9675666 ] } },
{ "type": "Feature", "properties": { "内容": "アクア岡崎インター訪問介護【訪問介護】愛知県岡崎市大平町字天神前8番地１", "url": "https://www.kaigokensaku.mhlw.go.jp/23/index.php?action_kouhyou_detail_004_kani=true&JigyosyoCd=2372106043-00&ServiceCd=110&Type=search", "url2": "http://aqua-nurse.jp" }, "geometry": { "type": "Point", "coordinates": [ 137.19074040000001, 34.9445949 ] } },
{ "type": "Feature", "properties": { "内容": "訪問介護センターいちらく【訪問介護】愛知県岡崎市美合町五反田7番地1日研オフィスビル202", "url": "https://www.kaigokensaku.mhlw.go.jp/23/index.php?action_kouhyou_detail_004_kani=true&JigyosyoCd=2372105755-00&ServiceCd=110&Type=search", "url2": null }, "geometry": { "type": "Point", "coordinates": [ 137.249847499999959, 34.875614 ] } },
{ "type": "Feature", "properties": { "内容": "自立サポートアクティブ【訪問介護】愛知県岡崎市両町２丁目４８－２柴田ビル１Ｆ", "url": "https://www.kaigokensaku.mhlw.go.jp/23/index.php?action_kouhyou_detail_004_kani=true&JigyosyoCd=2372102943-00&ServiceCd=110&Type=search", "url2": "http://www.sun-inet.or.jp/~piahouse/" }, "geometry": { "type": "Point", "coordinates": [ 137.1757791, 34.9550147 ] } },
{ "type": "Feature", "properties": { "内容": "訪問介護ステーションmagokoro【訪問介護】愛知県岡崎市若松東2丁目24‐2", "url": "https://www.kaigokensaku.mhlw.go.jp/23/index.php?action_kouhyou_detail_004_kani=true&JigyosyoCd=2372106159-00&ServiceCd=110&Type=search", "url2": null }, "geometry": { "type": "Point", "coordinates": [ 137.1688026, 34.9139899 ] } },
{ "type": "Feature", "properties": { "内容": "ライフサポート　きらら【訪問介護】愛知県岡崎市上和田町字北屋敷３　ホワイトテラス城南1Fホワイトテラス城南　１Ｆ", "url": "https://www.kaigokensaku.mhlw.go.jp/23/index.php?action_kouhyou_detail_004_kani=true&JigyosyoCd=2372102554-00&ServiceCd=110&Type=search", "url2": "https://kirara9.wixsite.com/ds-kirara" }, "geometry": { "type": "Point", "coordinates": [ 137.1540708, 34.9327355 ] } },
{ "type": "Feature", "properties": { "内容": "元気ケア【訪問介護】一宮市松降２丁目９番１１号", "url": "https://www.kaigokensaku.mhlw.go.jp/23/index.php?action_kouhyou_detail_004_kani=true&JigyosyoCd=2372200580-00&ServiceCd=110&Type=search", "url2": "http://" }, "geometry": { "type": "Point", "coordinates": [ 136.805165699999975, 35.3105005 ] } },
{ "type": "Feature", "properties": { "内容": "友愛サービス一宮【訪問介護】愛知県一宮市平島一丁目１５番２８号平島ハイツ３０４号", "url": "https://www.kaigokensaku.mhlw.go.jp/23/index.php?action_kouhyou_detail_004_kani=true&JigyosyoCd=2372203998-00&ServiceCd=110&Type=search", "url2": null }, "geometry": { "type": "Point", "coordinates": [ 136.834687600000052, 35.2856127 ] } },
{ "type": "Feature", "properties": { "内容": "訪問介護　あすか【訪問介護】島村字上老光寺５５番地株式会社G・S・I　事務所", "url": "https://www.kaigokensaku.mhlw.go.jp/23/index.php?action_kouhyou_detail_004_kani=true&JigyosyoCd=2372206041-00&ServiceCd=110&Type=search", "url2": null }, "geometry": { "type": "Point", "coordinates": [ 136.8146333, 35.3374916 ] } },
{ "type": "Feature", "properties": { "内容": "ヘルパーステーションきらら【訪問介護】一宮市大宮4丁目2番17号セントポーリア101号室", "url": "https://www.kaigokensaku.mhlw.go.jp/23/index.php?action_kouhyou_detail_004_kani=true&JigyosyoCd=2372206207-00&ServiceCd=110&Type=search", "url2": null }, "geometry": { "type": "Point", "coordinates": [ 136.7992384, 35.312376 ] } },
{ "type": "Feature", "properties": { "内容": "ふくふくライフサポート【訪問介護】愛知県一宮市多加木4丁目29-38アンテプリマ　101号", "url": "https://www.kaigokensaku.mhlw.go.jp/23/index.php?action_kouhyou_detail_004_kani=true&JigyosyoCd=2372206215-00&ServiceCd=110&Type=search", "url2": null }, "geometry": { "type": "Point", "coordinates": [ 136.817774899999989, 35.2787259 ] } },
{ "type": "Feature", "properties": { "内容": "ヘルパーハウスわっふる【訪問介護】両郷町三丁目46番地１", "url": "https://www.kaigokensaku.mhlw.go.jp/23/index.php?action_kouhyou_detail_004_kani=true&JigyosyoCd=2372205522-00&ServiceCd=110&Type=search", "url2": "https://www.icci.jp" }, "geometry": { "type": "Point", "coordinates": [ 136.818688944628747, 35.312292670017072 ] } },
{ "type": "Feature", "properties": { "内容": "サンファイン介護サービスさくら【訪問介護】愛知県一宮市八幡５丁目１番１０８号", "url": "https://www.kaigokensaku.mhlw.go.jp/23/index.php?action_kouhyou_detail_004_kani=true&JigyosyoCd=2372201448-00&ServiceCd=110&Type=search", "url2": null }, "geometry": { "type": "Point", "coordinates": [ 136.785895699999969, 35.3068392 ] } },
{ "type": "Feature", "properties": { "内容": "i　(あい）訪問介護ステーション【訪問介護】愛知県一宮市今伊勢町宮後字午新田下筬２３番地１", "url": "https://www.kaigokensaku.mhlw.go.jp/23/index.php?action_kouhyou_detail_004_kani=true&JigyosyoCd=2372203733-00&ServiceCd=110&Type=search", "url2": null }, "geometry": { "type": "Point", "coordinates": [ 136.789243183553907, 35.31979533015307 ] } },
{ "type": "Feature", "properties": { "内容": "クルール一宮【訪問介護】愛知県一宮市浅井町大日比野蛹野2122-1", "url": "https://www.kaigokensaku.mhlw.go.jp/23/index.php?action_kouhyou_detail_004_kani=true&JigyosyoCd=2372205472-00&ServiceCd=110&Type=search", "url2": "https://couleurcourt-okazaki.com/facility/ichinomiya.php" }, "geometry": { "type": "Point", "coordinates": [ 136.8275123, 35.3388633 ] } },
{ "type": "Feature", "properties": { "内容": "訪問介護ステーション　桃李【訪問介護】愛知県一宮市高畑町3-61-1", "url": "https://www.kaigokensaku.mhlw.go.jp/23/index.php?action_kouhyou_detail_004_kani=true&JigyosyoCd=2372205761-00&ServiceCd=110&Type=search", "url2": null }, "geometry": { "type": "Point", "coordinates": [ 136.7245251, 35.285505 ] } },
{ "type": "Feature", "properties": { "内容": "訪問介護　ここね【訪問介護】愛知県一宮市大和町苅安賀字伝治越６番地", "url": "https://www.kaigokensaku.mhlw.go.jp/23/index.php?action_kouhyou_detail_004_kani=true&JigyosyoCd=2372203436-00&ServiceCd=110&Type=search", "url2": "http://www6.ocn.ne.jp/~kokone" }, "geometry": { "type": "Point", "coordinates": [ 136.769983499999967, 35.2970847 ] } },
{ "type": "Feature", "properties": { "内容": "訪問介護ステーションアイサポート一宮【訪問介護】愛知県一宮市小信中島字北東山39番地", "url": "https://www.kaigokensaku.mhlw.go.jp/23/index.php?action_kouhyou_detail_004_kani=true&JigyosyoCd=2372205480-00&ServiceCd=110&Type=search", "url2": null }, "geometry": { "type": "Point", "coordinates": [ 136.746684751837165, 35.32026932709902 ] } },
{ "type": "Feature", "properties": { "内容": "サーブ訪問介護事業所【訪問介護】愛知県一宮市開明字南井保里31番地1", "url": "https://www.kaigokensaku.mhlw.go.jp/23/index.php?action_kouhyou_detail_004_kani=true&JigyosyoCd=2373700158-00&ServiceCd=110&Type=search", "url2": "http://www.serve-care.com" }, "geometry": { "type": "Point", "coordinates": [ 136.772162967580158, 35.313229430976669 ] } },
{ "type": "Feature", "properties": { "内容": "紡の家【訪問介護】愛知県一宮市九品町三丁目18番1", "url": "https://www.kaigokensaku.mhlw.go.jp/23/index.php?action_kouhyou_detail_004_kani=true&JigyosyoCd=2372206421-00&ServiceCd=110&Type=search", "url2": null }, "geometry": { "type": "Point", "coordinates": [ 136.8056114, 35.315566 ] } },
{ "type": "Feature", "properties": { "内容": "リードユー訪問介護ステーション【訪問介護】愛知県一宮市猿海道2-9-19", "url": "https://www.kaigokensaku.mhlw.go.jp/23/index.php?action_kouhyou_detail_004_kani=true&JigyosyoCd=2372205316-00&ServiceCd=110&Type=search", "url2": "https://lead-u.co.jp/kaigo/" }, "geometry": { "type": "Point", "coordinates": [ 136.819409348070252, 35.284938135356903 ] } },
{ "type": "Feature", "properties": { "内容": "HIDAMARIICHINOMIYA【訪問介護】小信中島字東鵯平６３番地２", "url": "https://www.kaigokensaku.mhlw.go.jp/23/index.php?action_kouhyou_detail_004_kani=true&JigyosyoCd=2372202800-00&ServiceCd=110&Type=search", "url2": "https://hidamarigroup.com" }, "geometry": { "type": "Point", "coordinates": [ 136.75181, 35.312697 ] } },
{ "type": "Feature", "properties": { "内容": "まるふく介護支援サービスセンター【訪問介護】一宮市大和町毛受字西池田９２", "url": "https://www.kaigokensaku.mhlw.go.jp/23/index.php?action_kouhyou_detail_004_kani=true&JigyosyoCd=2372201612-00&ServiceCd=110&Type=search", "url2": "http://maruhuku.s375.xrea.com" }, "geometry": { "type": "Point", "coordinates": [ 136.771522299999987, 35.2969542 ] } },
{ "type": "Feature", "properties": { "内容": "訪問介護　鶴と亀【訪問介護】愛知県一宮市起西茜屋44", "url": "https://www.kaigokensaku.mhlw.go.jp/23/index.php?action_kouhyou_detail_004_kani=true&JigyosyoCd=2372206462-00&ServiceCd=110&Type=search", "url2": null }, "geometry": { "type": "Point", "coordinates": [ 136.7388205, 35.307394599999981 ] } },
{ "type": "Feature", "properties": { "内容": "訪問介護　ほのぼの【訪問介護】浅野字青石62総合不動産建設ビル301号", "url": "https://www.kaigokensaku.mhlw.go.jp/23/index.php?action_kouhyou_detail_004_kani=true&JigyosyoCd=2372206348-00&ServiceCd=110&Type=search", "url2": null }, "geometry": { "type": "Point", "coordinates": [ 136.8190559, 35.2973702 ] } },
{ "type": "Feature", "properties": { "内容": "ヘルパーステーションロングライフ【訪問介護】愛知県一宮市奥町字蘇東64-1", "url": "https://www.kaigokensaku.mhlw.go.jp/23/index.php?action_kouhyou_detail_004_kani=true&JigyosyoCd=2372204509-00&ServiceCd=110&Type=search", "url2": null }, "geometry": { "type": "Point", "coordinates": [ 136.750973431255659, 35.323475437977791 ] } },
{ "type": "Feature", "properties": { "内容": "訪問介護本舗　ピュア【訪問介護】愛知県一宮市大赤見字下河原1729-4アサヒコーポラス103号", "url": "https://www.kaigokensaku.mhlw.go.jp/23/index.php?action_kouhyou_detail_004_kani=true&JigyosyoCd=2372205043-00&ServiceCd=110&Type=search", "url2": null }, "geometry": { "type": "Point", "coordinates": [ 136.82045549999998, 35.3113509 ] } },
{ "type": "Feature", "properties": { "内容": "かえる訪問介護【訪問介護】愛知県一宮市大毛字小松寺東59番地1", "url": "https://www.kaigokensaku.mhlw.go.jp/23/index.php?action_kouhyou_detail_004_kani=true&JigyosyoCd=2372206298-00&ServiceCd=110&Type=search", "url2": "https://かえる介護タクシー.com" }, "geometry": { "type": "Point", "coordinates": [ 136.810529800000012, 35.3418012 ] } },
{ "type": "Feature", "properties": { "内容": "訪問介護ステーション煌煌【訪問介護】愛知県一宮市大和町馬引字郷未申2285番地", "url": "https://www.kaigokensaku.mhlw.go.jp/23/index.php?action_kouhyou_detail_004_kani=true&JigyosyoCd=2372206314-00&ServiceCd=110&Type=search", "url2": "https;//kousei138,co,jp" }, "geometry": { "type": "Point", "coordinates": [ 136.7776714, 35.3033656 ] } },
{ "type": "Feature", "properties": { "内容": "アクア一宮訪問介護【訪問介護】起西生出84番地", "url": "https://www.kaigokensaku.mhlw.go.jp/23/index.php?action_kouhyou_detail_004_kani=true&JigyosyoCd=2372206512-00&ServiceCd=110&Type=search", "url2": null }, "geometry": { "type": "Point", "coordinates": [ 136.74089810000001, 35.3053444 ] } },
{ "type": "Feature", "properties": { "内容": "訪問介護ステーション　らしくふる【訪問介護】せんい２－１－２３フェリシア一宮４０３", "url": "https://www.kaigokensaku.mhlw.go.jp/23/index.php?action_kouhyou_detail_004_kani=true&JigyosyoCd=2372206579-00&ServiceCd=110&Type=search", "url2": null }, "geometry": { "type": "Point", "coordinates": [ 136.821766, 35.315722 ] } },
{ "type": "Feature", "properties": { "内容": "あじさいのもり一宮【訪問介護】愛知県一宮市花池2丁目16-12　メゾン花池101号メゾン花池101号室", "url": "https://www.kaigokensaku.mhlw.go.jp/23/index.php?action_kouhyou_detail_004_kani=true&JigyosyoCd=2372206645-00&ServiceCd=110&Type=search", "url2": null }, "geometry": { "type": "Point", "coordinates": [ 136.7945192, 35.2916953 ] } },
{ "type": "Feature", "properties": { "内容": "訪問介護事業所エール一宮【訪問介護】愛知県一宮市大和町宮地花池字高見15クワトロ・プラッツＤ号室", "url": "https://www.kaigokensaku.mhlw.go.jp/23/index.php?action_kouhyou_detail_004_kani=true&JigyosyoCd=2372206652-00&ServiceCd=110&Type=search", "url2": null }, "geometry": { "type": "Point", "coordinates": [ 136.8051936, 35.2892984 ] } },
{ "type": "Feature", "properties": { "内容": "あいふるの里訪問介護事業所【訪問介護】愛知県一宮市浅井町西海戸字小山65-1", "url": "https://www.kaigokensaku.mhlw.go.jp/23/index.php?action_kouhyou_detail_004_kani=true&JigyosyoCd=2372200127-00&ServiceCd=110&Type=search", "url2": "https://iful-jikeikai.com" }, "geometry": { "type": "Point", "coordinates": [ 136.827198614839745, 35.336448559290965 ] } },
{ "type": "Feature", "properties": { "内容": "ニチイケアセンター一宮【訪問介護】愛知県一宮市今伊勢町本神戸字高野池10番地", "url": "https://www.kaigokensaku.mhlw.go.jp/23/index.php?action_kouhyou_detail_004_kani=true&JigyosyoCd=2372200291-00&ServiceCd=110&Type=search", "url2": "http://www.nichiigakkan.co.jp" }, "geometry": { "type": "Point", "coordinates": [ 136.79478359999996, 35.3195494 ] } },
{ "type": "Feature", "properties": { "内容": "ピコグラムケアセンター【訪問介護】一宮市中島通五丁目11番2", "url": "https://www.kaigokensaku.mhlw.go.jp/23/index.php?action_kouhyou_detail_004_kani=true&JigyosyoCd=2372200697-00&ServiceCd=110&Type=search", "url2": "https://www.pikogrm.com/" }, "geometry": { "type": "Point", "coordinates": [ 136.811900506864305, 35.324389180623243 ] } },
{ "type": "Feature", "properties": { "内容": "アースサポート一宮【訪問介護】愛知県一宮市新生三丁目17番12号", "url": "https://www.kaigokensaku.mhlw.go.jp/23/index.php?action_kouhyou_detail_004_kani=true&JigyosyoCd=2372200846-00&ServiceCd=110&Type=search", "url2": "http://www.earthsupport.co.jp/" }, "geometry": { "type": "Point", "coordinates": [ 136.794208799999979, 35.2976126 ] } },
{ "type": "Feature", "properties": { "内容": "ヘルパーステーション西御堂の里三笠【訪問介護】愛知県一宮市萩原町西御堂字虫祭1番地1", "url": "https://www.kaigokensaku.mhlw.go.jp/23/index.php?action_kouhyou_detail_004_kani=true&JigyosyoCd=2372201133-00&ServiceCd=110&Type=search", "url2": "http://www.iful-jikeikai.com" }, "geometry": { "type": "Point", "coordinates": [ 136.769670565406841, 35.262635515084085 ] } },
{ "type": "Feature", "properties": { "内容": "四つ葉会ヘルパ－ステ－ション【訪問介護】一宮市柚木颪字西川垂６７－１", "url": "https://www.kaigokensaku.mhlw.go.jp/23/index.php?action_kouhyou_detail_004_kani=true&JigyosyoCd=2372201646-00&ServiceCd=110&Type=search", "url2": "http://" }, "geometry": { "type": "Point", "coordinates": [ 136.83001, 35.3191394 ] } },
{ "type": "Feature", "properties": { "内容": "訪問介護ステーションやまと【訪問介護】一宮市大和町南高井字江北8番地", "url": "https://www.kaigokensaku.mhlw.go.jp/23/index.php?action_kouhyou_detail_004_kani=true&JigyosyoCd=2372201885-00&ServiceCd=110&Type=search", "url2": "http://office-sincerity.com" }, "geometry": { "type": "Point", "coordinates": [ 136.780498536210644, 35.281386797917641 ] } },
{ "type": "Feature", "properties": { "内容": "ヴィオレットケアサポート【訪問介護】愛知県一宮市三条字道東４番地１", "url": "https://www.kaigokensaku.mhlw.go.jp/23/index.php?action_kouhyou_detail_004_kani=true&JigyosyoCd=2372202628-00&ServiceCd=110&Type=search", "url2": "http://violet-care.jp" }, "geometry": { "type": "Point", "coordinates": [ 136.756131699999969, 35.3110083 ] } },
{ "type": "Feature", "properties": { "内容": "ニチイケアセンター真清田【訪問介護】愛知県一宮市真清田1-3-19グロリアス本町201号", "url": "https://www.kaigokensaku.mhlw.go.jp/23/index.php?action_kouhyou_detail_004_kani=true&JigyosyoCd=2372202644-00&ServiceCd=110&Type=search", "url2": "http://www.nichiigakkan.co.jp" }, "geometry": { "type": "Point", "coordinates": [ 136.802339699999948, 35.306122 ] } },
{ "type": "Feature", "properties": { "内容": "訪問介護ステーションつくし【訪問介護】愛知県一宮市末広三丁目11番地15", "url": "https://www.kaigokensaku.mhlw.go.jp/23/index.php?action_kouhyou_detail_004_kani=true&JigyosyoCd=2372202990-00&ServiceCd=110&Type=search", "url2": null }, "geometry": { "type": "Point", "coordinates": [ 136.8185595, 35.2858592 ] } },
{ "type": "Feature", "properties": { "内容": "ほほえみ訪問介護事業所【訪問介護】一宮市開明字郷中４３番", "url": "https://www.kaigokensaku.mhlw.go.jp/23/index.php?action_kouhyou_detail_004_kani=true&JigyosyoCd=2372203162-00&ServiceCd=110&Type=search", "url2": "http://www.inouenaikacl.com/" }, "geometry": { "type": "Point", "coordinates": [ 136.7425333, 35.3034395 ] } },
{ "type": "Feature", "properties": { "内容": "訪問介護センターさふらん一宮【訪問介護】一宮市森本5丁目15番9号森本ビル3階", "url": "https://www.kaigokensaku.mhlw.go.jp/23/index.php?action_kouhyou_detail_004_kani=true&JigyosyoCd=2372203329-00&ServiceCd=110&Type=search", "url2": "http://www.safran-anshin.com/" }, "geometry": { "type": "Point", "coordinates": [ 136.811557268786572, 35.28648369634243 ] } },
{ "type": "Feature", "properties": { "内容": "ニチイケアセンター奥町【訪問介護】愛知県一宮市奥町字七丁16番地3ニチイケア－センタ－奥町", "url": "https://www.kaigokensaku.mhlw.go.jp/23/index.php?action_kouhyou_detail_004_kani=true&JigyosyoCd=2372203923-00&ServiceCd=110&Type=search", "url2": "http://wwwnichiigakkan.co.jp" }, "geometry": { "type": "Point", "coordinates": [ 136.766610899999989, 35.3246381 ] } },
{ "type": "Feature", "properties": { "内容": "社会医療法人杏嶺会ヘルパーステーションやすらぎ【訪問介護】愛知県一宮市奥町字下口西72番地の1", "url": "https://www.kaigokensaku.mhlw.go.jp/23/index.php?action_kouhyou_detail_004_kani=true&JigyosyoCd=2372204020-00&ServiceCd=110&Type=search", "url2": "http://www.anzu.or.jp/" }, "geometry": { "type": "Point", "coordinates": [ 136.756578900000022, 35.327920700000021 ] } },
{ "type": "Feature", "properties": { "内容": "レフア　ケアステーション【訪問介護】愛知県一宮市丹陽町五日市場字北浦２９番地２", "url": "https://www.kaigokensaku.mhlw.go.jp/23/index.php?action_kouhyou_detail_004_kani=true&JigyosyoCd=2372204046-00&ServiceCd=110&Type=search", "url2": null }, "geometry": { "type": "Point", "coordinates": [ 136.835090386199909, 35.257801110131673 ] } },
{ "type": "Feature", "properties": { "内容": "訪問介護センターさふらん一宮北【訪問介護】奥町字三出２４－４シェヴール１０１号", "url": "https://www.kaigokensaku.mhlw.go.jp/23/index.php?action_kouhyou_detail_004_kani=true&JigyosyoCd=2372204111-00&ServiceCd=110&Type=search", "url2": "https://www.safran-anshin.com/" }, "geometry": { "type": "Point", "coordinates": [ 136.76169230000005, 35.3296399 ] } },
{ "type": "Feature", "properties": { "内容": "オアシスいちのみや訪問介護事業所【訪問介護】一宮市今伊勢町宮後字宮代9番地1", "url": "https://www.kaigokensaku.mhlw.go.jp/23/index.php?action_kouhyou_detail_004_kani=true&JigyosyoCd=2372204301-00&ServiceCd=110&Type=search", "url2": "http://m-oasis.co.jp" }, "geometry": { "type": "Point", "coordinates": [ 136.782098518771392, 35.313845176451984 ] } },
{ "type": "Feature", "properties": { "内容": "ヘルパーステーション　あいらいふ【訪問介護】愛知県一宮市更屋敷字居住35番2シルバーシティ愛ライフ更屋敷", "url": "https://www.kaigokensaku.mhlw.go.jp/23/index.php?action_kouhyou_detail_004_kani=true&JigyosyoCd=2372204335-00&ServiceCd=110&Type=search", "url2": null }, "geometry": { "type": "Point", "coordinates": [ 136.792656715344236, 35.353988861838779 ] } },
{ "type": "Feature", "properties": { "内容": "ホ－ムケアさくら【訪問介護】愛知県一宮市下川田町5丁目24-1　第2サンシャインマンション307", "url": "https://www.kaigokensaku.mhlw.go.jp/23/index.php?action_kouhyou_detail_004_kani=true&JigyosyoCd=2372204566-00&ServiceCd=110&Type=search", "url2": "http://careplan-sakura.com/" }, "geometry": { "type": "Point", "coordinates": [ 136.809046504194271, 35.284187510287005 ] } },
{ "type": "Feature", "properties": { "内容": "ヘルパーステーションすずらん一宮市【訪問介護】愛知県一宮市緑5-2-8住宅型有料老人ホームすずらん一宮市", "url": "https://www.kaigokensaku.mhlw.go.jp/23/index.php?action_kouhyou_detail_004_kani=true&JigyosyoCd=2372204681-00&ServiceCd=110&Type=search", "url2": "https://w-suzuran.net/" }, "geometry": { "type": "Point", "coordinates": [ 136.821645749737542, 35.298036969536739 ] } },
{ "type": "Feature", "properties": { "内容": "ヘルパーハウスあっしゅ【訪問介護】愛知県一宮市木曽川町門間字南屋敷3632-1アネックスⅡ　１０１号室", "url": "https://www.kaigokensaku.mhlw.go.jp/23/index.php?action_kouhyou_detail_004_kani=true&JigyosyoCd=2372204988-00&ServiceCd=110&Type=search", "url2": null }, "geometry": { "type": "Point", "coordinates": [ 136.795097127587781, 35.337281064403285 ] } },
{ "type": "Feature", "properties": { "内容": "ヘルパーステーション孔雀【訪問介護】愛知県一宮市時之島字大東２１番２", "url": "https://www.kaigokensaku.mhlw.go.jp/23/index.php?action_kouhyou_detail_004_kani=true&JigyosyoCd=2372205027-00&ServiceCd=110&Type=search", "url2": "http://tanpopo-fukushi.or.jp" }, "geometry": { "type": "Point", "coordinates": [ 136.8465721, 35.3258281 ] } },
{ "type": "Feature", "properties": { "内容": "ゴールドエイジ一宮営業所【訪問介護】愛知県一宮市浅野字天神12番地コーポラス・アベニュー108号室", "url": "https://www.kaigokensaku.mhlw.go.jp/23/index.php?action_kouhyou_detail_004_kani=true&JigyosyoCd=2372205126-00&ServiceCd=110&Type=search", "url2": "http://goldage.co.jp/" }, "geometry": { "type": "Point", "coordinates": [ 136.834641199999965, 35.2906202 ] } },
{ "type": "Feature", "properties": { "内容": "からふるサポート一宮【訪問介護】愛知県一宮市赤見４丁目6-13シャトー山陽2A号室", "url": "https://www.kaigokensaku.mhlw.go.jp/23/index.php?action_kouhyou_detail_004_kani=true&JigyosyoCd=2372205241-00&ServiceCd=110&Type=search", "url2": "http://colorfulgarden.jp" }, "geometry": { "type": "Point", "coordinates": [ 136.821829456891379, 35.310339228426763 ] } },
{ "type": "Feature", "properties": { "内容": "にじのさと一宮サービスセンター【訪問介護】愛知県一宮市平島1ー15ー1サン・フォレスト平島102号", "url": "https://www.kaigokensaku.mhlw.go.jp/23/index.php?action_kouhyou_detail_004_kani=true&JigyosyoCd=2372205340-00&ServiceCd=110&Type=search", "url2": "http://www.elderly.jp/" }, "geometry": { "type": "Point", "coordinates": [ 136.8348317, 35.2858722 ] } },
{ "type": "Feature", "properties": { "内容": "ニチイケアセンター木曽川【訪問介護】愛知県一宮市木曽川町外割田字北乙五郎90番地K・SAKURA7号室", "url": "https://www.kaigokensaku.mhlw.go.jp/23/index.php?action_kouhyou_detail_004_kani=true&JigyosyoCd=2372205431-00&ServiceCd=110&Type=search", "url2": "http.//www.nichiigakkan.co.jp" }, "geometry": { "type": "Point", "coordinates": [ 136.770768500000031, 35.3401198 ] } },
{ "type": "Feature", "properties": { "内容": "ニチイケアーセンター　尾西【訪問介護】愛知県一宮市東五城字寺廓266番地5つぐみ101号", "url": "https://www.kaigokensaku.mhlw.go.jp/23/index.php?action_kouhyou_detail_004_kani=true&JigyosyoCd=2372205449-00&ServiceCd=110&Type=search", "url2": "http：//www.nitiigaltukann.co.jp" }, "geometry": { "type": "Point", "coordinates": [ 136.745299100000011, 35.3010553 ] } },
{ "type": "Feature", "properties": { "内容": "からふるサポート木曽川【訪問介護】愛知県一宮市木曽川町玉ノ井字野方浦１７５番地からふる庭園木曽川", "url": "https://www.kaigokensaku.mhlw.go.jp/23/index.php?action_kouhyou_detail_004_kani=true&JigyosyoCd=2372205498-00&ServiceCd=110&Type=search", "url2": "https://colorfulgarden.jp" }, "geometry": { "type": "Point", "coordinates": [ 136.754348, 35.3310342 ] } },
{ "type": "Feature", "properties": { "内容": "緑の家　訪問介護一宮【訪問介護】大和町宮地花池字高見15クワトロ・プラッツC", "url": "https://www.kaigokensaku.mhlw.go.jp/23/index.php?action_kouhyou_detail_004_kani=true&JigyosyoCd=2372205555-00&ServiceCd=110&Type=search", "url2": "https://midorinoie.com/" }, "geometry": { "type": "Point", "coordinates": [ 136.8051216, 35.2893073 ] } },
{ "type": "Feature", "properties": { "内容": "ヘルパーステーション笑咲【訪問介護】愛知県一宮市相生1丁目4-9インデンスフォーラム103", "url": "https://www.kaigokensaku.mhlw.go.jp/23/index.php?action_kouhyou_detail_004_kani=true&JigyosyoCd=2372205662-00&ServiceCd=110&Type=search", "url2": null }, "geometry": { "type": "Point", "coordinates": [ 136.817538500000012, 35.2956096 ] } },
{ "type": "Feature", "properties": { "内容": "からふるサポート今伊勢【訪問介護】今伊勢町本神戸無量寺東1122番地", "url": "https://www.kaigokensaku.mhlw.go.jp/23/index.php?action_kouhyou_detail_004_kani=true&JigyosyoCd=2372205704-00&ServiceCd=110&Type=search", "url2": null }, "geometry": { "type": "Point", "coordinates": [ 136.7932314, 35.3182182 ] } },
{ "type": "Feature", "properties": { "内容": "ヴィヴァサポート訪問介護事業所【訪問介護】愛知県一宮市萩原町花井方字郷中978番地ヴィヴァハウスⅡ", "url": "https://www.kaigokensaku.mhlw.go.jp/23/index.php?action_kouhyou_detail_004_kani=true&JigyosyoCd=2372205720-00&ServiceCd=110&Type=search", "url2": null }, "geometry": { "type": "Point", "coordinates": [ 136.768601267921667, 35.295607192098451 ] } },
{ "type": "Feature", "properties": { "内容": "訪問介護ステーションいきがい【訪問介護】愛知県一宮市猿海道2-16-30にこやかライフハウス一宮猿海道", "url": "https://www.kaigokensaku.mhlw.go.jp/23/index.php?action_kouhyou_detail_004_kani=true&JigyosyoCd=2372205746-00&ServiceCd=110&Type=search", "url2": null }, "geometry": { "type": "Point", "coordinates": [ 136.820868600000011, 35.2839866 ] } },
{ "type": "Feature", "properties": { "内容": "訪問介護　末広ケアステーション【訪問介護】愛知県一宮市末広一丁目5番23号", "url": "https://www.kaigokensaku.mhlw.go.jp/23/index.php?action_kouhyou_detail_004_kani=true&JigyosyoCd=2372205753-00&ServiceCd=110&Type=search", "url2": "https://www.tttllc.co.jp/" }, "geometry": { "type": "Point", "coordinates": [ 136.7902949, 35.296780600000034 ] } },
{ "type": "Feature", "properties": { "内容": "ヘルパーステーション　サポート【訪問介護】愛知県一宮市開明字東石亀４４番", "url": "https://www.kaigokensaku.mhlw.go.jp/23/index.php?action_kouhyou_detail_004_kani=true&JigyosyoCd=2372205779-00&ServiceCd=110&Type=search", "url2": "https://terasu-kaimei.com/" }, "geometry": { "type": "Point", "coordinates": [ 136.7795573, 35.311684 ] } },
{ "type": "Feature", "properties": { "内容": "訪問介護ステーション夢眠いちのみやにし【訪問介護】愛知県一宮市東五城字東備前22番地１", "url": "https://www.kaigokensaku.mhlw.go.jp/23/index.php?action_kouhyou_detail_004_kani=true&JigyosyoCd=2372205936-00&ServiceCd=110&Type=search", "url2": null }, "geometry": { "type": "Point", "coordinates": [ 136.7564358, 35.3089518 ] } },
{ "type": "Feature", "properties": { "内容": "訪問介護ステーション　かえで【訪問介護】開明名古羅14-1", "url": "https://www.kaigokensaku.mhlw.go.jp/23/index.php?action_kouhyou_detail_004_kani=true&JigyosyoCd=2372206090-00&ServiceCd=110&Type=search", "url2": null }, "geometry": { "type": "Point", "coordinates": [ 136.771902266842403, 35.318426250234417 ] } },
{ "type": "Feature", "properties": { "内容": "松原クリニック　ヘルパーステーション【訪問介護】愛知県一宮市木曽川町里小牧字西蒲原200番地", "url": "https://www.kaigokensaku.mhlw.go.jp/23/index.php?action_kouhyou_detail_004_kani=true&JigyosyoCd=2372206173-00&ServiceCd=110&Type=search", "url2": "https://matsubara-cl.net" }, "geometry": { "type": "Point", "coordinates": [ 136.7632662, 35.3449208 ] } },
{ "type": "Feature", "properties": { "内容": "訪問介護ステーション夢眠いちのみやきた【訪問介護】愛知県一宮市今伊勢町本神戸字寺前10番", "url": "https://www.kaigokensaku.mhlw.go.jp/23/index.php?action_kouhyou_detail_004_kani=true&JigyosyoCd=2372206249-00&ServiceCd=110&Type=search", "url2": null }, "geometry": { "type": "Point", "coordinates": [ 136.8013978, 35.3145585 ] } },
{ "type": "Feature", "properties": { "内容": "サンファイン介護サービスさくら【訪問介護】愛知県一宮市八幡５丁目１番１０８号", "url": "https://www.kaigokensaku.mhlw.go.jp/23/index.php?action_kouhyou_detail_004_kani=true&JigyosyoCd=2372206546-00&ServiceCd=110&Type=search", "url2": null }, "geometry": { "type": "Point", "coordinates": [ 136.7858953, 35.3072182 ] } },
{ "type": "Feature", "properties": { "内容": "まつまえヘルパーステーション【訪問介護】愛知県一宮市浅野字佐五山６５番地", "url": "https://www.kaigokensaku.mhlw.go.jp/23/index.php?action_kouhyou_detail_004_kani=true&JigyosyoCd=2372206553-00&ServiceCd=110&Type=search", "url2": null }, "geometry": { "type": "Point", "coordinates": [ 136.831224099999986, 35.2977636 ] } },
{ "type": "Feature", "properties": { "内容": "医心館訪問介護ステーション一宮【訪問介護】愛知県一宮市緑５丁目１番14号", "url": "https://www.kaigokensaku.mhlw.go.jp/23/index.php?action_kouhyou_detail_004_kani=true&JigyosyoCd=2372206595-00&ServiceCd=110&Type=search", "url2": null }, "geometry": { "type": "Point", "coordinates": [ 136.820313334465027, 35.298770001479937 ] } },
{ "type": "Feature", "properties": { "内容": "ケア21尾張一宮【訪問介護】愛知県一宮市大志2丁目4-1名鉄東一宮ハイツ1階101号室", "url": "https://www.kaigokensaku.mhlw.go.jp/23/index.php?action_kouhyou_detail_004_kani=true&JigyosyoCd=2372206694-00&ServiceCd=110&Type=search", "url2": null }, "geometry": { "type": "Point", "coordinates": [ 136.80663770000001, 35.3008687 ] } },
{ "type": "Feature", "properties": { "内容": "訪問介護ステーション和【訪問介護】愛知県一宮市小信中島新田前15-1シティーハイムリバーサイド201", "url": "https://www.kaigokensaku.mhlw.go.jp/23/index.php?action_kouhyou_detail_004_kani=true&JigyosyoCd=2372206702-00&ServiceCd=110&Type=search", "url2": null }, "geometry": { "type": "Point", "coordinates": [ 136.7489683, 35.3153017 ] } },
{ "type": "Feature", "properties": { "内容": "ウェルホーム+ヘルパーステーション一宮【訪問介護】愛知県一宮市新生1丁目8-12Coted'Azur3C号室", "url": "https://www.kaigokensaku.mhlw.go.jp/23/index.php?action_kouhyou_detail_004_kani=true&JigyosyoCd=2372206751-00&ServiceCd=110&Type=search", "url2": null }, "geometry": { "type": "Point", "coordinates": [ 136.7948327, 35.30117 ] } },
{ "type": "Feature", "properties": { "内容": "サンフラワー訪問介護ステーション【訪問介護】東加賀野井字東川原８８", "url": "https://www.kaigokensaku.mhlw.go.jp/23/index.php?action_kouhyou_detail_004_kani=true&JigyosyoCd=2372206785-00&ServiceCd=110&Type=search", "url2": null }, "geometry": { "type": "Point", "coordinates": [ 136.730711825417586, 35.290287643634514 ] } },
{ "type": "Feature", "properties": { "内容": "訪問介護事業所ファミリー【訪問介護】馬見塚字又木56", "url": "https://www.kaigokensaku.mhlw.go.jp/23/index.php?action_kouhyou_detail_004_kani=true&JigyosyoCd=2372206793-00&ServiceCd=110&Type=search", "url2": null }, "geometry": { "type": "Point", "coordinates": [ 136.8223558, 35.292794500000014 ] } },
{ "type": "Feature", "properties": { "内容": "愛知県高齢者生活協同組合ヘルプサービスまったり【訪問介護】愛知県一宮市萩原町西御堂字郷西切802-3", "url": "https://www.kaigokensaku.mhlw.go.jp/23/index.php?action_kouhyou_detail_004_kani=true&JigyosyoCd=2372206843-00&ServiceCd=110&Type=search", "url2": "http://www5.aichikoureikyo.wev.fc2.com/mattarihfml." }, "geometry": { "type": "Point", "coordinates": [ 136.773183100000011, 35.2646722 ] } },
{ "type": "Feature", "properties": { "内容": "学研ココファン尾張一宮ヘルパーセンター【訪問介護】愛知県一宮市八幡4丁目9番13号ココファン尾張一宮・1階", "url": "https://www.kaigokensaku.mhlw.go.jp/23/index.php?action_kouhyou_detail_004_kani=true&JigyosyoCd=2372206850-00&ServiceCd=110&Type=search", "url2": "https://www.cocofump.co.jp/facilities/owariichinomiya/" }, "geometry": { "type": "Point", "coordinates": [ 136.78784064293896, 35.308147034830355 ] } },
{ "type": "Feature", "properties": { "内容": "アバンセ介護センター【訪問介護】愛知県一宮市新生3丁目10番21号サンリット一番館101号", "url": "https://www.kaigokensaku.mhlw.go.jp/23/index.php?action_kouhyou_detail_004_kani=true&JigyosyoCd=2372201935-00&ServiceCd=110&Type=search", "url2": "http://www.a-lifesupport.co.jp" }, "geometry": { "type": "Point", "coordinates": [ 136.796359951589892, 35.297731272235765 ] } },
{ "type": "Feature", "properties": { "内容": "楽＊楽訪問介護【訪問介護】愛知県一宮市丹羽字六反畑８６７－６", "url": "https://www.kaigokensaku.mhlw.go.jp/23/index.php?action_kouhyou_detail_004_kani=true&JigyosyoCd=2372201471-00&ServiceCd=110&Type=search", "url2": "http://" }, "geometry": { "type": "Point", "coordinates": [ 136.8220536, 35.320758100000035 ] } },
{ "type": "Feature", "properties": { "内容": "訪問介護ぼちぼち一宮【訪問介護】一宮市大和町馬引焼野105-1メゾン焼野103", "url": "https://www.kaigokensaku.mhlw.go.jp/23/index.php?action_kouhyou_detail_004_kani=true&JigyosyoCd=2372206124-00&ServiceCd=110&Type=search", "url2": null }, "geometry": { "type": "Point", "coordinates": [ 136.7782531, 35.3081371 ] } },
{ "type": "Feature", "properties": { "内容": "訪問介護ほっとファミリー【訪問介護】柚木颪字古阿弥陀10番1", "url": "https://www.kaigokensaku.mhlw.go.jp/23/index.php?action_kouhyou_detail_004_kani=true&JigyosyoCd=2372203709-00&ServiceCd=110&Type=search", "url2": null }, "geometry": { "type": "Point", "coordinates": [ 136.833385296735571, 35.313016003424622 ] } },
{ "type": "Feature", "properties": { "内容": "ライフケア介護サービス【訪問介護】愛知県一宮市玉野字西瀬古32番地1ライフケアデイサービスセンター", "url": "https://www.kaigokensaku.mhlw.go.jp/23/index.php?action_kouhyou_detail_004_kani=true&JigyosyoCd=2372201968-00&ServiceCd=110&Type=search", "url2": "http://www.lifecare-group.com/" }, "geometry": { "type": "Point", "coordinates": [ 136.738666299999977, 35.2699074 ] } },
{ "type": "Feature", "properties": { "内容": "ヘルパーステーションみらい【訪問介護】愛知県一宮市伝法寺５丁目８－５１", "url": "https://www.kaigokensaku.mhlw.go.jp/23/index.php?action_kouhyou_detail_004_kani=true&JigyosyoCd=2372206603-00&ServiceCd=110&Type=search", "url2": null }, "geometry": { "type": "Point", "coordinates": [ 136.8402034, 35.265209 ] } },
{ "type": "Feature", "properties": { "内容": "ヘルパーステーションサザン富士【訪問介護】一宮市富士２丁目１０番２０号", "url": "https://www.kaigokensaku.mhlw.go.jp/23/index.php?action_kouhyou_detail_004_kani=true&JigyosyoCd=2372203642-00&ServiceCd=110&Type=search", "url2": "http://www.sazan-fuji.com" }, "geometry": { "type": "Point", "coordinates": [ 136.818586699999969, 35.3054592 ] } },
{ "type": "Feature", "properties": { "内容": "訪問介護　みかん【訪問介護】愛知県一宮市平和三丁目4番地8ＭＯＲＩスカイビル301号", "url": "https://www.kaigokensaku.mhlw.go.jp/23/index.php?action_kouhyou_detail_004_kani=true&JigyosyoCd=2372204152-00&ServiceCd=110&Type=search", "url2": null }, "geometry": { "type": "Point", "coordinates": [ 136.782556222090079, 35.302350007291714 ] } },
{ "type": "Feature", "properties": { "内容": "アルファ介護サービス森本センター【訪問介護】愛知県一宮市相生一丁目7-1エスポワールヴァン202", "url": "https://www.kaigokensaku.mhlw.go.jp/23/index.php?action_kouhyou_detail_004_kani=true&JigyosyoCd=2372201042-00&ServiceCd=110&Type=search", "url2": "https://www.arufakaigo.com" }, "geometry": { "type": "Point", "coordinates": [ 136.816411300000027, 35.2949593 ] } },
{ "type": "Feature", "properties": { "内容": "訪問介護センター友【訪問介護】音羽三丁目８番８号", "url": "https://www.kaigokensaku.mhlw.go.jp/23/index.php?action_kouhyou_detail_004_kani=true&JigyosyoCd=2372203915-00&ServiceCd=110&Type=search", "url2": "http://www.kl-care.co.jp" }, "geometry": { "type": "Point", "coordinates": [ 136.797799899999973, 35.3115974 ] } },
{ "type": "Feature", "properties": { "内容": "ほくと訪問介護ステーション【訪問介護】愛知県一宮市泉一丁目15番2号", "url": "https://www.kaigokensaku.mhlw.go.jp/23/index.php?action_kouhyou_detail_004_kani=true&JigyosyoCd=2372204905-00&ServiceCd=110&Type=search", "url2": "https://nh.hokuto7s.co.jp/" }, "geometry": { "type": "Point", "coordinates": [ 136.80735151827642, 35.301229479486544 ] } },
{ "type": "Feature", "properties": { "内容": "いちのみや指定訪問介護事業所【訪問介護】愛知県一宮市東五城字備前12番地一宮市尾西庁舎４階", "url": "https://www.kaigokensaku.mhlw.go.jp/23/index.php?action_kouhyou_detail_004_kani=true&JigyosyoCd=2372200390-00&ServiceCd=110&Type=search", "url2": "https://www.138sk.org" }, "geometry": { "type": "Point", "coordinates": [ 136.753610933818777, 35.308651059558841 ] } },
{ "type": "Feature", "properties": { "内容": "いきいき介護サービス【訪問介護】一宮市北今字地蔵跡39-2", "url": "https://www.kaigokensaku.mhlw.go.jp/23/index.php?action_kouhyou_detail_004_kani=true&JigyosyoCd=2372201992-00&ServiceCd=110&Type=search", "url2": "https://vif-bss-kaigo.com/" }, "geometry": { "type": "Point", "coordinates": [ 136.757284799999979, 35.2950405 ] } },
{ "type": "Feature", "properties": { "内容": "愛らっく訪問介護【訪問介護】愛知県一宮市多加木３－１－１１", "url": "https://www.kaigokensaku.mhlw.go.jp/23/index.php?action_kouhyou_detail_004_kani=true&JigyosyoCd=2372201513-00&ServiceCd=110&Type=search", "url2": null }, "geometry": { "type": "Point", "coordinates": [ 136.812096500000052, 35.2806791 ] } },
{ "type": "Feature", "properties": { "内容": "まごころ訪問介護事業所【訪問介護】文京1丁目4番6号", "url": "https://www.kaigokensaku.mhlw.go.jp/23/index.php?action_kouhyou_detail_004_kani=true&JigyosyoCd=2372200150-00&ServiceCd=110&Type=search", "url2": "http://npomagokoro.xsrv.jp/" }, "geometry": { "type": "Point", "coordinates": [ 136.804691853021097, 35.311282073042989 ] } },
{ "type": "Feature", "properties": { "内容": "訪問介護ステーション三条【訪問介護】愛知県一宮市祐久字八間城172番地", "url": "https://www.kaigokensaku.mhlw.go.jp/23/index.php?action_kouhyou_detail_004_kani=true&JigyosyoCd=2372204012-00&ServiceCd=110&Type=search", "url2": null }, "geometry": { "type": "Point", "coordinates": [ 136.731164550220996, 35.284594344805782 ] } },
{ "type": "Feature", "properties": { "内容": "訪問介護メドタウン【訪問介護】愛知県一宮市奥町字宮前44番地１メドタウンいちのみや", "url": "https://www.kaigokensaku.mhlw.go.jp/23/index.php?action_kouhyou_detail_004_kani=true&JigyosyoCd=2372205548-00&ServiceCd=110&Type=search", "url2": null }, "geometry": { "type": "Point", "coordinates": [ 136.7697964, 35.3296335 ] } },
{ "type": "Feature", "properties": { "内容": "たに在宅クリニック訪問介護ステーション温-on-【訪問介護】愛知県一宮市馬見塚西ノ山26番１", "url": "https://www.kaigokensaku.mhlw.go.jp/23/index.php?action_kouhyou_detail_004_kani=true&JigyosyoCd=2372205845-00&ServiceCd=110&Type=search", "url2": "https://www.inm-tanicli.com/houmonkaigo-on/detail/" }, "geometry": { "type": "Point", "coordinates": [ 136.81838465111764, 35.290061022298978 ] } },
{ "type": "Feature", "properties": { "内容": "友愛ケアサービス【訪問介護】愛知県一宮市馬見塚字長畑３-４ペティハウスロベリア103", "url": "https://www.kaigokensaku.mhlw.go.jp/23/index.php?action_kouhyou_detail_004_kani=true&JigyosyoCd=2372205167-00&ServiceCd=110&Type=search", "url2": "http://hp.kaipoke.biz/4py/115482/base_0003.html" }, "geometry": { "type": "Point", "coordinates": [ 136.821685254086447, 35.290518645574437 ] } },
{ "type": "Feature", "properties": { "内容": "訪問介護ステーション　える【訪問介護】開明字馬保里59-1メゾンマイルド105号", "url": "https://www.kaigokensaku.mhlw.go.jp/23/index.php?action_kouhyou_detail_004_kani=true&JigyosyoCd=2372205258-00&ServiceCd=110&Type=search", "url2": "www.kei-group.co.jp" }, "geometry": { "type": "Point", "coordinates": [ 136.77132759999995, 35.3167078 ] } },
{ "type": "Feature", "properties": { "内容": "幸せの和ケアステーション【訪問介護】愛知県一宮市本町4-19-24", "url": "https://www.kaigokensaku.mhlw.go.jp/23/index.php?action_kouhyou_detail_004_kani=true&JigyosyoCd=2372205670-00&ServiceCd=110&Type=search", "url2": null }, "geometry": { "type": "Point", "coordinates": [ 136.802127899999988, 35.299135800000016 ] } },
{ "type": "Feature", "properties": { "内容": "訪問介護ステーションえだまめ【訪問介護】東加賀野井字川原1713番地", "url": "https://www.kaigokensaku.mhlw.go.jp/23/index.php?action_kouhyou_detail_004_kani=true&JigyosyoCd=2372206165-00&ServiceCd=110&Type=search", "url2": null }, "geometry": { "type": "Point", "coordinates": [ 136.726329840336604, 35.289262166238359 ] } },
{ "type": "Feature", "properties": { "内容": "訪問介護ひだまり【訪問介護】愛知県一宮市北方町北方字東泉屋郷190", "url": "https://www.kaigokensaku.mhlw.go.jp/23/index.php?action_kouhyou_detail_004_kani=true&JigyosyoCd=2372206280-00&ServiceCd=110&Type=search", "url2": "https://hidamari138.com/" }, "geometry": { "type": "Point", "coordinates": [ 136.77615722883607, 35.361705373814075 ] } },
{ "type": "Feature", "properties": { "内容": "千秋病院ヘルパーステーション・ちあき【訪問介護】愛知県一宮市千秋町塩尻字山王１", "url": "https://www.kaigokensaku.mhlw.go.jp/23/index.php?action_kouhyou_detail_004_kani=true&JigyosyoCd=2372200531-00&ServiceCd=110&Type=search", "url2": "http://www.chiaki.com/" }, "geometry": { "type": "Point", "coordinates": [ 136.846773220098839, 35.288818664319834 ] } },
{ "type": "Feature", "properties": { "内容": "リアン一宮ヘルパーステーション【訪問介護】愛知県一宮市牛野通2-50-1リアン一宮牛野通", "url": "https://www.kaigokensaku.mhlw.go.jp/23/index.php?action_kouhyou_detail_004_kani=true&JigyosyoCd=2372204822-00&ServiceCd=110&Type=search", "url2": "http://www.teamlian.jp/" }, "geometry": { "type": "Point", "coordinates": [ 136.807549399999971, 35.2890751 ] } },
{ "type": "Feature", "properties": { "内容": "ケアステーションあんじぇす一宮奥町【訪問介護】愛知県一宮市奥町字土桶43番地", "url": "https://www.kaigokensaku.mhlw.go.jp/23/index.php?action_kouhyou_detail_004_kani=true&JigyosyoCd=2372205605-00&ServiceCd=110&Type=search", "url2": "info@t-s-i.jp" }, "geometry": { "type": "Point", "coordinates": [ 136.767329, 35.3261106 ] } },
{ "type": "Feature", "properties": { "内容": "訪問介護ステーション　ティエール・一宮天王【訪問介護】愛知県一宮市天王３丁目５番７号ティエール・一宮天王", "url": "https://www.kaigokensaku.mhlw.go.jp/23/index.php?action_kouhyou_detail_004_kani=true&JigyosyoCd=2372204236-00&ServiceCd=110&Type=search", "url2": null }, "geometry": { "type": "Point", "coordinates": [ 136.789384935734688, 35.31006317406861 ] } },
{ "type": "Feature", "properties": { "内容": "ヘルパーステーションアイラック【訪問介護】愛知県一宮市白旗通1丁目11番地", "url": "https://www.kaigokensaku.mhlw.go.jp/23/index.php?action_kouhyou_detail_004_kani=true&JigyosyoCd=2372205514-00&ServiceCd=110&Type=search", "url2": null }, "geometry": { "type": "Point", "coordinates": [ 136.814185513522943, 35.29961929713911 ] } },
{ "type": "Feature", "properties": { "内容": "訪問介護胡蝶【訪問介護】愛知県一宮市小信中島字北東山39番地胡蝶", "url": "https://www.kaigokensaku.mhlw.go.jp/23/index.php?action_kouhyou_detail_004_kani=true&JigyosyoCd=2372206504-00&ServiceCd=110&Type=search", "url2": "https://senju-rokujo.net/" }, "geometry": { "type": "Point", "coordinates": [ 136.7463381, 35.3189482 ] } },
{ "type": "Feature", "properties": { "内容": "訪問介護ステーション　ハナカラン【訪問介護】小信中島字東鵯平31番地", "url": "https://www.kaigokensaku.mhlw.go.jp/23/index.php?action_kouhyou_detail_004_kani=true&JigyosyoCd=2372206355-00&ServiceCd=110&Type=search", "url2": null }, "geometry": { "type": "Point", "coordinates": [ 136.7499028, 35.3118136 ] } },
{ "type": "Feature", "properties": { "内容": "ケアステーション　CALM【訪問介護】愛知県一宮市花池4丁目7番6号サンヴィレッジK103号室", "url": "https://www.kaigokensaku.mhlw.go.jp/23/index.php?action_kouhyou_detail_004_kani=true&JigyosyoCd=2372206744-00&ServiceCd=110&Type=search", "url2": null }, "geometry": { "type": "Point", "coordinates": [ 136.7993141, 35.2880902 ] } },
{ "type": "Feature", "properties": { "内容": "ヘルパーステーション　結～yui～【訪問介護】木曾川町黒田七ノ通268番地1", "url": "https://www.kaigokensaku.mhlw.go.jp/23/index.php?action_kouhyou_detail_004_kani=true&JigyosyoCd=2372206413-00&ServiceCd=110&Type=search", "url2": "http://zeal-sou.com" }, "geometry": { "type": "Point", "coordinates": [ 136.784131800000011, 35.3460634 ] } },
{ "type": "Feature", "properties": { "内容": "ザ・フクシアコート訪問介護事業所【訪問介護】愛知県一宮市丹羽六反畑852番地１", "url": "https://www.kaigokensaku.mhlw.go.jp/23/index.php?action_kouhyou_detail_004_kani=true&JigyosyoCd=2372202214-00&ServiceCd=110&Type=search", "url2": "www.fukucia.com" }, "geometry": { "type": "Point", "coordinates": [ 136.821428413344904, 35.320611308798519 ] } },
{ "type": "Feature", "properties": { "内容": "ベストリハ訪問介護ステーション一宮【訪問介護】木曽川町里小牧字野方２９番地", "url": "https://www.kaigokensaku.mhlw.go.jp/23/index.php?action_kouhyou_detail_004_kani=true&JigyosyoCd=2372206561-00&ServiceCd=110&Type=search", "url2": "https://bestreha.com/" }, "geometry": { "type": "Point", "coordinates": [ 136.7671288, 35.350525900000036 ] } },
{ "type": "Feature", "properties": { "内容": "訪問介護の青空一宮【訪問介護】愛知県一宮市東五城字北作野45-1ナーシングホーム青空一宮", "url": "https://www.kaigokensaku.mhlw.go.jp/23/index.php?action_kouhyou_detail_004_kani=true&JigyosyoCd=2372205225-00&ServiceCd=110&Type=search", "url2": "https://nursing-aozora.com/" }, "geometry": { "type": "Point", "coordinates": [ 136.749827, 35.3012231 ] } },
{ "type": "Feature", "properties": { "内容": "株式会社陽気プロジェクト【訪問介護】愛知県一宮市浅野大島18-1レジデンス恒和1階106号室", "url": "https://www.kaigokensaku.mhlw.go.jp/23/index.php?action_kouhyou_detail_004_kani=true&JigyosyoCd=2372206140-00&ServiceCd=110&Type=search", "url2": "https://fukushitaxi-usagi-kame.com" }, "geometry": { "type": "Point", "coordinates": [ 136.8271444, 35.2897845 ] } },
{ "type": "Feature", "properties": { "内容": "ふくじゅひなた【訪問介護】一宮市末広2丁目２８－２５", "url": "https://www.kaigokensaku.mhlw.go.jp/23/index.php?action_kouhyou_detail_004_kani=true&JigyosyoCd=2372200374-00&ServiceCd=110&Type=search", "url2": "http://www.kotobukifukushikai.or.jp" }, "geometry": { "type": "Point", "coordinates": [ 136.788542900000039, 35.2940184 ] } },
{ "type": "Feature", "properties": { "内容": "訪問介護ステーションいちごの里【訪問介護】今伊勢町馬寄字北塚本19番1号ルナエマーレ　103", "url": "https://www.kaigokensaku.mhlw.go.jp/23/index.php?action_kouhyou_detail_004_kani=true&JigyosyoCd=2372206736-00&ServiceCd=110&Type=search", "url2": "htts://15kaigo.com" }, "geometry": { "type": "Point", "coordinates": [ 136.7889556, 35.3310773 ] } },
{ "type": "Feature", "properties": { "内容": "たんぽぽ訪問介護センター【訪問介護】愛知県一宮市栄1丁目1番18号たんぽぽグランドハウス", "url": "https://www.kaigokensaku.mhlw.go.jp/23/index.php?action_kouhyou_detail_004_kani=true&JigyosyoCd=2372200317-00&ServiceCd=110&Type=search", "url2": "http://www.tanpopo-kaigo.co.jp/" }, "geometry": { "type": "Point", "coordinates": [ 136.799069199999963, 35.306059 ] } },
{ "type": "Feature", "properties": { "内容": "ヘルパーステーションとわの杜【訪問介護】愛知県一宮市赤見３丁目5番18号エルシャトー松川B棟202号", "url": "https://www.kaigokensaku.mhlw.go.jp/23/index.php?action_kouhyou_detail_004_kani=true&JigyosyoCd=2372204715-00&ServiceCd=110&Type=search", "url2": "https://hkhouse-towa.com" }, "geometry": { "type": "Point", "coordinates": [ 136.822280484823551, 35.307382460841659 ] } },
{ "type": "Feature", "properties": { "内容": "タキノケアサービス【訪問介護】愛知県瀬戸市原山台8-64", "url": "https://www.kaigokensaku.mhlw.go.jp/23/index.php?action_kouhyou_detail_004_kani=true&JigyosyoCd=2372300463-00&ServiceCd=110&Type=search", "url2": "http://" }, "geometry": { "type": "Point", "coordinates": [ 137.095578700000033, 35.2123958 ] } },
{ "type": "Feature", "properties": { "内容": "ヘルパーステーション　花笑くぼ【訪問介護】瀬戸市見付町22番地の３", "url": "https://www.kaigokensaku.mhlw.go.jp/23/index.php?action_kouhyou_detail_004_kani=true&JigyosyoCd=2372300661-00&ServiceCd=110&Type=search", "url2": "http://" }, "geometry": { "type": "Point", "coordinates": [ 137.0779887, 35.2196527 ] } },
{ "type": "Feature", "properties": { "内容": "訪問介護事業所　笑喜【訪問介護】愛知県瀬戸市薬師町50-4シティパレス瀬戸1002号", "url": "https://www.kaigokensaku.mhlw.go.jp/23/index.php?action_kouhyou_detail_004_kani=true&JigyosyoCd=2372301529-00&ServiceCd=110&Type=search", "url2": null }, "geometry": { "type": "Point", "coordinates": [ 137.105432968013361, 35.226641861606723 ] } },
{ "type": "Feature", "properties": { "内容": "株式会社　あした葉【訪問介護】愛知県瀬戸市東長根町２４１番地長根マンション２０５号", "url": "https://www.kaigokensaku.mhlw.go.jp/23/index.php?action_kouhyou_detail_004_kani=true&JigyosyoCd=2372301511-00&ServiceCd=110&Type=search", "url2": null }, "geometry": { "type": "Point", "coordinates": [ 137.0780555, 35.2141978 ] } },
{ "type": "Feature", "properties": { "内容": "ヘルパーステーション華日【訪問介護】愛知県瀬戸市幡野町２９７番地の２クイーンシティひしの２０６号", "url": "https://www.kaigokensaku.mhlw.go.jp/23/index.php?action_kouhyou_detail_004_kani=true&JigyosyoCd=2372301792-00&ServiceCd=110&Type=search", "url2": null }, "geometry": { "type": "Point", "coordinates": [ 137.083646700000031, 35.21094 ] } },
{ "type": "Feature", "properties": { "内容": "訪問介護　優＆悠【訪問介護】宮里町６９－５", "url": "https://www.kaigokensaku.mhlw.go.jp/23/index.php?action_kouhyou_detail_004_kani=true&JigyosyoCd=2372302808-00&ServiceCd=110&Type=search", "url2": "http://hp.kaipoke.biz/4s6/index.html" }, "geometry": { "type": "Point", "coordinates": [ 137.1038816, 35.2290797 ] } },
{ "type": "Feature", "properties": { "内容": "ケアサポート　あすか【訪問介護】愛知県瀬戸市福元町92", "url": "https://www.kaigokensaku.mhlw.go.jp/23/index.php?action_kouhyou_detail_004_kani=true&JigyosyoCd=2372302014-00&ServiceCd=110&Type=search", "url2": "http://hp.kaipoke.biz/asuka/index.html" }, "geometry": { "type": "Point", "coordinates": [ 137.078777648428797, 35.204776245449921 ] } },
{ "type": "Feature", "properties": { "内容": "訪問介護事業所オキシー【訪問介護】瀬戸市石田町168グランドステージ101", "url": "https://www.kaigokensaku.mhlw.go.jp/23/index.php?action_kouhyou_detail_004_kani=true&JigyosyoCd=2372301909-00&ServiceCd=110&Type=search", "url2": null }, "geometry": { "type": "Point", "coordinates": [ 137.089627, 35.1988889 ] } },
{ "type": "Feature", "properties": { "内容": "アンバーケアステーション　瀬戸【訪問介護】愛知県瀬戸市上品野町363-4カーサソシアルC507", "url": "https://www.kaigokensaku.mhlw.go.jp/23/index.php?action_kouhyou_detail_004_kani=true&JigyosyoCd=2372302923-00&ServiceCd=110&Type=search", "url2": null }, "geometry": { "type": "Point", "coordinates": [ 137.140725139869204, 35.255258221596165 ] } },
{ "type": "Feature", "properties": { "内容": "アープケアステーション医大前【訪問介護】愛知県瀬戸市井戸金町373番地陽明ドクターズケア医大前", "url": "https://www.kaigokensaku.mhlw.go.jp/23/index.php?action_kouhyou_detail_004_kani=true&JigyosyoCd=2372301867-00&ServiceCd=110&Type=search", "url2": "http://www.med-informatics.com/idaimae-kaigo/" }, "geometry": { "type": "Point", "coordinates": [ 137.052536, 35.19631 ] } },
{ "type": "Feature", "properties": { "内容": "老人居宅介護等事業ふたばヘルパーステーション【訪問介護】愛知県瀬戸市西山町１丁目４６番地の１８", "url": "https://www.kaigokensaku.mhlw.go.jp/23/index.php?action_kouhyou_detail_004_kani=true&JigyosyoCd=2372300125-00&ServiceCd=110&Type=search", "url2": "https://www.willowfutaba.jp" }, "geometry": { "type": "Point", "coordinates": [ 137.058176900000035, 35.2209825 ] } },
{ "type": "Feature", "properties": { "内容": "みどりのまちヘルパーステーション【訪問介護】愛知県瀬戸市緑町二丁目１１４番地の１医療法人　宏和会　コミュニティセンター", "url": "https://www.kaigokensaku.mhlw.go.jp/23/index.php?action_kouhyou_detail_004_kani=true&JigyosyoCd=2372300166-00&ServiceCd=110&Type=search", "url2": "http://www.gctv.ne.jp/~kowa-yhp/kouwakai/kaigo/11hel_yama/11hel_yama.html" }, "geometry": { "type": "Point", "coordinates": [ 137.088722599383573, 35.204649160300981 ] } },
{ "type": "Feature", "properties": { "内容": "ヘルパーステーション　せと【訪問介護】愛知県瀬戸市萩山台3丁目７６番地", "url": "https://www.kaigokensaku.mhlw.go.jp/23/index.php?action_kouhyou_detail_004_kani=true&JigyosyoCd=2372300240-00&ServiceCd=110&Type=search", "url2": "http://" }, "geometry": { "type": "Point", "coordinates": [ 137.100111500000025, 35.2134374 ] } },
{ "type": "Feature", "properties": { "内容": "ひまわり介護サービス訪問介護事業所【訪問介護】愛知県瀬戸市北浦町1-23-12", "url": "https://www.kaigokensaku.mhlw.go.jp/23/index.php?action_kouhyou_detail_004_kani=true&JigyosyoCd=2372300331-00&ServiceCd=110&Type=search", "url2": "http://" }, "geometry": { "type": "Point", "coordinates": [ 137.078155299999906, 35.221608 ] } },
{ "type": "Feature", "properties": { "内容": "水野ヘルパーステーション【訪問介護】愛知県瀬戸市はぎの台３丁目1番地の3", "url": "https://www.kaigokensaku.mhlw.go.jp/23/index.php?action_kouhyou_detail_004_kani=true&JigyosyoCd=2372300521-00&ServiceCd=110&Type=search", "url2": "http://setochuo.com/chuokai/" }, "geometry": { "type": "Point", "coordinates": [ 137.0716251, 35.2402723 ] } },
{ "type": "Feature", "properties": { "内容": "オオツカ介護サービス瀬戸【訪問介護】愛知県瀬戸市石田町269番地", "url": "https://www.kaigokensaku.mhlw.go.jp/23/index.php?action_kouhyou_detail_004_kani=true&JigyosyoCd=2372300653-00&ServiceCd=110&Type=search", "url2": null }, "geometry": { "type": "Point", "coordinates": [ 137.089071500000045, 35.198625 ] } },
{ "type": "Feature", "properties": { "内容": "ヘルパーステーション　コスモス【訪問介護】愛知県瀬戸市共栄通一丁目６番地ツカモトビル４０５", "url": "https://www.kaigokensaku.mhlw.go.jp/23/index.php?action_kouhyou_detail_004_kani=true&JigyosyoCd=2372301115-00&ServiceCd=110&Type=search", "url2": "http://www.cosmos-seto.com." }, "geometry": { "type": "Point", "coordinates": [ 137.084652, 35.2223527 ] } },
{ "type": "Feature", "properties": { "内容": "ケアサポート　ウィズ【訪問介護】愛知県瀬戸市品野町一丁目３番地の１", "url": "https://www.kaigokensaku.mhlw.go.jp/23/index.php?action_kouhyou_detail_004_kani=true&JigyosyoCd=2372301206-00&ServiceCd=110&Type=search", "url2": "https://kazitacaresupport.wpcomstaging.com/" }, "geometry": { "type": "Point", "coordinates": [ 137.115952094154267, 35.238140878137635 ] } },
{ "type": "Feature", "properties": { "内容": "サカザキヘルパー事業所【訪問介護】瀬戸市原山台８丁目４５番地", "url": "https://www.kaigokensaku.mhlw.go.jp/23/index.php?action_kouhyou_detail_004_kani=true&JigyosyoCd=2372301263-00&ServiceCd=110&Type=search", "url2": null }, "geometry": { "type": "Point", "coordinates": [ 137.094973200000027, 35.2127401 ] } },
{ "type": "Feature", "properties": { "内容": "ヘルパーステーション　たんぽぽ菱野の里【訪問介護】愛知県瀬戸市南菱野町128番１", "url": "https://www.kaigokensaku.mhlw.go.jp/23/index.php?action_kouhyou_detail_004_kani=true&JigyosyoCd=2372301271-00&ServiceCd=110&Type=search", "url2": "http://www.tanpopo-fukushi.or.jp" }, "geometry": { "type": "Point", "coordinates": [ 137.074306200000024, 35.1992689 ] } },
{ "type": "Feature", "properties": { "内容": "ヘルパーステーション　ふくろう【訪問介護】瀬戸市東長根町１２６エステート長根３０２号", "url": "https://www.kaigokensaku.mhlw.go.jp/23/index.php?action_kouhyou_detail_004_kani=true&JigyosyoCd=2372301354-00&ServiceCd=110&Type=search", "url2": "http://" }, "geometry": { "type": "Point", "coordinates": [ 137.076055699999984, 35.214706 ] } },
{ "type": "Feature", "properties": { "内容": "ヘルパーステーション　楽雅堂【訪問介護】愛知県瀬戸市池田町52番地", "url": "https://www.kaigokensaku.mhlw.go.jp/23/index.php?action_kouhyou_detail_004_kani=true&JigyosyoCd=2372301446-00&ServiceCd=110&Type=search", "url2": "https://rakugado.co.jp/" }, "geometry": { "type": "Point", "coordinates": [ 137.093187700000044, 35.1987279 ] } },
{ "type": "Feature", "properties": { "内容": "ケアサポート　こころ【訪問介護】愛知県瀬戸市東米泉町８７番地フォーブル米泉１０１号", "url": "https://www.kaigokensaku.mhlw.go.jp/23/index.php?action_kouhyou_detail_004_kani=true&JigyosyoCd=2372301537-00&ServiceCd=110&Type=search", "url2": null }, "geometry": { "type": "Point", "coordinates": [ 137.088204899999937, 35.199847 ] } },
{ "type": "Feature", "properties": { "内容": "ヘルパーステーション瀬戸共栄【訪問介護】北浦町4丁目36番", "url": "https://www.kaigokensaku.mhlw.go.jp/23/index.php?action_kouhyou_detail_004_kani=true&JigyosyoCd=2372301982-00&ServiceCd=110&Type=search", "url2": "http://fuji-ls.com" }, "geometry": { "type": "Point", "coordinates": [ 137.0700534, 35.2194664 ] } },
{ "type": "Feature", "properties": { "内容": "訪問介護ステーションまりん【訪問介護】愛知県瀬戸市東長根町50", "url": "https://www.kaigokensaku.mhlw.go.jp/23/index.php?action_kouhyou_detail_004_kani=true&JigyosyoCd=2372302196-00&ServiceCd=110&Type=search", "url2": null }, "geometry": { "type": "Point", "coordinates": [ 137.073998767181337, 35.215155246331975 ] } },
{ "type": "Feature", "properties": { "内容": "ヘルパーステーション　リハビリライフさくら【訪問介護】愛知県瀬戸市山の田町43番187", "url": "https://www.kaigokensaku.mhlw.go.jp/23/index.php?action_kouhyou_detail_004_kani=true&JigyosyoCd=2372302311-00&ServiceCd=110&Type=search", "url2": "http://rehalife-sakura.co.jp/" }, "geometry": { "type": "Point", "coordinates": [ 137.064574599999986, 35.194307 ] } },
{ "type": "Feature", "properties": { "内容": "ゴールドエイジ瀬戸営業所【訪問介護】愛知県瀬戸市西洞町3", "url": "https://www.kaigokensaku.mhlw.go.jp/23/index.php?action_kouhyou_detail_004_kani=true&JigyosyoCd=2372302543-00&ServiceCd=110&Type=search", "url2": null }, "geometry": { "type": "Point", "coordinates": [ 137.1098048, 35.2249086 ] } },
{ "type": "Feature", "properties": { "内容": "訪問介護えがお【訪問介護】愛知県瀬戸市石田町１５６番地", "url": "https://www.kaigokensaku.mhlw.go.jp/23/index.php?action_kouhyou_detail_004_kani=true&JigyosyoCd=2372302790-00&ServiceCd=110&Type=search", "url2": null }, "geometry": { "type": "Point", "coordinates": [ 137.0887787, 35.1990603 ] } },
{ "type": "Feature", "properties": { "内容": "訪問介護ハート【訪問介護】愛知県瀬戸市菱野町72番地", "url": "https://www.kaigokensaku.mhlw.go.jp/23/index.php?action_kouhyou_detail_004_kani=true&JigyosyoCd=2372302824-00&ServiceCd=110&Type=search", "url2": null }, "geometry": { "type": "Point", "coordinates": [ 137.076986864770362, 35.208340416604671 ] } },
{ "type": "Feature", "properties": { "内容": "訪問介護事業所いろどり【訪問介護】愛知県瀬戸市東菱野町１５０番地ナーシングホームいろどり", "url": "https://www.kaigokensaku.mhlw.go.jp/23/index.php?action_kouhyou_detail_004_kani=true&JigyosyoCd=2372302881-00&ServiceCd=110&Type=search", "url2": "info@seva.co.jp" }, "geometry": { "type": "Point", "coordinates": [ 137.083244800000017, 35.2025215 ] } },
{ "type": "Feature", "properties": { "内容": "訪問介護トラストリー瀬戸【訪問介護】北山町３０－１", "url": "https://www.kaigokensaku.mhlw.go.jp/23/index.php?action_kouhyou_detail_004_kani=true&JigyosyoCd=2372302931-00&ServiceCd=110&Type=search", "url2": null }, "geometry": { "type": "Point", "coordinates": [ 137.070561681906781, 35.225180116450709 ] } },
{ "type": "Feature", "properties": { "内容": "訪問介護事業所エイト【訪問介護】松原町一丁目61番地", "url": "https://www.kaigokensaku.mhlw.go.jp/23/index.php?action_kouhyou_detail_004_kani=true&JigyosyoCd=2372303004-00&ServiceCd=110&Type=search", "url2": null }, "geometry": { "type": "Point", "coordinates": [ 139.355796700000042, 35.713282400000011 ] } },
{ "type": "Feature", "properties": { "内容": "ヘルパーステーション笑笑音【訪問介護】東松山町１２番地有料老人ホーム笑笑音新瀬戸", "url": "https://www.kaigokensaku.mhlw.go.jp/23/index.php?action_kouhyou_detail_004_kani=true&JigyosyoCd=2372303020-00&ServiceCd=110&Type=search", "url2": "eenegroup.com" }, "geometry": { "type": "Point", "coordinates": [ 137.0798933, 35.2280687 ] } },
{ "type": "Feature", "properties": { "内容": "きらりヘルパー事業所【訪問介護】瘤木町73番地1", "url": "https://www.kaigokensaku.mhlw.go.jp/23/index.php?action_kouhyou_detail_004_kani=true&JigyosyoCd=2372303038-00&ServiceCd=110&Type=search", "url2": "https://www.shine-stella.net/" }, "geometry": { "type": "Point", "coordinates": [ 137.08357860000001, 35.2148279 ] } },
{ "type": "Feature", "properties": { "内容": "アンバーケアステーション瀬戸【訪問介護】愛知県瀬戸市上本町467アンバー瀬戸", "url": "https://www.kaigokensaku.mhlw.go.jp/23/index.php?action_kouhyou_detail_004_kani=true&JigyosyoCd=2372303046-00&ServiceCd=110&Type=search", "url2": "https://amberseto.com/" }, "geometry": { "type": "Point", "coordinates": [ 137.086473271163925, 35.244555011020715 ] } },
{ "type": "Feature", "properties": { "内容": "ヘルパーステーションだいふく瀬戸【訪問介護】愛知県瀬戸市薬師町50-4シティパレス瀬戸２階号室", "url": "https://www.kaigokensaku.mhlw.go.jp/23/index.php?action_kouhyou_detail_004_kani=true&JigyosyoCd=2372303053-00&ServiceCd=110&Type=search", "url2": "https://daifuku-kaigo.com/" }, "geometry": { "type": "Point", "coordinates": [ 137.1043568, 35.2265559 ] } },
{ "type": "Feature", "properties": { "内容": "訪問介護事業所　道しるべ【訪問介護】愛知県瀬戸市瀬戸口町2番地瀬戸口南ビル５階", "url": "https://www.kaigokensaku.mhlw.go.jp/23/index.php?action_kouhyou_detail_004_kani=true&JigyosyoCd=2372302618-00&ServiceCd=110&Type=search", "url2": null }, "geometry": { "type": "Point", "coordinates": [ 137.082659187731565, 35.201716933658794 ] } },
{ "type": "Feature", "properties": { "内容": "アシスト訪問介護ステーション【訪問介護】西長根町24番地122", "url": "https://www.kaigokensaku.mhlw.go.jp/23/index.php?action_kouhyou_detail_004_kani=true&JigyosyoCd=2372301701-00&ServiceCd=110&Type=search", "url2": null }, "geometry": { "type": "Point", "coordinates": [ 137.075022499999932, 35.212617299999984 ] } },
{ "type": "Feature", "properties": { "内容": "訪問介護ほほ笑み【訪問介護】愛知県瀬戸市西寺山町19番地ソレイユＣ103", "url": "https://www.kaigokensaku.mhlw.go.jp/23/index.php?action_kouhyou_detail_004_kani=true&JigyosyoCd=2372302220-00&ServiceCd=110&Type=search", "url2": null }, "geometry": { "type": "Point", "coordinates": [ 137.068862, 35.2139948 ] } },
{ "type": "Feature", "properties": { "内容": "訪問介護　陽だまり【訪問介護】川北町1丁目43番地", "url": "https://www.kaigokensaku.mhlw.go.jp/23/index.php?action_kouhyou_detail_004_kani=true&JigyosyoCd=2372301503-00&ServiceCd=110&Type=search", "url2": null }, "geometry": { "type": "Point", "coordinates": [ 137.06155990000002, 35.2176636 ] } },
{ "type": "Feature", "properties": { "内容": "訪問介護事業所公孫樹【訪問介護】愛知県瀬戸市道泉町58番地", "url": "https://www.kaigokensaku.mhlw.go.jp/23/index.php?action_kouhyou_detail_004_kani=true&JigyosyoCd=2372302253-00&ServiceCd=110&Type=search", "url2": null }, "geometry": { "type": "Point", "coordinates": [ 137.09315766492, 35.225197460002718 ] } },
{ "type": "Feature", "properties": { "内容": "ヘルパーステーションせとの憩【訪問介護】愛知県瀬戸市北山町30-1住宅型有料老人ホームせとの憩", "url": "https://www.kaigokensaku.mhlw.go.jp/23/index.php?action_kouhyou_detail_004_kani=true&JigyosyoCd=2372303079-00&ServiceCd=110&Type=search", "url2": "https://freude-coltd.jp/" }, "geometry": { "type": "Point", "coordinates": [ 137.070574793254082, 35.225181592888475 ] } },
{ "type": "Feature", "properties": { "内容": "ピースフルライフヘルパーステーション【訪問介護】愛知県瀬戸市坂上町５８５番地", "url": "https://www.kaigokensaku.mhlw.go.jp/23/index.php?action_kouhyou_detail_004_kani=true&JigyosyoCd=2372302857-00&ServiceCd=110&Type=search", "url2": "https://uraraka-peace.com" }, "geometry": { "type": "Point", "coordinates": [ 137.052796811361702, 35.201935368997034 ] } },
{ "type": "Feature", "properties": { "内容": "ニチイケアセンター瀬戸【訪問介護】愛知県瀬戸市共栄通6-21エーシープラザビル2Ｆ", "url": "https://www.kaigokensaku.mhlw.go.jp/23/index.php?action_kouhyou_detail_004_kani=true&JigyosyoCd=2372300380-00&ServiceCd=110&Type=search", "url2": "http://www.nichiigakkan.co.jp" }, "geometry": { "type": "Point", "coordinates": [ 137.070486699999947, 35.2185304 ] } },
{ "type": "Feature", "properties": { "内容": "ふたつ葉ヘルパーステーション【訪問介護】瀬戸市見付町59番地", "url": "https://www.kaigokensaku.mhlw.go.jp/23/index.php?action_kouhyou_detail_004_kani=true&JigyosyoCd=2372302477-00&ServiceCd=110&Type=search", "url2": null }, "geometry": { "type": "Point", "coordinates": [ 137.060987800000021, 35.2154444 ] } },
{ "type": "Feature", "properties": { "内容": "訪問介護事業所けやき新瀬戸【訪問介護】愛知県瀬戸市孫田町12-3", "url": "https://www.kaigokensaku.mhlw.go.jp/23/index.php?action_kouhyou_detail_004_kani=true&JigyosyoCd=2372302832-00&ServiceCd=110&Type=search", "url2": "http://www.youth-care.jp/" }, "geometry": { "type": "Point", "coordinates": [ 137.0753918, 35.2247754 ] } },
{ "type": "Feature", "properties": { "内容": "ヘルパーステーション　キャッツ【訪問介護】愛知県瀬戸市中水野町二丁目５９３番地の３", "url": "https://www.kaigokensaku.mhlw.go.jp/23/index.php?action_kouhyou_detail_004_kani=true&JigyosyoCd=2372302139-00&ServiceCd=110&Type=search", "url2": "https://www.catsseto.com/" }, "geometry": { "type": "Point", "coordinates": [ 137.072825073016361, 35.248213694481571 ] } },
{ "type": "Feature", "properties": { "内容": "訪問介護事業　ヘルパーステーションゆうゆう【訪問介護】愛知県半田市南大矢知町２丁目２１番地１", "url": "https://www.kaigokensaku.mhlw.go.jp/23/index.php?action_kouhyou_detail_004_kani=true&JigyosyoCd=2372400081-00&ServiceCd=110&Type=search", "url2": "http://www.i-koyu.or.jp/index.html" }, "geometry": { "type": "Point", "coordinates": [ 136.943036900000038, 34.9245097 ] } },
{ "type": "Feature", "properties": { "内容": "訪問介護ステーション　空&海半田【訪問介護】愛知県半田市新栄町19-2ひまわり会館半田", "url": "https://www.kaigokensaku.mhlw.go.jp/23/index.php?action_kouhyou_detail_004_kani=true&JigyosyoCd=2372401766-00&ServiceCd=110&Type=search", "url2": "http://www.himawari‐care-s.com" }, "geometry": { "type": "Point", "coordinates": [ 136.936660123942602, 34.892576402051681 ] } },
{ "type": "Feature", "properties": { "内容": "Amberケアステーション半田【訪問介護】愛知県半田市宮本町五丁目325番地8", "url": "https://www.kaigokensaku.mhlw.go.jp/23/index.php?action_kouhyou_detail_004_kani=true&JigyosyoCd=2372401865-00&ServiceCd=110&Type=search", "url2": "https://amber-group.info/" }, "geometry": { "type": "Point", "coordinates": [ 136.9077464, 34.8857191 ] } },
{ "type": "Feature", "properties": { "内容": "訪問介護てとて【訪問介護】星崎町２丁目２０６番地２サンシャイン星崎６０１号", "url": "https://www.kaigokensaku.mhlw.go.jp/23/index.php?action_kouhyou_detail_004_kani=true&JigyosyoCd=2372400073-00&ServiceCd=110&Type=search", "url2": null }, "geometry": { "type": "Point", "coordinates": [ 136.9445733, 34.9167993 ] } },
{ "type": "Feature", "properties": { "内容": "特定非営利活動法人　りんりん【訪問介護】愛知県半田市岩滑高山町５丁目４番地", "url": "https://www.kaigokensaku.mhlw.go.jp/23/index.php?action_kouhyou_detail_004_kani=true&JigyosyoCd=2372400131-00&ServiceCd=110&Type=search", "url2": "https://rinrin.or.jp/" }, "geometry": { "type": "Point", "coordinates": [ 136.91625116322939, 34.909829806474114 ] } },
{ "type": "Feature", "properties": { "内容": "特定非営利活動法人ベタニアホーム【訪問介護】愛知県半田市桐ケ丘四丁目２０８番地の14", "url": "https://www.kaigokensaku.mhlw.go.jp/23/index.php?action_kouhyou_detail_004_kani=true&JigyosyoCd=2372400164-00&ServiceCd=110&Type=search", "url2": "https://betaniahome.themedia.jp/" }, "geometry": { "type": "Point", "coordinates": [ 136.914776035806966, 34.891674821800642 ] } },
{ "type": "Feature", "properties": { "内容": "ニチイケアセンター半田【訪問介護】愛知県半田市岩滑中町4-163ミキビル岩滑２F", "url": "https://www.kaigokensaku.mhlw.go.jp/23/index.php?action_kouhyou_detail_004_kani=true&JigyosyoCd=2372400222-00&ServiceCd=110&Type=search", "url2": "http://www.nichiigakkan.co.jp" }, "geometry": { "type": "Point", "coordinates": [ 136.922975700000052, 34.9082439 ] } },
{ "type": "Feature", "properties": { "内容": "ケアサービスめばえ【訪問介護】愛知県半田市板山町１３－１３６－１", "url": "https://www.kaigokensaku.mhlw.go.jp/23/index.php?action_kouhyou_detail_004_kani=true&JigyosyoCd=2372400339-00&ServiceCd=110&Type=search", "url2": null }, "geometry": { "type": "Point", "coordinates": [ 136.885433599999942, 34.8890865 ] } },
{ "type": "Feature", "properties": { "内容": "入浴介護センター【訪問介護】愛知県半田市瑞穂町１丁目５番９", "url": "https://www.kaigokensaku.mhlw.go.jp/23/index.php?action_kouhyou_detail_004_kani=true&JigyosyoCd=2372400354-00&ServiceCd=110&Type=search", "url2": "https://nyuyokukaigo.com" }, "geometry": { "type": "Point", "coordinates": [ 136.943957599999976, 34.8931513 ] } },
{ "type": "Feature", "properties": { "内容": "つみき福祉工房訪問介護事業所【訪問介護】愛知県半田市住吉町１丁目６５番地の４", "url": "https://www.kaigokensaku.mhlw.go.jp/23/index.php?action_kouhyou_detail_004_kani=true&JigyosyoCd=2372400685-00&ServiceCd=110&Type=search", "url2": null }, "geometry": { "type": "Point", "coordinates": [ 136.933074800000014, 34.9078304 ] } },
{ "type": "Feature", "properties": { "内容": "指定訪問介護事業所ままん【訪問介護】愛知県半田市桐ヶ丘四丁目214番地の2アートヒルズ桐ヶ丘南館・201号室", "url": "https://www.kaigokensaku.mhlw.go.jp/23/index.php?action_kouhyou_detail_004_kani=true&JigyosyoCd=2372400982-00&ServiceCd=110&Type=search", "url2": "http://maman-kaigo.com" }, "geometry": { "type": "Point", "coordinates": [ 136.915289419952842, 34.890630179941645 ] } },
{ "type": "Feature", "properties": { "内容": "ニチイケアセンター有楽町【訪問介護】愛知県半田市有楽町4-225－3　キャンパスひまわり", "url": "https://www.kaigokensaku.mhlw.go.jp/23/index.php?action_kouhyou_detail_004_kani=true&JigyosyoCd=2372401014-00&ServiceCd=110&Type=search", "url2": "http://www.nichiigakkann.co.jp" }, "geometry": { "type": "Point", "coordinates": [ 136.918444099999988, 34.878789 ] } },
{ "type": "Feature", "properties": { "内容": "訪問介護事業所ごきや【訪問介護】愛知県半田市板山町２丁目166番地の2", "url": "https://www.kaigokensaku.mhlw.go.jp/23/index.php?action_kouhyou_detail_004_kani=true&JigyosyoCd=2372401089-00&ServiceCd=110&Type=search", "url2": "http://welheart.a.la.9.jp" }, "geometry": { "type": "Point", "coordinates": [ 136.890806912268431, 34.887628501354165 ] } },
{ "type": "Feature", "properties": { "内容": "アースサポート半田【訪問介護】愛知県半田市昭和町二丁目47番地", "url": "https://www.kaigokensaku.mhlw.go.jp/23/index.php?action_kouhyou_detail_004_kani=true&JigyosyoCd=2372401147-00&ServiceCd=110&Type=search", "url2": "http://www.earthsupport.co.jp" }, "geometry": { "type": "Point", "coordinates": [ 136.9197074, 34.8846704 ] } },
{ "type": "Feature", "properties": { "内容": "ヘルパーステーションひだまりの郷半田【訪問介護】愛知県半田市更生町一丁目122番地の18", "url": "https://www.kaigokensaku.mhlw.go.jp/23/index.php?action_kouhyou_detail_004_kani=true&JigyosyoCd=2372401154-00&ServiceCd=110&Type=search", "url2": "http://hidamari-sato.jp" }, "geometry": { "type": "Point", "coordinates": [ 136.927020299999981, 34.8927924 ] } },
{ "type": "Feature", "properties": { "内容": "合同会社　宝来【訪問介護】愛知県半田市平井町五丁目11番地の１", "url": "https://www.kaigokensaku.mhlw.go.jp/23/index.php?action_kouhyou_detail_004_kani=true&JigyosyoCd=2372401360-00&ServiceCd=110&Type=search", "url2": null }, "geometry": { "type": "Point", "coordinates": [ 136.895779270926596, 34.908859461597217 ] } },
{ "type": "Feature", "properties": { "内容": "訪問介護事業所元気はつらつケアセンター【訪問介護】愛知県半田市栄町3丁目147番地", "url": "https://www.kaigokensaku.mhlw.go.jp/23/index.php?action_kouhyou_detail_004_kani=true&JigyosyoCd=2372401410-00&ServiceCd=110&Type=search", "url2": "http://www.genki-ha2ra2.co.jp" }, "geometry": { "type": "Point", "coordinates": [ 136.92384205545045, 34.885029492513524 ] } },
{ "type": "Feature", "properties": { "内容": "ヘルパーステーション琴葉はんだ【訪問介護】半田市東生見町15番4", "url": "https://www.kaigokensaku.mhlw.go.jp/23/index.php?action_kouhyou_detail_004_kani=true&JigyosyoCd=2372401493-00&ServiceCd=110&Type=search", "url2": "http://www.kotoha2007.co.jp/homehelp.html" }, "geometry": { "type": "Point", "coordinates": [ 136.954174500000022, 34.926696 ] } },
{ "type": "Feature", "properties": { "内容": "ニチイケアセンター板山【訪問介護】愛知県半田市板山町5-70粋みやびタウンA棟", "url": "https://www.kaigokensaku.mhlw.go.jp/23/index.php?action_kouhyou_detail_004_kani=true&JigyosyoCd=2372401709-00&ServiceCd=110&Type=search", "url2": "nichiigakkan.co.jp" }, "geometry": { "type": "Point", "coordinates": [ 136.892615799999987, 34.8859609 ] } },
{ "type": "Feature", "properties": { "内容": "ヘルパーステーションずいこう【訪問介護】愛知県半田有楽町2丁目255番地コーポすぎうら１０５号", "url": "https://www.kaigokensaku.mhlw.go.jp/23/index.php?action_kouhyou_detail_004_kani=true&JigyosyoCd=2372401733-00&ServiceCd=110&Type=search", "url2": "https://zuikoh.jp/" }, "geometry": { "type": "Point", "coordinates": [ 136.9235857, 34.879878699999978 ] } },
{ "type": "Feature", "properties": { "内容": "ヘルパーステーション燦郷俱楽部柊町【訪問介護】愛知県半田市柊町三丁目4番地の3燦郷俱楽部柊町", "url": "https://www.kaigokensaku.mhlw.go.jp/23/index.php?action_kouhyou_detail_004_kani=true&JigyosyoCd=2372401774-00&ServiceCd=110&Type=search", "url2": "http://hidamari-sato.jp/" }, "geometry": { "type": "Point", "coordinates": [ 136.916371300000037, 34.900130600000011 ] } },
{ "type": "Feature", "properties": { "内容": "訪問介護スマイルナーシング半田【訪問介護】愛知県半田市板山町二丁目58ー4", "url": "https://www.kaigokensaku.mhlw.go.jp/23/index.php?action_kouhyou_detail_004_kani=true&JigyosyoCd=2372401808-00&ServiceCd=110&Type=search", "url2": "https://smile-nursing.jp" }, "geometry": { "type": "Point", "coordinates": [ 136.8905259, 34.8887324 ] } },
{ "type": "Feature", "properties": { "内容": "訪問介護ステーション　空&海亀崎【訪問介護】愛知県半田市亀崎町五丁目4番1号ひまわり会館亀崎", "url": "https://www.kaigokensaku.mhlw.go.jp/23/index.php?action_kouhyou_detail_004_kani=true&JigyosyoCd=2372401816-00&ServiceCd=110&Type=search", "url2": "https://www.himawari-care-s.com" }, "geometry": { "type": "Point", "coordinates": [ 136.964338186508144, 34.915903829070224 ] } },
{ "type": "Feature", "properties": { "内容": "訪問介護　すてっぷ【訪問介護】愛知県半田市清城町2丁目5-8清城コーポラス102", "url": "https://www.kaigokensaku.mhlw.go.jp/23/index.php?action_kouhyou_detail_004_kani=true&JigyosyoCd=2372401881-00&ServiceCd=110&Type=search", "url2": "https://lien-group.co.jp" }, "geometry": { "type": "Point", "coordinates": [ 136.9134871, 34.8981172 ] } },
{ "type": "Feature", "properties": { "内容": "訪問介護事業所　えんの里　半田【訪問介護】青山2-24-5", "url": "https://www.kaigokensaku.mhlw.go.jp/23/index.php?action_kouhyou_detail_004_kani=true&JigyosyoCd=2372401691-00&ServiceCd=110&Type=search", "url2": null }, "geometry": { "type": "Point", "coordinates": [ 136.9147086201599, 34.877280326876978 ] } },
{ "type": "Feature", "properties": { "内容": "あいびぃ～ケアステーション【訪問介護】愛知県半田市広小路町151-4MiaVitaHANDA2F", "url": "https://www.kaigokensaku.mhlw.go.jp/23/index.php?action_kouhyou_detail_004_kani=true&JigyosyoCd=2372401162-00&ServiceCd=110&Type=search", "url2": null }, "geometry": { "type": "Point", "coordinates": [ 136.926825799999961, 34.8945673 ] } },
{ "type": "Feature", "properties": { "内容": "ヘルパーステーション縁【訪問介護】愛知県半田市苗代町一丁目３２番地１", "url": "https://www.kaigokensaku.mhlw.go.jp/23/index.php?action_kouhyou_detail_004_kani=true&JigyosyoCd=2372401758-00&ServiceCd=110&Type=search", "url2": "https://helperstationen.wixsite.com/website" }, "geometry": { "type": "Point", "coordinates": [ 136.940834099999989, 34.9163054 ] } },
{ "type": "Feature", "properties": { "内容": "有限会社ふるさと【訪問介護】愛知県半田市花園町一丁目１７番地８", "url": "https://www.kaigokensaku.mhlw.go.jp/23/index.php?action_kouhyou_detail_004_kani=true&JigyosyoCd=2372400362-00&ServiceCd=110&Type=search", "url2": "http://" }, "geometry": { "type": "Point", "coordinates": [ 136.915780400000017, 34.873146 ] } },
{ "type": "Feature", "properties": { "内容": "訪問介護事業所　ごんの里【訪問介護】愛知県半田市幸町一丁目49番地アーバンフジ4階4B号", "url": "https://www.kaigokensaku.mhlw.go.jp/23/index.php?action_kouhyou_detail_004_kani=true&JigyosyoCd=2372401543-00&ServiceCd=110&Type=search", "url2": "http://www.gonno-sato.com/" }, "geometry": { "type": "Point", "coordinates": [ 136.936786200000029, 34.8901624 ] } },
{ "type": "Feature", "properties": { "内容": "ヘルパーステーション椰子の実【訪問介護】半田市中町３－２キャッスルハイツ半田中町１１０２", "url": "https://www.kaigokensaku.mhlw.go.jp/23/index.php?action_kouhyou_detail_004_kani=true&JigyosyoCd=2372401584-00&ServiceCd=110&Type=search", "url2": "www.yashinomi.jp.net" }, "geometry": { "type": "Point", "coordinates": [ 136.927012234398944, 34.889960899650035 ] } },
{ "type": "Feature", "properties": { "内容": "ファミリー２４【訪問介護】愛知県春日井市岩成台10-1-4", "url": "https://www.kaigokensaku.mhlw.go.jp/23/index.php?action_kouhyou_detail_004_kani=true&JigyosyoCd=2372502936-00&ServiceCd=110&Type=search", "url2": null }, "geometry": { "type": "Point", "coordinates": [ 137.032577599999968, 35.276963200000019 ] } },
{ "type": "Feature", "properties": { "内容": "訪問介護事業所　白雪【訪問介護】愛知県春日井市松河戸町３丁目８番地７サービス付き高齢者向け住宅　ナーシング白雪内併設", "url": "https://www.kaigokensaku.mhlw.go.jp/23/index.php?action_kouhyou_detail_004_kani=true&JigyosyoCd=2372504726-00&ServiceCd=110&Type=search", "url2": "http://www.jas-mine.co.jp/index.html" }, "geometry": { "type": "Point", "coordinates": [ 136.966410900000028, 35.2251504 ] } },
{ "type": "Feature", "properties": { "内容": "ホームヘルプさち【訪問介護】愛知県春日井市松新町６丁目２番地の２", "url": "https://www.kaigokensaku.mhlw.go.jp/23/index.php?action_kouhyou_detail_004_kani=true&JigyosyoCd=2372501474-00&ServiceCd=110&Type=search", "url2": null }, "geometry": { "type": "Point", "coordinates": [ 136.95686969999997, 35.2282827 ] } },
{ "type": "Feature", "properties": { "内容": "れすぱ～紙ふうせん【訪問介護】愛知県春日井市出川町5丁目27番10", "url": "https://www.kaigokensaku.mhlw.go.jp/23/index.php?action_kouhyou_detail_004_kani=true&JigyosyoCd=2372505467-00&ServiceCd=110&Type=search", "url2": "https://www.keyaki-fukushikai.com/" }, "geometry": { "type": "Point", "coordinates": [ 137.0225153, 35.2669847 ] } },
{ "type": "Feature", "properties": { "内容": "訪問介護モンリーとクレヨン【訪問介護】愛知県春日井市鳥居松町3-179", "url": "https://www.kaigokensaku.mhlw.go.jp/23/index.php?action_kouhyou_detail_004_kani=true&JigyosyoCd=2372504940-00&ServiceCd=110&Type=search", "url2": null }, "geometry": { "type": "Point", "coordinates": [ 136.971998900000017, 35.2416813 ] } },
{ "type": "Feature", "properties": { "内容": "リベラルアーツ【訪問介護】愛知県春日井市篠木町二丁目1281-1レガーロ・シノギ４A", "url": "https://www.kaigokensaku.mhlw.go.jp/23/index.php?action_kouhyou_detail_004_kani=true&JigyosyoCd=2372505764-00&ServiceCd=110&Type=search", "url2": null }, "geometry": { "type": "Point", "coordinates": [ 136.9839643, 35.2527118 ] } },
{ "type": "Feature", "properties": { "内容": "ヘルパーステーションたま【訪問介護】愛知県春日井市稲口町1丁目１６番地9", "url": "https://www.kaigokensaku.mhlw.go.jp/23/index.php?action_kouhyou_detail_004_kani=true&JigyosyoCd=2372504502-00&ServiceCd=110&Type=search", "url2": null }, "geometry": { "type": "Point", "coordinates": [ 136.943525799999946, 35.2442747 ] } },
{ "type": "Feature", "properties": { "内容": "ヘルパーステーションかちがわ【訪問介護】春日井市若草通1丁目12番地", "url": "https://www.kaigokensaku.mhlw.go.jp/23/index.php?action_kouhyou_detail_004_kani=true&JigyosyoCd=2372500294-00&ServiceCd=110&Type=search", "url2": "https://www.kachigawa-iin.jp" }, "geometry": { "type": "Point", "coordinates": [ 136.956150100000059, 35.2340955 ] } },
{ "type": "Feature", "properties": { "内容": "ヘルパーステーション　希望の丘上条【訪問介護】愛知県春日井市上条町八丁目31番地", "url": "https://www.kaigokensaku.mhlw.go.jp/23/index.php?action_kouhyou_detail_004_kani=true&JigyosyoCd=2372505426-00&ServiceCd=110&Type=search", "url2": "https://www.ilife-co.jp/joujou/" }, "geometry": { "type": "Point", "coordinates": [ 136.9844957, 35.2343531 ] } },
{ "type": "Feature", "properties": { "内容": "けあらーず高蔵寺指定訪問介護事業所【訪問介護】愛知県春日井市白山町8丁目8番8", "url": "https://www.kaigokensaku.mhlw.go.jp/23/index.php?action_kouhyou_detail_004_kani=true&JigyosyoCd=2372504056-00&ServiceCd=110&Type=search", "url2": "http://www.seramu.com/" }, "geometry": { "type": "Point", "coordinates": [ 137.032574899999986, 35.2745718 ] } },
{ "type": "Feature", "properties": { "内容": "介護ステーション　ｏｈａｎａ【訪問介護】愛知県春日井市東野町西3丁目4-8", "url": "https://www.kaigokensaku.mhlw.go.jp/23/index.php?action_kouhyou_detail_004_kani=true&JigyosyoCd=2372503090-00&ServiceCd=110&Type=search", "url2": null }, "geometry": { "type": "Point", "coordinates": [ 136.97926910000001, 35.2705247 ] } },
{ "type": "Feature", "properties": { "内容": "有限会社　ひかり介護サービス【訪問介護】愛知県春日井市中央台８丁目５番地５", "url": "https://www.kaigokensaku.mhlw.go.jp/23/index.php?action_kouhyou_detail_004_kani=true&JigyosyoCd=2372500922-00&ServiceCd=110&Type=search", "url2": "http://" }, "geometry": { "type": "Point", "coordinates": [ 137.053361099999961, 35.2839025 ] } },
{ "type": "Feature", "properties": { "内容": "ヘルパーステーション　ゆいの郷【訪問介護】春日井市十三塚町６番地８", "url": "https://www.kaigokensaku.mhlw.go.jp/23/index.php?action_kouhyou_detail_004_kani=true&JigyosyoCd=2372504585-00&ServiceCd=110&Type=search", "url2": null }, "geometry": { "type": "Point", "coordinates": [ 136.996725781684063, 35.265386040632087 ] } },
{ "type": "Feature", "properties": { "内容": "介護センター　あかとんぼ【訪問介護】愛知県春日井市東野町六丁目15番地の5", "url": "https://www.kaigokensaku.mhlw.go.jp/23/index.php?action_kouhyou_detail_004_kani=true&JigyosyoCd=2372501912-00&ServiceCd=110&Type=search", "url2": "http://" }, "geometry": { "type": "Point", "coordinates": [ 136.989179599999943, 35.2668758 ] } },
{ "type": "Feature", "properties": { "内容": "介護のおてつだいヘルパーステーションあさがお【訪問介護】愛知県春日井市牛山町1306番地4", "url": "https://www.kaigokensaku.mhlw.go.jp/23/index.php?action_kouhyou_detail_004_kani=true&JigyosyoCd=2372505798-00&ServiceCd=110&Type=search", "url2": null }, "geometry": { "type": "Point", "coordinates": [ 136.938501800000012, 35.2724894 ] } },
{ "type": "Feature", "properties": { "内容": "介護支援センター春日井【訪問介護】愛知県春日井市下条町三丁目２番地１ｸﾘｰﾝﾊｲﾂOUS", "url": "https://www.kaigokensaku.mhlw.go.jp/23/index.php?action_kouhyou_detail_004_kani=true&JigyosyoCd=2372505483-00&ServiceCd=110&Type=search", "url2": null }, "geometry": { "type": "Point", "coordinates": [ 136.976259499999969, 35.2285914 ] } },
{ "type": "Feature", "properties": { "内容": "gohomecare【訪問介護】愛知県春日井市高蔵寺町北一丁目８６－１", "url": "https://www.kaigokensaku.mhlw.go.jp/23/index.php?action_kouhyou_detail_004_kani=true&JigyosyoCd=2372505863-00&ServiceCd=110&Type=search", "url2": null }, "geometry": { "type": "Point", "coordinates": [ 137.0354422, 35.2674209 ] } },
{ "type": "Feature", "properties": { "内容": "あった介護ステーション【訪問介護】愛知県春日井市東野町10丁目11番地11", "url": "https://www.kaigokensaku.mhlw.go.jp/23/index.php?action_kouhyou_detail_004_kani=true&JigyosyoCd=2372501938-00&ServiceCd=110&Type=search", "url2": "http://" }, "geometry": { "type": "Point", "coordinates": [ 136.980641699999978, 35.2625065 ] } },
{ "type": "Feature", "properties": { "内容": "リライトケアサービス【訪問介護】愛知県春日井市松本町858番地城北ハイツ102号", "url": "https://www.kaigokensaku.mhlw.go.jp/23/index.php?action_kouhyou_detail_004_kani=true&JigyosyoCd=2372506010-00&ServiceCd=110&Type=search", "url2": null }, "geometry": { "type": "Point", "coordinates": [ 137.016692350926206, 35.269565067115074 ] } },
{ "type": "Feature", "properties": { "内容": "ファミーユヘルパーサービス名北【訪問介護】愛知県春日井市味美白山町2丁目9-26　ベルニシキS棟3B号室", "url": "https://www.kaigokensaku.mhlw.go.jp/23/index.php?action_kouhyou_detail_004_kani=true&JigyosyoCd=2372505327-00&ServiceCd=110&Type=search", "url2": "http://shi-on.net" }, "geometry": { "type": "Point", "coordinates": [ 136.931471852151248, 35.233268148404015 ] } },
{ "type": "Feature", "properties": { "内容": "ヘルパーステーションうるる【訪問介護】白山町３丁目９ー２K&Kビル２F", "url": "https://www.kaigokensaku.mhlw.go.jp/23/index.php?action_kouhyou_detail_004_kani=true&JigyosyoCd=2372504205-00&ServiceCd=110&Type=search", "url2": "https://ururu-kasugai.com" }, "geometry": { "type": "Point", "coordinates": [ 137.031186851774493, 35.268846446067464 ] } },
{ "type": "Feature", "properties": { "内容": "第２春緑苑ヘルパーステーション【訪問介護】愛知県春日井市下津町500番地", "url": "https://www.kaigokensaku.mhlw.go.jp/23/index.php?action_kouhyou_detail_004_kani=true&JigyosyoCd=2372502167-00&ServiceCd=110&Type=search", "url2": "https://douen.or.jp" }, "geometry": { "type": "Point", "coordinates": [ 136.978815599999962, 35.2272618 ] } },
{ "type": "Feature", "properties": { "内容": "介護ステーション愛【訪問介護】愛知県春日井市西本町1丁目10-11木野瀬マンション1Ｆ", "url": "https://www.kaigokensaku.mhlw.go.jp/23/index.php?action_kouhyou_detail_004_kani=true&JigyosyoCd=2372505285-00&ServiceCd=110&Type=search", "url2": null }, "geometry": { "type": "Point", "coordinates": [ 136.936229599999933, 35.235431800000029 ] } },
{ "type": "Feature", "properties": { "内容": "のびのび訪問介護ミリケア【訪問介護】不二町三丁目4-1コウジーコートB棟105号室", "url": "https://www.kaigokensaku.mhlw.go.jp/23/index.php?action_kouhyou_detail_004_kani=true&JigyosyoCd=2372506143-00&ServiceCd=110&Type=search", "url2": "https://www.milicare.jp/" }, "geometry": { "type": "Point", "coordinates": [ 137.0254788, 35.2726099 ] } },
{ "type": "Feature", "properties": { "内容": "ナイスサポート介護支援センター【訪問介護】愛知県春日井市鳥居松町4丁目71番地", "url": "https://www.kaigokensaku.mhlw.go.jp/23/index.php?action_kouhyou_detail_004_kani=true&JigyosyoCd=2372500286-00&ServiceCd=110&Type=search", "url2": "http://nice-sp.jp" }, "geometry": { "type": "Point", "coordinates": [ 136.971465399999943, 35.2464139 ] } },
{ "type": "Feature", "properties": { "内容": "ニチイケアセンター春日井【訪問介護】愛知県春日井市鳥居松町5-78　名北セントラルビル8階", "url": "https://www.kaigokensaku.mhlw.go.jp/23/index.php?action_kouhyou_detail_004_kani=true&JigyosyoCd=2372500419-00&ServiceCd=110&Type=search", "url2": "http://www.nichiigakkan.co.jp" }, "geometry": { "type": "Point", "coordinates": [ 136.973944500000016, 35.2464807 ] } },
{ "type": "Feature", "properties": { "内容": "株式会社福祉の里　春日井営業所【訪問介護】愛知県春日井市篠木町8丁目2-22", "url": "https://www.kaigokensaku.mhlw.go.jp/23/index.php?action_kouhyou_detail_004_kani=true&JigyosyoCd=2372500427-00&ServiceCd=110&Type=search", "url2": "http://www.fukushinosato.co.jp" }, "geometry": { "type": "Point", "coordinates": [ 136.997218100000026, 35.2600772 ] } },
{ "type": "Feature", "properties": { "内容": "春緑苑ヘルパーステーション【訪問介護】愛知県春日井市廻間町字神屋洞703番地1", "url": "https://www.kaigokensaku.mhlw.go.jp/23/index.php?action_kouhyou_detail_004_kani=true&JigyosyoCd=2372500443-00&ServiceCd=110&Type=search", "url2": "https://douen.or.jp" }, "geometry": { "type": "Point", "coordinates": [ 137.03370033415743, 35.295132001895261 ] } },
{ "type": "Feature", "properties": { "内容": "サンユーメディカル訪問介護事業所【訪問介護】愛知県春日井市前並町字前並６６番地１", "url": "https://www.kaigokensaku.mhlw.go.jp/23/index.php?action_kouhyou_detail_004_kani=true&JigyosyoCd=2372500625-00&ServiceCd=110&Type=search", "url2": "https://sanyu-medical.co.jp" }, "geometry": { "type": "Point", "coordinates": [ 136.94946568928458, 35.263054244297038 ] } },
{ "type": "Feature", "properties": { "内容": "ヘルパーステーション望【訪問介護】愛知県春日井市柏原町２丁目１８３番地１", "url": "https://www.kaigokensaku.mhlw.go.jp/23/index.php?action_kouhyou_detail_004_kani=true&JigyosyoCd=2372500708-00&ServiceCd=110&Type=search", "url2": "http://care-nozomi.sakura.ne.jp/" }, "geometry": { "type": "Point", "coordinates": [ 136.959944, 35.2442552 ] } },
{ "type": "Feature", "properties": { "内容": "コープあいち福祉サービス春日井【訪問介護】春日井市八田町7-1-13　坂井ビル2階", "url": "https://www.kaigokensaku.mhlw.go.jp/23/index.php?action_kouhyou_detail_004_kani=true&JigyosyoCd=2372500799-00&ServiceCd=110&Type=search", "url2": "http://coopaichi.tcoop.or.jp/" }, "geometry": { "type": "Point", "coordinates": [ 136.970437299999958, 35.2542821 ] } },
{ "type": "Feature", "properties": { "内容": "ニチイケアセンター高蔵寺【訪問介護】春日井市白山町4-7-1", "url": "https://www.kaigokensaku.mhlw.go.jp/23/index.php?action_kouhyou_detail_004_kani=true&JigyosyoCd=2372500815-00&ServiceCd=110&Type=search", "url2": "http://www.nichiigakkan.co.jp" }, "geometry": { "type": "Point", "coordinates": [ 137.028611700000056, 35.2711331 ] } },
{ "type": "Feature", "properties": { "内容": "ワンワールド訪問介護事業所【訪問介護】愛知県春日井市如意申町1丁目7番地2", "url": "https://www.kaigokensaku.mhlw.go.jp/23/index.php?action_kouhyou_detail_004_kani=true&JigyosyoCd=2372500955-00&ServiceCd=110&Type=search", "url2": "http://www.oneworld0124.com" }, "geometry": { "type": "Point", "coordinates": [ 136.942700800000011, 35.2468633 ] } },
{ "type": "Feature", "properties": { "内容": "ホームヘルパーステーション　第２グレイスフル春日井【訪問介護】愛知県春日井市牛山町3195-1", "url": "https://www.kaigokensaku.mhlw.go.jp/23/index.php?action_kouhyou_detail_004_kani=true&JigyosyoCd=2372501144-00&ServiceCd=110&Type=search", "url2": "https://sun-vision.or.jp" }, "geometry": { "type": "Point", "coordinates": [ 136.944505199999981, 35.2720874 ] } },
{ "type": "Feature", "properties": { "内容": "訪問介護ステーション・ラプロ【訪問介護】愛知県春日井市坂下町五丁目1215番地の508", "url": "https://www.kaigokensaku.mhlw.go.jp/23/index.php?action_kouhyou_detail_004_kani=true&JigyosyoCd=2372501292-00&ServiceCd=110&Type=search", "url2": "http://" }, "geometry": { "type": "Point", "coordinates": [ 137.029456621765092, 35.291748778292046 ] } },
{ "type": "Feature", "properties": { "内容": "ふらっとヘルパーステーション【訪問介護】春日井市四ツ家町字二ツ杁43番地の1", "url": "https://www.kaigokensaku.mhlw.go.jp/23/index.php?action_kouhyou_detail_004_kani=true&JigyosyoCd=2372501326-00&ServiceCd=110&Type=search", "url2": "http://" }, "geometry": { "type": "Point", "coordinates": [ 136.94525, 35.2619109 ] } },
{ "type": "Feature", "properties": { "内容": "アイネット介護サービス【訪問介護】春日井市菅大臣町95番地", "url": "https://www.kaigokensaku.mhlw.go.jp/23/index.php?action_kouhyou_detail_004_kani=true&JigyosyoCd=2372501516-00&ServiceCd=110&Type=search", "url2": null }, "geometry": { "type": "Point", "coordinates": [ 136.988610449798529, 35.251846402574884 ] } },
{ "type": "Feature", "properties": { "内容": "ケアネットリゾン春日井【訪問介護】愛知県春日井市下屋敷町2-6-4", "url": "https://www.kaigokensaku.mhlw.go.jp/23/index.php?action_kouhyou_detail_004_kani=true&JigyosyoCd=2372501532-00&ServiceCd=110&Type=search", "url2": "http://www.yuyu-club.net/gtop/index.htm" }, "geometry": { "type": "Point", "coordinates": [ 136.939695499999971, 35.246144 ] } },
{ "type": "Feature", "properties": { "内容": "医療法人　徳洲会　高蔵寺訪問看護介護センター【訪問介護】愛知県春日井市高蔵寺町北2丁目52番地名古屋徳洲会総合病院内　B1F", "url": "https://www.kaigokensaku.mhlw.go.jp/23/index.php?action_kouhyou_detail_004_kani=true&JigyosyoCd=2372501714-00&ServiceCd=110&Type=search", "url2": "https://www.nagoya.tokushukai.or.jp/wp/related-facilities/kozouji_homon_kangokaigo" }, "geometry": { "type": "Point", "coordinates": [ 137.039632582031231, 35.265098419892581 ] } },
{ "type": "Feature", "properties": { "内容": "ヘルパーステーション　あさひが丘【訪問介護】愛知県春日井市神屋町1306番地1", "url": "https://www.kaigokensaku.mhlw.go.jp/23/index.php?action_kouhyou_detail_004_kani=true&JigyosyoCd=2372502068-00&ServiceCd=110&Type=search", "url2": "http://www.asahigaoka-fukusi.or.jp" }, "geometry": { "type": "Point", "coordinates": [ 137.019102500000031, 35.3034288 ] } },
{ "type": "Feature", "properties": { "内容": "ペルセウスケアサービス【訪問介護】愛知県春日井市妙慶町１６４番地", "url": "https://www.kaigokensaku.mhlw.go.jp/23/index.php?action_kouhyou_detail_004_kani=true&JigyosyoCd=2372502118-00&ServiceCd=110&Type=search", "url2": "http://" }, "geometry": { "type": "Point", "coordinates": [ 136.953244700000027, 35.2363145 ] } },
{ "type": "Feature", "properties": { "内容": "じゃがいも友愛介護事業所【訪問介護】愛知県春日井市出川町８丁目１９－１１", "url": "https://www.kaigokensaku.mhlw.go.jp/23/index.php?action_kouhyou_detail_004_kani=true&JigyosyoCd=2372502399-00&ServiceCd=110&Type=search", "url2": "https://www.jaga-jyou.jp/" }, "geometry": { "type": "Point", "coordinates": [ 137.017571399999952, 35.2649221 ] } },
{ "type": "Feature", "properties": { "内容": "訪問介護　あいびぃ～【訪問介護】愛知県春日井市八光町４丁目７７番地７７プリミエール１０３", "url": "https://www.kaigokensaku.mhlw.go.jp/23/index.php?action_kouhyou_detail_004_kani=true&JigyosyoCd=2372502514-00&ServiceCd=110&Type=search", "url2": "http://nys-ivy.com/" }, "geometry": { "type": "Point", "coordinates": [ 136.9552139, 35.2412054 ] } },
{ "type": "Feature", "properties": { "内容": "いきいき介護サービスセンター【訪問介護】愛知県春日井市出川町2丁目2番地7", "url": "https://www.kaigokensaku.mhlw.go.jp/23/index.php?action_kouhyou_detail_004_kani=true&JigyosyoCd=2372502522-00&ServiceCd=110&Type=search", "url2": "http://www.schoolweb.ne.jp/weblog/index.php?id=ikiiki" }, "geometry": { "type": "Point", "coordinates": [ 137.016872700528069, 35.267245051640955 ] } },
{ "type": "Feature", "properties": { "内容": "ニチイケアセンター春日井西【訪問介護】愛知県春日井市町田町2-68", "url": "https://www.kaigokensaku.mhlw.go.jp/23/index.php?action_kouhyou_detail_004_kani=true&JigyosyoCd=2372502621-00&ServiceCd=110&Type=search", "url2": "http://" }, "geometry": { "type": "Point", "coordinates": [ 136.959369599999945, 35.2254666 ] } },
{ "type": "Feature", "properties": { "内容": "あいゆうケアステーション【訪問介護】愛知県春日井市如意申町８丁目８番地の２", "url": "https://www.kaigokensaku.mhlw.go.jp/23/index.php?action_kouhyou_detail_004_kani=true&JigyosyoCd=2372502670-00&ServiceCd=110&Type=search", "url2": "http://s-aiyu.jp/service/aiyu-care-station/" }, "geometry": { "type": "Point", "coordinates": [ 136.955749800000035, 35.2458047 ] } },
{ "type": "Feature", "properties": { "内容": "エリーヘルパーステーション【訪問介護】愛知県春日井市東野新町二丁目１６番地の１　ロイヤルホーム春日井アネックス１階", "url": "https://www.kaigokensaku.mhlw.go.jp/23/index.php?action_kouhyou_detail_004_kani=true&JigyosyoCd=2372502910-00&ServiceCd=110&Type=search", "url2": null }, "geometry": { "type": "Point", "coordinates": [ 136.989429800000039, 35.261971 ] } },
{ "type": "Feature", "properties": { "内容": "ケア２１春日井【訪問介護】愛知県春日井市味美西本町1567第一平松ビル1階", "url": "https://www.kaigokensaku.mhlw.go.jp/23/index.php?action_kouhyou_detail_004_kani=true&JigyosyoCd=2372502977-00&ServiceCd=110&Type=search", "url2": null }, "geometry": { "type": "Point", "coordinates": [ 136.935640700000022, 35.2373621 ] } },
{ "type": "Feature", "properties": { "内容": "ヘルパーステーション　ねこの手【訪問介護】西高山町１丁目１０番地の３ベルシャトー３０２号室", "url": "https://www.kaigokensaku.mhlw.go.jp/23/index.php?action_kouhyou_detail_004_kani=true&JigyosyoCd=2372503348-00&ServiceCd=110&Type=search", "url2": null }, "geometry": { "type": "Point", "coordinates": [ 136.947356111950739, 35.25397009857744 ] } },
{ "type": "Feature", "properties": { "内容": "訪問介護センタ－　すずらん春日井【訪問介護】愛知県春日井市妙慶町三丁目22番地1", "url": "https://www.kaigokensaku.mhlw.go.jp/23/index.php?action_kouhyou_detail_004_kani=true&JigyosyoCd=2372503454-00&ServiceCd=110&Type=search", "url2": "http://kasugai-cl.or.jp/suzuran/" }, "geometry": { "type": "Point", "coordinates": [ 136.951800300000059, 35.2392114 ] } },
{ "type": "Feature", "properties": { "内容": "ヘルパーステーション　ワークビー春日井【訪問介護】愛知県春日井市六軒屋町１丁目47番地J＆Jビル　２ーＢ", "url": "https://www.kaigokensaku.mhlw.go.jp/23/index.php?action_kouhyou_detail_004_kani=true&JigyosyoCd=2372503462-00&ServiceCd=110&Type=search", "url2": "wbeekaigo@gmail.com" }, "geometry": { "type": "Point", "coordinates": [ 137.029260600000043, 35.2904975 ] } },
{ "type": "Feature", "properties": { "内容": "訪問介護すないの家春日井【訪問介護】愛知県春日井市西山町五丁目5番１", "url": "https://www.kaigokensaku.mhlw.go.jp/23/index.php?action_kouhyou_detail_004_kani=true&JigyosyoCd=2372503652-00&ServiceCd=110&Type=search", "url2": "http：//kanaekai.net" }, "geometry": { "type": "Point", "coordinates": [ 136.97947709999994, 35.2764631 ] } },
{ "type": "Feature", "properties": { "内容": "アスモ【訪問介護】愛知県春日井市美濃町2丁目119番地", "url": "https://www.kaigokensaku.mhlw.go.jp/23/index.php?action_kouhyou_detail_004_kani=true&JigyosyoCd=2372503694-00&ServiceCd=110&Type=search", "url2": "https://www.asumo.info" }, "geometry": { "type": "Point", "coordinates": [ 136.941191814723425, 35.242551319235353 ] } },
{ "type": "Feature", "properties": { "内容": "訪問介護はなたば【訪問介護】愛知県春日井市大手田酉町1丁目2-5サントピア朝宮", "url": "https://www.kaigokensaku.mhlw.go.jp/23/index.php?action_kouhyou_detail_004_kani=true&JigyosyoCd=2372503850-00&ServiceCd=110&Type=search", "url2": "http://hanatabakaigo.ne.jp" }, "geometry": { "type": "Point", "coordinates": [ 136.9574854, 35.2583057 ] } },
{ "type": "Feature", "properties": { "内容": "ヘルパーステーション　希望の丘【訪問介護】愛知県　春日井市藤山台8-5-9　A棟1号", "url": "https://www.kaigokensaku.mhlw.go.jp/23/index.php?action_kouhyou_detail_004_kani=true&JigyosyoCd=2372504981-00&ServiceCd=110&Type=search", "url2": null }, "geometry": { "type": "Point", "coordinates": [ 137.019101960556185, 35.287818957146094 ] } },
{ "type": "Feature", "properties": { "内容": "パリアティブケアヘルパー尾張【訪問介護】愛知県春日井市松河戸町3丁目9番地7ルミエール松河戸205号室", "url": "https://www.kaigokensaku.mhlw.go.jp/23/index.php?action_kouhyou_detail_004_kani=true&JigyosyoCd=2372505178-00&ServiceCd=110&Type=search", "url2": null }, "geometry": { "type": "Point", "coordinates": [ 136.967390864240315, 35.225280604978842 ] } },
{ "type": "Feature", "properties": { "内容": "ヘルパーステーションどんぐりの家【訪問介護】愛知県春日井市高森台5丁目6番地7", "url": "https://www.kaigokensaku.mhlw.go.jp/23/index.php?action_kouhyou_detail_004_kani=true&JigyosyoCd=2372505269-00&ServiceCd=110&Type=search", "url2": "http://www.me.ccnw.ne.jp/donguri/index.html" }, "geometry": { "type": "Point", "coordinates": [ 137.054702311480355, 35.297851091457581 ] } },
{ "type": "Feature", "properties": { "内容": "丹羽商株式会社　ピュアスタイル訪問介護事業所【訪問介護】愛知県春日井市藤山台９丁目１２番４", "url": "https://www.kaigokensaku.mhlw.go.jp/23/index.php?action_kouhyou_detail_004_kani=true&JigyosyoCd=2372505442-00&ServiceCd=110&Type=search", "url2": "https://www.all-for-thanks-niwasho.com/" }, "geometry": { "type": "Point", "coordinates": [ 137.033262700000023, 35.2840818 ] } },
{ "type": "Feature", "properties": { "内容": "ヘルパーステーション　笑み【訪問介護】柏原町1丁目149番地1春日井パークビルⅢ301号", "url": "https://www.kaigokensaku.mhlw.go.jp/23/index.php?action_kouhyou_detail_004_kani=true&JigyosyoCd=2372505459-00&ServiceCd=110&Type=search", "url2": null }, "geometry": { "type": "Point", "coordinates": [ 136.956395499999985, 35.2443879 ] } },
{ "type": "Feature", "properties": { "内容": "にじのさと春日井サービスセンター【訪問介護】愛知県春日井市中切町1-1-9グリーンパーク井上Ａ棟101号", "url": "https://www.kaigokensaku.mhlw.go.jp/23/index.php?action_kouhyou_detail_004_kani=true&JigyosyoCd=2372505475-00&ServiceCd=110&Type=search", "url2": "http://senior-life.jp" }, "geometry": { "type": "Point", "coordinates": [ 136.96920369999998, 35.2253059 ] } },
{ "type": "Feature", "properties": { "内容": "ヘルパーステーションゆかり高蔵寺【訪問介護】愛知県春日井市気噴町北2丁目90番地", "url": "https://www.kaigokensaku.mhlw.go.jp/23/index.php?action_kouhyou_detail_004_kani=true&JigyosyoCd=2372505558-00&ServiceCd=110&Type=search", "url2": "www.sumika.nagoya/" }, "geometry": { "type": "Point", "coordinates": [ 137.031861099999986, 35.267103 ] } },
{ "type": "Feature", "properties": { "内容": "ニチイケアセンター味美【訪問介護】味美町1-157メゾンアルピナ1Ａ", "url": "https://www.kaigokensaku.mhlw.go.jp/23/index.php?action_kouhyou_detail_004_kani=true&JigyosyoCd=2372505566-00&ServiceCd=110&Type=search", "url2": null }, "geometry": { "type": "Point", "coordinates": [ 136.939234199999987, 35.2372637 ] } },
{ "type": "Feature", "properties": { "内容": "ヘルパーステーションゆかり春日井【訪問介護】愛知県春日井市熊野町1447", "url": "https://www.kaigokensaku.mhlw.go.jp/23/index.php?action_kouhyou_detail_004_kani=true&JigyosyoCd=2372505574-00&ServiceCd=110&Type=search", "url2": "www.sumika.nagoya/" }, "geometry": { "type": "Point", "coordinates": [ 137.002434099999959, 35.246325400000011 ] } },
{ "type": "Feature", "properties": { "内容": "訪問介護ビッグハート【訪問介護】愛知県春日井市大留町７丁目11番地2Brancheｻｶﾞﾐ5号室", "url": "https://www.kaigokensaku.mhlw.go.jp/23/index.php?action_kouhyou_detail_004_kani=true&JigyosyoCd=2372505848-00&ServiceCd=110&Type=search", "url2": "https://www.style-care.jp/" }, "geometry": { "type": "Point", "coordinates": [ 137.0239306, 35.2599798 ] } },
{ "type": "Feature", "properties": { "内容": "ヘルパーステーションおもむき【訪問介護】愛知県春日井市大手町1309番1", "url": "https://www.kaigokensaku.mhlw.go.jp/23/index.php?action_kouhyou_detail_004_kani=true&JigyosyoCd=2372505855-00&ServiceCd=110&Type=search", "url2": null }, "geometry": { "type": "Point", "coordinates": [ 136.952798800000011, 35.2663462 ] } },
{ "type": "Feature", "properties": { "内容": "ケアネットリゾン勝川【訪問介護】愛知県春日井市八幡町140番地ゆうゆう未来館勝川", "url": "https://www.kaigokensaku.mhlw.go.jp/23/index.php?action_kouhyou_detail_004_kani=true&JigyosyoCd=2372505905-00&ServiceCd=110&Type=search", "url2": "http://www.yuyu-club.net/gtop/index.htm" }, "geometry": { "type": "Point", "coordinates": [ 136.959067293254094, 35.241093888390694 ] } },
{ "type": "Feature", "properties": { "内容": "訪問介護ステーション・クローバー【訪問介護】愛知県春日井市高蔵寺七丁目１４－１高蔵寺マンション１０３号", "url": "https://www.kaigokensaku.mhlw.go.jp/23/index.php?action_kouhyou_detail_004_kani=true&JigyosyoCd=2372505939-00&ServiceCd=110&Type=search", "url2": "https://clover-kasugai.com/" }, "geometry": { "type": "Point", "coordinates": [ 137.0524796, 35.2635842 ] } },
{ "type": "Feature", "properties": { "内容": "かおりケア【訪問介護】愛知県春日井市四ツ家町字二ツ杁4-6", "url": "https://www.kaigokensaku.mhlw.go.jp/23/index.php?action_kouhyou_detail_004_kani=true&JigyosyoCd=2372505954-00&ServiceCd=110&Type=search", "url2": null }, "geometry": { "type": "Point", "coordinates": [ 136.9454757, 35.2621363 ] } },
{ "type": "Feature", "properties": { "内容": "訪問介護ステーション　シアラス【訪問介護】愛知県春日井市篠木町六丁目2491-11ナーシングシアラス１F", "url": "https://www.kaigokensaku.mhlw.go.jp/23/index.php?action_kouhyou_detail_004_kani=true&JigyosyoCd=2372505962-00&ServiceCd=110&Type=search", "url2": "https://www.gazelle-inc.com/" }, "geometry": { "type": "Point", "coordinates": [ 136.9897254, 35.25834660000001 ] } },
{ "type": "Feature", "properties": { "内容": "ココロサービス【訪問介護】愛知県春日井市高蔵寺町5丁目14-7メゾンあすなろ101", "url": "https://www.kaigokensaku.mhlw.go.jp/23/index.php?action_kouhyou_detail_004_kani=true&JigyosyoCd=2372506069-00&ServiceCd=110&Type=search", "url2": null }, "geometry": { "type": "Point", "coordinates": [ 137.0469655, 35.263292 ] } },
{ "type": "Feature", "properties": { "内容": "ヘルパーステーション　らむね【訪問介護】愛知県春日井市出川町三丁目13番地3ウェルメイド105号", "url": "https://www.kaigokensaku.mhlw.go.jp/23/index.php?action_kouhyou_detail_004_kani=true&JigyosyoCd=2372506168-00&ServiceCd=110&Type=search", "url2": null }, "geometry": { "type": "Point", "coordinates": [ 137.0248613, 35.2667919 ] } },
{ "type": "Feature", "properties": { "内容": "ヘルパーステーションしおり【訪問介護】愛知県春日井市下原町2266番地コーポ鈴木102", "url": "https://www.kaigokensaku.mhlw.go.jp/23/index.php?action_kouhyou_detail_004_kani=true&JigyosyoCd=2372506192-00&ServiceCd=110&Type=search", "url2": "https://www.big-advance.site/c/181/1408/service" }, "geometry": { "type": "Point", "coordinates": [ 136.978969400000011, 35.27082 ] } },
{ "type": "Feature", "properties": { "内容": "訪問介護　エコリッチ【訪問介護】愛知県春日井市柏原町3丁目197番地C号室", "url": "https://www.kaigokensaku.mhlw.go.jp/23/index.php?action_kouhyou_detail_004_kani=true&JigyosyoCd=2372506200-00&ServiceCd=110&Type=search", "url2": null }, "geometry": { "type": "Point", "coordinates": [ 136.961600299999986, 35.2461398 ] } },
{ "type": "Feature", "properties": { "内容": "いきいき介護サービスセンター細野【訪問介護】高森台６丁目1-8みんなのテラス　高森", "url": "https://www.kaigokensaku.mhlw.go.jp/23/index.php?action_kouhyou_detail_004_kani=true&JigyosyoCd=2372506218-00&ServiceCd=110&Type=search", "url2": "https://ikiiki-foryou.co.jp/" }, "geometry": { "type": "Point", "coordinates": [ 137.06062462209016, 35.29394260985562 ] } },
{ "type": "Feature", "properties": { "内容": "ヘルパーステーション花とミヅキ【訪問介護】愛知県春日井市神屋町1484-1", "url": "https://www.kaigokensaku.mhlw.go.jp/23/index.php?action_kouhyou_detail_004_kani=true&JigyosyoCd=2372505111-00&ServiceCd=110&Type=search", "url2": "hanamiduki-ink.com" }, "geometry": { "type": "Point", "coordinates": [ 137.014883599999962, 35.2999263 ] } },
{ "type": "Feature", "properties": { "内容": "訪問介護ステーションあゆの風【訪問介護】高蔵寺町二丁目23番地2F", "url": "https://www.kaigokensaku.mhlw.go.jp/23/index.php?action_kouhyou_detail_004_kani=true&JigyosyoCd=2372504668-00&ServiceCd=110&Type=search", "url2": null }, "geometry": { "type": "Point", "coordinates": [ 137.038274799999954, 35.2635318 ] } },
{ "type": "Feature", "properties": { "内容": "ヘルパーステーション高蔵寺【訪問介護】高座台1丁目2-8有料老人ホーム高蔵寺グリーンサロン", "url": "https://www.kaigokensaku.mhlw.go.jp/23/index.php?action_kouhyou_detail_004_kani=true&JigyosyoCd=2372506234-00&ServiceCd=110&Type=search", "url2": "http://www.jfrontier.nagoya" }, "geometry": { "type": "Point", "coordinates": [ 137.0391089, 35.2681711 ] } },
{ "type": "Feature", "properties": { "内容": "ゴールドエイジ春日井営業所【訪問介護】味美西本町1757-1ゴールドエイジ春日井", "url": "https://www.kaigokensaku.mhlw.go.jp/23/index.php?action_kouhyou_detail_004_kani=true&JigyosyoCd=2372505145-00&ServiceCd=110&Type=search", "url2": "https://goldage.co.jp/gold-age/kasugai" }, "geometry": { "type": "Point", "coordinates": [ 136.936154097622619, 35.238350519484563 ] } },
{ "type": "Feature", "properties": { "内容": "パーソナルケアステーション春日井【訪問介護】愛知県春日井市柏原町5丁目31番地", "url": "https://www.kaigokensaku.mhlw.go.jp/23/index.php?action_kouhyou_detail_004_kani=true&JigyosyoCd=2372504924-00&ServiceCd=110&Type=search", "url2": "http://www.livenus.jp/" }, "geometry": { "type": "Point", "coordinates": [ 136.963319500000011, 35.249381600000035 ] } },
{ "type": "Feature", "properties": { "内容": "ナーシングホームかりん春日井市【訪問介護】愛知県春日井市柏原町5丁目352", "url": "https://www.kaigokensaku.mhlw.go.jp/23/index.php?action_kouhyou_detail_004_kani=true&JigyosyoCd=2372506036-00&ServiceCd=110&Type=search", "url2": "http://wild-saito-1331.pupu.jp/karin/" }, "geometry": { "type": "Point", "coordinates": [ 136.966828303755108, 35.246805875850846 ] } },
{ "type": "Feature", "properties": { "内容": "アバンセ介護センターかちがわ【訪問介護】愛知県春日井市妙慶町３－６２住宅型有料老人ホーム四季彩勝川", "url": "https://www.kaigokensaku.mhlw.go.jp/23/index.php?action_kouhyou_detail_004_kani=true&JigyosyoCd=2372503215-00&ServiceCd=110&Type=search", "url2": null }, "geometry": { "type": "Point", "coordinates": [ 136.950975400000061, 35.2399946 ] } },
{ "type": "Feature", "properties": { "内容": "アバンセ介護センターかすがい【訪問介護】愛知県春日井市下市場町4丁目13-2四季彩春日井", "url": "https://www.kaigokensaku.mhlw.go.jp/23/index.php?action_kouhyou_detail_004_kani=true&JigyosyoCd=2372503405-00&ServiceCd=110&Type=search", "url2": "http://a-lifesupport.co.jp/" }, "geometry": { "type": "Point", "coordinates": [ 137.002292600000033, 35.2601969 ] } },
{ "type": "Feature", "properties": { "内容": "みのりライフ介護センター【訪問介護】愛知県春日井市瑞穂通1丁目125番地", "url": "https://www.kaigokensaku.mhlw.go.jp/23/index.php?action_kouhyou_detail_004_kani=true&JigyosyoCd=2372503470-00&ServiceCd=110&Type=search", "url2": "http;//www.minori-life.com/kasugai/" }, "geometry": { "type": "Point", "coordinates": [ 136.963970810603342, 35.243344140252219 ] } },
{ "type": "Feature", "properties": { "内容": "訪問介護ライフサポート【訪問介護】愛知県春日井市篠木町七丁目40番地1サンフローラITO　101号室", "url": "https://www.kaigokensaku.mhlw.go.jp/23/index.php?action_kouhyou_detail_004_kani=true&JigyosyoCd=2372505616-00&ServiceCd=110&Type=search", "url2": null }, "geometry": { "type": "Point", "coordinates": [ 136.990702717423176, 35.2600804197359 ] } },
{ "type": "Feature", "properties": { "内容": "さんずビーイング【訪問介護】愛知県春日井市八田町3丁目14番地4", "url": "https://www.kaigokensaku.mhlw.go.jp/23/index.php?action_kouhyou_detail_004_kani=true&JigyosyoCd=2372505418-00&ServiceCd=110&Type=search", "url2": "https://sonsbeing.com" }, "geometry": { "type": "Point", "coordinates": [ 136.96518441905522, 35.251420148223275 ] } },
{ "type": "Feature", "properties": { "内容": "訪問介護事業所　なの花【訪問介護】愛知県春日井市六軒屋町一丁目40ひかりコーポ3", "url": "https://www.kaigokensaku.mhlw.go.jp/23/index.php?action_kouhyou_detail_004_kani=true&JigyosyoCd=2372505822-00&ServiceCd=110&Type=search", "url2": null }, "geometry": { "type": "Point", "coordinates": [ 136.974248100000011, 35.2581182 ] } },
{ "type": "Feature", "properties": { "内容": "心の泉　春日井ヘルパーステーション【訪問介護】愛知県春日井市東山町字東山2343番地10", "url": "https://www.kaigokensaku.mhlw.go.jp/23/index.php?action_kouhyou_detail_004_kani=true&JigyosyoCd=2372502076-00&ServiceCd=110&Type=search", "url2": "http://kasugai-kokoronoizumi.com" }, "geometry": { "type": "Point", "coordinates": [ 136.996295975817816, 35.278916689733897 ] } },
{ "type": "Feature", "properties": { "内容": "訪問介護　桜daファミリー【訪問介護】下屋敷町字下屋敷６８番地４", "url": "https://www.kaigokensaku.mhlw.go.jp/23/index.php?action_kouhyou_detail_004_kani=true&JigyosyoCd=2372505756-00&ServiceCd=110&Type=search", "url2": "https://bit-worlds.com" }, "geometry": { "type": "Point", "coordinates": [ 136.938558699999987, 35.2484303 ] } },
{ "type": "Feature", "properties": { "内容": "ホームヘルプCorpusゆうゆう【訪問介護】鳥居松町１丁目１３９－３太田ハイム１０３号室", "url": "https://www.kaigokensaku.mhlw.go.jp/23/index.php?action_kouhyou_detail_004_kani=true&JigyosyoCd=2372506101-00&ServiceCd=110&Type=search", "url2": "https://corpus-kasugai.amebaownd.com/" }, "geometry": { "type": "Point", "coordinates": [ 136.9690127, 35.2401744 ] } },
{ "type": "Feature", "properties": { "内容": "オアシス訪問介護センター【訪問介護】愛知県春日井市藤山台１０丁目６－１１", "url": "https://www.kaigokensaku.mhlw.go.jp/23/index.php?action_kouhyou_detail_004_kani=true&JigyosyoCd=2372505129-00&ServiceCd=110&Type=search", "url2": null }, "geometry": { "type": "Point", "coordinates": [ 137.040384499999959, 35.287906800000016 ] } },
{ "type": "Feature", "properties": { "内容": "ヘルパーステーション　パル【訪問介護】春日井市篠木町５丁目２４７０－１セイントワイズ篠木１０１号", "url": "https://www.kaigokensaku.mhlw.go.jp/23/index.php?action_kouhyou_detail_004_kani=true&JigyosyoCd=2372501524-00&ServiceCd=110&Type=search", "url2": "http://" }, "geometry": { "type": "Point", "coordinates": [ 136.986770500000034, 35.257487600000019 ] } },
{ "type": "Feature", "properties": { "内容": "高齢者生協ヘルプサービスぬくもり【訪問介護】春日井市牛山町1274-1", "url": "https://www.kaigokensaku.mhlw.go.jp/23/index.php?action_kouhyou_detail_004_kani=true&JigyosyoCd=2372500252-00&ServiceCd=110&Type=search", "url2": "http:www5.famille.ne.jp/~ai10/" }, "geometry": { "type": "Point", "coordinates": [ 136.9343777, 35.269068699999984 ] } },
{ "type": "Feature", "properties": { "内容": "ヘルパーステーション　くろしお【訪問介護】愛知県春日井市鳥居松町4-114ナーシングホーム　くろしお", "url": "https://www.kaigokensaku.mhlw.go.jp/23/index.php?action_kouhyou_detail_004_kani=true&JigyosyoCd=2372505921-00&ServiceCd=110&Type=search", "url2": "https://nursing-kuroshio.com/" }, "geometry": { "type": "Point", "coordinates": [ 136.972047, 35.24634750000002 ] } },
{ "type": "Feature", "properties": { "内容": "ヘルパーステーション桃山【訪問介護】愛知県春日井市桃山町二丁目223番地住宅型有料老人ホーム内併設", "url": "https://www.kaigokensaku.mhlw.go.jp/23/index.php?action_kouhyou_detail_004_kani=true&JigyosyoCd=2372505095-00&ServiceCd=110&Type=search", "url2": "yuinosato-g.co.jp" }, "geometry": { "type": "Point", "coordinates": [ 136.96643134004546, 35.28300942341005 ] } },
{ "type": "Feature", "properties": { "内容": "ヘルパーステーション　アライブ【訪問介護】愛知県春日井市御幸町2丁目4番地2CROSS勝川ビル2階", "url": "https://www.kaigokensaku.mhlw.go.jp/23/index.php?action_kouhyou_detail_004_kani=true&JigyosyoCd=2372503942-00&ServiceCd=110&Type=search", "url2": null }, "geometry": { "type": "Point", "coordinates": [ 136.940924099999961, 35.2202396 ] } },
{ "type": "Feature", "properties": { "内容": "gohomecare東野【訪問介護】愛知県春日井市東野町4丁目16-3落合マンション１A", "url": "https://www.kaigokensaku.mhlw.go.jp/23/index.php?action_kouhyou_detail_004_kani=true&JigyosyoCd=2372506259-00&ServiceCd=110&Type=search", "url2": null }, "geometry": { "type": "Point", "coordinates": [ 136.9879393, 35.2683941 ] } },
{ "type": "Feature", "properties": { "内容": "ハート・ケアサポート本野【訪問介護】愛知県豊川市本野町東浦４０番地", "url": "https://www.kaigokensaku.mhlw.go.jp/23/index.php?action_kouhyou_detail_004_kani=true&JigyosyoCd=2372602124-00&ServiceCd=110&Type=search", "url2": "http://www.medipia.co.jp" }, "geometry": { "type": "Point", "coordinates": [ 137.383707400000048, 34.8369698 ] } },
{ "type": "Feature", "properties": { "内容": "株式会社ワンラブ【訪問介護】愛知県豊川市諏訪三丁目165番地の1", "url": "https://www.kaigokensaku.mhlw.go.jp/23/index.php?action_kouhyou_detail_004_kani=true&JigyosyoCd=2372003992-00&ServiceCd=110&Type=search", "url2": "http://www.hp.kaipoke.biz/onelove/" }, "geometry": { "type": "Point", "coordinates": [ 137.369867699999986, 34.8266753 ] } },
{ "type": "Feature", "properties": { "内容": "介護サービスセンター・スター【訪問介護】愛知県豊川市本野町北浦70番地", "url": "https://www.kaigokensaku.mhlw.go.jp/23/index.php?action_kouhyou_detail_004_kani=true&JigyosyoCd=2372601225-00&ServiceCd=110&Type=search", "url2": "http://" }, "geometry": { "type": "Point", "coordinates": [ 137.380717876738004, 34.839728218065993 ] } },
{ "type": "Feature", "properties": { "内容": "たすけ愛・手をつなごう会【訪問介護】愛知県豊川市伊奈町古当30番地1", "url": "https://www.kaigokensaku.mhlw.go.jp/23/index.php?action_kouhyou_detail_004_kani=true&JigyosyoCd=2376500407-00&ServiceCd=110&Type=search", "url2": "http://" }, "geometry": { "type": "Point", "coordinates": [ 137.357381300000043, 34.8034434 ] } },
{ "type": "Feature", "properties": { "内容": "ヘルパーステーションケアイロ【訪問介護】愛知県豊川市新栄町二丁目３番地パークスビル１階B", "url": "https://www.kaigokensaku.mhlw.go.jp/23/index.php?action_kouhyou_detail_004_kani=true&JigyosyoCd=2372602819-00&ServiceCd=110&Type=search", "url2": "careiro.net" }, "geometry": { "type": "Point", "coordinates": [ 137.32678208650816, 34.836639221327182 ] } },
{ "type": "Feature", "properties": { "内容": "ヘルパーステーションPLUS豊川【訪問介護】愛知県豊川市本野町東浦10番地スターフィールド6番館201", "url": "https://www.kaigokensaku.mhlw.go.jp/23/index.php?action_kouhyou_detail_004_kani=true&JigyosyoCd=2372602900-00&ServiceCd=110&Type=search", "url2": "http://www.earth-care.jp" }, "geometry": { "type": "Point", "coordinates": [ 137.383205800000013, 34.8392993 ] } },
{ "type": "Feature", "properties": { "内容": "あがたヘルパーステーション【訪問介護】愛知県豊川市一宮町上新切７８番地５あがたメディカルホーム", "url": "https://www.kaigokensaku.mhlw.go.jp/23/index.php?action_kouhyou_detail_004_kani=true&JigyosyoCd=2372602652-00&ServiceCd=110&Type=search", "url2": "http://www.agata-home.jp/" }, "geometry": { "type": "Point", "coordinates": [ 137.425203199999942, 34.8553717 ] } },
{ "type": "Feature", "properties": { "内容": "訪問介護ライフガーデン【訪問介護】愛知県豊川市八幡町足洗４６番地", "url": "https://www.kaigokensaku.mhlw.go.jp/23/index.php?action_kouhyou_detail_004_kani=true&JigyosyoCd=2372600912-00&ServiceCd=110&Type=search", "url2": "http://" }, "geometry": { "type": "Point", "coordinates": [ 137.344655757077845, 34.833762872159831 ] } },
{ "type": "Feature", "properties": { "内容": "株式会社ケアサポート　ヘルパーステーションさつき【訪問介護】愛知県豊川市大堀町293番地", "url": "https://www.kaigokensaku.mhlw.go.jp/23/index.php?action_kouhyou_detail_004_kani=true&JigyosyoCd=2372602736-00&ServiceCd=110&Type=search", "url2": "ライフサポート.com" }, "geometry": { "type": "Point", "coordinates": [ 137.400648, 34.8338678 ] } },
{ "type": "Feature", "properties": { "内容": "キラリ訪問介護【訪問介護】愛知県豊川市上野三丁目２８１番地", "url": "https://www.kaigokensaku.mhlw.go.jp/23/index.php?action_kouhyou_detail_004_kani=true&JigyosyoCd=2372601100-00&ServiceCd=110&Type=search", "url2": "http://www" }, "geometry": { "type": "Point", "coordinates": [ 137.374509900000021, 34.8157486 ] } },
{ "type": "Feature", "properties": { "内容": "訪問介護事業所ホームインとよかわ【訪問介護】愛知県豊川市東曙町273東曙ビル2Ⅾ", "url": "https://www.kaigokensaku.mhlw.go.jp/23/index.php?action_kouhyou_detail_004_kani=true&JigyosyoCd=2372602942-00&ServiceCd=110&Type=search", "url2": null }, "geometry": { "type": "Point", "coordinates": [ 137.39819890000004, 34.8350765 ] } },
{ "type": "Feature", "properties": { "内容": "ヘルパー悠【訪問介護】愛知県豊川市本野ヶ原一丁目２番地本野ヶ原マンション１０３号室", "url": "https://www.kaigokensaku.mhlw.go.jp/23/index.php?action_kouhyou_detail_004_kani=true&JigyosyoCd=2372602892-00&ServiceCd=110&Type=search", "url2": "http://kaipoke.biz/4t/" }, "geometry": { "type": "Point", "coordinates": [ 137.401088, 34.8364813 ] } },
{ "type": "Feature", "properties": { "内容": "訪問介護事業所インクオリア【訪問介護】愛知県豊川市蔵子一丁目２６番地１５", "url": "https://www.kaigokensaku.mhlw.go.jp/23/index.php?action_kouhyou_detail_004_kani=true&JigyosyoCd=2372602371-00&ServiceCd=110&Type=search", "url2": null }, "geometry": { "type": "Point", "coordinates": [ 137.355152800000042, 34.8168615 ] } },
{ "type": "Feature", "properties": { "内容": "訪問介護ステーションよいかん豊川【訪問介護】愛知県豊川市蔵子２丁目９番地５丸喜マンション302号", "url": "https://www.kaigokensaku.mhlw.go.jp/23/index.php?action_kouhyou_detail_004_kani=true&JigyosyoCd=2372602934-00&ServiceCd=110&Type=search", "url2": "https://bond-ym.co.jp/" }, "geometry": { "type": "Point", "coordinates": [ 137.3532683, 34.8188648 ] } },
{ "type": "Feature", "properties": { "内容": "ドルチェ介護サービスセンター【訪問介護】愛知県豊川市諏訪２丁目３０番地の１", "url": "https://www.kaigokensaku.mhlw.go.jp/23/index.php?action_kouhyou_detail_004_kani=true&JigyosyoCd=2372600151-00&ServiceCd=110&Type=search", "url2": "http://www.dolce-kaigo.com" }, "geometry": { "type": "Point", "coordinates": [ 137.371316550262463, 34.823340262887953 ] } },
{ "type": "Feature", "properties": { "内容": "ＪＡひまわり介護福祉センター【訪問介護】愛知県　豊川市　馬場町　上石畑　６５番地", "url": "https://www.kaigokensaku.mhlw.go.jp/23/index.php?action_kouhyou_detail_004_kani=true&JigyosyoCd=2372600219-00&ServiceCd=110&Type=search", "url2": "http://www.ja-himawari.com/" }, "geometry": { "type": "Point", "coordinates": [ 137.399303751724574, 34.818675786378762 ] } },
{ "type": "Feature", "properties": { "内容": "ニチイケアセンター豊川【訪問介護】豊川市西塚町一丁目４７番地", "url": "https://www.kaigokensaku.mhlw.go.jp/23/index.php?action_kouhyou_detail_004_kani=true&JigyosyoCd=2372600391-00&ServiceCd=110&Type=search", "url2": "http://www.nichiigakkan.co.jp" }, "geometry": { "type": "Point", "coordinates": [ 137.369974100000036, 34.8152928 ] } },
{ "type": "Feature", "properties": { "内容": "コープあいち福祉サービス豊川【訪問介護】愛知県豊川市西塚町２丁目6番地", "url": "https://www.kaigokensaku.mhlw.go.jp/23/index.php?action_kouhyou_detail_004_kani=true&JigyosyoCd=2372600474-00&ServiceCd=110&Type=search", "url2": "http://coopaichi.tcoop.or.jp/" }, "geometry": { "type": "Point", "coordinates": [ 137.368024272115917, 34.813614276004863 ] } },
{ "type": "Feature", "properties": { "内容": "株式会社　福祉の里　豊川【訪問介護】愛知県豊川市大崎町小林190", "url": "https://www.kaigokensaku.mhlw.go.jp/23/index.php?action_kouhyou_detail_004_kani=true&JigyosyoCd=2372600664-00&ServiceCd=110&Type=search", "url2": "http://www.fukushinosato.co.jp/" }, "geometry": { "type": "Point", "coordinates": [ 137.377952468302965, 34.840608952740425 ] } },
{ "type": "Feature", "properties": { "内容": "訪問介護ステーションいぶき【訪問介護】愛知県豊川市長草町南24番地1", "url": "https://www.kaigokensaku.mhlw.go.jp/23/index.php?action_kouhyou_detail_004_kani=true&JigyosyoCd=2372601035-00&ServiceCd=110&Type=search", "url2": "http://" }, "geometry": { "type": "Point", "coordinates": [ 137.3859069, 34.8475575 ] } },
{ "type": "Feature", "properties": { "内容": "とよかわヘルパーステーション【訪問介護】豊川市西口町２丁目１２番地サービス付き高齢者向け住宅花れん", "url": "https://www.kaigokensaku.mhlw.go.jp/23/index.php?action_kouhyou_detail_004_kani=true&JigyosyoCd=2372601050-00&ServiceCd=110&Type=search", "url2": "http://" }, "geometry": { "type": "Point", "coordinates": [ 137.371544991171248, 34.809568353253745 ] } },
{ "type": "Feature", "properties": { "内容": "ニチイケアセンター国府【訪問介護】愛知県豊川市新栄町2-5セキソウビル２Ｆ", "url": "https://www.kaigokensaku.mhlw.go.jp/23/index.php?action_kouhyou_detail_004_kani=true&JigyosyoCd=2372601233-00&ServiceCd=110&Type=search", "url2": "http://www.hstR90@nichiigakkan.co.jp" }, "geometry": { "type": "Point", "coordinates": [ 137.326444199999969, 34.8366569 ] } },
{ "type": "Feature", "properties": { "内容": "菜花訪問介護ステーション【訪問介護】愛知県豊川市伊奈町縫殿26番地208", "url": "https://www.kaigokensaku.mhlw.go.jp/23/index.php?action_kouhyou_detail_004_kani=true&JigyosyoCd=2372601449-00&ServiceCd=110&Type=search", "url2": null }, "geometry": { "type": "Point", "coordinates": [ 137.3519152, 34.800302 ] } },
{ "type": "Feature", "properties": { "内容": "えがおヘルパー事業所【訪問介護】愛知県豊川市国府町前崎7番地1", "url": "https://www.kaigokensaku.mhlw.go.jp/23/index.php?action_kouhyou_detail_004_kani=true&JigyosyoCd=2372601811-00&ServiceCd=110&Type=search", "url2": null }, "geometry": { "type": "Point", "coordinates": [ 137.336233187696877, 34.827753883346254 ] } },
{ "type": "Feature", "properties": { "内容": "アセンブル訪問介護事業所【訪問介護】愛知県豊川市西豊町二丁目２３リオ・エテルナ１－Ｂ", "url": "https://www.kaigokensaku.mhlw.go.jp/23/index.php?action_kouhyou_detail_004_kani=true&JigyosyoCd=2372601993-00&ServiceCd=110&Type=search", "url2": null }, "geometry": { "type": "Point", "coordinates": [ 137.399923299999955, 34.8279627 ] } },
{ "type": "Feature", "properties": { "内容": "ヘルパーステーション　花の樹【訪問介護】愛知県豊川市金屋町39-1", "url": "https://www.kaigokensaku.mhlw.go.jp/23/index.php?action_kouhyou_detail_004_kani=true&JigyosyoCd=2372602272-00&ServiceCd=110&Type=search", "url2": null }, "geometry": { "type": "Point", "coordinates": [ 137.384644900000012, 34.8195571 ] } },
{ "type": "Feature", "properties": { "内容": "訪問介護センター　ハイビスカス【訪問介護】愛知県豊川市三上町畑ヶ中９７番地", "url": "https://www.kaigokensaku.mhlw.go.jp/23/index.php?action_kouhyou_detail_004_kani=true&JigyosyoCd=2372602306-00&ServiceCd=110&Type=search", "url2": "http://www.pumehana.jp/" }, "geometry": { "type": "Point", "coordinates": [ 137.419449500000042, 34.8233611 ] } },
{ "type": "Feature", "properties": { "内容": "ヘルパーステーションリサーブ【訪問介護】愛知県豊川市新豊町1-63", "url": "https://www.kaigokensaku.mhlw.go.jp/23/index.php?action_kouhyou_detail_004_kani=true&JigyosyoCd=2372602710-00&ServiceCd=110&Type=search", "url2": "http://re-serve1.net/" }, "geometry": { "type": "Point", "coordinates": [ 137.403709400000025, 34.8323568 ] } },
{ "type": "Feature", "properties": { "内容": "ヘルパーステーション　カスタネット【訪問介護】愛知県豊川市曙町１丁目22-1", "url": "https://www.kaigokensaku.mhlw.go.jp/23/index.php?action_kouhyou_detail_004_kani=true&JigyosyoCd=2372602793-00&ServiceCd=110&Type=search", "url2": null }, "geometry": { "type": "Point", "coordinates": [ 137.3957979, 34.8349699 ] } },
{ "type": "Feature", "properties": { "内容": "ヘルパーステーションアグネス【訪問介護】愛知県豊川市小坂井町門並5番地1", "url": "https://www.kaigokensaku.mhlw.go.jp/23/index.php?action_kouhyou_detail_004_kani=true&JigyosyoCd=2376500530-00&ServiceCd=110&Type=search", "url2": "https://www.agnes-net.com/" }, "geometry": { "type": "Point", "coordinates": [ 137.361023533590725, 34.799430945171807 ] } },
{ "type": "Feature", "properties": { "内容": "みその訪問介護サービス【訪問介護】愛知県豊川市金沢町稲場7番地", "url": "https://www.kaigokensaku.mhlw.go.jp/23/index.php?action_kouhyou_detail_004_kani=true&JigyosyoCd=2376500217-00&ServiceCd=110&Type=search", "url2": "https://www.misono.or.jp" }, "geometry": { "type": "Point", "coordinates": [ 137.450421071163873, 34.854971894467525 ] } },
{ "type": "Feature", "properties": { "内容": "愛福【訪問介護】愛知県豊川市八幡町大池17番地の7愛福", "url": "https://www.kaigokensaku.mhlw.go.jp/23/index.php?action_kouhyou_detail_004_kani=true&JigyosyoCd=2372601647-00&ServiceCd=110&Type=search", "url2": "www.aifuku.co.jp" }, "geometry": { "type": "Point", "coordinates": [ 137.333933769311557, 34.841097180472289 ] } },
{ "type": "Feature", "properties": { "内容": "さくらんぼ訪問介護事業所【訪問介護】愛知県豊川市小坂井町中野１番地１５", "url": "https://www.kaigokensaku.mhlw.go.jp/23/index.php?action_kouhyou_detail_004_kani=true&JigyosyoCd=2372602769-00&ServiceCd=110&Type=search", "url2": null }, "geometry": { "type": "Point", "coordinates": [ 137.3591099, 34.7995019 ] } },
{ "type": "Feature", "properties": { "内容": "たいよう介護ステーション【訪問介護】豊川市長草町南43番地", "url": "https://www.kaigokensaku.mhlw.go.jp/23/index.php?action_kouhyou_detail_004_kani=true&JigyosyoCd=2372601613-00&ServiceCd=110&Type=search", "url2": "http://taiyou-toyokawa.jp/care-station.html" }, "geometry": { "type": "Point", "coordinates": [ 137.383942704692373, 34.846892106922077 ] } },
{ "type": "Feature", "properties": { "内容": "訪問介護ステーションかえで【訪問介護】愛知県伊奈町新町5-1フレンズシビック202号", "url": "https://www.kaigokensaku.mhlw.go.jp/23/index.php?action_kouhyou_detail_004_kani=true&JigyosyoCd=2372603031-00&ServiceCd=110&Type=search", "url2": null }, "geometry": { "type": "Point", "coordinates": [ 137.355298800000014, 34.8095238 ] } },
{ "type": "Feature", "properties": { "内容": "訪問介護ステーションさながわ【訪問介護】愛知県豊川市萩山町一丁目32番地", "url": "https://www.kaigokensaku.mhlw.go.jp/23/index.php?action_kouhyou_detail_004_kani=true&JigyosyoCd=2372603007-00&ServiceCd=110&Type=search", "url2": "https://10all-sanagawa.com" }, "geometry": { "type": "Point", "coordinates": [ 137.368801100000013, 34.8219088 ] } },
{ "type": "Feature", "properties": { "内容": "あっぱれ豊川訪問介護センター【訪問介護】愛知県豊川市一宮町錦１４５番地", "url": "https://www.kaigokensaku.mhlw.go.jp/23/index.php?action_kouhyou_detail_004_kani=true&JigyosyoCd=2372602041-00&ServiceCd=110&Type=search", "url2": "http://www.pandp-besmile.jp" }, "geometry": { "type": "Point", "coordinates": [ 137.417017900000019, 34.8498666 ] } },
{ "type": "Feature", "properties": { "内容": "アバンセ介護センターとよかわ【訪問介護】愛知県豊川市八幡町上ノ蔵12番地", "url": "https://www.kaigokensaku.mhlw.go.jp/23/index.php?action_kouhyou_detail_004_kani=true&JigyosyoCd=2372601621-00&ServiceCd=110&Type=search", "url2": "http://a-lifesupport.co.jp/kakusisetu/sikitoyokawa/" }, "geometry": { "type": "Point", "coordinates": [ 137.3367111, 34.8382312 ] } },
{ "type": "Feature", "properties": { "内容": "ヘルパーステーションさながわ【訪問介護】愛知県豊川市金屋元町二丁目50番地の1", "url": "https://www.kaigokensaku.mhlw.go.jp/23/index.php?action_kouhyou_detail_004_kani=true&JigyosyoCd=2372602694-00&ServiceCd=110&Type=search", "url2": "http://www.sanagawa1.com" }, "geometry": { "type": "Point", "coordinates": [ 137.3831361, 34.8262982 ] } },
{ "type": "Feature", "properties": { "内容": "介護舎みらい【訪問介護】愛知県豊川市中央通三丁目２８番地豊川稲荷ビル５階", "url": "https://www.kaigokensaku.mhlw.go.jp/23/index.php?action_kouhyou_detail_004_kani=true&JigyosyoCd=2372602884-00&ServiceCd=110&Type=search", "url2": "https://care-net.biz/23/miraishin/" }, "geometry": { "type": "Point", "coordinates": [ 137.387371600000023, 34.8227359 ] } },
{ "type": "Feature", "properties": { "内容": "訪問介護ゆたか【訪問介護】豊川仲町120-1", "url": "https://www.kaigokensaku.mhlw.go.jp/23/index.php?action_kouhyou_detail_004_kani=true&JigyosyoCd=2372601928-00&ServiceCd=110&Type=search", "url2": "http://www.takara-yutaka.com" }, "geometry": { "type": "Point", "coordinates": [ 137.3979071, 34.8254434 ] } },
{ "type": "Feature", "properties": { "内容": "ソエルガーデン豊川訪問介護【訪問介護】愛知県豊川市大崎町野中67番地3", "url": "https://www.kaigokensaku.mhlw.go.jp/23/index.php?action_kouhyou_detail_004_kani=true&JigyosyoCd=2372603072-00&ServiceCd=110&Type=search", "url2": null }, "geometry": { "type": "Point", "coordinates": [ 137.373318945755045, 34.842979892596688 ] } },
{ "type": "Feature", "properties": { "内容": "きらく豊川訪問介護ステーション【訪問介護】愛知県豊川市豊が丘町79番地", "url": "https://www.kaigokensaku.mhlw.go.jp/23/index.php?action_kouhyou_detail_004_kani=true&JigyosyoCd=2372603080-00&ServiceCd=110&Type=search", "url2": "https://pandp-welfare.com/" }, "geometry": { "type": "Point", "coordinates": [ 137.409322300000014, 34.8365794 ] } },
{ "type": "Feature", "properties": { "内容": "訪問介護事業所　蔵【訪問介護】蔵子五丁目９番地５", "url": "https://www.kaigokensaku.mhlw.go.jp/23/index.php?action_kouhyou_detail_004_kani=true&JigyosyoCd=2372601589-00&ServiceCd=110&Type=search", "url2": "http://shinme-fukushi.com" }, "geometry": { "type": "Point", "coordinates": [ 137.357501988096146, 34.82205928301687 ] } },
{ "type": "Feature", "properties": { "内容": "光輝訪問介護ステーション【訪問介護】愛知県豊川市御油町池田60", "url": "https://www.kaigokensaku.mhlw.go.jp/23/index.php?action_kouhyou_detail_004_kani=true&JigyosyoCd=2372601886-00&ServiceCd=110&Type=search", "url2": "http://www.mirai-kouki.com/" }, "geometry": { "type": "Point", "coordinates": [ 137.316454317790999, 34.850035914642319 ] } },
{ "type": "Feature", "properties": { "内容": "有限会社サウンドプルーフヘルパー伊藤指定訪問介護支援事業所【訪問介護】豊川市一宮町豊８７番地", "url": "https://www.kaigokensaku.mhlw.go.jp/23/index.php?action_kouhyou_detail_004_kani=true&JigyosyoCd=2376500241-00&ServiceCd=110&Type=search", "url2": "http://" }, "geometry": { "type": "Point", "coordinates": [ 137.4253281, 34.8577631 ] } },
{ "type": "Feature", "properties": { "内容": "訪問介護まちかど【訪問介護】愛知県豊川市豊川町辺通2-7", "url": "https://www.kaigokensaku.mhlw.go.jp/23/index.php?action_kouhyou_detail_004_kani=true&JigyosyoCd=2372602744-00&ServiceCd=110&Type=search", "url2": "http://www.takara-yutaka.com/publics/index/90/" }, "geometry": { "type": "Point", "coordinates": [ 137.398634128775939, 34.823539938187473 ] } },
{ "type": "Feature", "properties": { "内容": "ヘルパーステーション　ほっとケアネット【訪問介護】豊川市当古町一色８１番地", "url": "https://www.kaigokensaku.mhlw.go.jp/23/index.php?action_kouhyou_detail_004_kani=true&JigyosyoCd=2372601746-00&ServiceCd=110&Type=search", "url2": "http://www.hotcarenet.co.jp/" }, "geometry": { "type": "Point", "coordinates": [ 137.417506099999969, 34.8105538 ] } },
{ "type": "Feature", "properties": { "内容": "ヘルパーステーションすみれ【訪問介護】愛知県豊川市光陽町40成田ビル4階", "url": "https://www.kaigokensaku.mhlw.go.jp/23/index.php?action_kouhyou_detail_004_kani=true&JigyosyoCd=2372602983-00&ServiceCd=110&Type=search", "url2": "http://earth-care.jp/" }, "geometry": { "type": "Point", "coordinates": [ 137.4059566, 34.8247492 ] } },
{ "type": "Feature", "properties": { "内容": "アクア豊川訪問介護【訪問介護】愛知県豊川市小田渕町5丁目7番1", "url": "https://www.kaigokensaku.mhlw.go.jp/23/index.php?action_kouhyou_detail_004_kani=true&JigyosyoCd=2372602959-00&ServiceCd=110&Type=search", "url2": null }, "geometry": { "type": "Point", "coordinates": [ 137.3376983, 34.8264083 ] } },
{ "type": "Feature", "properties": { "内容": "サンライトケア【訪問介護】愛知県津島市牛田町杁先58番地の1", "url": "https://www.kaigokensaku.mhlw.go.jp/23/index.php?action_kouhyou_detail_004_kani=true&JigyosyoCd=2372701124-00&ServiceCd=110&Type=search", "url2": null }, "geometry": { "type": "Point", "coordinates": [ 136.759293100000036, 35.1676421 ] } },
{ "type": "Feature", "properties": { "内容": "つしまし社協訪問介護事業所【訪問介護】愛知県津島市上之町１－６０", "url": "https://www.kaigokensaku.mhlw.go.jp/23/index.php?action_kouhyou_detail_004_kani=true&JigyosyoCd=2372700134-00&ServiceCd=110&Type=search", "url2": "https://tsushima-shakyo.or.jp" }, "geometry": { "type": "Point", "coordinates": [ 136.718468600000051, 35.1806255 ] } },
{ "type": "Feature", "properties": { "内容": "ヘルパーステーションコミッシュ【訪問介護】愛知県津島市藤里町1丁目55番地１朝日ビル402号", "url": "https://www.kaigokensaku.mhlw.go.jp/23/index.php?action_kouhyou_detail_004_kani=true&JigyosyoCd=2372701330-00&ServiceCd=110&Type=search", "url2": "https://comsh.jimdofree.com/" }, "geometry": { "type": "Point", "coordinates": [ 136.7317482, 35.1781676 ] } },
{ "type": "Feature", "properties": { "内容": "訪問介護ステーションまほろば【訪問介護】愛知県津島市東愛宕町一丁目５４番地１", "url": "https://www.kaigokensaku.mhlw.go.jp/23/index.php?action_kouhyou_detail_004_kani=true&JigyosyoCd=2372700936-00&ServiceCd=110&Type=search", "url2": "http://www.mahoroba-kaigo.jp/" }, "geometry": { "type": "Point", "coordinates": [ 136.742002899999989, 35.1689719 ] } },
{ "type": "Feature", "properties": { "内容": "クルール津島江西【訪問介護】愛知県津島市江西町2-26-1", "url": "https://www.kaigokensaku.mhlw.go.jp/23/index.php?action_kouhyou_detail_004_kani=true&JigyosyoCd=2372701298-00&ServiceCd=110&Type=search", "url2": "https://couleurcourt-okazaki.com/company/" }, "geometry": { "type": "Point", "coordinates": [ 136.713405099999989, 35.1764251 ] } },
{ "type": "Feature", "properties": { "内容": "訪問介護ステーションよいかん津島唐臼【訪問介護】愛知県津島市唐臼町囲外87番地7", "url": "https://www.kaigokensaku.mhlw.go.jp/23/index.php?action_kouhyou_detail_004_kani=true&JigyosyoCd=2372701231-00&ServiceCd=110&Type=search", "url2": "http://www.bond-ym.co.jp" }, "geometry": { "type": "Point", "coordinates": [ 136.747547, 35.1649458 ] } },
{ "type": "Feature", "properties": { "内容": "ニチイケアセンター津島【訪問介護】愛知県津島市今市場町4－31－1　　第ニ岡本ビル2階", "url": "https://www.kaigokensaku.mhlw.go.jp/23/index.php?action_kouhyou_detail_004_kani=true&JigyosyoCd=2372700142-00&ServiceCd=110&Type=search", "url2": "http://" }, "geometry": { "type": "Point", "coordinates": [ 136.732464599999957, 35.1760624 ] } },
{ "type": "Feature", "properties": { "内容": "恵寿荘訪問介護事業所【訪問介護】愛知県津島市唐臼町半池７２－６", "url": "https://www.kaigokensaku.mhlw.go.jp/23/index.php?action_kouhyou_detail_004_kani=true&JigyosyoCd=2372700167-00&ServiceCd=110&Type=search", "url2": null }, "geometry": { "type": "Point", "coordinates": [ 136.749116764418005, 35.15568931538597 ] } },
{ "type": "Feature", "properties": { "内容": "にこ・にこ　ケアサポート【訪問介護】愛知県津島市宮川町一丁目３番地", "url": "https://www.kaigokensaku.mhlw.go.jp/23/index.php?action_kouhyou_detail_004_kani=true&JigyosyoCd=2372700530-00&ServiceCd=110&Type=search", "url2": "http://" }, "geometry": { "type": "Point", "coordinates": [ 136.7196993, 35.172332 ] } },
{ "type": "Feature", "properties": { "内容": "ネットワーク愛知訪問介護事業所【訪問介護】愛知県津島市中一色町西訳30番地", "url": "https://www.kaigokensaku.mhlw.go.jp/23/index.php?action_kouhyou_detail_004_kani=true&JigyosyoCd=2372700662-00&ServiceCd=110&Type=search", "url2": "http://www.kaigo-aichi.jp" }, "geometry": { "type": "Point", "coordinates": [ 136.756466600000067, 35.1499197 ] } },
{ "type": "Feature", "properties": { "内容": "あいち海部農業協同組合訪問介護サービスセンター【訪問介護】愛知県津島市大縄町九丁目６３番地あいち海部農業協同組合北部営農センター", "url": "https://www.kaigokensaku.mhlw.go.jp/23/index.php?action_kouhyou_detail_004_kani=true&JigyosyoCd=2372700761-00&ServiceCd=110&Type=search", "url2": "http://www.ja-aichiama.com/" }, "geometry": { "type": "Point", "coordinates": [ 136.711120199999954, 35.1644942 ] } },
{ "type": "Feature", "properties": { "内容": "訪問介護ステーションゆいまーる【訪問介護】愛知県津島市新開町一丁目６２番地", "url": "https://www.kaigokensaku.mhlw.go.jp/23/index.php?action_kouhyou_detail_004_kani=true&JigyosyoCd=2372700969-00&ServiceCd=110&Type=search", "url2": "http://hazimeno-ippo.com/" }, "geometry": { "type": "Point", "coordinates": [ 136.747958511050456, 35.173168940676639 ] } },
{ "type": "Feature", "properties": { "内容": "ヘルパーステーション　ハート・つしま【訪問介護】愛知県津島市又吉町1丁目51番住宅型有料老人ホーム　ハート・つしま内", "url": "https://www.kaigokensaku.mhlw.go.jp/23/index.php?action_kouhyou_detail_004_kani=true&JigyosyoCd=2372701223-00&ServiceCd=110&Type=search", "url2": null }, "geometry": { "type": "Point", "coordinates": [ 136.722238682872785, 35.182697849969195 ] } },
{ "type": "Feature", "properties": { "内容": "楽楽訪問介護ステーション【訪問介護】愛知県津島市寺野町高瀬58", "url": "https://www.kaigokensaku.mhlw.go.jp/23/index.php?action_kouhyou_detail_004_kani=true&JigyosyoCd=2372701314-00&ServiceCd=110&Type=search", "url2": "https://7s-rakuraku.com/" }, "geometry": { "type": "Point", "coordinates": [ 136.770463791401681, 35.190407770751506 ] } },
{ "type": "Feature", "properties": { "内容": "ヘルパーステーションあいさん・津島【訪問介護】愛知県津島市江西町1-3-2", "url": "https://www.kaigokensaku.mhlw.go.jp/23/index.php?action_kouhyou_detail_004_kani=true&JigyosyoCd=2372700415-00&ServiceCd=110&Type=search", "url2": "http://www.aisankai.jp" }, "geometry": { "type": "Point", "coordinates": [ 136.712976022329769, 35.178746363650795 ] } },
{ "type": "Feature", "properties": { "内容": "ヘルパーステーション和み【訪問介護】愛知県津島市下切町字高橋114番地", "url": "https://www.kaigokensaku.mhlw.go.jp/23/index.php?action_kouhyou_detail_004_kani=true&JigyosyoCd=2372700993-00&ServiceCd=110&Type=search", "url2": null }, "geometry": { "type": "Point", "coordinates": [ 136.757742900000039, 35.1769434 ] } },
{ "type": "Feature", "properties": { "内容": "クルール津島【訪問介護】愛知県津島市下新田町5丁目191番地１クルール津島　101～103　105～111　201～203　205～222", "url": "https://www.kaigokensaku.mhlw.go.jp/23/index.php?action_kouhyou_detail_004_kani=true&JigyosyoCd=2372701249-00&ServiceCd=110&Type=search", "url2": "http://couleurt-okazaki.com/" }, "geometry": { "type": "Point", "coordinates": [ 136.713103, 35.1709698 ] } },
{ "type": "Feature", "properties": { "内容": "訪問介護ステーションよいかん津島【訪問介護】愛知県津島市橘町二丁目十六番アシステッドナーシングよい館津島", "url": "https://www.kaigokensaku.mhlw.go.jp/23/index.php?action_kouhyou_detail_004_kani=true&JigyosyoCd=2372701140-00&ServiceCd=110&Type=search", "url2": "http:www.bond-ym.co.jp" }, "geometry": { "type": "Point", "coordinates": [ 136.735071460327191, 35.175226431699997 ] } },
{ "type": "Feature", "properties": { "内容": "SUNライフサポート【訪問介護】愛知県津島市神守町字八反田６１番地５", "url": "https://www.kaigokensaku.mhlw.go.jp/23/index.php?action_kouhyou_detail_004_kani=true&JigyosyoCd=2372701132-00&ServiceCd=110&Type=search", "url2": null }, "geometry": { "type": "Point", "coordinates": [ 136.767025500000045, 35.174433 ] } },
{ "type": "Feature", "properties": { "内容": "ナイス・ケア【訪問介護】愛知県津島市愛宕町四丁目113番地", "url": "https://www.kaigokensaku.mhlw.go.jp/23/index.php?action_kouhyou_detail_004_kani=true&JigyosyoCd=2372700308-00&ServiceCd=110&Type=search", "url2": "http://www.s-o-s.co.jp" }, "geometry": { "type": "Point", "coordinates": [ 136.738072699999947, 35.1684052 ] } },
{ "type": "Feature", "properties": { "内容": "ヘルパーステーション　縁の花【訪問介護】愛知県津島市愛宕町七丁目８４番地１４", "url": "https://www.kaigokensaku.mhlw.go.jp/23/index.php?action_kouhyou_detail_004_kani=true&JigyosyoCd=2372701389-00&ServiceCd=110&Type=search", "url2": null }, "geometry": { "type": "Point", "coordinates": [ 136.7380813, 35.1663324 ] } },
{ "type": "Feature", "properties": { "内容": "はーねすケアセンター【訪問介護】愛知県碧南市東浦町1-39-2", "url": "https://www.kaigokensaku.mhlw.go.jp/23/index.php?action_kouhyou_detail_004_kani=true&JigyosyoCd=2372800413-00&ServiceCd=110&Type=search", "url2": null }, "geometry": { "type": "Point", "coordinates": [ 136.998502799999983, 34.8813571 ] } },
{ "type": "Feature", "properties": { "内容": "ヘルパーステーション未来へ【訪問介護】愛知県碧南市浅間町二丁目１２４番地", "url": "https://www.kaigokensaku.mhlw.go.jp/23/index.php?action_kouhyou_detail_004_kani=true&JigyosyoCd=2372801049-00&ServiceCd=110&Type=search", "url2": null }, "geometry": { "type": "Point", "coordinates": [ 136.9874945, 34.8969482 ] } },
{ "type": "Feature", "properties": { "内容": "ヘルパーステーションましろ【訪問介護】愛知県碧南市天神町2丁目21番地２", "url": "https://www.kaigokensaku.mhlw.go.jp/23/index.php?action_kouhyou_detail_004_kani=true&JigyosyoCd=2372801007-00&ServiceCd=110&Type=search", "url2": null }, "geometry": { "type": "Point", "coordinates": [ 137.006459299999989, 34.8883252 ] } },
{ "type": "Feature", "properties": { "内容": "訪問介護天神【訪問介護】愛知県碧南市照光町４丁目１番地", "url": "https://www.kaigokensaku.mhlw.go.jp/23/index.php?action_kouhyou_detail_004_kani=true&JigyosyoCd=2372800876-00&ServiceCd=110&Type=search", "url2": null }, "geometry": { "type": "Point", "coordinates": [ 137.013112, 34.8856685 ] } },
{ "type": "Feature", "properties": { "内容": "訪問介護ステーション　のんのん【訪問介護】愛知県碧南市若宮町４－２１", "url": "https://www.kaigokensaku.mhlw.go.jp/23/index.php?action_kouhyou_detail_004_kani=true&JigyosyoCd=2372800926-00&ServiceCd=110&Type=search", "url2": null }, "geometry": { "type": "Point", "coordinates": [ 136.990170799999987, 34.868378200000016 ] } },
{ "type": "Feature", "properties": { "内容": "ヘルパーステーションみどり【訪問介護】愛知県碧南市油渕町3丁目５０番", "url": "https://www.kaigokensaku.mhlw.go.jp/23/index.php?action_kouhyou_detail_004_kani=true&JigyosyoCd=2372800165-00&ServiceCd=110&Type=search", "url2": "http://www.choujyukai.or.jp/midorien/" }, "geometry": { "type": "Point", "coordinates": [ 137.009481199999982, 34.9066604 ] } },
{ "type": "Feature", "properties": { "内容": "伏見之園・かなりや　ヘルパーステーション【訪問介護】愛知県碧南市三宅町一丁目６７番地", "url": "https://www.kaigokensaku.mhlw.go.jp/23/index.php?action_kouhyou_detail_004_kani=true&JigyosyoCd=2372800579-00&ServiceCd=110&Type=search", "url2": "http://www.f-kanariya.com/" }, "geometry": { "type": "Point", "coordinates": [ 137.011660781821206, 34.883537315015154 ] } },
{ "type": "Feature", "properties": { "内容": "碧南ふれあい訪問介護事業所【訪問介護】愛知県碧南市山神町８丁目３５番地へきなん福祉センター　あいくる", "url": "https://www.kaigokensaku.mhlw.go.jp/23/index.php?action_kouhyou_detail_004_kani=true&JigyosyoCd=2372800058-00&ServiceCd=110&Type=search", "url2": "http://www.hekinan-shakyo.jp/" }, "geometry": { "type": "Point", "coordinates": [ 136.987917712008539, 34.899001016596451 ] } },
{ "type": "Feature", "properties": { "内容": "桜ヘルパーステーション碧南【訪問介護】尾城町1丁目7番", "url": "https://www.kaigokensaku.mhlw.go.jp/23/index.php?action_kouhyou_detail_004_kani=true&JigyosyoCd=2372801023-00&ServiceCd=110&Type=search", "url2": "https://sakura-stage-japan.com/" }, "geometry": { "type": "Point", "coordinates": [ 137.005088300000011, 34.8910944 ] } },
{ "type": "Feature", "properties": { "内容": "エンジェルス【訪問介護】碧南市古川町１丁目１番地トリーハイツ西端４０３号", "url": "https://www.kaigokensaku.mhlw.go.jp/23/index.php?action_kouhyou_detail_004_kani=true&JigyosyoCd=2372800736-00&ServiceCd=110&Type=search", "url2": null }, "geometry": { "type": "Point", "coordinates": [ 137.004128799999989, 34.9120485 ] } },
{ "type": "Feature", "properties": { "内容": "合同会社　トマトケア【訪問介護】愛知県碧南市入船町七丁目25番地クリアパレスⅧ　306号", "url": "https://www.kaigokensaku.mhlw.go.jp/23/index.php?action_kouhyou_detail_004_kani=true&JigyosyoCd=2372800942-00&ServiceCd=110&Type=search", "url2": null }, "geometry": { "type": "Point", "coordinates": [ 136.977357899999987, 34.8584086 ] } },
{ "type": "Feature", "properties": { "内容": "ヘルパーステーションひまわり【訪問介護】愛知県碧南市鷲林町4丁目109番地1特別養護老人ホームひまわり", "url": "https://www.kaigokensaku.mhlw.go.jp/23/index.php?action_kouhyou_detail_004_kani=true&JigyosyoCd=2372800827-00&ServiceCd=110&Type=search", "url2": "https://www.aiseikan.xsrv.jp/" }, "geometry": { "type": "Point", "coordinates": [ 137.024002472042326, 34.883438355281683 ] } },
{ "type": "Feature", "properties": { "内容": "ヘルパーステーション笑楽【訪問介護】愛知県碧南市六軒町二丁目３２番地", "url": "https://www.kaigokensaku.mhlw.go.jp/23/index.php?action_kouhyou_detail_004_kani=true&JigyosyoCd=2372801056-00&ServiceCd=110&Type=search", "url2": null }, "geometry": { "type": "Point", "coordinates": [ 136.9907023, 34.9090035 ] } },
{ "type": "Feature", "properties": { "内容": "フォレストン　ケアサービス【訪問介護】愛知県刈谷市一里山町金山18番地４", "url": "https://www.kaigokensaku.mhlw.go.jp/23/index.php?action_kouhyou_detail_004_kani=true&JigyosyoCd=2372901526-00&ServiceCd=110&Type=search", "url2": null }, "geometry": { "type": "Point", "coordinates": [ 137.037225199999966, 35.0222442 ] } },
{ "type": "Feature", "properties": { "内容": "ひまわり刈谷【訪問介護】愛知県刈谷市東境町昭山５３－１　ハイツグリーンヒルB２０２ひまわり刈谷", "url": "https://www.kaigokensaku.mhlw.go.jp/23/index.php?action_kouhyou_detail_004_kani=true&JigyosyoCd=2372901369-00&ServiceCd=110&Type=search", "url2": "http://www.nblab-el3.com" }, "geometry": { "type": "Point", "coordinates": [ 137.038956331765746, 35.03548341979743 ] } },
{ "type": "Feature", "properties": { "内容": "ラルあゆみ【訪問介護】愛知県刈谷市稲場町1-302", "url": "https://www.kaigokensaku.mhlw.go.jp/23/index.php?action_kouhyou_detail_004_kani=true&JigyosyoCd=2372900742-00&ServiceCd=110&Type=search", "url2": "http://www.katch.ne.jp/~raru/" }, "geometry": { "type": "Point", "coordinates": [ 136.999363713146664, 35.004810880298926 ] } },
{ "type": "Feature", "properties": { "内容": "訪問介護ステーションアイサポート刈谷【訪問介護】愛知県刈谷市小垣江町荒畑41-1TS-MindⅢ（ティーエスマインドスリー）202号", "url": "https://www.kaigokensaku.mhlw.go.jp/23/index.php?action_kouhyou_detail_004_kani=true&JigyosyoCd=2372901971-00&ServiceCd=110&Type=search", "url2": "www.i-supportgifu.com/" }, "geometry": { "type": "Point", "coordinates": [ 137.0016894, 34.9577516 ] } },
{ "type": "Feature", "properties": { "内容": "訪問介護　すてっぷ【訪問介護】愛知県刈谷市松栄町1丁目6-4パレス松栄1-8", "url": "https://www.kaigokensaku.mhlw.go.jp/23/index.php?action_kouhyou_detail_004_kani=true&JigyosyoCd=2372901609-00&ServiceCd=110&Type=search", "url2": "http//www.aqua-191.co.jp" }, "geometry": { "type": "Point", "coordinates": [ 137.033962783726537, 34.98093984502021 ] } },
{ "type": "Feature", "properties": { "内容": "ヘルパーステーションゆうわ【訪問介護】愛知県刈谷市小垣江町上３８番地", "url": "https://www.kaigokensaku.mhlw.go.jp/23/index.php?action_kouhyou_detail_004_kani=true&JigyosyoCd=2372902078-00&ServiceCd=110&Type=search", "url2": null }, "geometry": { "type": "Point", "coordinates": [ 136.997661099999988, 34.9699809 ] } },
{ "type": "Feature", "properties": { "内容": "合同会社　恵神会【訪問介護】愛知県刈谷市東境町大坪5番地1", "url": "https://www.kaigokensaku.mhlw.go.jp/23/index.php?action_kouhyou_detail_004_kani=true&JigyosyoCd=2372902086-00&ServiceCd=110&Type=search", "url2": "https://keishinkai-llc.com/" }, "geometry": { "type": "Point", "coordinates": [ 137.032459499999987, 35.043328 ] } },
{ "type": "Feature", "properties": { "内容": "JAあいち中央ヘルパーステーション刈谷【訪問介護】愛知県刈谷市小垣江町八角151", "url": "https://www.kaigokensaku.mhlw.go.jp/23/index.php?action_kouhyou_detail_004_kani=true&JigyosyoCd=2372902052-00&ServiceCd=110&Type=search", "url2": "http://www.jaac.or.jp" }, "geometry": { "type": "Point", "coordinates": [ 137.0095543, 34.9676118 ] } },
{ "type": "Feature", "properties": { "内容": "ヘルパーステーションこころ【訪問介護】愛知県刈谷市中手町二丁目６０３番地", "url": "https://www.kaigokensaku.mhlw.go.jp/23/index.php?action_kouhyou_detail_004_kani=true&JigyosyoCd=2372901708-00&ServiceCd=110&Type=search", "url2": "http://www.sakuraen.co.jp" }, "geometry": { "type": "Point", "coordinates": [ 136.993784022090153, 35.004254867821835 ] } },
{ "type": "Feature", "properties": { "内容": "訪問介護スマイルナーシング刈谷【訪問介護】愛知県刈谷市築地町3丁目5番地5", "url": "https://www.kaigokensaku.mhlw.go.jp/23/index.php?action_kouhyou_detail_004_kani=true&JigyosyoCd=2372901922-00&ServiceCd=110&Type=search", "url2": null }, "geometry": { "type": "Point", "coordinates": [ 137.016109300000011, 35.0171952 ] } },
{ "type": "Feature", "properties": { "内容": "ヘルパーステーション　るぴなす【訪問介護】愛知県刈谷市小垣江町子竿54番地1", "url": "https://www.kaigokensaku.mhlw.go.jp/23/index.php?action_kouhyou_detail_004_kani=true&JigyosyoCd=2372901898-00&ServiceCd=110&Type=search", "url2": "http://lupinus-fukushi.co.jp/" }, "geometry": { "type": "Point", "coordinates": [ 137.000554599999987, 34.9558934 ] } },
{ "type": "Feature", "properties": { "内容": "訪問介護事業所えみのわ刈谷【訪問介護】愛知県刈谷市末広町３丁目１番地１１", "url": "https://www.kaigokensaku.mhlw.go.jp/23/index.php?action_kouhyou_detail_004_kani=true&JigyosyoCd=2372901674-00&ServiceCd=110&Type=search", "url2": null }, "geometry": { "type": "Point", "coordinates": [ 137.041515808277836, 34.973035749482285 ] } },
{ "type": "Feature", "properties": { "内容": "ちあいヘルパーケア【訪問介護】愛知県刈谷市野田町新上納296番地", "url": "https://www.kaigokensaku.mhlw.go.jp/23/index.php?action_kouhyou_detail_004_kani=true&JigyosyoCd=2372901823-00&ServiceCd=110&Type=search", "url2": "https://www.chiai-care.com" }, "geometry": { "type": "Point", "coordinates": [ 137.028407938098155, 34.969663075139458 ] } },
{ "type": "Feature", "properties": { "内容": "ニチイケアセンター富士松【訪問介護】愛知県刈谷市今川町2-707A号室", "url": "https://www.kaigokensaku.mhlw.go.jp/23/index.php?action_kouhyou_detail_004_kani=true&JigyosyoCd=2372901880-00&ServiceCd=110&Type=search", "url2": null }, "geometry": { "type": "Point", "coordinates": [ 137.017966900000033, 35.0299287 ] } },
{ "type": "Feature", "properties": { "内容": "みらい訪問介護ステーション【訪問介護】愛知県刈谷市池田町1丁目601番地住宅型有料老人ホームみらいの里", "url": "https://www.kaigokensaku.mhlw.go.jp/23/index.php?action_kouhyou_detail_004_kani=true&JigyosyoCd=2372901906-00&ServiceCd=110&Type=search", "url2": "https;//miraipalette.com" }, "geometry": { "type": "Point", "coordinates": [ 137.008977292204236, 35.003864854796412 ] } },
{ "type": "Feature", "properties": { "内容": "ヘルパーステーション愛とすずらん【訪問介護】刈谷市板倉町2丁目15番地1リベルテ杉浦205号", "url": "https://www.kaigokensaku.mhlw.go.jp/23/index.php?action_kouhyou_detail_004_kani=true&JigyosyoCd=2372901344-00&ServiceCd=110&Type=search", "url2": null }, "geometry": { "type": "Point", "coordinates": [ 137.038949392698697, 34.981533330381666 ] } },
{ "type": "Feature", "properties": { "内容": "ヘルパーステーション琴葉かりや【訪問介護】愛知県刈谷市東境町登り坂5", "url": "https://www.kaigokensaku.mhlw.go.jp/23/index.php?action_kouhyou_detail_004_kani=true&JigyosyoCd=2372901435-00&ServiceCd=110&Type=search", "url2": "http://kotoha2007.co.jp" }, "geometry": { "type": "Point", "coordinates": [ 137.034361499999932, 35.0373677 ] } },
{ "type": "Feature", "properties": { "内容": "刈谷市社会福祉協議会訪問介護事業所【訪問介護】愛知県刈谷市下重原町3丁目120番地高齢者福祉センターひまわり", "url": "https://www.kaigokensaku.mhlw.go.jp/23/index.php?action_kouhyou_detail_004_kani=true&JigyosyoCd=2372900031-00&ServiceCd=110&Type=search", "url2": "http://www.kariyashi.jp/" }, "geometry": { "type": "Point", "coordinates": [ 137.014553100000057, 34.9847337 ] } },
{ "type": "Feature", "properties": { "内容": "特定非営利活動法人西三河在宅介護センター【訪問介護】愛知県刈谷市御幸町3－78", "url": "https://www.kaigokensaku.mhlw.go.jp/23/index.php?action_kouhyou_detail_004_kani=true&JigyosyoCd=2372901161-00&ServiceCd=110&Type=search", "url2": "https://nishimikawa.studio-saite" }, "geometry": { "type": "Point", "coordinates": [ 136.9915691, 34.9822282 ] } },
{ "type": "Feature", "properties": { "内容": "かいごタウンあいちヘルパーステーション【訪問介護】刈谷市泉田町向畑79番地", "url": "https://www.kaigokensaku.mhlw.go.jp/23/index.php?action_kouhyou_detail_004_kani=true&JigyosyoCd=2372900353-00&ServiceCd=110&Type=search", "url2": "http://kaigotown.web.fc2.com/" }, "geometry": { "type": "Point", "coordinates": [ 137.002212, 35.0241926 ] } },
{ "type": "Feature", "properties": { "内容": "ケアステーションてまり【訪問介護】愛知県刈谷市神明町九丁目309番地", "url": "https://www.kaigokensaku.mhlw.go.jp/23/index.php?action_kouhyou_detail_004_kani=true&JigyosyoCd=2372900817-00&ServiceCd=110&Type=search", "url2": null }, "geometry": { "type": "Point", "coordinates": [ 137.0018483, 34.997915 ] } },
{ "type": "Feature", "properties": { "内容": "iはれとき【訪問介護】愛知県刈谷市松栄町3丁目4-24刈谷第３東海ビル　201", "url": "https://www.kaigokensaku.mhlw.go.jp/23/index.php?action_kouhyou_detail_004_kani=true&JigyosyoCd=2372902094-00&ServiceCd=110&Type=search", "url2": "https://i-haretoki.com" }, "geometry": { "type": "Point", "coordinates": [ 137.0336512, 34.9767622 ] } },
{ "type": "Feature", "properties": { "内容": "ニチイケアセンター幸町【訪問介護】愛知県刈谷市幸町2-5-10　幸荘店舗付住宅", "url": "https://www.kaigokensaku.mhlw.go.jp/23/index.php?action_kouhyou_detail_004_kani=true&JigyosyoCd=2372900908-00&ServiceCd=110&Type=search", "url2": "http://" }, "geometry": { "type": "Point", "coordinates": [ 137.016911, 34.9923577 ] } },
{ "type": "Feature", "properties": { "内容": "訪問介護ステーション　おがきえ【訪問介護】刈谷市小垣江町清水19番地4", "url": "https://www.kaigokensaku.mhlw.go.jp/23/index.php?action_kouhyou_detail_004_kani=true&JigyosyoCd=2372900882-00&ServiceCd=110&Type=search", "url2": "http://" }, "geometry": { "type": "Point", "coordinates": [ 136.994355600000063, 34.9617116 ] } },
{ "type": "Feature", "properties": { "内容": "ニコニコ介護刈谷センター【訪問介護】愛知県刈谷市広小路五丁目40番地", "url": "https://www.kaigokensaku.mhlw.go.jp/23/index.php?action_kouhyou_detail_004_kani=true&JigyosyoCd=2372900700-00&ServiceCd=110&Type=search", "url2": "http://www.kinsei.biz" }, "geometry": { "type": "Point", "coordinates": [ 136.9906469, 34.9856776 ] } },
{ "type": "Feature", "properties": { "内容": "はじめやケアセンター【訪問介護】愛知県刈谷市半城土北町三丁目２０４番地", "url": "https://www.kaigokensaku.mhlw.go.jp/23/index.php?action_kouhyou_detail_004_kani=true&JigyosyoCd=2372901021-00&ServiceCd=110&Type=search", "url2": null }, "geometry": { "type": "Point", "coordinates": [ 137.024271699999986, 34.9838173 ] } },
{ "type": "Feature", "properties": { "内容": "ヘルパーステーショングレイン【訪問介護】愛知県刈谷市半城土中町1丁目2番5号SEVEN　BASE　A号室", "url": "https://www.kaigokensaku.mhlw.go.jp/23/index.php?action_kouhyou_detail_004_kani=true&JigyosyoCd=2372901658-00&ServiceCd=110&Type=search", "url2": "https://grain.jp.net" }, "geometry": { "type": "Point", "coordinates": [ 137.018778034481585, 34.981413859114539 ] } },
{ "type": "Feature", "properties": { "内容": "株式会社結訪問介護事業所【訪問介護】愛知県刈谷市板倉町2丁目8番地13", "url": "https://www.kaigokensaku.mhlw.go.jp/23/index.php?action_kouhyou_detail_004_kani=true&JigyosyoCd=2372902003-00&ServiceCd=110&Type=search", "url2": "yui-houmon.com" }, "geometry": { "type": "Point", "coordinates": [ 137.0405254, 34.9799446 ] } },
{ "type": "Feature", "properties": { "内容": "訪問介護事業所　サンハートライフヨサミ【訪問介護】愛知県刈谷市半城土西町2-3-6", "url": "https://www.kaigokensaku.mhlw.go.jp/23/index.php?action_kouhyou_detail_004_kani=true&JigyosyoCd=2372901997-00&ServiceCd=110&Type=search", "url2": "https://sunheartlife.com/" }, "geometry": { "type": "Point", "coordinates": [ 137.011358300000012, 34.9804546 ] } },
{ "type": "Feature", "properties": { "内容": "きらら訪問介護ステーション【訪問介護】荒井町1-4-16", "url": "https://www.kaigokensaku.mhlw.go.jp/23/index.php?action_kouhyou_detail_004_kani=true&JigyosyoCd=2372901955-00&ServiceCd=110&Type=search", "url2": null }, "geometry": { "type": "Point", "coordinates": [ 136.9970678, 34.9566982 ] } },
{ "type": "Feature", "properties": { "内容": "訪問介護リライブ刈谷【訪問介護】刈谷市小垣江町荒畑41-1TS-MindⅢ（ティーエスマインドスリー）202号", "url": "https://www.kaigokensaku.mhlw.go.jp/23/index.php?action_kouhyou_detail_004_kani=true&JigyosyoCd=2372902060-00&ServiceCd=110&Type=search", "url2": "https://re-live-web.com/" }, "geometry": { "type": "Point", "coordinates": [ 137.0016884, 34.9577521 ] } },
{ "type": "Feature", "properties": { "内容": "ヘルパーステーション　ゆずのきの家【訪問介護】愛知県刈谷市半城土町本郷55", "url": "https://www.kaigokensaku.mhlw.go.jp/23/index.php?action_kouhyou_detail_004_kani=true&JigyosyoCd=2372900726-00&ServiceCd=110&Type=search", "url2": "http://nekkonokai.com/" }, "geometry": { "type": "Point", "coordinates": [ 137.0217053, 34.9819341 ] } },
{ "type": "Feature", "properties": { "内容": "ヘルパーステーションなんてん【訪問介護】今川町2丁目810", "url": "https://www.kaigokensaku.mhlw.go.jp/23/index.php?action_kouhyou_detail_004_kani=true&JigyosyoCd=2372901518-00&ServiceCd=110&Type=search", "url2": "http://www.nanten-group.com" }, "geometry": { "type": "Point", "coordinates": [ 137.017731632093501, 35.030107614344544 ] } },
{ "type": "Feature", "properties": { "内容": "ケアステーションひかりの丘【訪問介護】愛知県豊田市宝町玉泉１０２番地７", "url": "https://www.kaigokensaku.mhlw.go.jp/23/index.php?action_kouhyou_detail_004_kani=true&JigyosyoCd=2373001854-00&ServiceCd=110&Type=search", "url2": "http://toyota-hikari.jp" }, "geometry": { "type": "Point", "coordinates": [ 137.130097500000034, 35.0435255 ] } },
{ "type": "Feature", "properties": { "内容": "株式会社エヌ・ビー・ラボ　住宅型有料老人ホーム　エルスリー豊田【訪問介護】愛知県豊田市朝日町3丁目５８－１ファミール朝日　603号室", "url": "https://www.kaigokensaku.mhlw.go.jp/23/index.php?action_kouhyou_detail_004_kani=true&JigyosyoCd=2373002886-00&ServiceCd=110&Type=search", "url2": "http://www.nblab-el3.com" }, "geometry": { "type": "Point", "coordinates": [ 137.145669133339197, 35.092910840641295 ] } },
{ "type": "Feature", "properties": { "内容": "ライフケアミタチ【訪問介護】愛知県豊田市美里６－６－６", "url": "https://www.kaigokensaku.mhlw.go.jp/23/index.php?action_kouhyou_detail_004_kani=true&JigyosyoCd=2373002464-00&ServiceCd=110&Type=search", "url2": null }, "geometry": { "type": "Point", "coordinates": [ 137.1798632, 35.0790875 ] } },
{ "type": "Feature", "properties": { "内容": "訪問介護事業所　ゆうか【訪問介護】愛知県豊田市美里2－5－11ハイランド美里102", "url": "https://www.kaigokensaku.mhlw.go.jp/23/index.php?action_kouhyou_detail_004_kani=true&JigyosyoCd=2373003793-00&ServiceCd=110&Type=search", "url2": null }, "geometry": { "type": "Point", "coordinates": [ 137.187475799999987, 35.0840566 ] } },
{ "type": "Feature", "properties": { "内容": "アースサポート豊田北【訪問介護】愛知県豊田市陣中町1丁目1番地5", "url": "https://www.kaigokensaku.mhlw.go.jp/23/index.php?action_kouhyou_detail_004_kani=true&JigyosyoCd=2373003561-00&ServiceCd=110&Type=search", "url2": "http://www.earthsupport.co.jp" }, "geometry": { "type": "Point", "coordinates": [ 137.161481, 35.09690150000003 ] } },
{ "type": "Feature", "properties": { "内容": "特定非営利活動法人視覚障害者センターつえの里【訪問介護】愛知県豊田市横山町　４丁目３番地２", "url": "https://www.kaigokensaku.mhlw.go.jp/23/index.php?action_kouhyou_detail_004_kani=true&JigyosyoCd=2373001342-00&ServiceCd=110&Type=search", "url2": "http://tsuenosato.org/" }, "geometry": { "type": "Point", "coordinates": [ 137.145241, 35.1000364 ] } },
{ "type": "Feature", "properties": { "内容": "ヘルパーステーションpit【訪問介護】豊田市柿本町5-31-2", "url": "https://www.kaigokensaku.mhlw.go.jp/23/index.php?action_kouhyou_detail_004_kani=true&JigyosyoCd=2373004056-00&ServiceCd=110&Type=search", "url2": "http://onlyone-swc.jp/" }, "geometry": { "type": "Point", "coordinates": [ 137.126283100000023, 35.0727969 ] } },
{ "type": "Feature", "properties": { "内容": "さくら介護ステーションかなや【訪問介護】金谷町四丁目46番地2　2階", "url": "https://www.kaigokensaku.mhlw.go.jp/23/index.php?action_kouhyou_detail_004_kani=true&JigyosyoCd=2373002878-00&ServiceCd=110&Type=search", "url2": null }, "geometry": { "type": "Point", "coordinates": [ 137.156230300000061, 35.0715072 ] } },
{ "type": "Feature", "properties": { "内容": "あぴおヘルパーステーション【訪問介護】愛知県豊田市深田町4丁目40番地３サニーハイム野々山１Ｃ号室", "url": "https://www.kaigokensaku.mhlw.go.jp/23/index.php?action_kouhyou_detail_004_kani=true&JigyosyoCd=2373003298-00&ServiceCd=110&Type=search", "url2": null }, "geometry": { "type": "Point", "coordinates": [ 137.121642100000031, 35.0648948 ] } },
{ "type": "Feature", "properties": { "内容": "ハートケア藤岡　訪問介護事業所【訪問介護】愛知県豊田市迫町石田691-42", "url": "https://www.kaigokensaku.mhlw.go.jp/23/index.php?action_kouhyou_detail_004_kani=true&JigyosyoCd=2373002415-00&ServiceCd=110&Type=search", "url2": "hfujioka@hm10.aitai.ne.jp" }, "geometry": { "type": "Point", "coordinates": [ 137.200492290894061, 35.189163531693602 ] } },
{ "type": "Feature", "properties": { "内容": "クルール豊田吉原西館【訪問介護】愛知県豊田市吉原町鶴喰40-24", "url": "https://www.kaigokensaku.mhlw.go.jp/23/index.php?action_kouhyou_detail_004_kani=true&JigyosyoCd=2373004239-00&ServiceCd=110&Type=search", "url2": "http://couleurcourt-okazaki.com/" }, "geometry": { "type": "Point", "coordinates": [ 137.0929818, 35.0210973 ] } },
{ "type": "Feature", "properties": { "内容": "クルール豊田上挙母【訪問介護】上挙母4丁目40", "url": "https://www.kaigokensaku.mhlw.go.jp/23/index.php?action_kouhyou_detail_004_kani=true&JigyosyoCd=2373004247-00&ServiceCd=110&Type=search", "url2": "https://couleurcourt-okazaki.com" }, "geometry": { "type": "Point", "coordinates": [ 137.1531526, 35.0724545 ] } },
{ "type": "Feature", "properties": { "内容": "クルール　豊田吉原東館【訪問介護】愛知県豊田市吉原町鶴喰40-23", "url": "https://www.kaigokensaku.mhlw.go.jp/23/index.php?action_kouhyou_detail_004_kani=true&JigyosyoCd=2373004254-00&ServiceCd=110&Type=search", "url2": "http://couleurcourt-okazaki.com/" }, "geometry": { "type": "Point", "coordinates": [ 137.0929818, 35.0210973 ] } },
{ "type": "Feature", "properties": { "内容": "ヘルパーステーション　サントピア【訪問介護】愛知県豊田市御立町8丁目13番地サントピア豊田みたち", "url": "https://www.kaigokensaku.mhlw.go.jp/23/index.php?action_kouhyou_detail_004_kani=true&JigyosyoCd=2373003819-00&ServiceCd=110&Type=search", "url2": "https://www.suntopia-t-m.co.jp/index.html" }, "geometry": { "type": "Point", "coordinates": [ 137.176333200000045, 35.0762766 ] } },
{ "type": "Feature", "properties": { "内容": "株式会社ties【訪問介護】愛知県豊田市美山町1丁目45番地1", "url": "https://www.kaigokensaku.mhlw.go.jp/23/index.php?action_kouhyou_detail_004_kani=true&JigyosyoCd=2373003835-00&ServiceCd=110&Type=search", "url2": null }, "geometry": { "type": "Point", "coordinates": [ 137.115659100000016, 35.0703218 ] } },
{ "type": "Feature", "properties": { "内容": "ヘルパーステーションCarmia【訪問介護】豊田市山之手9－83－1キャトルフィーユB　105号", "url": "https://www.kaigokensaku.mhlw.go.jp/23/index.php?action_kouhyou_detail_004_kani=true&JigyosyoCd=2373004106-00&ServiceCd=110&Type=search", "url2": null }, "geometry": { "type": "Point", "coordinates": [ 137.14516, 35.0539786 ] } },
{ "type": "Feature", "properties": { "内容": "ヘルパーステーション笑和とよた【訪問介護】花園町小松原14-1", "url": "https://www.kaigokensaku.mhlw.go.jp/23/index.php?action_kouhyou_detail_004_kani=true&JigyosyoCd=2373004569-00&ServiceCd=110&Type=search", "url2": null }, "geometry": { "type": "Point", "coordinates": [ 137.07522973240205, 35.014950145548205 ] } },
{ "type": "Feature", "properties": { "内容": "訪問介護ステーション金木犀【訪問介護】愛知県豊田市東新町３丁目４８－１", "url": "https://www.kaigokensaku.mhlw.go.jp/23/index.php?action_kouhyou_detail_004_kani=true&JigyosyoCd=2373004221-00&ServiceCd=110&Type=search", "url2": "http://www.sojukai.jp" }, "geometry": { "type": "Point", "coordinates": [ 137.123555399999987, 35.080506799999981 ] } },
{ "type": "Feature", "properties": { "内容": "ＰＯＲＴへるぷ【訪問介護】愛知県豊田市土橋町４丁目５０番地４サンシャイン八城５０１号", "url": "https://www.kaigokensaku.mhlw.go.jp/23/index.php?action_kouhyou_detail_004_kani=true&JigyosyoCd=2373004270-00&ServiceCd=110&Type=search", "url2": "http://port-isd.ne.jp/index.html" }, "geometry": { "type": "Point", "coordinates": [ 137.127340674868776, 35.062164918134449 ] } },
{ "type": "Feature", "properties": { "内容": "訪問介護事業所　ハートケアユノス【訪問介護】愛知県豊田市浄水町伊保原305番地YsGARDEN507", "url": "https://www.kaigokensaku.mhlw.go.jp/23/index.php?action_kouhyou_detail_004_kani=true&JigyosyoCd=2373004262-00&ServiceCd=110&Type=search", "url2": null }, "geometry": { "type": "Point", "coordinates": [ 137.137984100000011, 35.1237135 ] } },
{ "type": "Feature", "properties": { "内容": "ヘルパーステーション　ヒナギク【訪問介護】豊田市西岡町石畑48-1", "url": "https://www.kaigokensaku.mhlw.go.jp/23/index.php?action_kouhyou_detail_004_kani=true&JigyosyoCd=2373004700-00&ServiceCd=110&Type=search", "url2": null }, "geometry": { "type": "Point", "coordinates": [ 137.0612175, 35.0464331 ] } },
{ "type": "Feature", "properties": { "内容": "ヘルパーステーション　和【訪問介護】愛知県豊田市市木町２丁目１－２市木ハイツ", "url": "https://www.kaigokensaku.mhlw.go.jp/23/index.php?action_kouhyou_detail_004_kani=true&JigyosyoCd=2373003223-00&ServiceCd=110&Type=search", "url2": null }, "geometry": { "type": "Point", "coordinates": [ 137.1908929, 35.0962581 ] } },
{ "type": "Feature", "properties": { "内容": "株式会社グローバルケア【訪問介護】神田町1-6-8長谷川ビル5階", "url": "https://www.kaigokensaku.mhlw.go.jp/23/index.php?action_kouhyou_detail_004_kani=true&JigyosyoCd=2373004734-00&ServiceCd=110&Type=search", "url2": null }, "geometry": { "type": "Point", "coordinates": [ 130.979449100000011, 33.7830382 ] } },
{ "type": "Feature", "properties": { "内容": "訪問介護ステーション峰の里【訪問介護】愛知県豊田市前山町5丁目21番地1202号室", "url": "https://www.kaigokensaku.mhlw.go.jp/23/index.php?action_kouhyou_detail_004_kani=true&JigyosyoCd=2373004601-00&ServiceCd=110&Type=search", "url2": null }, "geometry": { "type": "Point", "coordinates": [ 137.1679466, 35.047672 ] } },
{ "type": "Feature", "properties": { "内容": "土屋訪問介護事業所豊田センター【訪問介護】愛知県豊田市小川町一丁目3番地3コーポ杉浦303号", "url": "https://www.kaigokensaku.mhlw.go.jp/23/index.php?action_kouhyou_detail_004_kani=true&JigyosyoCd=2373004874-00&ServiceCd=110&Type=search", "url2": "https://amezo.co.jp" }, "geometry": { "type": "Point", "coordinates": [ 137.1374562, 35.0824038 ] } },
{ "type": "Feature", "properties": { "内容": "第２とよた苑ヘルパーステーション【訪問介護】愛知県豊田市大清水町大清水１７９－１", "url": "https://www.kaigokensaku.mhlw.go.jp/23/index.php?action_kouhyou_detail_004_kani=true&JigyosyoCd=2373002274-00&ServiceCd=110&Type=search", "url2": "https://douen.or.jp" }, "geometry": { "type": "Point", "coordinates": [ 137.1436658, 35.1113351 ] } },
{ "type": "Feature", "properties": { "内容": "豊田市社協ヘルパーステーション【訪問介護】豊田市錦町1-1-1豊田市福祉センター", "url": "https://www.kaigokensaku.mhlw.go.jp/23/index.php?action_kouhyou_detail_004_kani=true&JigyosyoCd=2373000260-00&ServiceCd=110&Type=search", "url2": null }, "geometry": { "type": "Point", "coordinates": [ 137.158021599999984, 35.0751512 ] } },
{ "type": "Feature", "properties": { "内容": "ヘルパーステーション笑日【訪問介護】愛知県豊田市四郷町山畑１３９番地２８", "url": "https://www.kaigokensaku.mhlw.go.jp/23/index.php?action_kouhyou_detail_004_kani=true&JigyosyoCd=2373002431-00&ServiceCd=110&Type=search", "url2": "http://www.proteccorp.co.jp/" }, "geometry": { "type": "Point", "coordinates": [ 137.172447799999986, 35.1335835 ] } },
{ "type": "Feature", "properties": { "内容": "アースサポート豊田【訪問介護】愛知県豊田市元城町四丁目19番地1", "url": "https://www.kaigokensaku.mhlw.go.jp/23/index.php?action_kouhyou_detail_004_kani=true&JigyosyoCd=2373001086-00&ServiceCd=110&Type=search", "url2": "http://www.earthsupport.co.jp/" }, "geometry": { "type": "Point", "coordinates": [ 137.157432299999982, 35.0831058 ] } },
{ "type": "Feature", "properties": { "内容": "Ｔ－グランシア水源　ヘルパーステーション【訪問介護】豊田市水源町5丁目3番地1Ｔ－グランシア水源", "url": "https://www.kaigokensaku.mhlw.go.jp/23/index.php?action_kouhyou_detail_004_kani=true&JigyosyoCd=2373003231-00&ServiceCd=110&Type=search", "url2": "https://www.toyotasmile.co.jp/senior/suigen/" }, "geometry": { "type": "Point", "coordinates": [ 137.175533353967239, 35.04647328240975 ] } },
{ "type": "Feature", "properties": { "内容": "訪問介護ステーション　ラルガパティオ【訪問介護】柿本町四丁目８番地有料老人ホーム　ラルガパティオ", "url": "https://www.kaigokensaku.mhlw.go.jp/23/index.php?action_kouhyou_detail_004_kani=true&JigyosyoCd=2373002761-00&ServiceCd=110&Type=search", "url2": null }, "geometry": { "type": "Point", "coordinates": [ 137.125018724467509, 35.075901488126753 ] } },
{ "type": "Feature", "properties": { "内容": "訪問介護事業所　かがやき豊田【訪問介護】愛知県豊田市浄水町原山３２５－１エスライフ浄水駅前105", "url": "https://www.kaigokensaku.mhlw.go.jp/23/index.php?action_kouhyou_detail_004_kani=true&JigyosyoCd=2373003272-00&ServiceCd=110&Type=search", "url2": null }, "geometry": { "type": "Point", "coordinates": [ 137.138156349073824, 35.121804901790696 ] } },
{ "type": "Feature", "properties": { "内容": "向日葵のかおり【訪問介護】愛知県豊田市朝日町六丁目３１", "url": "https://www.kaigokensaku.mhlw.go.jp/23/index.php?action_kouhyou_detail_004_kani=true&JigyosyoCd=2373003249-00&ServiceCd=110&Type=search", "url2": "http://himawarinohizashi.com/" }, "geometry": { "type": "Point", "coordinates": [ 137.146411788499449, 35.095576465598285 ] } },
{ "type": "Feature", "properties": { "内容": "訪問介護　サライ泉公園【訪問介護】愛知県豊田市泉町１－５－１住宅型有料老人ホーム　サンライズ泉公園内", "url": "https://www.kaigokensaku.mhlw.go.jp/23/index.php?action_kouhyou_detail_004_kani=true&JigyosyoCd=2373003967-00&ServiceCd=110&Type=search", "url2": "http//www.alba-inc.com" }, "geometry": { "type": "Point", "coordinates": [ 137.190253900000016, 35.0733663 ] } },
{ "type": "Feature", "properties": { "内容": "訪問介護　サライ上豊田【訪問介護】愛知県豊田市上原町西山290-5サンライズ上豊田", "url": "https://www.kaigokensaku.mhlw.go.jp/23/index.php?action_kouhyou_detail_004_kani=true&JigyosyoCd=2373004197-00&ServiceCd=110&Type=search", "url2": "https://serai.cc/" }, "geometry": { "type": "Point", "coordinates": [ 137.1581462, 35.1154369 ] } },
{ "type": "Feature", "properties": { "内容": "医心館訪問介護ステーション豊田【訪問介護】愛知県豊田市浄水町原山２７７番", "url": "https://www.kaigokensaku.mhlw.go.jp/23/index.php?action_kouhyou_detail_004_kani=true&JigyosyoCd=2373004817-00&ServiceCd=110&Type=search", "url2": null }, "geometry": { "type": "Point", "coordinates": [ 137.1447412, 35.1219719 ] } },
{ "type": "Feature", "properties": { "内容": "ニチイケアセンター豊田【訪問介護】愛知県豊田市梅坪町6-12-6", "url": "https://www.kaigokensaku.mhlw.go.jp/23/index.php?action_kouhyou_detail_004_kani=true&JigyosyoCd=2373000609-00&ServiceCd=110&Type=search", "url2": "http://www.nichiigakkan.co.jp" }, "geometry": { "type": "Point", "coordinates": [ 137.159992099999954, 35.1000872 ] } },
{ "type": "Feature", "properties": { "内容": "ニチイケアセンターとよた美里【訪問介護】愛知県豊田市美里二丁目5番地3", "url": "https://www.kaigokensaku.mhlw.go.jp/23/index.php?action_kouhyou_detail_004_kani=true&JigyosyoCd=2373002142-00&ServiceCd=110&Type=search", "url2": "https://www.nichii-kaigo.jp/base/base-result/05R91/" }, "geometry": { "type": "Point", "coordinates": [ 137.187945200000058, 35.0842677 ] } },
{ "type": "Feature", "properties": { "内容": "ニチイケアセンター猿投【訪問介護】愛知県豊田市井上町6丁目160番地32", "url": "https://www.kaigokensaku.mhlw.go.jp/23/index.php?action_kouhyou_detail_004_kani=true&JigyosyoCd=2373004205-00&ServiceCd=110&Type=search", "url2": null }, "geometry": { "type": "Point", "coordinates": [ 137.178863440058876, 35.126207382951371 ] } },
{ "type": "Feature", "properties": { "内容": "グランダ豊田元町ケアステーション【訪問介護】愛知県豊田市柿本町7-67-3", "url": "https://www.kaigokensaku.mhlw.go.jp/23/index.php?action_kouhyou_detail_004_kani=true&JigyosyoCd=2373003694-00&ServiceCd=110&Type=search", "url2": "https://www.benesse-style-care.co.jp/" }, "geometry": { "type": "Point", "coordinates": [ 137.124541937434401, 35.069332304316831 ] } },
{ "type": "Feature", "properties": { "内容": "ライフサポート介護センター豊田南　訪問介護事業所【訪問介護】若林東町中外根103-2ライフサポート介護センター豊田南", "url": "https://www.kaigokensaku.mhlw.go.jp/23/index.php?action_kouhyou_detail_004_kani=true&JigyosyoCd=2373003868-00&ServiceCd=110&Type=search", "url2": "http://www.kk-life-support.jp" }, "geometry": { "type": "Point", "coordinates": [ 137.098861599999964, 35.0196598 ] } },
{ "type": "Feature", "properties": { "内容": "ヘルパーステーションあゆみ【訪問介護】愛知県豊田市平井町8丁目40－3", "url": "https://www.kaigokensaku.mhlw.go.jp/23/index.php?action_kouhyou_detail_004_kani=true&JigyosyoCd=2373004692-00&ServiceCd=110&Type=search", "url2": "https://rico-ayumi-home.com/helper/" }, "geometry": { "type": "Point", "coordinates": [ 137.188768046050058, 35.099459889246781 ] } },
{ "type": "Feature", "properties": { "内容": "ひなたケアステーションとよた【訪問介護】愛知県豊田市美里2丁目7-4ハイランド加納102号室", "url": "https://www.kaigokensaku.mhlw.go.jp/23/index.php?action_kouhyou_detail_004_kani=true&JigyosyoCd=2373004577-00&ServiceCd=110&Type=search", "url2": "https://juju-g.co.jp/" }, "geometry": { "type": "Point", "coordinates": [ 137.18764680000001, 35.0830918 ] } },
{ "type": "Feature", "properties": { "内容": "にじのさと豊田サービスセンター【訪問介護】愛知県豊田市平芝町6丁目39-12マンション三喜105", "url": "https://www.kaigokensaku.mhlw.go.jp/23/index.php?action_kouhyou_detail_004_kani=true&JigyosyoCd=2373004114-00&ServiceCd=110&Type=search", "url2": "http://www.elderly.jp/" }, "geometry": { "type": "Point", "coordinates": [ 137.158495899999906, 35.0962678 ] } },
{ "type": "Feature", "properties": { "内容": "ヘルパーステーション　アクポ【訪問介護】愛知県豊田市丸山町５丁目２１番地コーポラス丸山公園１０５", "url": "https://www.kaigokensaku.mhlw.go.jp/23/index.php?action_kouhyou_detail_004_kani=true&JigyosyoCd=2373002951-00&ServiceCd=110&Type=search", "url2": "http://www.kotoha2007.co.jp/homehelp.html" }, "geometry": { "type": "Point", "coordinates": [ 137.147431407969293, 35.063781415336315 ] } },
{ "type": "Feature", "properties": { "内容": "ヘルパーステーション豊水園【訪問介護】愛知県豊田市今町5-40-1", "url": "https://www.kaigokensaku.mhlw.go.jp/23/index.php?action_kouhyou_detail_004_kani=true&JigyosyoCd=2373001912-00&ServiceCd=110&Type=search", "url2": "http://www.midorinosato4165.or.jp" }, "geometry": { "type": "Point", "coordinates": [ 137.171337799999947, 35.0422468 ] } },
{ "type": "Feature", "properties": { "内容": "ヘルパーステーションくらがいけ【訪問介護】豊田市岩滝町高入４０番地１", "url": "https://www.kaigokensaku.mhlw.go.jp/23/index.php?action_kouhyou_detail_004_kani=true&JigyosyoCd=2373002779-00&ServiceCd=110&Type=search", "url2": "http://asahi-kai.jp/" }, "geometry": { "type": "Point", "coordinates": [ 137.200823200000059, 35.1004439 ] } },
{ "type": "Feature", "properties": { "内容": "ヘルパーステーションアメニティ豊田駅前【訪問介護】愛知県豊田市喜多町2丁目170番地", "url": "https://www.kaigokensaku.mhlw.go.jp/23/index.php?action_kouhyou_detail_004_kani=true&JigyosyoCd=2373003991-00&ServiceCd=110&Type=search", "url2": "http://asahi-kai.jp/" }, "geometry": { "type": "Point", "coordinates": [ 137.158503725454011, 35.087198572050639 ] } },
{ "type": "Feature", "properties": { "内容": "とよた苑ヘルパーステーション【訪問介護】愛知県豊田市野見山町5丁目80番地1", "url": "https://www.kaigokensaku.mhlw.go.jp/23/index.php?action_kouhyou_detail_004_kani=true&JigyosyoCd=2373000443-00&ServiceCd=110&Type=search", "url2": "https://douen.or.jp" }, "geometry": { "type": "Point", "coordinates": [ 137.187208152813355, 35.066711030104415 ] } },
{ "type": "Feature", "properties": { "内容": "ふじのさとヘルパーステーション【訪問介護】愛知県豊田市藤岡飯野町坂口１２０７－２", "url": "https://www.kaigokensaku.mhlw.go.jp/23/index.php?action_kouhyou_detail_004_kani=true&JigyosyoCd=2373001607-00&ServiceCd=110&Type=search", "url2": "http://toyota-shakyo.jp" }, "geometry": { "type": "Point", "coordinates": [ 137.20739709999998, 35.1948692 ] } },
{ "type": "Feature", "properties": { "内容": "百年草ヘルパーステーション【訪問介護】愛知県豊田市足助町東貝戸１０番地", "url": "https://www.kaigokensaku.mhlw.go.jp/23/index.php?action_kouhyou_detail_004_kani=true&JigyosyoCd=2373001656-00&ServiceCd=110&Type=search", "url2": "http://toyota-shakyo.jp/" }, "geometry": { "type": "Point", "coordinates": [ 137.33249109999997, 35.1389442 ] } },
{ "type": "Feature", "properties": { "内容": "ぬくもりの里ヘルパーステーション【訪問介護】愛知県豊田市池島町屋ヶ平22番地", "url": "https://www.kaigokensaku.mhlw.go.jp/23/index.php?action_kouhyou_detail_004_kani=true&JigyosyoCd=2373001680-00&ServiceCd=110&Type=search", "url2": "http://" }, "geometry": { "type": "Point", "coordinates": [ 137.3063072, 35.2024358 ] } },
{ "type": "Feature", "properties": { "内容": "いなぶヘルパーステーション【訪問介護】愛知県豊田市桑原町中村５", "url": "https://www.kaigokensaku.mhlw.go.jp/23/index.php?action_kouhyou_detail_004_kani=true&JigyosyoCd=2373001748-00&ServiceCd=110&Type=search", "url2": "http://toyota-shakyo.jp/" }, "geometry": { "type": "Point", "coordinates": [ 137.502120200000036, 35.2144005 ] } },
{ "type": "Feature", "properties": { "内容": "日本介護サービス株式会社【訪問介護】愛知県豊田市樹木町5丁目51番地", "url": "https://www.kaigokensaku.mhlw.go.jp/23/index.php?action_kouhyou_detail_004_kani=true&JigyosyoCd=2373000351-00&ServiceCd=110&Type=search", "url2": "http://www.n-kaigo.co.jp" }, "geometry": { "type": "Point", "coordinates": [ 137.149905699999977, 35.075523 ] } },
{ "type": "Feature", "properties": { "内容": "訪問介護ステーション　ラルガヴィーダ【訪問介護】愛知県豊田市西町６－２－８", "url": "https://www.kaigokensaku.mhlw.go.jp/23/index.php?action_kouhyou_detail_004_kani=true&JigyosyoCd=2373002167-00&ServiceCd=110&Type=search", "url2": null }, "geometry": { "type": "Point", "coordinates": [ 137.153754700000036, 35.0867052 ] } },
{ "type": "Feature", "properties": { "内容": "ヘルパーステーション笑和とよた【訪問介護】愛知県豊田市花園町小松原14番1サービス付き高齢者向け住宅　笑和とよた", "url": "https://www.kaigokensaku.mhlw.go.jp/23/index.php?action_kouhyou_detail_004_kani=true&JigyosyoCd=2373005145-00&ServiceCd=110&Type=search", "url2": null }, "geometry": { "type": "Point", "coordinates": [ 137.075269669311524, 35.015094516925679 ] } },
{ "type": "Feature", "properties": { "内容": "ケアリール訪問介護事業所　広久手【訪問介護】広久手町5-27-3-2", "url": "https://www.kaigokensaku.mhlw.go.jp/23/index.php?action_kouhyou_detail_004_kani=true&JigyosyoCd=2373005137-00&ServiceCd=110&Type=search", "url2": null }, "geometry": { "type": "Point", "coordinates": [ 137.130887459092406, 35.081393269696783 ] } },
{ "type": "Feature", "properties": { "内容": "ヘルパーステーションゆう【訪問介護】愛知県豊田市深見町常楽３８０番１", "url": "https://www.kaigokensaku.mhlw.go.jp/23/index.php?action_kouhyou_detail_004_kani=true&JigyosyoCd=2376100224-00&ServiceCd=110&Type=search", "url2": "http://" }, "geometry": { "type": "Point", "coordinates": [ 137.193421, 35.1784365 ] } },
{ "type": "Feature", "properties": { "内容": "豊田福寿園　ヘルパーセンター【訪問介護】愛知県豊田市高町東山７番地46", "url": "https://www.kaigokensaku.mhlw.go.jp/23/index.php?action_kouhyou_detail_004_kani=true&JigyosyoCd=2373000815-00&ServiceCd=110&Type=search", "url2": "http://www.fukujuen.or.jp" }, "geometry": { "type": "Point", "coordinates": [ 137.175383600000032, 35.1320644 ] } },
{ "type": "Feature", "properties": { "内容": "ひまわりの街ヘルパーセンター【訪問介護】愛知県豊田市本町本竜48特別養護老人ホームひまわりの街", "url": "https://www.kaigokensaku.mhlw.go.jp/23/index.php?action_kouhyou_detail_004_kani=true&JigyosyoCd=2373002613-00&ServiceCd=110&Type=search", "url2": "himawari@fukujuen.or.jp" }, "geometry": { "type": "Point", "coordinates": [ 137.118964900000037, 35.051388 ] } },
{ "type": "Feature", "properties": { "内容": "ニチイケアセンター豊田南【訪問介護】愛知県豊田市深田町3-29-1", "url": "https://www.kaigokensaku.mhlw.go.jp/23/index.php?action_kouhyou_detail_004_kani=true&JigyosyoCd=2373000948-00&ServiceCd=110&Type=search", "url2": "http://www.nichiigakkan.co.jp" }, "geometry": { "type": "Point", "coordinates": [ 137.12274750000006, 35.0649893 ] } },
{ "type": "Feature", "properties": { "内容": "訪問介護ステーションふるさと【訪問介護】愛知県豊田市青木町５丁目１６－２１", "url": "https://www.kaigokensaku.mhlw.go.jp/23/index.php?action_kouhyou_detail_004_kani=true&JigyosyoCd=2373004213-00&ServiceCd=110&Type=search", "url2": "https://furusato.studio.site/service/9-3" }, "geometry": { "type": "Point", "coordinates": [ 137.176480214355792, 35.118858793406069 ] } },
{ "type": "Feature", "properties": { "内容": "スマイリングSREACHステーション【訪問介護】愛知県　豊田市九久平百々11-17", "url": "https://www.kaigokensaku.mhlw.go.jp/23/index.php?action_kouhyou_detail_004_kani=true&JigyosyoCd=2373004759-00&ServiceCd=110&Type=search", "url2": "https://smiring.info" }, "geometry": { "type": "Point", "coordinates": [ 137.2093511, 35.0517435 ] } },
{ "type": "Feature", "properties": { "内容": "アバンセ介護センターとよた【訪問介護】御幸本町７丁目160-1四季彩豊田", "url": "https://www.kaigokensaku.mhlw.go.jp/23/index.php?action_kouhyou_detail_004_kani=true&JigyosyoCd=2373002795-00&ServiceCd=110&Type=search", "url2": "shikisai-toyota@a-lifesupport.co.jp" }, "geometry": { "type": "Point", "coordinates": [ 137.086996399999947, 34.9587361 ] } },
{ "type": "Feature", "properties": { "内容": "ヘルパーステーション優心【訪問介護】愛知県豊田市美里5丁目11-5ステーション201", "url": "https://www.kaigokensaku.mhlw.go.jp/23/index.php?action_kouhyou_detail_004_kani=true&JigyosyoCd=2373004395-00&ServiceCd=110&Type=search", "url2": null }, "geometry": { "type": "Point", "coordinates": [ 137.180150772160886, 35.07452977231636 ] } },
{ "type": "Feature", "properties": { "内容": "シルバーサポート豊田【訪問介護】豊田市五ケ丘6-4-8", "url": "https://www.kaigokensaku.mhlw.go.jp/23/index.php?action_kouhyou_detail_004_kani=true&JigyosyoCd=2373002126-00&ServiceCd=110&Type=search", "url2": null }, "geometry": { "type": "Point", "coordinates": [ 137.201883407074746, 35.061163699831567 ] } },
{ "type": "Feature", "properties": { "内容": "ヘルパーステーションゆっくり【訪問介護】愛知県豊田市平芝町９番２アクシス豊田１０４", "url": "https://www.kaigokensaku.mhlw.go.jp/23/index.php?action_kouhyou_detail_004_kani=true&JigyosyoCd=2373004957-00&ServiceCd=110&Type=search", "url2": null }, "geometry": { "type": "Point", "coordinates": [ 137.1566235, 35.0956715 ] } },
{ "type": "Feature", "properties": { "内容": "ヘルパーステーション彩【訪問介護】愛知県豊田市四郷町東畑3002階", "url": "https://www.kaigokensaku.mhlw.go.jp/23/index.php?action_kouhyou_detail_004_kani=true&JigyosyoCd=2373004478-00&ServiceCd=110&Type=search", "url2": "https://aya-care2011.com/" }, "geometry": { "type": "Point", "coordinates": [ 137.168417372810723, 35.123699021615806 ] } },
{ "type": "Feature", "properties": { "内容": "ひまわり邸ヘルパーセンター【訪問介護】愛知県豊田市栄生町5-20", "url": "https://www.kaigokensaku.mhlw.go.jp/23/index.php?action_kouhyou_detail_004_kani=true&JigyosyoCd=2373000492-00&ServiceCd=110&Type=search", "url2": "https://www.fukujuen.or.jp" }, "geometry": { "type": "Point", "coordinates": [ 137.147429699999947, 35.1000532 ] } },
{ "type": "Feature", "properties": { "内容": "みのり園ヘルパーステーション【訪問介護】愛知県豊田市中根町男松79番地", "url": "https://www.kaigokensaku.mhlw.go.jp/23/index.php?action_kouhyou_detail_004_kani=true&JigyosyoCd=2373000864-00&ServiceCd=110&Type=search", "url2": "http://www.hm7.aitai.ne.jp/~minorien/" }, "geometry": { "type": "Point", "coordinates": [ 137.085348899999985, 35.0278504 ] } },
{ "type": "Feature", "properties": { "内容": "大日ケアサービス【訪問介護】愛知県豊田市宮上町6丁目35番地１", "url": "https://www.kaigokensaku.mhlw.go.jp/23/index.php?action_kouhyou_detail_004_kani=true&JigyosyoCd=2373000344-00&ServiceCd=110&Type=search", "url2": "http://www.dainichi-com.co.jp" }, "geometry": { "type": "Point", "coordinates": [ 137.130881899999963, 35.0927559 ] } },
{ "type": "Feature", "properties": { "内容": "ヘルパーステーション　シエル【訪問介護】３丁目９番地３マンション善六　１０２", "url": "https://www.kaigokensaku.mhlw.go.jp/23/index.php?action_kouhyou_detail_004_kani=true&JigyosyoCd=2373002985-00&ServiceCd=110&Type=search", "url2": "http://hs-ciel.jp/" }, "geometry": { "type": "Point", "coordinates": [ 137.15834420345152, 35.10322532304783 ] } },
{ "type": "Feature", "properties": { "内容": "高齢者生協ケアセンターほみ【訪問介護】豊田市保見ケ丘５－１ＦＯＸＴＯＷＮ１階", "url": "https://www.kaigokensaku.mhlw.go.jp/23/index.php?action_kouhyou_detail_004_kani=true&JigyosyoCd=2373002530-00&ServiceCd=110&Type=search", "url2": "https://aichiko.com/" }, "geometry": { "type": "Point", "coordinates": [ 137.137077715344276, 35.146795195582918 ] } },
{ "type": "Feature", "properties": { "内容": "ＰＯＲＴ【訪問介護】愛知県豊田市土橋町４丁目５０番地４サンシャイン八城５０１号", "url": "https://www.kaigokensaku.mhlw.go.jp/23/index.php?action_kouhyou_detail_004_kani=true&JigyosyoCd=2373004908-00&ServiceCd=110&Type=search", "url2": "https://port-isd.ne.jp/" }, "geometry": { "type": "Point", "coordinates": [ 137.127285584061468, 35.062157818133684 ] } },
{ "type": "Feature", "properties": { "内容": "訪問介護事業所なでしこ豊田【訪問介護】豊田市西中山町榎前99-1さくらマンション202", "url": "https://www.kaigokensaku.mhlw.go.jp/23/index.php?action_kouhyou_detail_004_kani=true&JigyosyoCd=2373003744-00&ServiceCd=110&Type=search", "url2": "http://heart-lc.com" }, "geometry": { "type": "Point", "coordinates": [ 137.185862400000019, 35.1572799 ] } },
{ "type": "Feature", "properties": { "内容": "合同会社Akazahpstation【訪問介護】愛知県豊田市小坂町4-23-7", "url": "https://www.kaigokensaku.mhlw.go.jp/23/index.php?action_kouhyou_detail_004_kani=true&JigyosyoCd=2373004429-00&ServiceCd=110&Type=search", "url2": "https://akazahpstation/com" }, "geometry": { "type": "Point", "coordinates": [ 137.14202851163941, 35.0900545 ] } },
{ "type": "Feature", "properties": { "内容": "ヘルパーステションコスモス【訪問介護】愛知県豊田市九久平町河内澤16-1", "url": "https://www.kaigokensaku.mhlw.go.jp/23/index.php?action_kouhyou_detail_004_kani=true&JigyosyoCd=2373004544-00&ServiceCd=110&Type=search", "url2": null }, "geometry": { "type": "Point", "coordinates": [ 137.218820588360586, 35.05697578915855 ] } },
{ "type": "Feature", "properties": { "内容": "フリーステーションとよた【訪問介護】愛知県豊田市元宮町1丁目20スィルヴィーブル248　205号", "url": "https://www.kaigokensaku.mhlw.go.jp/23/index.php?action_kouhyou_detail_004_kani=true&JigyosyoCd=2373004049-00&ServiceCd=110&Type=search", "url2": null }, "geometry": { "type": "Point", "coordinates": [ 137.160587099999987, 35.0738496 ] } },
{ "type": "Feature", "properties": { "内容": "訪問介護おかげさま【訪問介護】愛知県豊田市大林町13丁目8‐16", "url": "https://www.kaigokensaku.mhlw.go.jp/23/index.php?action_kouhyou_detail_004_kani=true&JigyosyoCd=2373004965-00&ServiceCd=110&Type=search", "url2": null }, "geometry": { "type": "Point", "coordinates": [ 137.144373300000012, 35.0460089 ] } },
{ "type": "Feature", "properties": { "内容": "ヘルパーステーションみさと【訪問介護】愛知県豊田市美里5丁目23番地５", "url": "https://www.kaigokensaku.mhlw.go.jp/23/index.php?action_kouhyou_detail_004_kani=true&JigyosyoCd=2373002456-00&ServiceCd=110&Type=search", "url2": null }, "geometry": { "type": "Point", "coordinates": [ 137.181018799999947, 35.075188 ] } },
{ "type": "Feature", "properties": { "内容": "あいヘルパーステーション【訪問介護】愛知県豊田市本地町３丁目２９番地1あいケアホーム本地", "url": "https://www.kaigokensaku.mhlw.go.jp/23/index.php?action_kouhyou_detail_004_kani=true&JigyosyoCd=2373003496-00&ServiceCd=110&Type=search", "url2": "http://i-carehome.net/" }, "geometry": { "type": "Point", "coordinates": [ 137.117318915205402, 35.075392065485595 ] } },
{ "type": "Feature", "properties": { "内容": "ヘルパーステーションはればれ【訪問介護】愛知県豊田市上野町5-1-1", "url": "https://www.kaigokensaku.mhlw.go.jp/23/index.php?action_kouhyou_detail_004_kani=true&JigyosyoCd=2373004288-00&ServiceCd=110&Type=search", "url2": "arium0916.com" }, "geometry": { "type": "Point", "coordinates": [ 137.183227600000038, 35.0896338 ] } },
{ "type": "Feature", "properties": { "内容": "ヘルパーステーションOWL【訪問介護】愛知県豊田市浄水町伊保原305Y’ｓGARDEN909", "url": "https://www.kaigokensaku.mhlw.go.jp/23/index.php?action_kouhyou_detail_004_kani=true&JigyosyoCd=2373005061-00&ServiceCd=110&Type=search", "url2": "https://helperstation-owl.com/" }, "geometry": { "type": "Point", "coordinates": [ 137.137969798115705, 35.123734414548473 ] } },
{ "type": "Feature", "properties": { "内容": "訪問介護事業所かがやき【訪問介護】愛知県安城市日の出町5-7スカイビレッジ日の出4階", "url": "https://www.kaigokensaku.mhlw.go.jp/23/index.php?action_kouhyou_detail_004_kani=true&JigyosyoCd=2373101761-00&ServiceCd=110&Type=search", "url2": null }, "geometry": { "type": "Point", "coordinates": [ 137.09109890000002, 34.9526078 ] } },
{ "type": "Feature", "properties": { "内容": "結いの風【訪問介護】愛知県安城市赤松町大北89番地", "url": "https://www.kaigokensaku.mhlw.go.jp/23/index.php?action_kouhyou_detail_004_kani=true&JigyosyoCd=2373101852-00&ServiceCd=110&Type=search", "url2": null }, "geometry": { "type": "Point", "coordinates": [ 137.07138150000003, 34.9457038 ] } },
{ "type": "Feature", "properties": { "内容": "ヘルパーステーション　オレンジ【訪問介護】愛知県安城市安城町名広85番地5", "url": "https://www.kaigokensaku.mhlw.go.jp/23/index.php?action_kouhyou_detail_004_kani=true&JigyosyoCd=2373102330-00&ServiceCd=110&Type=search", "url2": "http://oss-kk.com" }, "geometry": { "type": "Point", "coordinates": [ 137.096852500000011, 34.9500193 ] } },
{ "type": "Feature", "properties": { "内容": "えんがわへるぱー【訪問介護】安城市住吉町６－８－４第２新安城ビル２C", "url": "https://www.kaigokensaku.mhlw.go.jp/23/index.php?action_kouhyou_detail_004_kani=true&JigyosyoCd=2373102041-00&ServiceCd=110&Type=search", "url2": "http://www.engawaday.co.jp/" }, "geometry": { "type": "Point", "coordinates": [ 137.079790576618791, 34.98794491175984 ] } },
{ "type": "Feature", "properties": { "内容": "ニチイケアセンター三河安城【訪問介護】愛知県安城市三河安城本町1丁目32番14", "url": "https://www.kaigokensaku.mhlw.go.jp/23/index.php?action_kouhyou_detail_004_kani=true&JigyosyoCd=2373101183-00&ServiceCd=110&Type=search", "url2": "http://" }, "geometry": { "type": "Point", "coordinates": [ 137.0585125, 34.9700338 ] } },
{ "type": "Feature", "properties": { "内容": "ツクシケアステーション【訪問介護】愛知県安城市住吉町２丁目３番４４号", "url": "https://www.kaigokensaku.mhlw.go.jp/23/index.php?action_kouhyou_detail_004_kani=true&JigyosyoCd=2373101522-00&ServiceCd=110&Type=search", "url2": null }, "geometry": { "type": "Point", "coordinates": [ 137.079621699999961, 34.9852768 ] } },
{ "type": "Feature", "properties": { "内容": "ヘルパーステーション　みなみの風【訪問介護】安城市南町7番19号", "url": "https://www.kaigokensaku.mhlw.go.jp/23/index.php?action_kouhyou_detail_004_kani=true&JigyosyoCd=2373101134-00&ServiceCd=110&Type=search", "url2": "http://" }, "geometry": { "type": "Point", "coordinates": [ 137.090446199999974, 34.9506149 ] } },
{ "type": "Feature", "properties": { "内容": "訪問介護あいわ【訪問介護】愛知県安城市安城町宮前108番地築山ビル102号", "url": "https://www.kaigokensaku.mhlw.go.jp/23/index.php?action_kouhyou_detail_004_kani=true&JigyosyoCd=2373101977-00&ServiceCd=110&Type=search", "url2": null }, "geometry": { "type": "Point", "coordinates": [ 137.091818720021024, 34.948116414997244 ] } },
{ "type": "Feature", "properties": { "内容": "アクア安城訪問介護【訪問介護】愛知県安城市堀内町屋敷43－6", "url": "https://www.kaigokensaku.mhlw.go.jp/23/index.php?action_kouhyou_detail_004_kani=true&JigyosyoCd=2373102207-00&ServiceCd=110&Type=search", "url2": "http://www.staff-syuei.biz/" }, "geometry": { "type": "Point", "coordinates": [ 137.091001903704807, 34.924798981286486 ] } },
{ "type": "Feature", "properties": { "内容": "テイクケア安城【訪問介護】愛知県安城市古井町新道29番地24", "url": "https://www.kaigokensaku.mhlw.go.jp/23/index.php?action_kouhyou_detail_004_kani=true&JigyosyoCd=2373102504-00&ServiceCd=110&Type=search", "url2": "https://takecare-anjo.com/index.html" }, "geometry": { "type": "Point", "coordinates": [ 137.0899815, 34.9325992 ] } },
{ "type": "Feature", "properties": { "内容": "JAあいち中央訪問介護事業所ヘルパーステーション安城南【訪問介護】愛知県安城市和泉町南家下6-1", "url": "https://www.kaigokensaku.mhlw.go.jp/23/index.php?action_kouhyou_detail_004_kani=true&JigyosyoCd=2373100045-00&ServiceCd=110&Type=search", "url2": "http://www.jaac.or.jp/" }, "geometry": { "type": "Point", "coordinates": [ 137.045285599999943, 34.913205 ] } },
{ "type": "Feature", "properties": { "内容": "訪問介護　すまいる【訪問介護】愛知県安城市東明町２番地１７石野ビル２０１", "url": "https://www.kaigokensaku.mhlw.go.jp/23/index.php?action_kouhyou_detail_004_kani=true&JigyosyoCd=2373101472-00&ServiceCd=110&Type=search", "url2": null }, "geometry": { "type": "Point", "coordinates": [ 137.094009599999907, 34.952651 ] } },
{ "type": "Feature", "properties": { "内容": "ヘルパーステーションアイシーリビング三河安城【訪問介護】愛知県安城市篠目町1-13-5", "url": "https://www.kaigokensaku.mhlw.go.jp/23/index.php?action_kouhyou_detail_004_kani=true&JigyosyoCd=2373101944-00&ServiceCd=110&Type=search", "url2": "info@isee-life.jp" }, "geometry": { "type": "Point", "coordinates": [ 137.072105057008343, 34.978470563001984 ] } },
{ "type": "Feature", "properties": { "内容": "オリーブヘルパーステーション【訪問介護】愛知県安城市弁天町1番12号弁天ビル205", "url": "https://www.kaigokensaku.mhlw.go.jp/23/index.php?action_kouhyou_detail_004_kani=true&JigyosyoCd=2373102231-00&ServiceCd=110&Type=search", "url2": null }, "geometry": { "type": "Point", "coordinates": [ 137.091071817790976, 34.964122077203363 ] } },
{ "type": "Feature", "properties": { "内容": "ニチイケアセンター安城【訪問介護】愛知県安城市篠目町童子202-1　　　　鈴木アクティス", "url": "https://www.kaigokensaku.mhlw.go.jp/23/index.php?action_kouhyou_detail_004_kani=true&JigyosyoCd=2373100177-00&ServiceCd=110&Type=search", "url2": "http://www.nichiigakkan.co.jp" }, "geometry": { "type": "Point", "coordinates": [ 137.063659199999961, 34.9730836 ] } },
{ "type": "Feature", "properties": { "内容": "ニチイケアセンター朝日町【訪問介護】愛知県安城市朝日町22-3朝日町テナント1F", "url": "https://www.kaigokensaku.mhlw.go.jp/23/index.php?action_kouhyou_detail_004_kani=true&JigyosyoCd=2373102264-00&ServiceCd=110&Type=search", "url2": null }, "geometry": { "type": "Point", "coordinates": [ 137.089805399999989, 34.954949 ] } },
{ "type": "Feature", "properties": { "内容": "グレイシャスビラ安城ヘルパーステーション【訪問介護】愛知県安城市三河安城東町1-7-3", "url": "https://www.kaigokensaku.mhlw.go.jp/23/index.php?action_kouhyou_detail_004_kani=true&JigyosyoCd=2373100961-00&ServiceCd=110&Type=search", "url2": "https://gracious-villa.jp" }, "geometry": { "type": "Point", "coordinates": [ 137.066627599999947, 34.964832800000018 ] } },
{ "type": "Feature", "properties": { "内容": "株式会社　ライフサポート【訪問介護】愛知県安城市三河安城南町一丁目13番地４", "url": "https://www.kaigokensaku.mhlw.go.jp/23/index.php?action_kouhyou_detail_004_kani=true&JigyosyoCd=2373100185-00&ServiceCd=110&Type=search", "url2": null }, "geometry": { "type": "Point", "coordinates": [ 137.06052909999994, 34.9650206 ] } },
{ "type": "Feature", "properties": { "内容": "松井ヘルパーステーション【訪問介護】愛知県安城市法連町9-5どきたプラザ", "url": "https://www.kaigokensaku.mhlw.go.jp/23/index.php?action_kouhyou_detail_004_kani=true&JigyosyoCd=2373101845-00&ServiceCd=110&Type=search", "url2": null }, "geometry": { "type": "Point", "coordinates": [ 137.093125215869151, 34.955136327059535 ] } },
{ "type": "Feature", "properties": { "内容": "ホームヘルプ八千代【訪問介護】愛知県安城市東栄町1丁目10番1号八千代在宅ケアセンター2階", "url": "https://www.kaigokensaku.mhlw.go.jp/23/index.php?action_kouhyou_detail_004_kani=true&JigyosyoCd=2373100078-00&ServiceCd=110&Type=search", "url2": "http://www.yachiyo-hosp.or.jp" }, "geometry": { "type": "Point", "coordinates": [ 137.083454, 34.9891741 ] } },
{ "type": "Feature", "properties": { "内容": "ヘルパーステーション小川の里【訪問介護】愛知県安城市小川町三ツ塚１番地１", "url": "https://www.kaigokensaku.mhlw.go.jp/23/index.php?action_kouhyou_detail_004_kani=true&JigyosyoCd=2373100565-00&ServiceCd=110&Type=search", "url2": "http://www.iful-jikeikai.com" }, "geometry": { "type": "Point", "coordinates": [ 137.0778133, 34.9099669 ] } },
{ "type": "Feature", "properties": { "内容": "指定訪問介護事業所「安城市社会福祉協議会ホームヘルパーセンター」【訪問介護】愛知県安城市赤松町大北７８番地４安城市社会福祉会館", "url": "https://www.kaigokensaku.mhlw.go.jp/23/index.php?action_kouhyou_detail_004_kani=true&JigyosyoCd=2373100060-00&ServiceCd=110&Type=search", "url2": "https://www.anjo-syakyo.or.jp/" }, "geometry": { "type": "Point", "coordinates": [ 137.071962, 34.9452317 ] } },
{ "type": "Feature", "properties": { "内容": "コープあいち福祉サービス安城【訪問介護】愛知県安城市桜井町大役田34-19", "url": "https://www.kaigokensaku.mhlw.go.jp/23/index.php?action_kouhyou_detail_004_kani=true&JigyosyoCd=2373100342-00&ServiceCd=110&Type=search", "url2": "http://" }, "geometry": { "type": "Point", "coordinates": [ 137.09035243592831, 34.916569042118752 ] } },
{ "type": "Feature", "properties": { "内容": "西三河在宅介護センター安城【訪問介護】愛知県安城市安城町宮前38番地1", "url": "https://www.kaigokensaku.mhlw.go.jp/23/index.php?action_kouhyou_detail_004_kani=true&JigyosyoCd=2373100847-00&ServiceCd=110&Type=search", "url2": "http://www.kaigocenter-anjyo.com" }, "geometry": { "type": "Point", "coordinates": [ 137.093738625114383, 34.948937485028395 ] } },
{ "type": "Feature", "properties": { "内容": "訪問介護LaCoeur【訪問介護】愛知県安城市安城町清水30-2メゾントーマ安城102号室", "url": "https://www.kaigokensaku.mhlw.go.jp/23/index.php?action_kouhyou_detail_004_kani=true&JigyosyoCd=2373102595-00&ServiceCd=110&Type=search", "url2": "https://lien-group.co.jp/" }, "geometry": { "type": "Point", "coordinates": [ 137.0963294, 34.948461 ] } },
{ "type": "Feature", "properties": { "内容": "ヘルパーステーションリアライズ【訪問介護】愛知県安城市三河安城本町2丁目１-10KAGAYAKISQUARE701", "url": "https://www.kaigokensaku.mhlw.go.jp/23/index.php?action_kouhyou_detail_004_kani=true&JigyosyoCd=2373102306-00&ServiceCd=110&Type=search", "url2": "https://bestpartner-realize.jimdofree.com/" }, "geometry": { "type": "Point", "coordinates": [ 137.059054830929, 34.96817816152069 ] } },
{ "type": "Feature", "properties": { "内容": "医心館訪問介護ステーション安城【訪問介護】愛知県安城市今池町３丁目２番31号", "url": "https://www.kaigokensaku.mhlw.go.jp/23/index.php?action_kouhyou_detail_004_kani=true&JigyosyoCd=2373102454-00&ServiceCd=110&Type=search", "url2": null }, "geometry": { "type": "Point", "coordinates": [ 137.084785100000033, 34.9771487 ] } },
{ "type": "Feature", "properties": { "内容": "ヘルパーステーションはなひなの杜桜井【訪問介護】愛知県安城市桜井町咽首157番地はなひなの杜桜井", "url": "https://www.kaigokensaku.mhlw.go.jp/23/index.php?action_kouhyou_detail_004_kani=true&JigyosyoCd=2373102520-00&ServiceCd=110&Type=search", "url2": "https://www.hanahina.jp" }, "geometry": { "type": "Point", "coordinates": [ 137.074596706894283, 34.919002115771697 ] } },
{ "type": "Feature", "properties": { "内容": "ヘルパーステーション優心　南安城【訪問介護】安城市日の出町５－７", "url": "https://www.kaigokensaku.mhlw.go.jp/23/index.php?action_kouhyou_detail_004_kani=true&JigyosyoCd=2373102363-00&ServiceCd=110&Type=search", "url2": null }, "geometry": { "type": "Point", "coordinates": [ 137.091096099999987, 34.9526196 ] } },
{ "type": "Feature", "properties": { "内容": "けいか訪問介護サービス【訪問介護】愛知県安城市古井町小仏23-1", "url": "https://www.kaigokensaku.mhlw.go.jp/23/index.php?action_kouhyou_detail_004_kani=true&JigyosyoCd=2373101886-00&ServiceCd=110&Type=search", "url2": "keika-ds.com" }, "geometry": { "type": "Point", "coordinates": [ 137.088186, 34.9335225 ] } },
{ "type": "Feature", "properties": { "内容": "訪問介護事業所　レンタルかいご【訪問介護】愛知県安城市安城町拝木6-1サマーブリーズI201", "url": "https://www.kaigokensaku.mhlw.go.jp/23/index.php?action_kouhyou_detail_004_kani=true&JigyosyoCd=2373102553-00&ServiceCd=110&Type=search", "url2": null }, "geometry": { "type": "Point", "coordinates": [ 137.0969505, 34.947308 ] } },
{ "type": "Feature", "properties": { "内容": "ヘルパーサービス花むすび【訪問介護】桜井町五ヶ野13-2", "url": "https://www.kaigokensaku.mhlw.go.jp/23/index.php?action_kouhyou_detail_004_kani=true&JigyosyoCd=2373100813-00&ServiceCd=110&Type=search", "url2": "http://hanamusubi-anjo.com" }, "geometry": { "type": "Point", "coordinates": [ 137.06820662835537, 34.920922752058125 ] } },
{ "type": "Feature", "properties": { "内容": "訪問介護事業所エルスリー三河西尾【訪問介護】愛知県西尾市一色町対米洲田34番地６エルスリー三河西尾", "url": "https://www.kaigokensaku.mhlw.go.jp/23/index.php?action_kouhyou_detail_004_kani=true&JigyosyoCd=2373200852-00&ServiceCd=110&Type=search", "url2": "http://www.nblab-el3.com" }, "geometry": { "type": "Point", "coordinates": [ 137.03422132120636, 34.806962760215235 ] } },
{ "type": "Feature", "properties": { "内容": "ヘルパーステーション天晴れ【訪問介護】愛知県西尾市米津町北浦32番3", "url": "https://www.kaigokensaku.mhlw.go.jp/23/index.php?action_kouhyou_detail_004_kani=true&JigyosyoCd=2373201678-00&ServiceCd=110&Type=search", "url2": null }, "geometry": { "type": "Point", "coordinates": [ 137.058738650926244, 34.898808769117167 ] } },
{ "type": "Feature", "properties": { "内容": "ヘルパーステーションいこいの里【訪問介護】愛知県西尾市丁田町杢左５１－１", "url": "https://www.kaigokensaku.mhlw.go.jp/23/index.php?action_kouhyou_detail_004_kani=true&JigyosyoCd=2373200514-00&ServiceCd=110&Type=search", "url2": "http://www.ikoinosato.com/" }, "geometry": { "type": "Point", "coordinates": [ 137.063285800000017, 34.8602452 ] } },
{ "type": "Feature", "properties": { "内容": "西尾すみれ訪問介護ステーション【訪問介護】愛知県西尾市今川町御堂東71番地1", "url": "https://www.kaigokensaku.mhlw.go.jp/23/index.php?action_kouhyou_detail_004_kani=true&JigyosyoCd=2373201785-00&ServiceCd=110&Type=search", "url2": null }, "geometry": { "type": "Point", "coordinates": [ 137.0616473, 34.8549459 ] } },
{ "type": "Feature", "properties": { "内容": "サンライズ高須ヘルパーステーション【訪問介護】愛知県西尾市一色町赤羽北荒子20番地1", "url": "https://www.kaigokensaku.mhlw.go.jp/23/index.php?action_kouhyou_detail_004_kani=true&JigyosyoCd=2373200910-00&ServiceCd=110&Type=search", "url2": "https://takasu-hp.or.jp" }, "geometry": { "type": "Point", "coordinates": [ 137.021539800000028, 34.8189213 ] } },
{ "type": "Feature", "properties": { "内容": "高須ヘルパーステーション【訪問介護】愛知県西尾市一色町赤羽上郷中113番地1", "url": "https://www.kaigokensaku.mhlw.go.jp/23/index.php?action_kouhyou_detail_004_kani=true&JigyosyoCd=2375900210-00&ServiceCd=110&Type=search", "url2": "https://takasu-hp.or.jp" }, "geometry": { "type": "Point", "coordinates": [ 137.018778900000029, 34.8187184 ] } },
{ "type": "Feature", "properties": { "内容": "やまおﾍﾙﾊﾟｰｽﾃｰｼｮﾝ【訪問介護】愛知県西尾市徳次町明大寺４番地カーサやまお", "url": "https://www.kaigokensaku.mhlw.go.jp/23/index.php?action_kouhyou_detail_004_kani=true&JigyosyoCd=2373201256-00&ServiceCd=110&Type=search", "url2": null }, "geometry": { "type": "Point", "coordinates": [ 137.0720987, 34.8646641 ] } },
{ "type": "Feature", "properties": { "内容": "ヘルパーステーション西尾【訪問介護】愛知県西尾市寄住町洲田21-2", "url": "https://www.kaigokensaku.mhlw.go.jp/23/index.php?action_kouhyou_detail_004_kani=true&JigyosyoCd=2373200068-00&ServiceCd=110&Type=search", "url2": "https://www.jhn.or.jp/" }, "geometry": { "type": "Point", "coordinates": [ 137.061483100000032, 34.864128 ] } },
{ "type": "Feature", "properties": { "内容": "ヘルパーステーションいずみ【訪問介護】愛知県西尾市和泉町22番地", "url": "https://www.kaigokensaku.mhlw.go.jp/23/index.php?action_kouhyou_detail_004_kani=true&JigyosyoCd=2373200217-00&ServiceCd=110&Type=search", "url2": "http://www.nishio-hp.or.jp/" }, "geometry": { "type": "Point", "coordinates": [ 137.0556252, 34.8672971 ] } },
{ "type": "Feature", "properties": { "内容": "ヘルパーステーション　Ｋａｋｅｈａｓｈｉ【訪問介護】愛知県西尾市羽塚町北側45番地の1", "url": "https://www.kaigokensaku.mhlw.go.jp/23/index.php?action_kouhyou_detail_004_kani=true&JigyosyoCd=2373201520-00&ServiceCd=110&Type=search", "url2": "https://www.hatsuka-trans.com/kakehashi" }, "geometry": { "type": "Point", "coordinates": [ 137.028147, 34.8617358 ] } },
{ "type": "Feature", "properties": { "内容": "株式会社　かまだ【訪問介護】愛知県西尾市吉良町中野郷中７４番地２", "url": "https://www.kaigokensaku.mhlw.go.jp/23/index.php?action_kouhyou_detail_004_kani=true&JigyosyoCd=2375900459-00&ServiceCd=110&Type=search", "url2": null }, "geometry": { "type": "Point", "coordinates": [ 137.077302300000042, 34.8226452 ] } },
{ "type": "Feature", "properties": { "内容": "樹ヘルパーリンク【訪問介護】丁田町前通１５番地1", "url": "https://www.kaigokensaku.mhlw.go.jp/23/index.php?action_kouhyou_detail_004_kani=true&JigyosyoCd=2373201769-00&ServiceCd=110&Type=search", "url2": "https://www.itsukiherupa.com/" }, "geometry": { "type": "Point", "coordinates": [ 137.066818300000023, 34.8575884 ] } },
{ "type": "Feature", "properties": { "内容": "社会福祉法人西尾市社会福祉協議会ホームヘルパーステーション【訪問介護】愛知県西尾市花ノ木町２丁目１番地西尾市総合福祉センター1Ｆ", "url": "https://www.kaigokensaku.mhlw.go.jp/23/index.php?action_kouhyou_detail_004_kani=true&JigyosyoCd=2373200134-00&ServiceCd=110&Type=search", "url2": "http://nishio-shakyo.sakura.ne.jp" }, "geometry": { "type": "Point", "coordinates": [ 137.058377699999937, 34.867788699999934 ] } },
{ "type": "Feature", "properties": { "内容": "西尾市社協ヘルパーステーションきら【訪問介護】愛知県西尾市吉良町吉田大切間１７番地３西尾市吉良保健センター内", "url": "https://www.kaigokensaku.mhlw.go.jp/23/index.php?action_kouhyou_detail_004_kani=true&JigyosyoCd=2375900483-00&ServiceCd=110&Type=search", "url2": "http://nishio-shakyo.sakura.ne.jp" }, "geometry": { "type": "Point", "coordinates": [ 137.064751300000012, 34.7965039 ] } },
{ "type": "Feature", "properties": { "内容": "ふれあいサポートヘルパー事業所【訪問介護】西尾市駒場町東山39番地1", "url": "https://www.kaigokensaku.mhlw.go.jp/23/index.php?action_kouhyou_detail_004_kani=true&JigyosyoCd=2373200381-00&ServiceCd=110&Type=search", "url2": "https://fureai-npo.com" }, "geometry": { "type": "Point", "coordinates": [ 137.105767499999956, 34.8657673 ] } },
{ "type": "Feature", "properties": { "内容": "特定非営利活動法人大樹の会訪問介護事業所【訪問介護】愛知県西尾市矢曽根町下前田3番地1", "url": "https://www.kaigokensaku.mhlw.go.jp/23/index.php?action_kouhyou_detail_004_kani=true&JigyosyoCd=2373200340-00&ServiceCd=110&Type=search", "url2": "http://www.npo-taijyu.or.jp/" }, "geometry": { "type": "Point", "coordinates": [ 137.050478851520552, 34.854754397813416 ] } },
{ "type": "Feature", "properties": { "内容": "ヘルパーステーションれもん【訪問介護】愛知県西尾市住崎四丁目32番地", "url": "https://www.kaigokensaku.mhlw.go.jp/23/index.php?action_kouhyou_detail_004_kani=true&JigyosyoCd=2373200399-00&ServiceCd=110&Type=search", "url2": "http://" }, "geometry": { "type": "Point", "coordinates": [ 137.044616633132705, 34.855952656608643 ] } },
{ "type": "Feature", "properties": { "内容": "ヘルパーステーション「たんぽぽ」【訪問介護】西尾市新村町郷東22番地", "url": "https://www.kaigokensaku.mhlw.go.jp/23/index.php?action_kouhyou_detail_004_kani=true&JigyosyoCd=2373200571-00&ServiceCd=110&Type=search", "url2": "https://fujicare-s.com/" }, "geometry": { "type": "Point", "coordinates": [ 137.108407700000043, 34.900327 ] } },
{ "type": "Feature", "properties": { "内容": "中畑すみれ訪問介護ステーション【訪問介護】愛知県西尾市中畑町矢無3-1", "url": "https://www.kaigokensaku.mhlw.go.jp/23/index.php?action_kouhyou_detail_004_kani=true&JigyosyoCd=2373201629-00&ServiceCd=110&Type=search", "url2": null }, "geometry": { "type": "Point", "coordinates": [ 137.02161315601569, 34.869666802240182 ] } },
{ "type": "Feature", "properties": { "内容": "ヘルパーステーション花とミヅキ　ゆとりの杜【訪問介護】愛知県西尾市山下町東八幡山26", "url": "https://www.kaigokensaku.mhlw.go.jp/23/index.php?action_kouhyou_detail_004_kani=true&JigyosyoCd=2373201736-00&ServiceCd=110&Type=search", "url2": "hanamiduki-ink.com" }, "geometry": { "type": "Point", "coordinates": [ 137.04415332023774, 34.864598884673661 ] } },
{ "type": "Feature", "properties": { "内容": "訪問介護事業所しはとの郷【訪問介護】愛知県西尾市鳥羽町迎49番地2", "url": "https://www.kaigokensaku.mhlw.go.jp/23/index.php?action_kouhyou_detail_004_kani=true&JigyosyoCd=2375900129-00&ServiceCd=110&Type=search", "url2": "http://www.shihato.com/" }, "geometry": { "type": "Point", "coordinates": [ 137.097359635581938, 34.796756679358431 ] } },
{ "type": "Feature", "properties": { "内容": "ヘルパーステーション　すまいる【訪問介護】愛知県西尾市永吉三丁目１１０", "url": "https://www.kaigokensaku.mhlw.go.jp/23/index.php?action_kouhyou_detail_004_kani=true&JigyosyoCd=2373200480-00&ServiceCd=110&Type=search", "url2": null }, "geometry": { "type": "Point", "coordinates": [ 137.046767700000032, 34.8607309 ] } },
{ "type": "Feature", "properties": { "内容": "訪問介護ステーションａｉ【訪問介護】愛知県西尾市下羽角町字郷内61-2", "url": "https://www.kaigokensaku.mhlw.go.jp/23/index.php?action_kouhyou_detail_004_kani=true&JigyosyoCd=2373201819-00&ServiceCd=110&Type=search", "url2": null }, "geometry": { "type": "Point", "coordinates": [ 137.1211343, 34.8832339 ] } },
{ "type": "Feature", "properties": { "内容": "ホームヘルパーステーション　はずてっぷ【訪問介護】愛知県西尾市志籠谷町山畔56番地", "url": "https://www.kaigokensaku.mhlw.go.jp/23/index.php?action_kouhyou_detail_004_kani=true&JigyosyoCd=2373200175-00&ServiceCd=110&Type=search", "url2": "http://www.tokai-aid.com" }, "geometry": { "type": "Point", "coordinates": [ 137.085429324785053, 34.881942197812776 ] } },
{ "type": "Feature", "properties": { "内容": "ヘルパーステーション　なでしこ【訪問介護】愛知県西尾市山下町西八幡山３４番地５", "url": "https://www.kaigokensaku.mhlw.go.jp/23/index.php?action_kouhyou_detail_004_kani=true&JigyosyoCd=2373201355-00&ServiceCd=110&Type=search", "url2": null }, "geometry": { "type": "Point", "coordinates": [ 137.0397544, 34.8645331 ] } },
{ "type": "Feature", "properties": { "内容": "訪問介護事業所なでしこ西尾【訪問介護】愛知県西尾市一色町一色前新田165-3", "url": "https://www.kaigokensaku.mhlw.go.jp/23/index.php?action_kouhyou_detail_004_kani=true&JigyosyoCd=2373201462-00&ServiceCd=110&Type=search", "url2": "http://heart-lc.com" }, "geometry": { "type": "Point", "coordinates": [ 137.02465620000001, 34.8215267 ] } },
{ "type": "Feature", "properties": { "内容": "訪問介護ステーション高宮城２【訪問介護】愛知県西尾市中町７５番地１", "url": "https://www.kaigokensaku.mhlw.go.jp/23/index.php?action_kouhyou_detail_004_kani=true&JigyosyoCd=2373201827-00&ServiceCd=110&Type=search", "url2": "https://nursing-wonder.com/" }, "geometry": { "type": "Point", "coordinates": [ 137.0527535, 34.8700363 ] } },
{ "type": "Feature", "properties": { "内容": "みかわ訪問介護ステーション【訪問介護】愛知県蒲郡市金平町一ノ沢２番地５新葵荘", "url": "https://www.kaigokensaku.mhlw.go.jp/23/index.php?action_kouhyou_detail_004_kani=true&JigyosyoCd=2373300967-00&ServiceCd=110&Type=search", "url2": null }, "geometry": { "type": "Point", "coordinates": [ 137.173525, 34.8154641 ] } },
{ "type": "Feature", "properties": { "内容": "訪問介護オーシャンズ【訪問介護】清田町夏目４－２", "url": "https://www.kaigokensaku.mhlw.go.jp/23/index.php?action_kouhyou_detail_004_kani=true&JigyosyoCd=2373301387-00&ServiceCd=110&Type=search", "url2": null }, "geometry": { "type": "Point", "coordinates": [ 137.2340726, 34.8401832 ] } },
{ "type": "Feature", "properties": { "内容": "あゆみ訪問介護事業所【訪問介護】愛知県蒲郡市平田町門田20番地2", "url": "https://www.kaigokensaku.mhlw.go.jp/23/index.php?action_kouhyou_detail_004_kani=true&JigyosyoCd=2373301379-00&ServiceCd=110&Type=search", "url2": null }, "geometry": { "type": "Point", "coordinates": [ 137.2616389, 34.8149087 ] } },
{ "type": "Feature", "properties": { "内容": "訪問介護　きらら【訪問介護】愛知県蒲郡市松原町20番12号シーサイドハウス松原11号", "url": "https://www.kaigokensaku.mhlw.go.jp/23/index.php?action_kouhyou_detail_004_kani=true&JigyosyoCd=2373301049-00&ServiceCd=110&Type=search", "url2": "www.maroon.dti.ne.jp/kaigo-kirara/" }, "geometry": { "type": "Point", "coordinates": [ 137.230502440875512, 34.819595691192774 ] } },
{ "type": "Feature", "properties": { "内容": "JA蒲郡市介護センター【訪問介護】愛知県蒲郡市上本町２番２５号", "url": "https://www.kaigokensaku.mhlw.go.jp/23/index.php?action_kouhyou_detail_004_kani=true&JigyosyoCd=2373300140-00&ServiceCd=110&Type=search", "url2": "https://ja-gamagori.or.jp/" }, "geometry": { "type": "Point", "coordinates": [ 137.2282894, 34.8320027 ] } },
{ "type": "Feature", "properties": { "内容": "蒲郡市社会福祉協議会指定訪問介護事業所【訪問介護】愛知県蒲郡市神明町１８番４号蒲郡市勤労福祉会館内", "url": "https://www.kaigokensaku.mhlw.go.jp/23/index.php?action_kouhyou_detail_004_kani=true&JigyosyoCd=2373300157-00&ServiceCd=110&Type=search", "url2": null }, "geometry": { "type": "Point", "coordinates": [ 137.227628900000013, 34.8254062 ] } },
{ "type": "Feature", "properties": { "内容": "コープあいち福祉サービス蒲郡【訪問介護】愛知県蒲郡市水竹町横枕3-1", "url": "https://www.kaigokensaku.mhlw.go.jp/23/index.php?action_kouhyou_detail_004_kani=true&JigyosyoCd=2373300488-00&ServiceCd=110&Type=search", "url2": "https://coopaichi.tcoop.or.jp/" }, "geometry": { "type": "Point", "coordinates": [ 137.234988700000031, 34.8360524 ] } },
{ "type": "Feature", "properties": { "内容": "ヘルパーステーション咲【訪問介護】愛知県蒲郡市神ノ郷町冷越19番地7", "url": "https://www.kaigokensaku.mhlw.go.jp/23/index.php?action_kouhyou_detail_004_kani=true&JigyosyoCd=2373301411-00&ServiceCd=110&Type=search", "url2": null }, "geometry": { "type": "Point", "coordinates": [ 137.2159067, 34.8314607 ] } },
{ "type": "Feature", "properties": { "内容": "蒲郡すみれ訪問介護ステーション【訪問介護】大塚町山ノ沢7-27", "url": "https://www.kaigokensaku.mhlw.go.jp/23/index.php?action_kouhyou_detail_004_kani=true&JigyosyoCd=2373301403-00&ServiceCd=110&Type=search", "url2": "https://ivymedical-tokai.jp/gamagori_sumire/" }, "geometry": { "type": "Point", "coordinates": [ 137.2660471, 34.8087418 ] } },
{ "type": "Feature", "properties": { "内容": "蒲郡眺海園ヘルパーステーション【訪問介護】愛知県蒲郡市形原町南新田58-1", "url": "https://www.kaigokensaku.mhlw.go.jp/23/index.php?action_kouhyou_detail_004_kani=true&JigyosyoCd=2373300173-00&ServiceCd=110&Type=search", "url2": null }, "geometry": { "type": "Point", "coordinates": [ 137.189695721585451, 34.806238004562807 ] } },
{ "type": "Feature", "properties": { "内容": "竹谷すみれ訪問介護ステーション【訪問介護】竹谷町犬飼港1-1竹谷すみれハイムB館", "url": "https://www.kaigokensaku.mhlw.go.jp/23/index.php?action_kouhyou_detail_004_kani=true&JigyosyoCd=2373301353-00&ServiceCd=110&Type=search", "url2": null }, "geometry": { "type": "Point", "coordinates": [ 137.212819599999989, 34.8237393 ] } },
{ "type": "Feature", "properties": { "内容": "ヘルパーステーション　真楽の庵【訪問介護】愛知県犬山市大字犬山字東小島町4番3", "url": "https://www.kaigokensaku.mhlw.go.jp/23/index.php?action_kouhyou_detail_004_kani=true&JigyosyoCd=2373401112-00&ServiceCd=110&Type=search", "url2": null }, "geometry": { "type": "Point", "coordinates": [ 136.946760399999988, 35.3850017 ] } },
{ "type": "Feature", "properties": { "内容": "みそら訪問介護事業所【訪問介護】愛知県犬山市字若宮６８番地4", "url": "https://www.kaigokensaku.mhlw.go.jp/23/index.php?action_kouhyou_detail_004_kani=true&JigyosyoCd=2373400726-00&ServiceCd=110&Type=search", "url2": "http://www.chiiki-misora.com/index.html" }, "geometry": { "type": "Point", "coordinates": [ 136.949590299999954, 35.3322592 ] } },
{ "type": "Feature", "properties": { "内容": "訪問介護ARARA犬山店【訪問介護】愛知県犬山市松本町３丁目５９番地シティーパレス松本２階１号室", "url": "https://www.kaigokensaku.mhlw.go.jp/23/index.php?action_kouhyou_detail_004_kani=true&JigyosyoCd=2373401229-00&ServiceCd=110&Type=search", "url2": null }, "geometry": { "type": "Point", "coordinates": [ 136.95208980000001, 35.3783708 ] } },
{ "type": "Feature", "properties": { "内容": "訪問介護ステーション　まるゆ【訪問介護】愛知県犬山字五郎丸字郷瀬川3-3　リバーサイドＶ6　101日比野コーポ　２０３号", "url": "https://www.kaigokensaku.mhlw.go.jp/23/index.php?action_kouhyou_detail_004_kani=true&JigyosyoCd=2373400882-00&ServiceCd=110&Type=search", "url2": null }, "geometry": { "type": "Point", "coordinates": [ 136.942889591145729, 35.358940461674322 ] } },
{ "type": "Feature", "properties": { "内容": "訪問介護ARARA【訪問介護】愛知県犬山市松本町3丁目59番地シティーパレス松本２階１号", "url": "https://www.kaigokensaku.mhlw.go.jp/23/index.php?action_kouhyou_detail_004_kani=true&JigyosyoCd=2373401252-00&ServiceCd=110&Type=search", "url2": null }, "geometry": { "type": "Point", "coordinates": [ 136.95208980000001, 35.3783708 ] } },
{ "type": "Feature", "properties": { "内容": "訪問介護事業所　縁【訪問介護】愛知県犬山市西古券472", "url": "https://www.kaigokensaku.mhlw.go.jp/23/index.php?action_kouhyou_detail_004_kani=true&JigyosyoCd=2373401039-00&ServiceCd=110&Type=search", "url2": "http://smartlife.aichi.jp/" }, "geometry": { "type": "Point", "coordinates": [ 136.934358800000041, 35.3813513 ] } },
{ "type": "Feature", "properties": { "内容": "ヘルパーステーション　ともいき【訪問介護】愛知県犬山市塔野地北四丁目　１７番１", "url": "https://www.kaigokensaku.mhlw.go.jp/23/index.php?action_kouhyou_detail_004_kani=true&JigyosyoCd=2373400775-00&ServiceCd=110&Type=search", "url2": "http://www.tomoiki.co.jp/" }, "geometry": { "type": "Point", "coordinates": [ 136.958878899999945, 35.3766859 ] } },
{ "type": "Feature", "properties": { "内容": "ひまわり【訪問介護】犬山西古券330番地ロックヒルズ１C号室", "url": "https://www.kaigokensaku.mhlw.go.jp/23/index.php?action_kouhyou_detail_004_kani=true&JigyosyoCd=2373401211-00&ServiceCd=110&Type=search", "url2": null }, "geometry": { "type": "Point", "coordinates": [ 136.9365582, 35.383512 ] } },
{ "type": "Feature", "properties": { "内容": "ケアリール訪問介護事業所　犬山【訪問介護】愛知県犬山市二本木9-1ナーシングホーム　ケアリール犬山", "url": "https://www.kaigokensaku.mhlw.go.jp/23/index.php?action_kouhyou_detail_004_kani=true&JigyosyoCd=2373401161-00&ServiceCd=110&Type=search", "url2": "https://niceman-care.com/" }, "geometry": { "type": "Point", "coordinates": [ 136.972513010239823, 35.349394338590997 ] } },
{ "type": "Feature", "properties": { "内容": "愛北ケアステーション【訪問介護】愛知県犬山市松本町2丁目29番地", "url": "https://www.kaigokensaku.mhlw.go.jp/23/index.php?action_kouhyou_detail_004_kani=true&JigyosyoCd=2373400205-00&ServiceCd=110&Type=search", "url2": "http://soukengp.com" }, "geometry": { "type": "Point", "coordinates": [ 136.94969089999995, 35.3812986 ] } },
{ "type": "Feature", "properties": { "内容": "犬山市社会福祉協議会指定訪問介護事業所【訪問介護】愛知県犬山市松本町四丁目２１番地市民交流センター　1階", "url": "https://www.kaigokensaku.mhlw.go.jp/23/index.php?action_kouhyou_detail_004_kani=true&JigyosyoCd=2373400064-00&ServiceCd=110&Type=search", "url2": "https://inuyama-welfare.net/" }, "geometry": { "type": "Point", "coordinates": [ 136.948235179696042, 35.378792545349526 ] } },
{ "type": "Feature", "properties": { "内容": "ヘルパーステーションさゆみの里【訪問介護】愛知県犬山市羽黒高見２２－１", "url": "https://www.kaigokensaku.mhlw.go.jp/23/index.php?action_kouhyou_detail_004_kani=true&JigyosyoCd=2373401179-00&ServiceCd=110&Type=search", "url2": "https://kimura-group.net/" }, "geometry": { "type": "Point", "coordinates": [ 136.95664210000001, 35.3513088 ] } },
{ "type": "Feature", "properties": { "内容": "ほほえみ介護サービス【訪問介護】愛知県犬山市前原西3-30", "url": "https://www.kaigokensaku.mhlw.go.jp/23/index.php?action_kouhyou_detail_004_kani=true&JigyosyoCd=2373400437-00&ServiceCd=110&Type=search", "url2": "http://www.hohoemi-kaigo.com" }, "geometry": { "type": "Point", "coordinates": [ 136.9595653, 35.3635152 ] } },
{ "type": "Feature", "properties": { "内容": "訪問介護きずな犬山【訪問介護】愛知県犬山市大字上野字小巾73-2ナーシングホームきずな犬山", "url": "https://www.kaigokensaku.mhlw.go.jp/23/index.php?action_kouhyou_detail_004_kani=true&JigyosyoCd=2373401278-00&ServiceCd=110&Type=search", "url2": "http://kizunainuyama77.com/" }, "geometry": { "type": "Point", "coordinates": [ 136.9334349, 35.3720545 ] } },
{ "type": "Feature", "properties": { "内容": "ユースタイルケア犬山センター【訪問介護】愛知県犬山市上坂町5丁目163番地サープラス城見ハイツ102号", "url": "https://www.kaigokensaku.mhlw.go.jp/23/index.php?action_kouhyou_detail_004_kani=true&JigyosyoCd=2373401286-00&ServiceCd=110&Type=search", "url2": null }, "geometry": { "type": "Point", "coordinates": [ 136.928867700000012, 35.3726202 ] } },
{ "type": "Feature", "properties": { "内容": "ましゅまろ訪問介護【訪問介護】愛知県犬山市上坂町5丁目157OKUMURAニューハイツ102", "url": "https://www.kaigokensaku.mhlw.go.jp/23/index.php?action_kouhyou_detail_004_kani=true&JigyosyoCd=2373401138-00&ServiceCd=110&Type=search", "url2": null }, "geometry": { "type": "Point", "coordinates": [ 136.928860599999979, 35.3727635 ] } },
{ "type": "Feature", "properties": { "内容": "かもみぃる訪問介護事業所【訪問介護】愛知県犬山市大字羽黒字古市場156-1ベルヴィルⅡ１０Ｃ", "url": "https://www.kaigokensaku.mhlw.go.jp/23/index.php?action_kouhyou_detail_004_kani=true&JigyosyoCd=2373401021-00&ServiceCd=110&Type=search", "url2": "http://kamomiiru.wix.com/kamomiiru2684" }, "geometry": { "type": "Point", "coordinates": [ 136.95389729302974, 35.352378178578277 ] } },
{ "type": "Feature", "properties": { "内容": "タキタシニアプラザ【訪問介護】常滑市陶郷町1丁目8番地の1", "url": "https://www.kaigokensaku.mhlw.go.jp/23/index.php?action_kouhyou_detail_004_kani=true&JigyosyoCd=2373500475-00&ServiceCd=110&Type=search", "url2": "http://takitaplaza.jp" }, "geometry": { "type": "Point", "coordinates": [ 136.8404716, 34.8911724 ] } },
{ "type": "Feature", "properties": { "内容": "訪問介護サービスセンター　LUCK【訪問介護】愛知県常滑市古社6-49", "url": "https://www.kaigokensaku.mhlw.go.jp/23/index.php?action_kouhyou_detail_004_kani=true&JigyosyoCd=2373500830-00&ServiceCd=110&Type=search", "url2": null }, "geometry": { "type": "Point", "coordinates": [ 136.851349472572338, 34.889725036188935 ] } },
{ "type": "Feature", "properties": { "内容": "合同会社ワイエムスター【訪問介護】愛知県常滑市飛香台６丁目６番地２０", "url": "https://www.kaigokensaku.mhlw.go.jp/23/index.php?action_kouhyou_detail_004_kani=true&JigyosyoCd=2373500897-00&ServiceCd=110&Type=search", "url2": "https://ymstar.wixsite.com/kaigo" }, "geometry": { "type": "Point", "coordinates": [ 136.856255, 34.8958424 ] } },
{ "type": "Feature", "properties": { "内容": "社会福祉法人　あぐりす実の会　あぐりす訪問介護センターとこなめ【訪問介護】愛知県常滑市新田町5-64", "url": "https://www.kaigokensaku.mhlw.go.jp/23/index.php?action_kouhyou_detail_004_kani=true&JigyosyoCd=2373500764-00&ServiceCd=110&Type=search", "url2": null }, "geometry": { "type": "Point", "coordinates": [ 136.837090899999964, 34.88554960000004 ] } },
{ "type": "Feature", "properties": { "内容": "むらさき野苑　ホームヘルプステーション【訪問介護】愛知県常滑市長峰一ノ切21番地10", "url": "https://www.kaigokensaku.mhlw.go.jp/23/index.php?action_kouhyou_detail_004_kani=true&JigyosyoCd=2373500095-00&ServiceCd=110&Type=search", "url2": "http://www.chita-gakuen.or.jp/" }, "geometry": { "type": "Point", "coordinates": [ 136.865788699999939, 34.8902422 ] } },
{ "type": "Feature", "properties": { "内容": "あっぱれ訪問介護ステーション【訪問介護】常滑市飛香台七丁目10－1あっぱれ常滑", "url": "https://www.kaigokensaku.mhlw.go.jp/23/index.php?action_kouhyou_detail_004_kani=true&JigyosyoCd=2373500509-00&ServiceCd=110&Type=search", "url2": "ｈｔｔｐ：//ｗｗｗ．ａｐｐａｒｅ-ｐａｎｄｐｗ．ｊｐ" }, "geometry": { "type": "Point", "coordinates": [ 136.854253800000038, 34.8935199 ] } },
{ "type": "Feature", "properties": { "内容": "ヘルパーステーションＫＯＰ常滑【訪問介護】愛知県常滑市北条一丁目105番地の2", "url": "https://www.kaigokensaku.mhlw.go.jp/23/index.php?action_kouhyou_detail_004_kani=true&JigyosyoCd=2373500616-00&ServiceCd=110&Type=search", "url2": "www.kop2014.com" }, "geometry": { "type": "Point", "coordinates": [ 136.835465633343603, 34.894569200000625 ] } },
{ "type": "Feature", "properties": { "内容": "特定非営利活動法人あかり訪問介護事業所【訪問介護】愛知県常滑市本町一丁目8番地", "url": "https://www.kaigokensaku.mhlw.go.jp/23/index.php?action_kouhyou_detail_004_kani=true&JigyosyoCd=2373500210-00&ServiceCd=110&Type=search", "url2": "http://www.akari-npo.jp/" }, "geometry": { "type": "Point", "coordinates": [ 136.838514505079786, 34.884019070382244 ] } },
{ "type": "Feature", "properties": { "内容": "訪問介護ステーション　オランジュ江南【訪問介護】愛知県江南市高屋町御日塚140パールハイツ御日塚202", "url": "https://www.kaigokensaku.mhlw.go.jp/23/index.php?action_kouhyou_detail_004_kani=true&JigyosyoCd=2373601018-00&ServiceCd=110&Type=search", "url2": "http://www.3leaves.co.jp/" }, "geometry": { "type": "Point", "coordinates": [ 136.877954899999963, 35.3522533 ] } },
{ "type": "Feature", "properties": { "内容": "げんき介護サービス【訪問介護】愛知県江南市前飛保町栄221", "url": "https://www.kaigokensaku.mhlw.go.jp/23/index.php?action_kouhyou_detail_004_kani=true&JigyosyoCd=2373600820-00&ServiceCd=110&Type=search", "url2": null }, "geometry": { "type": "Point", "coordinates": [ 136.858431600000017, 35.3450903 ] } },
{ "type": "Feature", "properties": { "内容": "訪問介護事業所きずな【訪問介護】愛知県江南市上奈良町旭41", "url": "https://www.kaigokensaku.mhlw.go.jp/23/index.php?action_kouhyou_detail_004_kani=true&JigyosyoCd=2373601349-00&ServiceCd=110&Type=search", "url2": "http://cross-talk.jp" }, "geometry": { "type": "Point", "coordinates": [ 136.8604484, 35.3301369 ] } },
{ "type": "Feature", "properties": { "内容": "ひより会ヘルパーステーション【訪問介護】愛知県江南市宮後町砂場東245番地", "url": "https://www.kaigokensaku.mhlw.go.jp/23/index.php?action_kouhyou_detail_004_kani=true&JigyosyoCd=2373601539-00&ServiceCd=110&Type=search", "url2": "http://www．trinitypartners.co.jp" }, "geometry": { "type": "Point", "coordinates": [ 136.8804412, 35.3364626 ] } },
{ "type": "Feature", "properties": { "内容": "訪問介護ほっとファミリー【訪問介護】愛知県江南市野白町野白12番地グループハウス江南", "url": "https://www.kaigokensaku.mhlw.go.jp/23/index.php?action_kouhyou_detail_004_kani=true&JigyosyoCd=2373601521-00&ServiceCd=110&Type=search", "url2": null }, "geometry": { "type": "Point", "coordinates": [ 136.872413099999989, 35.3454693 ] } },
{ "type": "Feature", "properties": { "内容": "訪問介護事業所キーズ【訪問介護】愛知県江南市上奈良町旭41番地", "url": "https://www.kaigokensaku.mhlw.go.jp/23/index.php?action_kouhyou_detail_004_kani=true&JigyosyoCd=2373601620-00&ServiceCd=110&Type=search", "url2": null }, "geometry": { "type": "Point", "coordinates": [ 136.8604383, 35.3301416 ] } },
{ "type": "Feature", "properties": { "内容": "ＳＩケアセンター【訪問介護】愛知県江南市草井町千代見100番地", "url": "https://www.kaigokensaku.mhlw.go.jp/23/index.php?action_kouhyou_detail_004_kani=true&JigyosyoCd=2373601190-00&ServiceCd=110&Type=search", "url2": null }, "geometry": { "type": "Point", "coordinates": [ 136.8799957, 35.3670904 ] } },
{ "type": "Feature", "properties": { "内容": "あみーごライフ江南弐番館【訪問介護】愛知県江南市赤童子町桜道195-1あみーご倶楽部江南弐番館", "url": "https://www.kaigokensaku.mhlw.go.jp/23/index.php?action_kouhyou_detail_004_kani=true&JigyosyoCd=2373601257-00&ServiceCd=110&Type=search", "url2": "http://amigo-net.jp/facility/kounan_2/index.html" }, "geometry": { "type": "Point", "coordinates": [ 136.864814799999976, 35.3300669 ] } },
{ "type": "Feature", "properties": { "内容": "訪問介護センターさふらん江南【訪問介護】江南市古知野町千丸１０６番地森第三ビル2階", "url": "https://www.kaigokensaku.mhlw.go.jp/23/index.php?action_kouhyou_detail_004_kani=true&JigyosyoCd=2373600929-00&ServiceCd=110&Type=search", "url2": "http://www.safran-anshin.com/" }, "geometry": { "type": "Point", "coordinates": [ 136.872428, 35.3405714 ] } },
{ "type": "Feature", "properties": { "内容": "ホームヘルパーステーションフラワーコート江南【訪問介護】河野町五十間4", "url": "https://www.kaigokensaku.mhlw.go.jp/23/index.php?action_kouhyou_detail_004_kani=true&JigyosyoCd=2373601364-00&ServiceCd=110&Type=search", "url2": "https://sun-vision.or.jp/" }, "geometry": { "type": "Point", "coordinates": [ 136.838529200000039, 35.346863 ] } },
{ "type": "Feature", "properties": { "内容": "江南市社会福祉協議会　指定訪問介護事業所【訪問介護】愛知県江南市北野町川石25番地11中央コミュニティ・センター内", "url": "https://www.kaigokensaku.mhlw.go.jp/23/index.php?action_kouhyou_detail_004_kani=true&JigyosyoCd=2373600069-00&ServiceCd=110&Type=search", "url2": "https://www.konan-shakyo.or.jp" }, "geometry": { "type": "Point", "coordinates": [ 136.875517461142351, 35.333954431348154 ] } },
{ "type": "Feature", "properties": { "内容": "あい愛ライフますみ訪問介護サービス【訪問介護】愛知県江南市古知野町福寿１６９番地", "url": "https://www.kaigokensaku.mhlw.go.jp/23/index.php?action_kouhyou_detail_004_kani=true&JigyosyoCd=2373600101-00&ServiceCd=110&Type=search", "url2": "http://www.msm884.com" }, "geometry": { "type": "Point", "coordinates": [ 136.865119294936676, 35.335444333593358 ] } },
{ "type": "Feature", "properties": { "内容": "訪問介護ステーションかいり【訪問介護】愛知県江南市前飛保町寺町225", "url": "https://www.kaigokensaku.mhlw.go.jp/23/index.php?action_kouhyou_detail_004_kani=true&JigyosyoCd=2373601638-00&ServiceCd=110&Type=search", "url2": "https://www.yuskairi.com" }, "geometry": { "type": "Point", "coordinates": [ 136.858437, 35.3505572 ] } },
{ "type": "Feature", "properties": { "内容": "訪問介護くぅとと【訪問介護】愛知県江南市木賀本郷町西39", "url": "https://www.kaigokensaku.mhlw.go.jp/23/index.php?action_kouhyou_detail_004_kani=true&JigyosyoCd=2373601463-00&ServiceCd=110&Type=search", "url2": "https://www.matoto.co.jp" }, "geometry": { "type": "Point", "coordinates": [ 136.8678138, 35.3264793 ] } },
{ "type": "Feature", "properties": { "内容": "ヘルパーステーション彩翔【訪問介護】愛知県江南市河野町河野３３番地１", "url": "https://www.kaigokensaku.mhlw.go.jp/23/index.php?action_kouhyou_detail_004_kani=true&JigyosyoCd=2373601646-00&ServiceCd=110&Type=search", "url2": null }, "geometry": { "type": "Point", "coordinates": [ 136.83775664271397, 35.349316057841271 ] } },
{ "type": "Feature", "properties": { "内容": "介護センターすまいる【訪問介護】江南市赤童子町栄75-1スカイハイツ栄　202号", "url": "https://www.kaigokensaku.mhlw.go.jp/23/index.php?action_kouhyou_detail_004_kani=true&JigyosyoCd=2373600978-00&ServiceCd=110&Type=search", "url2": null }, "geometry": { "type": "Point", "coordinates": [ 136.862698300000034, 35.3294281 ] } },
{ "type": "Feature", "properties": { "内容": "ニチイケアセンター赤童子【訪問介護】愛知県江南市赤童子町大堀1番地杉本ビル3階　B号室", "url": "https://www.kaigokensaku.mhlw.go.jp/23/index.php?action_kouhyou_detail_004_kani=true&JigyosyoCd=2373601505-00&ServiceCd=110&Type=search", "url2": "ｗｗｗ.nichiigakkan.co.jp" }, "geometry": { "type": "Point", "coordinates": [ 136.8703094, 35.3335114 ] } },
{ "type": "Feature", "properties": { "内容": "ヘルパーステーション和【訪問介護】江南市大間町新町152番地シルバーマンション和", "url": "https://www.kaigokensaku.mhlw.go.jp/23/index.php?action_kouhyou_detail_004_kani=true&JigyosyoCd=2373600960-00&ServiceCd=110&Type=search", "url2": "nagomi0501@ark.ocn.ne.jp" }, "geometry": { "type": "Point", "coordinates": [ 136.862995400000045, 35.3332222 ] } },
{ "type": "Feature", "properties": { "内容": "介護サービス　シルバーネット【訪問介護】江南市上奈良町旭127番地1", "url": "https://www.kaigokensaku.mhlw.go.jp/23/index.php?action_kouhyou_detail_004_kani=true&JigyosyoCd=2373600374-00&ServiceCd=110&Type=search", "url2": "http://www.silver-net.jp" }, "geometry": { "type": "Point", "coordinates": [ 136.860104560856257, 35.327968791242739 ] } },
{ "type": "Feature", "properties": { "内容": "ハート・ケアサポート小牧【訪問介護】愛知県小牧市中央３丁目２６０野村ビル２Ｂ", "url": "https://www.kaigokensaku.mhlw.go.jp/23/index.php?action_kouhyou_detail_004_kani=true&JigyosyoCd=2373801782-00&ServiceCd=110&Type=search", "url2": null }, "geometry": { "type": "Point", "coordinates": [ 136.931974800000035, 35.2881944 ] } },
{ "type": "Feature", "properties": { "内容": "尾張中央農業協同組合【訪問介護】愛知県小牧市小牧四丁目7番地", "url": "https://www.kaigokensaku.mhlw.go.jp/23/index.php?action_kouhyou_detail_004_kani=true&JigyosyoCd=2373800438-00&ServiceCd=110&Type=search", "url2": "http://" }, "geometry": { "type": "Point", "coordinates": [ 136.921542199999976, 35.2890914 ] } },
{ "type": "Feature", "properties": { "内容": "訪問介護事業所　香楽【訪問介護】愛知県小牧市小牧原新田字問屋橋889-1", "url": "https://www.kaigokensaku.mhlw.go.jp/23/index.php?action_kouhyou_detail_004_kani=true&JigyosyoCd=2373802061-00&ServiceCd=110&Type=search", "url2": null }, "geometry": { "type": "Point", "coordinates": [ 136.9271923, 35.2991069 ] } },
{ "type": "Feature", "properties": { "内容": "すい蓮花【訪問介護】愛知県小牧市南外山552-1", "url": "https://www.kaigokensaku.mhlw.go.jp/23/index.php?action_kouhyou_detail_004_kani=true&JigyosyoCd=2373801956-00&ServiceCd=110&Type=search", "url2": null }, "geometry": { "type": "Point", "coordinates": [ 136.926164699999958, 35.2718073 ] } },
{ "type": "Feature", "properties": { "内容": "ヘルパーステーション絆奏【訪問介護】愛知県小牧市春日寺二丁目153番地", "url": "https://www.kaigokensaku.mhlw.go.jp/23/index.php?action_kouhyou_detail_004_kani=true&JigyosyoCd=2373801832-00&ServiceCd=110&Type=search", "url2": null }, "geometry": { "type": "Point", "coordinates": [ 136.931270400000017, 35.261959497621781 ] } },
{ "type": "Feature", "properties": { "内容": "かぐらヘルパーステーション小牧【訪問介護】愛知県小牧市堀の内四丁目６５番地", "url": "https://www.kaigokensaku.mhlw.go.jp/23/index.php?action_kouhyou_detail_004_kani=true&JigyosyoCd=2373801915-00&ServiceCd=110&Type=search", "url2": "http://www.kagura-care.net/" }, "geometry": { "type": "Point", "coordinates": [ 136.909579764279187, 35.288106419028395 ] } },
{ "type": "Feature", "properties": { "内容": "ツツジ苑小牧【訪問介護】愛知県小牧市小牧２丁目１１２－２　リバティＳ・Ｋ１０２号リバティＳ・Ｋ１０２号", "url": "https://www.kaigokensaku.mhlw.go.jp/23/index.php?action_kouhyou_detail_004_kani=true&JigyosyoCd=2373802004-00&ServiceCd=110&Type=search", "url2": "www.tutujien.com" }, "geometry": { "type": "Point", "coordinates": [ 136.923613667073028, 35.293939726915873 ] } },
{ "type": "Feature", "properties": { "内容": "ヘルパーステーション　おおたけ【訪問介護】愛知県小牧市郷中1丁目181TCビル小牧202号", "url": "https://www.kaigokensaku.mhlw.go.jp/23/index.php?action_kouhyou_detail_004_kani=true&JigyosyoCd=2373801972-00&ServiceCd=110&Type=search", "url2": "http://www.office-otake.jp" }, "geometry": { "type": "Point", "coordinates": [ 136.91628558764566, 35.27850536910303 ] } },
{ "type": "Feature", "properties": { "内容": "訪問介護ステーションぺんたす【訪問介護】愛知県小牧市東4丁目２５番地", "url": "https://www.kaigokensaku.mhlw.go.jp/23/index.php?action_kouhyou_detail_004_kani=true&JigyosyoCd=2373802541-00&ServiceCd=110&Type=search", "url2": null }, "geometry": { "type": "Point", "coordinates": [ 136.9409188, 35.2829001 ] } },
{ "type": "Feature", "properties": { "内容": "ヘルパーステーションあいらいふ西之島【訪問介護】愛知県小牧市西之島字柿之木島564番地シルバーシティ愛ライフ西之島本館", "url": "https://www.kaigokensaku.mhlw.go.jp/23/index.php?action_kouhyou_detail_004_kani=true&JigyosyoCd=2373801949-00&ServiceCd=110&Type=search", "url2": null }, "geometry": { "type": "Point", "coordinates": [ 136.898469100000057, 35.2969648 ] } },
{ "type": "Feature", "properties": { "内容": "訪問介護スマイルナーシング小牧【訪問介護】間々字神田４３６－１", "url": "https://www.kaigokensaku.mhlw.go.jp/23/index.php?action_kouhyou_detail_004_kani=true&JigyosyoCd=2373802210-00&ServiceCd=110&Type=search", "url2": "https://smile-nursing.jp/" }, "geometry": { "type": "Point", "coordinates": [ 136.912976, 35.2971236 ] } },
{ "type": "Feature", "properties": { "内容": "介護センター　はなたば【訪問介護】愛知県小牧市中央６－286", "url": "https://www.kaigokensaku.mhlw.go.jp/23/index.php?action_kouhyou_detail_004_kani=true&JigyosyoCd=2373800495-00&ServiceCd=110&Type=search", "url2": "http://www.hanatabakaigo.ne.jp" }, "geometry": { "type": "Point", "coordinates": [ 136.93591349999997, 35.2847992 ] } },
{ "type": "Feature", "properties": { "内容": "訪問介護事業所　ドーヴィル小牧【訪問介護】愛知県小牧市城山一丁目５番１４", "url": "https://www.kaigokensaku.mhlw.go.jp/23/index.php?action_kouhyou_detail_004_kani=true&JigyosyoCd=2373801535-00&ServiceCd=110&Type=search", "url2": null }, "geometry": { "type": "Point", "coordinates": [ 136.983781717710031, 35.297875982579306 ] } },
{ "type": "Feature", "properties": { "内容": "ヘルパーステーションすずらん小牧市【訪問介護】愛知県小牧市大字三ツ渕東播州1638番", "url": "https://www.kaigokensaku.mhlw.go.jp/23/index.php?action_kouhyou_detail_004_kani=true&JigyosyoCd=2373802087-00&ServiceCd=110&Type=search", "url2": "https://w-suzuran.net/" }, "geometry": { "type": "Point", "coordinates": [ 136.91095150000001, 35.2903104 ] } },
{ "type": "Feature", "properties": { "内容": "アクア訪問介護ステーション【訪問介護】愛知県小牧市新町2丁目6番地", "url": "https://www.kaigokensaku.mhlw.go.jp/23/index.php?action_kouhyou_detail_004_kani=true&JigyosyoCd=2373802095-00&ServiceCd=110&Type=search", "url2": "http://www.juju-g.co.jp" }, "geometry": { "type": "Point", "coordinates": [ 136.923871720173878, 35.297699666500073 ] } },
{ "type": "Feature", "properties": { "内容": "あい訪問介護事業所【訪問介護】小牧市元町三丁目５３番地", "url": "https://www.kaigokensaku.mhlw.go.jp/23/index.php?action_kouhyou_detail_004_kani=true&JigyosyoCd=2373801386-00&ServiceCd=110&Type=search", "url2": null }, "geometry": { "type": "Point", "coordinates": [ 136.902844, 35.2872744 ] } },
{ "type": "Feature", "properties": { "内容": "ヘルパーステーション　ほっと【訪問介護】愛知県常普請一丁目90番地の1HOTハウス１階", "url": "https://www.kaigokensaku.mhlw.go.jp/23/index.php?action_kouhyou_detail_004_kani=true&JigyosyoCd=2373801857-00&ServiceCd=110&Type=search", "url2": "https://homecare.ebanet.co.jp/" }, "geometry": { "type": "Point", "coordinates": [ 136.913819720237711, 35.285837678870003 ] } },
{ "type": "Feature", "properties": { "内容": "ケアネットリゾン小牧【訪問介護】小牧市大字間々３７８番地1", "url": "https://www.kaigokensaku.mhlw.go.jp/23/index.php?action_kouhyou_detail_004_kani=true&JigyosyoCd=2373801428-00&ServiceCd=110&Type=search", "url2": "http://www.g-carenet.co.jp/facility/komaki/" }, "geometry": { "type": "Point", "coordinates": [ 136.914151100000026, 35.2977003 ] } },
{ "type": "Feature", "properties": { "内容": "あみーごライフ小牧【訪問介護】愛知県小牧市岩崎734あみーご倶楽部ヴィラ小牧", "url": "https://www.kaigokensaku.mhlw.go.jp/23/index.php?action_kouhyou_detail_004_kani=true&JigyosyoCd=2373802350-00&ServiceCd=110&Type=search", "url2": "http://www.amigo-net.jp" }, "geometry": { "type": "Point", "coordinates": [ 136.936544604140323, 35.30820617714992 ] } },
{ "type": "Feature", "properties": { "内容": "ボンセジュール小牧ケアステーション【訪問介護】愛知県小牧市城山3-1", "url": "https://www.kaigokensaku.mhlw.go.jp/23/index.php?action_kouhyou_detail_004_kani=true&JigyosyoCd=2373801402-00&ServiceCd=110&Type=search", "url2": "http://www.benesse-style-care.co.jp/" }, "geometry": { "type": "Point", "coordinates": [ 136.987650300000041, 35.2931176 ] } },
{ "type": "Feature", "properties": { "内容": "ヘルパーステーションしえる【訪問介護】愛知県小牧市大字舟津601番地1", "url": "https://www.kaigokensaku.mhlw.go.jp/23/index.php?action_kouhyou_detail_004_kani=true&JigyosyoCd=2373802137-00&ServiceCd=110&Type=search", "url2": null }, "geometry": { "type": "Point", "coordinates": [ 136.901847699999962, 35.2862849 ] } },
{ "type": "Feature", "properties": { "内容": "ライフサポートきずな．【訪問介護】愛知県小牧市中央1丁目375ルグラン中央101", "url": "https://www.kaigokensaku.mhlw.go.jp/23/index.php?action_kouhyou_detail_004_kani=true&JigyosyoCd=2373802053-00&ServiceCd=110&Type=search", "url2": "http://www.kizuna-liveas.com" }, "geometry": { "type": "Point", "coordinates": [ 136.926941899999946, 35.2874083 ] } },
{ "type": "Feature", "properties": { "内容": "さんきハンズ【訪問介護】高根１一丁目310番1住宅型有料老人ホームゆ～とぴあ高根", "url": "https://www.kaigokensaku.mhlw.go.jp/23/index.php?action_kouhyou_detail_004_kani=true&JigyosyoCd=2373801410-00&ServiceCd=110&Type=search", "url2": "yu-topia-takane.com" }, "geometry": { "type": "Point", "coordinates": [ 136.972018204193091, 35.291943719017986 ] } },
{ "type": "Feature", "properties": { "内容": "福祉の幸　小牧訪問介護事業所【訪問介護】愛知県小牧市城山５丁目６５番地１", "url": "https://www.kaigokensaku.mhlw.go.jp/23/index.php?action_kouhyou_detail_004_kani=true&JigyosyoCd=2373800487-00&ServiceCd=110&Type=search", "url2": "http://www.fukushinosachi.com/" }, "geometry": { "type": "Point", "coordinates": [ 136.9803015, 35.2937254 ] } },
{ "type": "Feature", "properties": { "内容": "介護ステーションあゆみ【訪問介護】愛知県小牧市間々本町87番地サンヴィレッヂC207", "url": "https://www.kaigokensaku.mhlw.go.jp/23/index.php?action_kouhyou_detail_004_kani=true&JigyosyoCd=2373802301-00&ServiceCd=110&Type=search", "url2": "http://www.ayumi-helper.com" }, "geometry": { "type": "Point", "coordinates": [ 136.909103837434401, 35.295596308295728 ] } },
{ "type": "Feature", "properties": { "内容": "ホームヘルプサービスセンター岩崎あいの郷【訪問介護】愛知県小牧市岩崎原三丁目２９２番地", "url": "https://www.kaigokensaku.mhlw.go.jp/23/index.php?action_kouhyou_detail_004_kani=true&JigyosyoCd=2373800636-00&ServiceCd=110&Type=search", "url2": "http://www.seisho-fukushi.org" }, "geometry": { "type": "Point", "coordinates": [ 136.925440900000012, 35.3128829 ] } },
{ "type": "Feature", "properties": { "内容": "コープあいち福祉サービス小牧【訪問介護】愛知県小牧市本庄2018-2", "url": "https://www.kaigokensaku.mhlw.go.jp/23/index.php?action_kouhyou_detail_004_kani=true&JigyosyoCd=2373802020-00&ServiceCd=110&Type=search", "url2": "http://coopaichi.tcoop.or.jp/" }, "geometry": { "type": "Point", "coordinates": [ 136.960177385627759, 35.308265906482944 ] } },
{ "type": "Feature", "properties": { "内容": "ヘルパーステーションゆりのはな【訪問介護】愛知県小牧市小松寺三丁目８０番地", "url": "https://www.kaigokensaku.mhlw.go.jp/23/index.php?action_kouhyou_detail_004_kani=true&JigyosyoCd=2373802582-00&ServiceCd=110&Type=search", "url2": null }, "geometry": { "type": "Point", "coordinates": [ 136.948136199999965, 35.309978899999983 ] } },
{ "type": "Feature", "properties": { "内容": "アクア小牧訪問介護【訪問介護】愛知県小牧市常普請3丁目45番", "url": "https://www.kaigokensaku.mhlw.go.jp/23/index.php?action_kouhyou_detail_004_kani=true&JigyosyoCd=2373802384-00&ServiceCd=110&Type=search", "url2": null }, "geometry": { "type": "Point", "coordinates": [ 136.918569072387299, 35.282122078823726 ] } },
{ "type": "Feature", "properties": { "内容": "ライフケア介護サービス小牧【訪問介護】愛知県小牧市中央1丁目412番地ライフケア介護サービス小牧", "url": "https://www.kaigokensaku.mhlw.go.jp/23/index.php?action_kouhyou_detail_004_kani=true&JigyosyoCd=2373802319-00&ServiceCd=110&Type=search", "url2": "http://www.lifeca-group.com/" }, "geometry": { "type": "Point", "coordinates": [ 136.9259032, 35.2872206 ] } },
{ "type": "Feature", "properties": { "内容": "小牧市社会福祉協議会ふれあいヘルパーステーション【訪問介護】小牧市小牧五丁目407", "url": "https://www.kaigokensaku.mhlw.go.jp/23/index.php?action_kouhyou_detail_004_kani=true&JigyosyoCd=2373800149-00&ServiceCd=110&Type=search", "url2": "http://www.k-net.or.jp/~shakyo/" }, "geometry": { "type": "Point", "coordinates": [ 136.91587329999993, 35.290155 ] } },
{ "type": "Feature", "properties": { "内容": "介護サービスセンターふきのとう【訪問介護】小牧市小牧原２丁目３８５番地", "url": "https://www.kaigokensaku.mhlw.go.jp/23/index.php?action_kouhyou_detail_004_kani=true&JigyosyoCd=2373800727-00&ServiceCd=110&Type=search", "url2": null }, "geometry": { "type": "Point", "coordinates": [ 136.934126699999979, 35.3049621 ] } },
{ "type": "Feature", "properties": { "内容": "しあわせたまご【訪問介護】東田中２９７番地１１", "url": "https://www.kaigokensaku.mhlw.go.jp/23/index.php?action_kouhyou_detail_004_kani=true&JigyosyoCd=2373802434-00&ServiceCd=110&Type=search", "url2": "https://happinus.jp/" }, "geometry": { "type": "Point", "coordinates": [ 136.939382599999988, 35.3010923 ] } },
{ "type": "Feature", "properties": { "内容": "たけのこ訪問介護事業所【訪問介護】愛知県小牧市中央二丁目１４８番小牧ステーションビル６０４号室", "url": "https://www.kaigokensaku.mhlw.go.jp/23/index.php?action_kouhyou_detail_004_kani=true&JigyosyoCd=2373802038-00&ServiceCd=110&Type=search", "url2": null }, "geometry": { "type": "Point", "coordinates": [ 136.929619399999979, 35.2886554 ] } },
{ "type": "Feature", "properties": { "内容": "ケアリール訪問介護事業所　小牧原【訪問介護】愛知県小牧市小牧原新田字自才前1443", "url": "https://www.kaigokensaku.mhlw.go.jp/23/index.php?action_kouhyou_detail_004_kani=true&JigyosyoCd=2373802632-00&ServiceCd=110&Type=search", "url2": "https://niceman-care.jp/" }, "geometry": { "type": "Point", "coordinates": [ 136.926513617001063, 35.30085959150761 ] } },
{ "type": "Feature", "properties": { "内容": "メリィケア訪問介護ステーション【訪問介護】愛知県小牧市小木3丁目114番地", "url": "https://www.kaigokensaku.mhlw.go.jp/23/index.php?action_kouhyou_detail_004_kani=true&JigyosyoCd=2373802277-00&ServiceCd=110&Type=search", "url2": "https://mei-mei.co.jp/" }, "geometry": { "type": "Point", "coordinates": [ 136.8995406, 35.2794655 ] } },
{ "type": "Feature", "properties": { "内容": "訪問介護しゅう【訪問介護】愛知県小牧市大字上末字東山3440番155たのしい家アイ小牧", "url": "https://www.kaigokensaku.mhlw.go.jp/23/index.php?action_kouhyou_detail_004_kani=true&JigyosyoCd=2373802244-00&ServiceCd=110&Type=search", "url2": "https://care-ai.co.jp/company/index.html" }, "geometry": { "type": "Point", "coordinates": [ 136.9670382, 35.29853 ] } },
{ "type": "Feature", "properties": { "内容": "ヘルパーステーション「やすらぎ」【訪問介護】愛知県小牧市大字池之内520番地1", "url": "https://www.kaigokensaku.mhlw.go.jp/23/index.php?action_kouhyou_detail_004_kani=true&JigyosyoCd=2373800099-00&ServiceCd=110&Type=search", "url2": "https://www.e-caretown.com/23/silver-service/" }, "geometry": { "type": "Point", "coordinates": [ 136.972345802238493, 35.315674838255269 ] } },
{ "type": "Feature", "properties": { "内容": "ヘルパーステーションりあん小牧【訪問介護】愛知県小牧市間々原新田字今池１１６番1", "url": "https://www.kaigokensaku.mhlw.go.jp/23/index.php?action_kouhyou_detail_004_kani=true&JigyosyoCd=2373802533-00&ServiceCd=110&Type=search", "url2": "http://teamlian.jp/" }, "geometry": { "type": "Point", "coordinates": [ 136.9186052, 35.3036062 ] } },
{ "type": "Feature", "properties": { "内容": "ニチイケアセンター小牧【訪問介護】愛知県小牧市応時二丁目２１０番地", "url": "https://www.kaigokensaku.mhlw.go.jp/23/index.php?action_kouhyou_detail_004_kani=true&JigyosyoCd=2373800263-00&ServiceCd=110&Type=search", "url2": "HSTD69@nichiigakkann.co.jp" }, "geometry": { "type": "Point", "coordinates": [ 136.937155571163885, 35.283230748140447 ] } },
{ "type": "Feature", "properties": { "内容": "MAKANA訪問介護ステーション【訪問介護】愛知県小牧市間々430-1ﾍﾞﾙｱﾈｯｸｽB205", "url": "https://www.kaigokensaku.mhlw.go.jp/23/index.php?action_kouhyou_detail_004_kani=true&JigyosyoCd=2373802517-00&ServiceCd=110&Type=search", "url2": "makana2024.com" }, "geometry": { "type": "Point", "coordinates": [ 136.9140116, 35.2966248 ] } },
{ "type": "Feature", "properties": { "内容": "ヘルパーステーション　かえで【訪問介護】愛知県小牧市岩崎1020-8", "url": "https://www.kaigokensaku.mhlw.go.jp/23/index.php?action_kouhyou_detail_004_kani=true&JigyosyoCd=2373802483-00&ServiceCd=110&Type=search", "url2": "https://zen6111.com" }, "geometry": { "type": "Point", "coordinates": [ 136.9327247, 35.3094967 ] } },
{ "type": "Feature", "properties": { "内容": "花水木介護サービス【訪問介護】愛知県稲沢市正明寺二丁目21番13号", "url": "https://www.kaigokensaku.mhlw.go.jp/23/index.php?action_kouhyou_detail_004_kani=true&JigyosyoCd=2373901152-00&ServiceCd=110&Type=search", "url2": null }, "geometry": { "type": "Point", "coordinates": [ 136.805455100000017, 35.248913200000018 ] } },
{ "type": "Feature", "properties": { "内容": "訪問介護事業所　ぴあおひさま【訪問介護】愛知県稲沢市大塚町善世３３９４－６", "url": "https://www.kaigokensaku.mhlw.go.jp/23/index.php?action_kouhyou_detail_004_kani=true&JigyosyoCd=2373900741-00&ServiceCd=110&Type=search", "url2": "http://www" }, "geometry": { "type": "Point", "coordinates": [ 136.799095399999942, 35.2405057 ] } },
{ "type": "Feature", "properties": { "内容": "ヘルパーステーションいなざわさつき【訪問介護】愛知県稲沢市大塚7丁目39番地", "url": "https://www.kaigokensaku.mhlw.go.jp/23/index.php?action_kouhyou_detail_004_kani=true&JigyosyoCd=2373902374-00&ServiceCd=110&Type=search", "url2": "http://www.tanpopo.or.jp/" }, "geometry": { "type": "Point", "coordinates": [ 136.794744642570976, 35.235175063497685 ] } },
{ "type": "Feature", "properties": { "内容": "ヘルパーステーションいてよんよ【訪問介護】愛知県稲沢市大塚北2-99", "url": "https://www.kaigokensaku.mhlw.go.jp/23/index.php?action_kouhyou_detail_004_kani=true&JigyosyoCd=2373901731-00&ServiceCd=110&Type=search", "url2": null }, "geometry": { "type": "Point", "coordinates": [ 136.791970201535804, 35.243804957694763 ] } },
{ "type": "Feature", "properties": { "内容": "ケアパートナーたいよう【訪問介護】愛知県稲沢市祖父江町森上本郷十50番地", "url": "https://www.kaigokensaku.mhlw.go.jp/23/index.php?action_kouhyou_detail_004_kani=true&JigyosyoCd=2373902218-00&ServiceCd=110&Type=search", "url2": "https://cpt-taiyou.com/" }, "geometry": { "type": "Point", "coordinates": [ 136.7356665, 35.2499434 ] } },
{ "type": "Feature", "properties": { "内容": "ゴールドエイジ稲沢　営業所【訪問介護】天池光田町68ゴールドエイジ稲沢　1階", "url": "https://www.kaigokensaku.mhlw.go.jp/23/index.php?action_kouhyou_detail_004_kani=true&JigyosyoCd=2373901848-00&ServiceCd=110&Type=search", "url2": "https://goldage.co.jp/gold-age/inazawa/" }, "geometry": { "type": "Point", "coordinates": [ 136.774691259246737, 35.253827308581961 ] } },
{ "type": "Feature", "properties": { "内容": "介護ラボ・メグ【訪問介護】愛知県稲沢市稲島東四丁目６３番地", "url": "https://www.kaigokensaku.mhlw.go.jp/23/index.php?action_kouhyou_detail_004_kani=true&JigyosyoCd=2373900329-00&ServiceCd=110&Type=search", "url2": "http://www.wsmg.co.jp" }, "geometry": { "type": "Point", "coordinates": [ 136.8023488, 35.2606284 ] } },
{ "type": "Feature", "properties": { "内容": "サンケア指定訪問介護へいわ事業所【訪問介護】愛知県稲沢市平和町嫁振18番地", "url": "https://www.kaigokensaku.mhlw.go.jp/23/index.php?action_kouhyou_detail_004_kani=true&JigyosyoCd=2375500218-00&ServiceCd=110&Type=search", "url2": "http://suncare-japan.co.jp" }, "geometry": { "type": "Point", "coordinates": [ 136.73766100234684, 35.205710857979263 ] } },
{ "type": "Feature", "properties": { "内容": "ケアネットリゾン稲沢【訪問介護】愛知県稲沢市重本一丁目13番地1", "url": "https://www.kaigokensaku.mhlw.go.jp/23/index.php?action_kouhyou_detail_004_kani=true&JigyosyoCd=2373901384-00&ServiceCd=110&Type=search", "url2": "http://www.g-carenet.co.jp/inazawa/index.html" }, "geometry": { "type": "Point", "coordinates": [ 136.78271, 35.249736446574957 ] } },
{ "type": "Feature", "properties": { "内容": "株式会社福祉の里　稲沢営業所【訪問介護】愛知県稲沢市高御堂５丁目１６０番地６", "url": "https://www.kaigokensaku.mhlw.go.jp/23/index.php?action_kouhyou_detail_004_kani=true&JigyosyoCd=2373900279-00&ServiceCd=110&Type=search", "url2": "http://www.fukushinosato.co.jp" }, "geometry": { "type": "Point", "coordinates": [ 136.80262622186558, 35.240104675613779 ] } },
{ "type": "Feature", "properties": { "内容": "花水木介護サービス【訪問介護】愛知県稲沢市正明寺二丁目２１番１３号", "url": "https://www.kaigokensaku.mhlw.go.jp/23/index.php?action_kouhyou_detail_004_kani=true&JigyosyoCd=2373902275-00&ServiceCd=110&Type=search", "url2": "http://www.inazawahana.com" }, "geometry": { "type": "Point", "coordinates": [ 136.805547100000013, 35.2489529 ] } },
{ "type": "Feature", "properties": { "内容": "ラポールケア【訪問介護】愛知県稲沢市祖父江町本甲大溝55番パラシオン101号室", "url": "https://www.kaigokensaku.mhlw.go.jp/23/index.php?action_kouhyou_detail_004_kani=true&JigyosyoCd=2373902044-00&ServiceCd=110&Type=search", "url2": "https://www.rapportcare.net/" }, "geometry": { "type": "Point", "coordinates": [ 136.734227097553259, 35.246534152324202 ] } },
{ "type": "Feature", "properties": { "内容": "ケア・パートナー【訪問介護】愛知県稲沢市平和町横池三番割１９番地平和らくらくプラザ", "url": "https://www.kaigokensaku.mhlw.go.jp/23/index.php?action_kouhyou_detail_004_kani=true&JigyosyoCd=2375500101-00&ServiceCd=110&Type=search", "url2": "http://" }, "geometry": { "type": "Point", "coordinates": [ 136.7417183, 35.2127995 ] } },
{ "type": "Feature", "properties": { "内容": "ホームヘルプふれあいサービス【訪問介護】愛知県稲沢市井之口大坪町80番1号", "url": "https://www.kaigokensaku.mhlw.go.jp/23/index.php?action_kouhyou_detail_004_kani=true&JigyosyoCd=2373900097-00&ServiceCd=110&Type=search", "url2": "http://www.fureai-service.com" }, "geometry": { "type": "Point", "coordinates": [ 136.818373681822152, 35.237512999734882 ] } },
{ "type": "Feature", "properties": { "内容": "訪問介護サンライズ【訪問介護】愛知県稲沢市小池2-3-16-102", "url": "https://www.kaigokensaku.mhlw.go.jp/23/index.php?action_kouhyou_detail_004_kani=true&JigyosyoCd=2373900618-00&ServiceCd=110&Type=search", "url2": "http://www.canaan-n.co.jp/" }, "geometry": { "type": "Point", "coordinates": [ 136.813185642367557, 35.250821312977969 ] } },
{ "type": "Feature", "properties": { "内容": "ｻﾎﾟｰﾄｻｰﾋﾞｽちゃお【訪問介護】愛知県稲沢市片原一色町道上８番地2", "url": "https://www.kaigokensaku.mhlw.go.jp/23/index.php?action_kouhyou_detail_004_kani=true&JigyosyoCd=2373902408-00&ServiceCd=110&Type=search", "url2": null }, "geometry": { "type": "Point", "coordinates": [ 136.75020666137695, 35.241839272150159 ] } },
{ "type": "Feature", "properties": { "内容": "訪問介護・かとれあ【訪問介護】愛知県稲沢市下津寺前町21番地", "url": "https://www.kaigokensaku.mhlw.go.jp/23/index.php?action_kouhyou_detail_004_kani=true&JigyosyoCd=2373901616-00&ServiceCd=110&Type=search", "url2": "http://care-cattleya.jimdo.com/" }, "geometry": { "type": "Point", "coordinates": [ 136.833247828588782, 35.252693780179207 ] } },
{ "type": "Feature", "properties": { "内容": "さんわ介護サービス【訪問介護】国府宮2丁目2番17号RoyalVillaイーハトーブ国府宮イーハトーブ1F", "url": "https://www.kaigokensaku.mhlw.go.jp/23/index.php?action_kouhyou_detail_004_kani=true&JigyosyoCd=2373901467-00&ServiceCd=110&Type=search", "url2": "http://sanwa21.jp/" }, "geometry": { "type": "Point", "coordinates": [ 136.803443900000048, 35.2522322 ] } },
{ "type": "Feature", "properties": { "内容": "訪問介護事業所　木の葉【訪問介護】愛知県稲沢市長野5丁目80番地", "url": "https://www.kaigokensaku.mhlw.go.jp/23/index.php?action_kouhyou_detail_004_kani=true&JigyosyoCd=2373901277-00&ServiceCd=110&Type=search", "url2": null }, "geometry": { "type": "Point", "coordinates": [ 136.8128759, 35.2582373 ] } },
{ "type": "Feature", "properties": { "内容": "ヘルパーステーション　長楽【訪問介護】愛知県稲沢市儀長二丁目67番地", "url": "https://www.kaigokensaku.mhlw.go.jp/23/index.php?action_kouhyou_detail_004_kani=true&JigyosyoCd=2373901541-00&ServiceCd=110&Type=search", "url2": "http://cyouraku.co.jp/" }, "geometry": { "type": "Point", "coordinates": [ 136.762166447781055, 35.237449880324675 ] } },
{ "type": "Feature", "properties": { "内容": "ヘルパーステーション和ごころ【訪問介護】稲沢市祖父江町甲新田芝一７５番地１", "url": "https://www.kaigokensaku.mhlw.go.jp/23/index.php?action_kouhyou_detail_004_kani=true&JigyosyoCd=2373901368-00&ServiceCd=110&Type=search", "url2": null }, "geometry": { "type": "Point", "coordinates": [ 136.729664888716115, 35.234780409694672 ] } },
{ "type": "Feature", "properties": { "内容": "五条川ヘルパーステーション【訪問介護】愛知県稲沢市駅前四丁目1番27号ロイヤルハウス1F", "url": "https://www.kaigokensaku.mhlw.go.jp/23/index.php?action_kouhyou_detail_004_kani=true&JigyosyoCd=2373901772-00&ServiceCd=110&Type=search", "url2": "http://www.seijukai.or.jp" }, "geometry": { "type": "Point", "coordinates": [ 136.82056769999997, 35.2490137 ] } },
{ "type": "Feature", "properties": { "内容": "さくら・介護ステーションキュアケア【訪問介護】愛知県稲沢市祖父江町甲新田杁南１－１メイプルハウス１０５", "url": "https://www.kaigokensaku.mhlw.go.jp/23/index.php?action_kouhyou_detail_004_kani=true&JigyosyoCd=2373901459-00&ServiceCd=110&Type=search", "url2": "cure-care.net/slide3" }, "geometry": { "type": "Point", "coordinates": [ 136.723114, 35.2264568 ] } },
{ "type": "Feature", "properties": { "内容": "アイビー訪問介護ステーション【訪問介護】稲沢市駅前１丁目13-12サンフォーブル203号", "url": "https://www.kaigokensaku.mhlw.go.jp/23/index.php?action_kouhyou_detail_004_kani=true&JigyosyoCd=2373902416-00&ServiceCd=110&Type=search", "url2": null }, "geometry": { "type": "Point", "coordinates": [ 136.8200234, 35.254222 ] } },
{ "type": "Feature", "properties": { "内容": "エブリサポート訪問介護事業所【訪問介護】愛知県稲沢市祖父江町中牧外川222アーバつれづれ　1F", "url": "https://www.kaigokensaku.mhlw.go.jp/23/index.php?action_kouhyou_detail_004_kani=true&JigyosyoCd=2375500259-00&ServiceCd=110&Type=search", "url2": "http://" }, "geometry": { "type": "Point", "coordinates": [ 136.720241200000032, 35.2548953 ] } },
{ "type": "Feature", "properties": { "内容": "ヘルパーハットリ　訪問介護事業所【訪問介護】愛知県稲沢市祖父江町三丸渕中屋敷１６－１", "url": "https://www.kaigokensaku.mhlw.go.jp/23/index.php?action_kouhyou_detail_004_kani=true&JigyosyoCd=2375500051-00&ServiceCd=110&Type=search", "url2": "http://" }, "geometry": { "type": "Point", "coordinates": [ 136.731966100000022, 35.2225042 ] } },
{ "type": "Feature", "properties": { "内容": "稲沢第二大和の里指定訪問介護事業所【訪問介護】愛知県稲沢市井堀野口町27番地", "url": "https://www.kaigokensaku.mhlw.go.jp/23/index.php?action_kouhyou_detail_004_kani=true&JigyosyoCd=2373900162-00&ServiceCd=110&Type=search", "url2": "https://www.kunpuukai.com/daini-daiwanosato/" }, "geometry": { "type": "Point", "coordinates": [ 136.757621699999959, 35.2343663 ] } },
{ "type": "Feature", "properties": { "内容": "サンケア指定訪問介護いなざわ事業所【訪問介護】愛知県稲沢市平和町下起南275番地1", "url": "https://www.kaigokensaku.mhlw.go.jp/23/index.php?action_kouhyou_detail_004_kani=true&JigyosyoCd=2373901780-00&ServiceCd=110&Type=search", "url2": "http://www.suncare.co.jp/index/php" }, "geometry": { "type": "Point", "coordinates": [ 136.734816535582041, 35.205934552229074 ] } },
{ "type": "Feature", "properties": { "内容": "ヘルパーステーション　ハート・いなざわ【訪問介護】愛知県稲沢市大矢町地蔵堂46-1ナーシングホーム　ハート　いなざわ", "url": "https://www.kaigokensaku.mhlw.go.jp/23/index.php?action_kouhyou_detail_004_kani=true&JigyosyoCd=2373901988-00&ServiceCd=110&Type=search", "url2": "http://www.maysltd.com/" }, "geometry": { "type": "Point", "coordinates": [ 136.797432128836022, 35.217560734882753 ] } },
{ "type": "Feature", "properties": { "内容": "愛輪サポート有限会社【訪問介護】愛知県新城市石田字池田121番122番合併地", "url": "https://www.kaigokensaku.mhlw.go.jp/23/index.php?action_kouhyou_detail_004_kani=true&JigyosyoCd=2374000194-00&ServiceCd=110&Type=search", "url2": null }, "geometry": { "type": "Point", "coordinates": [ 137.492647905834929, 34.893151154205874 ] } },
{ "type": "Feature", "properties": { "内容": "訪問介護本舗みらい【訪問介護】愛知県新城市大野字的場7番地１の１", "url": "https://www.kaigokensaku.mhlw.go.jp/23/index.php?action_kouhyou_detail_004_kani=true&JigyosyoCd=2374000723-00&ServiceCd=110&Type=search", "url2": "https://llc-midorinooka.com" }, "geometry": { "type": "Point", "coordinates": [ 137.493673300000012, 34.9052947 ] } },
{ "type": "Feature", "properties": { "内容": "コープあいち福祉サービス新城【訪問介護】愛知県新城市西新町12番1", "url": "https://www.kaigokensaku.mhlw.go.jp/23/index.php?action_kouhyou_detail_004_kani=true&JigyosyoCd=2374000277-00&ServiceCd=110&Type=search", "url2": "http://coopaichi.tcoop.or.jp/" }, "geometry": { "type": "Point", "coordinates": [ 137.500823306745929, 34.902937952671166 ] } },
{ "type": "Feature", "properties": { "内容": "瑞穂ケア・サービス【訪問介護】愛知県新城市字東沖野３７番地の４", "url": "https://www.kaigokensaku.mhlw.go.jp/23/index.php?action_kouhyou_detail_004_kani=true&JigyosyoCd=2374000152-00&ServiceCd=110&Type=search", "url2": "http://www.mizuhocare.com" }, "geometry": { "type": "Point", "coordinates": [ 137.509391300000061, 34.9032765 ] } },
{ "type": "Feature", "properties": { "内容": "ヘルパーステーション幸【訪問介護】愛知県新城市城北二丁目10番地2", "url": "https://www.kaigokensaku.mhlw.go.jp/23/index.php?action_kouhyou_detail_004_kani=true&JigyosyoCd=2374000624-00&ServiceCd=110&Type=search", "url2": "http://www.hs-sachi.jp/" }, "geometry": { "type": "Point", "coordinates": [ 137.495974698447412, 34.90566178690127 ] } },
{ "type": "Feature", "properties": { "内容": "ヘルパーステーション和別院【訪問介護】愛知県新城市平井字ノナカ1番1", "url": "https://www.kaigokensaku.mhlw.go.jp/23/index.php?action_kouhyou_detail_004_kani=true&JigyosyoCd=2374000632-00&ServiceCd=110&Type=search", "url2": "http://wanokura.co.jp" }, "geometry": { "type": "Point", "coordinates": [ 137.509578990327725, 34.904973002261031 ] } },
{ "type": "Feature", "properties": { "内容": "しんしろ福祉会館訪問介護事業所【訪問介護】愛知県新城市字東沖野２０番地の１２しんしろ福祉会館", "url": "https://www.kaigokensaku.mhlw.go.jp/23/index.php?action_kouhyou_detail_004_kani=true&JigyosyoCd=2374000111-00&ServiceCd=110&Type=search", "url2": "http://www.shinshiroshakyo.or.jp/" }, "geometry": { "type": "Point", "coordinates": [ 137.50858310000001, 34.9024932 ] } },
{ "type": "Feature", "properties": { "内容": "訪問介護本舗シエル【訪問介護】名和町3丁目85番地パールハイム緑陽101", "url": "https://www.kaigokensaku.mhlw.go.jp/23/index.php?action_kouhyou_detail_004_kani=true&JigyosyoCd=2374101463-00&ServiceCd=110&Type=search", "url2": null }, "geometry": { "type": "Point", "coordinates": [ 136.913368, 35.0624339 ] } },
{ "type": "Feature", "properties": { "内容": "ヘルパーステーションひいらぎ【訪問介護】高横須賀町北屋敷13番地", "url": "https://www.kaigokensaku.mhlw.go.jp/23/index.php?action_kouhyou_detail_004_kani=true&JigyosyoCd=2374100853-00&ServiceCd=110&Type=search", "url2": "http://www.ne.jp/asahi/aichi/kagiya/hiiragi/" }, "geometry": { "type": "Point", "coordinates": [ 136.891603117721587, 35.010639777708157 ] } },
{ "type": "Feature", "properties": { "内容": "訪問介護　らんらんらん【訪問介護】愛知県東海市高横須賀町社宮司91番地", "url": "https://www.kaigokensaku.mhlw.go.jp/23/index.php?action_kouhyou_detail_004_kani=true&JigyosyoCd=2374101562-00&ServiceCd=110&Type=search", "url2": "https://wb-hisami.com/" }, "geometry": { "type": "Point", "coordinates": [ 136.896826955819677, 35.009647731493445 ] } },
{ "type": "Feature", "properties": { "内容": "ヘルパーステーション　アネシス【訪問介護】愛知県東海市名和町寄山１２－１", "url": "https://www.kaigokensaku.mhlw.go.jp/23/index.php?action_kouhyou_detail_004_kani=true&JigyosyoCd=2374101620-00&ServiceCd=110&Type=search", "url2": null }, "geometry": { "type": "Point", "coordinates": [ 136.9131655, 35.0471347 ] } },
{ "type": "Feature", "properties": { "内容": "ニチイケアセンター東海【訪問介護】愛知県東海市大田町蟹田1024　山中ビル2Ｆ", "url": "https://www.kaigokensaku.mhlw.go.jp/23/index.php?action_kouhyou_detail_004_kani=true&JigyosyoCd=2374100192-00&ServiceCd=110&Type=search", "url2": "http://www.nichiigakkan.co.jp" }, "geometry": { "type": "Point", "coordinates": [ 136.891168035582041, 35.019156699999989 ] } },
{ "type": "Feature", "properties": { "内容": "ニチイケアセンター東海南【訪問介護】東海市加木屋町陀々法師25-19", "url": "https://www.kaigokensaku.mhlw.go.jp/23/index.php?action_kouhyou_detail_004_kani=true&JigyosyoCd=2374100747-00&ServiceCd=110&Type=search", "url2": "http://www.nichiigakkan.co.jp/" }, "geometry": { "type": "Point", "coordinates": [ 136.9134001, 34.9741269 ] } },
{ "type": "Feature", "properties": { "内容": "ニチイケアセンター東海中央【訪問介護】愛知県東海市荒尾町宮ノ川42番1ドウ・ジャンボ2F203号室", "url": "https://www.kaigokensaku.mhlw.go.jp/23/index.php?action_kouhyou_detail_004_kani=true&JigyosyoCd=2374101455-00&ServiceCd=110&Type=search", "url2": "http://www.nichiigakkan.co.jp" }, "geometry": { "type": "Point", "coordinates": [ 136.910692299999937, 35.0261959 ] } },
{ "type": "Feature", "properties": { "内容": "訪問介護メロディ東海【訪問介護】愛知県東海市加木屋町夕霞松65番", "url": "https://www.kaigokensaku.mhlw.go.jp/23/index.php?action_kouhyou_detail_004_kani=true&JigyosyoCd=2374101588-00&ServiceCd=110&Type=search", "url2": "day-melody.com" }, "geometry": { "type": "Point", "coordinates": [ 136.908015829499817, 35.001110625663166 ] } },
{ "type": "Feature", "properties": { "内容": "ヘルパーステーションあさがお【訪問介護】愛知県東海市養父町2丁目2番地メゾン横須賀101号", "url": "https://www.kaigokensaku.mhlw.go.jp/23/index.php?action_kouhyou_detail_004_kani=true&JigyosyoCd=2374101497-00&ServiceCd=110&Type=search", "url2": "http://www.innenka.co.jp" }, "geometry": { "type": "Point", "coordinates": [ 136.8864327, 35.0089631 ] } },
{ "type": "Feature", "properties": { "内容": "東海市社会福祉協議会　ヘルパーステーション【訪問介護】愛知県東海市加木屋町南鹿持２７番地の１加木屋デイサービスセンター", "url": "https://www.kaigokensaku.mhlw.go.jp/23/index.php?action_kouhyou_detail_004_kani=true&JigyosyoCd=2374101273-00&ServiceCd=110&Type=search", "url2": "http://www.tokaisyakyo.jp" }, "geometry": { "type": "Point", "coordinates": [ 136.9179279, 34.977399700000014 ] } },
{ "type": "Feature", "properties": { "内容": "ヘルパーステーション　いずみ【訪問介護】東海市富木島町伏見２丁目２５番地2富木島診療所", "url": "https://www.kaigokensaku.mhlw.go.jp/23/index.php?action_kouhyou_detail_004_kani=true&JigyosyoCd=2374100374-00&ServiceCd=110&Type=search", "url2": "http://www.minami.or.jp/" }, "geometry": { "type": "Point", "coordinates": [ 136.912023500000032, 35.0172545 ] } },
{ "type": "Feature", "properties": { "内容": "レモン訪問介護事業所【訪問介護】愛知県東海市荒尾町福田地2番1", "url": "https://www.kaigokensaku.mhlw.go.jp/23/index.php?action_kouhyou_detail_004_kani=true&JigyosyoCd=2374100317-00&ServiceCd=110&Type=search", "url2": "http://www.lemon-kaigo.com/" }, "geometry": { "type": "Point", "coordinates": [ 136.912178, 35.0382772 ] } },
{ "type": "Feature", "properties": { "内容": "ヘルパーステーションかえで【訪問介護】愛知県東海市東海町二丁目6番5号東海かえでビル1階", "url": "https://www.kaigokensaku.mhlw.go.jp/23/index.php?action_kouhyou_detail_004_kani=true&JigyosyoCd=2374101513-00&ServiceCd=110&Type=search", "url2": "https://www.toukai-leven.jp/" }, "geometry": { "type": "Point", "coordinates": [ 136.898906899999986, 35.034533 ] } },
{ "type": "Feature", "properties": { "内容": "東海福寿園ヘルパーセンター【訪問介護】愛知県東海市中ノ池3丁目1番地の9", "url": "https://www.kaigokensaku.mhlw.go.jp/23/index.php?action_kouhyou_detail_004_kani=true&JigyosyoCd=2374100697-00&ServiceCd=110&Type=search", "url2": "http://www.fukujuen.or.jp" }, "geometry": { "type": "Point", "coordinates": [ 136.89887049999993, 34.9982035 ] } },
{ "type": "Feature", "properties": { "内容": "訪問介護シエロ【訪問介護】愛知県東海市加木屋町1丁目107", "url": "https://www.kaigokensaku.mhlw.go.jp/23/index.php?action_kouhyou_detail_004_kani=true&JigyosyoCd=2374101638-00&ServiceCd=110&Type=search", "url2": null }, "geometry": { "type": "Point", "coordinates": [ 136.909394099999986, 34.9873387 ] } },
{ "type": "Feature", "properties": { "内容": "ヘルパーステーションKOPかぎや【訪問介護】愛知県東海市加木屋町大清水516", "url": "https://www.kaigokensaku.mhlw.go.jp/23/index.php?action_kouhyou_detail_004_kani=true&JigyosyoCd=2374101232-00&ServiceCd=110&Type=search", "url2": null }, "geometry": { "type": "Point", "coordinates": [ 136.9086145, 34.9793148 ] } },
{ "type": "Feature", "properties": { "内容": "特定非営利活動法人　東海市在宅介護家事援助の会　ふれ愛【訪問介護】愛知県東海市養父町苅宿３１番地の１", "url": "https://www.kaigokensaku.mhlw.go.jp/23/index.php?action_kouhyou_detail_004_kani=true&JigyosyoCd=2374100200-00&ServiceCd=110&Type=search", "url2": "http://www.npo-hureai-kaigo.or.jp/" }, "geometry": { "type": "Point", "coordinates": [ 136.880736299999967, 35.0035467 ] } },
{ "type": "Feature", "properties": { "内容": "ヘルパーステーションポトス【訪問介護】愛知県東海市養父町大木之本6-1", "url": "https://www.kaigokensaku.mhlw.go.jp/23/index.php?action_kouhyou_detail_004_kani=true&JigyosyoCd=2374101554-00&ServiceCd=110&Type=search", "url2": "https://futabamate.com" }, "geometry": { "type": "Point", "coordinates": [ 136.883365199999986, 35.006233500000015 ] } },
{ "type": "Feature", "properties": { "内容": "ヘルパーステーション　ケアプラザ【訪問介護】共和町3－5－5住宅型有料老人ホーム　マイスイートホーム内", "url": "https://www.kaigokensaku.mhlw.go.jp/23/index.php?action_kouhyou_detail_004_kani=true&JigyosyoCd=2374201024-00&ServiceCd=110&Type=search", "url2": null }, "geometry": { "type": "Point", "coordinates": [ 136.952623899999907, 35.0330592 ] } },
{ "type": "Feature", "properties": { "内容": "ヘルパーステーション　ピッコロの丘【訪問介護】大府市横根町名高山5-61有料老人ホームピッコロの丘", "url": "https://www.kaigokensaku.mhlw.go.jp/23/index.php?action_kouhyou_detail_004_kani=true&JigyosyoCd=2374200521-00&ServiceCd=110&Type=search", "url2": "http://kaigo-town-aichi.com/" }, "geometry": { "type": "Point", "coordinates": [ 136.977483399999983, 35.0250304 ] } },
{ "type": "Feature", "properties": { "内容": "なごみケアステーション【訪問介護】愛知県大府市大府市追分町2‐140－1プリーズ南103", "url": "https://www.kaigokensaku.mhlw.go.jp/23/index.php?action_kouhyou_detail_004_kani=true&JigyosyoCd=2374201370-00&ServiceCd=110&Type=search", "url2": null }, "geometry": { "type": "Point", "coordinates": [ 136.9592041, 35.0276194 ] } },
{ "type": "Feature", "properties": { "内容": "あした葉の花【訪問介護】愛知県大府市若草町一丁目１１１７番地", "url": "https://www.kaigokensaku.mhlw.go.jp/23/index.php?action_kouhyou_detail_004_kani=true&JigyosyoCd=2374201016-00&ServiceCd=110&Type=search", "url2": null }, "geometry": { "type": "Point", "coordinates": [ 136.972202539881067, 35.016658504966031 ] } },
{ "type": "Feature", "properties": { "内容": "ゆめケアサービス【訪問介護】愛知県大府市中央町４丁目７７番地", "url": "https://www.kaigokensaku.mhlw.go.jp/23/index.php?action_kouhyou_detail_004_kani=true&JigyosyoCd=2374200661-00&ServiceCd=110&Type=search", "url2": "https://www.yuua-atataka.com" }, "geometry": { "type": "Point", "coordinates": [ 136.963998446593081, 35.008336415338555 ] } },
{ "type": "Feature", "properties": { "内容": "ニチイケアセンター大府【訪問介護】愛知県大府市東新町1-65", "url": "https://www.kaigokensaku.mhlw.go.jp/23/index.php?action_kouhyou_detail_004_kani=true&JigyosyoCd=2374200620-00&ServiceCd=110&Type=search", "url2": "http:nichiigakkan.co.jp" }, "geometry": { "type": "Point", "coordinates": [ 136.959698300000014, 35.0364507 ] } },
{ "type": "Feature", "properties": { "内容": "ニチイケアセンター南大府【訪問介護】愛知県大府市月見町5-192ＮＥＷＳ1　201号", "url": "https://www.kaigokensaku.mhlw.go.jp/23/index.php?action_kouhyou_detail_004_kani=true&JigyosyoCd=2374201222-00&ServiceCd=110&Type=search", "url2": "http://www.nichiigakkan.co.jp" }, "geometry": { "type": "Point", "coordinates": [ 136.9558353, 35.0067698 ] } },
{ "type": "Feature", "properties": { "内容": "みらい訪問介護ステーション大府【訪問介護】愛知県大府市神田町六丁目400-1", "url": "https://www.kaigokensaku.mhlw.go.jp/23/index.php?action_kouhyou_detail_004_kani=true&JigyosyoCd=2374201339-00&ServiceCd=110&Type=search", "url2": "mirainosato.com/" }, "geometry": { "type": "Point", "coordinates": [ 136.9904405, 35.0259231 ] } },
{ "type": "Feature", "properties": { "内容": "あぐりす訪問介護センターあい愛おおぶ【訪問介護】愛知県大府市吉田町四丁目56", "url": "https://www.kaigokensaku.mhlw.go.jp/23/index.php?action_kouhyou_detail_004_kani=true&JigyosyoCd=2374201180-00&ServiceCd=110&Type=search", "url2": "http://daichinooka.com/" }, "geometry": { "type": "Point", "coordinates": [ 136.9339745, 35.0026414 ] } },
{ "type": "Feature", "properties": { "内容": "特定非営利活動法人ネットワーク大府　指定訪問介護事業所【訪問介護】愛知県大府市森岡町一丁目３０番地", "url": "https://www.kaigokensaku.mhlw.go.jp/23/index.php?action_kouhyou_detail_004_kani=true&JigyosyoCd=2374200141-00&ServiceCd=110&Type=search", "url2": "http://www.horae.dti.ne.jp/~npo" }, "geometry": { "type": "Point", "coordinates": [ 136.949297300000012, 35.0082121 ] } },
{ "type": "Feature", "properties": { "内容": "青空ヘルパーステーション【訪問介護】愛知県大府市江端町２丁目８０番地　２階中西アパート２階", "url": "https://www.kaigokensaku.mhlw.go.jp/23/index.php?action_kouhyou_detail_004_kani=true&JigyosyoCd=2374201255-00&ServiceCd=110&Type=search", "url2": "http://yumenbo.org/" }, "geometry": { "type": "Point", "coordinates": [ 136.95537120000003, 35.0128565 ] } },
{ "type": "Feature", "properties": { "内容": "パーソナルケアステーション大府【訪問介護】愛知県大府市横根町名高山5-61", "url": "https://www.kaigokensaku.mhlw.go.jp/23/index.php?action_kouhyou_detail_004_kani=true&JigyosyoCd=2374201404-00&ServiceCd=110&Type=search", "url2": null }, "geometry": { "type": "Point", "coordinates": [ 136.9775119, 35.0250496 ] } },
{ "type": "Feature", "properties": { "内容": "訪問介護ステーション　オガール大府【訪問介護】愛知県大府市共和町3-5-5住宅型有料老人ホームオガール大府", "url": "https://www.kaigokensaku.mhlw.go.jp/23/index.php?action_kouhyou_detail_004_kani=true&JigyosyoCd=2374201396-00&ServiceCd=110&Type=search", "url2": null }, "geometry": { "type": "Point", "coordinates": [ 136.9527103, 35.0330485 ] } },
{ "type": "Feature", "properties": { "内容": "さわやかの丘第２訪問介護事業所【訪問介護】愛知県大府市月見町５丁目１０３番地江小タウン桜１号", "url": "https://www.kaigokensaku.mhlw.go.jp/23/index.php?action_kouhyou_detail_004_kani=true&JigyosyoCd=2374200828-00&ServiceCd=110&Type=search", "url2": "www.aisin‐ad.co.jp／sawayaka" }, "geometry": { "type": "Point", "coordinates": [ 136.95345571725025, 35.006409201281194 ] } },
{ "type": "Feature", "properties": { "内容": "訪問介護事業所　れんげ草【訪問介護】愛知県大府市梶田町二丁目70番地", "url": "https://www.kaigokensaku.mhlw.go.jp/23/index.php?action_kouhyou_detail_004_kani=true&JigyosyoCd=2374200760-00&ServiceCd=110&Type=search", "url2": "http://www.kyowa.or.jp/renge/" }, "geometry": { "type": "Point", "coordinates": [ 136.966342026319921, 35.04076866330383 ] } },
{ "type": "Feature", "properties": { "内容": "ヘルパーステーション　さわやか愛知【訪問介護】大府市共栄町２－４２０－１", "url": "https://www.kaigokensaku.mhlw.go.jp/23/index.php?action_kouhyou_detail_004_kani=true&JigyosyoCd=2374200364-00&ServiceCd=110&Type=search", "url2": "http://www.sawayaka-aichi＠jasmine.ocn.ne.jp" }, "geometry": { "type": "Point", "coordinates": [ 136.958715, 35.0461357 ] } },
{ "type": "Feature", "properties": { "内容": "あいヘルパーステーションⅡ【訪問介護】大府市月見町１丁目２７９番地WestMt.obu　206", "url": "https://www.kaigokensaku.mhlw.go.jp/23/index.php?action_kouhyou_detail_004_kani=true&JigyosyoCd=2374201354-00&ServiceCd=110&Type=search", "url2": null }, "geometry": { "type": "Point", "coordinates": [ 136.9600376, 35.0058417 ] } },
{ "type": "Feature", "properties": { "内容": "訪問介護の美空大府【訪問介護】愛知県大府市若草町三丁目344-1ナーシングホーム美空大府", "url": "https://www.kaigokensaku.mhlw.go.jp/23/index.php?action_kouhyou_detail_004_kani=true&JigyosyoCd=2374201263-00&ServiceCd=110&Type=search", "url2": null }, "geometry": { "type": "Point", "coordinates": [ 136.9697986, 35.0101771 ] } },
{ "type": "Feature", "properties": { "内容": "ヘルパーステーションひだまりの郷おおぶ【訪問介護】愛知県大府市横根町石丸９７番地１", "url": "https://www.kaigokensaku.mhlw.go.jp/23/index.php?action_kouhyou_detail_004_kani=true&JigyosyoCd=2374201420-00&ServiceCd=110&Type=search", "url2": "https://hidamari-sato.jp" }, "geometry": { "type": "Point", "coordinates": [ 136.985557300000011, 35.0190876 ] } },
{ "type": "Feature", "properties": { "内容": "訪問介護事業所おてんとさま【訪問介護】愛知県知多市南粕谷本町二丁目109番地", "url": "https://www.kaigokensaku.mhlw.go.jp/23/index.php?action_kouhyou_detail_004_kani=true&JigyosyoCd=2374300701-00&ServiceCd=110&Type=search", "url2": null }, "geometry": { "type": "Point", "coordinates": [ 136.845826200000033, 34.9392052 ] } },
{ "type": "Feature", "properties": { "内容": "介護２４　知多【訪問介護】愛知県知多市つつじが丘1-12-9　チタカビル２Ｆ", "url": "https://www.kaigokensaku.mhlw.go.jp/23/index.php?action_kouhyou_detail_004_kani=true&JigyosyoCd=2374300651-00&ServiceCd=110&Type=search", "url2": null }, "geometry": { "type": "Point", "coordinates": [ 136.8698872, 34.986737 ] } },
{ "type": "Feature", "properties": { "内容": "訪問介護の美空知多【訪問介護】愛知県知多市新知東町３丁目３３−７", "url": "https://www.kaigokensaku.mhlw.go.jp/23/index.php?action_kouhyou_detail_004_kani=true&JigyosyoCd=2374301220-00&ServiceCd=110&Type=search", "url2": "https://misora-ykg.jp" }, "geometry": { "type": "Point", "coordinates": [ 136.8706312, 34.973789 ] } },
{ "type": "Feature", "properties": { "内容": "新舞子すみれ訪問介護ステーション【訪問介護】愛知県知多市大草字東屋敷13-1グリーンハイツユウⅡ１F　C号", "url": "https://www.kaigokensaku.mhlw.go.jp/23/index.php?action_kouhyou_detail_004_kani=true&JigyosyoCd=2374301170-00&ServiceCd=110&Type=search", "url2": "https://ivymedical-tokai.jp/titasumire.html" }, "geometry": { "type": "Point", "coordinates": [ 136.830477699999989, 34.9425663 ] } },
{ "type": "Feature", "properties": { "内容": "和び咲び訪問快護【訪問介護】愛知県知多市つつじヶ丘3丁目11番地25", "url": "https://www.kaigokensaku.mhlw.go.jp/23/index.php?action_kouhyou_detail_004_kani=true&JigyosyoCd=2374301162-00&ServiceCd=110&Type=search", "url2": "https://old-rookie.net/" }, "geometry": { "type": "Point", "coordinates": [ 136.8715253, 34.9845854 ] } },
{ "type": "Feature", "properties": { "内容": "訪問介護メロディ【訪問介護】愛知県知多市新知東町３丁目43番2", "url": "https://www.kaigokensaku.mhlw.go.jp/23/index.php?action_kouhyou_detail_004_kani=true&JigyosyoCd=2374300966-00&ServiceCd=110&Type=search", "url2": "http://day-melody.com" }, "geometry": { "type": "Point", "coordinates": [ 136.869295409428986, 34.974252930509486 ] } },
{ "type": "Feature", "properties": { "内容": "特定非営利活動法人　だいこんの花【訪問介護】愛知県知多市岡田字乞食道39番地の7", "url": "https://www.kaigokensaku.mhlw.go.jp/23/index.php?action_kouhyou_detail_004_kani=true&JigyosyoCd=2374300479-00&ServiceCd=110&Type=search", "url2": "http://www006.upp.so-net.ne.jp/daikonnohana/" }, "geometry": { "type": "Point", "coordinates": [ 136.871750499999962, 34.9683785 ] } },
{ "type": "Feature", "properties": { "内容": "訪問介護事業所エーゼットケア【訪問介護】愛知県知多市つつじが丘３丁目２０番地16", "url": "https://www.kaigokensaku.mhlw.go.jp/23/index.php?action_kouhyou_detail_004_kani=true&JigyosyoCd=2374300362-00&ServiceCd=110&Type=search", "url2": "http:/www.a-z-life.com" }, "geometry": { "type": "Point", "coordinates": [ 136.873416200000065, 34.9814547 ] } },
{ "type": "Feature", "properties": { "内容": "ちた福寿園ヘルパーセンター【訪問介護】愛知県知多市大興寺字落田11番1", "url": "https://www.kaigokensaku.mhlw.go.jp/23/index.php?action_kouhyou_detail_004_kani=true&JigyosyoCd=2374301048-00&ServiceCd=110&Type=search", "url2": "http://www.fukujuen.or.jp/" }, "geometry": { "type": "Point", "coordinates": [ 136.858461158721866, 34.945406605955554 ] } },
{ "type": "Feature", "properties": { "内容": "知多市社協ヘルパーステーション【訪問介護】愛知県知多市緑町３２－６", "url": "https://www.kaigokensaku.mhlw.go.jp/23/index.php?action_kouhyou_detail_004_kani=true&JigyosyoCd=2374300172-00&ServiceCd=110&Type=search", "url2": "http://www.chita-shakyo.com" }, "geometry": { "type": "Point", "coordinates": [ 136.8602505, 34.9914448 ] } },
{ "type": "Feature", "properties": { "内容": "総合訪問サービス　つるかめ介護【訪問介護】八幡新町一丁目６番地１０", "url": "https://www.kaigokensaku.mhlw.go.jp/23/index.php?action_kouhyou_detail_004_kani=true&JigyosyoCd=2374301121-00&ServiceCd=110&Type=search", "url2": "http://hp.kaipoke.biz/d5y/index.html" }, "geometry": { "type": "Point", "coordinates": [ 136.8696411, 34.9927597 ] } },
{ "type": "Feature", "properties": { "内容": "特定非営利活動法人　ゆいの会【訪問介護】愛知県知多市新知字西屋敷２２番地2", "url": "https://www.kaigokensaku.mhlw.go.jp/23/index.php?action_kouhyou_detail_004_kani=true&JigyosyoCd=2374300107-00&ServiceCd=110&Type=search", "url2": "http://www.yui.npo-jp.net" }, "geometry": { "type": "Point", "coordinates": [ 136.861278199999987, 34.99084490000002 ] } },
{ "type": "Feature", "properties": { "内容": "訪問介護ちたともに【訪問介護】八幡字鍋山135の10", "url": "https://www.kaigokensaku.mhlw.go.jp/23/index.php?action_kouhyou_detail_004_kani=true&JigyosyoCd=2374300990-00&ServiceCd=110&Type=search", "url2": "https://chitatomoni.com" }, "geometry": { "type": "Point", "coordinates": [ 136.914836199999968, 34.9681917 ] } },
{ "type": "Feature", "properties": { "内容": "特定非営利活動法人　あゆみ【訪問介護】愛知県知多市岡田字上中田58－1", "url": "https://www.kaigokensaku.mhlw.go.jp/23/index.php?action_kouhyou_detail_004_kani=true&JigyosyoCd=2374300453-00&ServiceCd=110&Type=search", "url2": "httpｓ://ikiiki1555.wixsite.com/ayumi" }, "geometry": { "type": "Point", "coordinates": [ 136.857954599999971, 34.970305300000014 ] } },
{ "type": "Feature", "properties": { "内容": "ニコニコ介護　東海【訪問介護】愛知県知多市原2丁目7番地3エクセル原203", "url": "https://www.kaigokensaku.mhlw.go.jp/23/index.php?action_kouhyou_detail_004_kani=true&JigyosyoCd=2374300735-00&ServiceCd=110&Type=search", "url2": "http://www.kinsei.biz/" }, "geometry": { "type": "Point", "coordinates": [ 136.9094146, 34.9729351 ] } },
{ "type": "Feature", "properties": { "内容": "おいでん！の訪問介護【訪問介護】八幡字汐街道１４６番地", "url": "https://www.kaigokensaku.mhlw.go.jp/23/index.php?action_kouhyou_detail_004_kani=true&JigyosyoCd=2374301204-00&ServiceCd=110&Type=search", "url2": "http://smile-fair.jp/" }, "geometry": { "type": "Point", "coordinates": [ 136.8704777, 34.9989295 ] } },
{ "type": "Feature", "properties": { "内容": "知立南ホームヘルパーステーション【訪問介護】知立市東長篠１丁目１－１３", "url": "https://www.kaigokensaku.mhlw.go.jp/23/index.php?action_kouhyou_detail_004_kani=true&JigyosyoCd=2374400030-00&ServiceCd=110&Type=search", "url2": "http://www.minamihifuka.com" }, "geometry": { "type": "Point", "coordinates": [ 137.0405614, 35.0001658 ] } },
{ "type": "Feature", "properties": { "内容": "ミライエ訪問介護ステーション【訪問介護】愛知県知立市山屋敷町霞山3-14", "url": "https://www.kaigokensaku.mhlw.go.jp/23/index.php?action_kouhyou_detail_004_kani=true&JigyosyoCd=2374400774-00&ServiceCd=110&Type=search", "url2": "https://www.mirai-e-ne.jp/" }, "geometry": { "type": "Point", "coordinates": [ 137.057457203041082, 35.007836629765329 ] } },
{ "type": "Feature", "properties": { "内容": "のどかケアステーション【訪問介護】愛知県知立市新林町新林９番地２メディカルホーム　ハート・しんばやし", "url": "https://www.kaigokensaku.mhlw.go.jp/23/index.php?action_kouhyou_detail_004_kani=true&JigyosyoCd=2374400816-00&ServiceCd=110&Type=search", "url2": "https://goodlife-care.co.jp" }, "geometry": { "type": "Point", "coordinates": [ 137.046569868261713, 34.987760768083611 ] } },
{ "type": "Feature", "properties": { "内容": "ケアコール知立【訪問介護】愛知県知立市東上重原2丁目73番地", "url": "https://www.kaigokensaku.mhlw.go.jp/23/index.php?action_kouhyou_detail_004_kani=true&JigyosyoCd=2374400857-00&ServiceCd=110&Type=search", "url2": "https://nc-service.net/" }, "geometry": { "type": "Point", "coordinates": [ 137.0334206, 34.9988262 ] } },
{ "type": "Feature", "properties": { "内容": "ヘルパーステーションウェルネス【訪問介護】愛知県知立市宝三丁目１１番地７", "url": "https://www.kaigokensaku.mhlw.go.jp/23/index.php?action_kouhyou_detail_004_kani=true&JigyosyoCd=2374400592-00&ServiceCd=110&Type=search", "url2": null }, "geometry": { "type": "Point", "coordinates": [ 137.030692700000031, 35.0070787 ] } },
{ "type": "Feature", "properties": { "内容": "ニチイケアセンター逢妻【訪問介護】愛知県知立市逢妻町道瀬山38", "url": "https://www.kaigokensaku.mhlw.go.jp/23/index.php?action_kouhyou_detail_004_kani=true&JigyosyoCd=2374400527-00&ServiceCd=110&Type=search", "url2": "http://" }, "geometry": { "type": "Point", "coordinates": [ 137.037378, 35.0194833 ] } },
{ "type": "Feature", "properties": { "内容": "ニチイケアセンター知立東【訪問介護】愛知県知立市南陽二丁目175南陽貸店舗ハ", "url": "https://www.kaigokensaku.mhlw.go.jp/23/index.php?action_kouhyou_detail_004_kani=true&JigyosyoCd=2374400824-00&ServiceCd=110&Type=search", "url2": null }, "geometry": { "type": "Point", "coordinates": [ 137.060563800000011, 34.9969504 ] } },
{ "type": "Feature", "properties": { "内容": "訪問介護すえひろ【訪問介護】愛知県知立市西町亀池33-1プレステージ末廣館", "url": "https://www.kaigokensaku.mhlw.go.jp/23/index.php?action_kouhyou_detail_004_kani=true&JigyosyoCd=2374400568-00&ServiceCd=110&Type=search", "url2": null }, "geometry": { "type": "Point", "coordinates": [ 137.038194699999963, 35.011473 ] } },
{ "type": "Feature", "properties": { "内容": "老人居宅介護等事業ほほえみの里【訪問介護】知立市昭和２－４－３", "url": "https://www.kaigokensaku.mhlw.go.jp/23/index.php?action_kouhyou_detail_004_kani=true&JigyosyoCd=2374400428-00&ServiceCd=110&Type=search", "url2": "hohoeminosato.com" }, "geometry": { "type": "Point", "coordinates": [ 137.062912099999949, 34.9943476 ] } },
{ "type": "Feature", "properties": { "内容": "ヴィラトピア知立ホームヘルパー派遣事業所【訪問介護】愛知県知立市山屋敷町山屋敷２５番地９０", "url": "https://www.kaigokensaku.mhlw.go.jp/23/index.php?action_kouhyou_detail_004_kani=true&JigyosyoCd=2374400055-00&ServiceCd=110&Type=search", "url2": "helperper@villatopisa..org" }, "geometry": { "type": "Point", "coordinates": [ 137.054810303535419, 35.010706535334329 ] } },
{ "type": "Feature", "properties": { "内容": "すまいる知立指定訪問介護事業所【訪問介護】知立市南新地一丁目１番地３", "url": "https://www.kaigokensaku.mhlw.go.jp/23/index.php?action_kouhyou_detail_004_kani=true&JigyosyoCd=2374400162-00&ServiceCd=110&Type=search", "url2": "https://smile-care.me/" }, "geometry": { "type": "Point", "coordinates": [ 137.037783799999943, 35.003232 ] } },
{ "type": "Feature", "properties": { "内容": "ヘルパーステーション　オレンジnoah【訪問介護】愛知県知立市広見3丁目44新星和知立コーポラス102", "url": "https://www.kaigokensaku.mhlw.go.jp/23/index.php?action_kouhyou_detail_004_kani=true&JigyosyoCd=2374400683-00&ServiceCd=110&Type=search", "url2": "htte://ossn-kk.com/" }, "geometry": { "type": "Point", "coordinates": [ 137.0511798, 35.0008494 ] } },
{ "type": "Feature", "properties": { "内容": "ヘルパーステーションみかわ【訪問介護】愛知県知立市弘法一丁目６番地１", "url": "https://www.kaigokensaku.mhlw.go.jp/23/index.php?action_kouhyou_detail_004_kani=true&JigyosyoCd=2374400790-00&ServiceCd=110&Type=search", "url2": "m-k-w.jp" }, "geometry": { "type": "Point", "coordinates": [ 137.040203107885191, 34.998386810174594 ] } },
{ "type": "Feature", "properties": { "内容": "特定非営利活動法人　仁【訪問介護】愛知県知立市牛田1丁目8番地", "url": "https://www.kaigokensaku.mhlw.go.jp/23/index.php?action_kouhyou_detail_004_kani=true&JigyosyoCd=2374400923-00&ServiceCd=110&Type=search", "url2": "https://npojin.my.canva.site/kaigo" }, "geometry": { "type": "Point", "coordinates": [ 137.0578142, 35.0014305 ] } },
{ "type": "Feature", "properties": { "内容": "ウェル介護103【訪問介護】愛知県尾張旭市西山町2丁目9番地1", "url": "https://www.kaigokensaku.mhlw.go.jp/23/index.php?action_kouhyou_detail_004_kani=true&JigyosyoCd=2374501134-00&ServiceCd=110&Type=search", "url2": null }, "geometry": { "type": "Point", "coordinates": [ 137.01470930000005, 35.198295 ] } },
{ "type": "Feature", "properties": { "内容": "訪問介護ステーション　sun楽（サンタ）【訪問介護】西の野町５丁目７０番１", "url": "https://www.kaigokensaku.mhlw.go.jp/23/index.php?action_kouhyou_detail_004_kani=true&JigyosyoCd=2374501852-00&ServiceCd=110&Type=search", "url2": null }, "geometry": { "type": "Point", "coordinates": [ 137.037684, 35.2090144 ] } },
{ "type": "Feature", "properties": { "内容": "えすぷれっそおわりあさひ１でぃ【訪問介護】西大道町前田3863-4ESPRESSO尾張旭1D", "url": "https://www.kaigokensaku.mhlw.go.jp/23/index.php?action_kouhyou_detail_004_kani=true&JigyosyoCd=2374502116-00&ServiceCd=110&Type=search", "url2": "http://hp.kaipoke.biz/024/" }, "geometry": { "type": "Point", "coordinates": [ 137.0318399, 35.211642200000021 ] } },
{ "type": "Feature", "properties": { "内容": "あいライフ【訪問介護】尾張旭市北山町六反田１２２番地", "url": "https://www.kaigokensaku.mhlw.go.jp/23/index.php?action_kouhyou_detail_004_kani=true&JigyosyoCd=2374500532-00&ServiceCd=110&Type=search", "url2": "http://fullｍａｒｋｓ.ｊｉｍｄｏ.ｃｏｍ" }, "geometry": { "type": "Point", "coordinates": [ 137.043550500000038, 35.2081363 ] } },
{ "type": "Feature", "properties": { "内容": "訪問介護　あんず【訪問介護】愛知県尾張旭市井田町一丁目178", "url": "https://www.kaigokensaku.mhlw.go.jp/23/index.php?action_kouhyou_detail_004_kani=true&JigyosyoCd=2374501050-00&ServiceCd=110&Type=search", "url2": "www5.hp-ez.com>anzunosato>" }, "geometry": { "type": "Point", "coordinates": [ 137.052846899999963, 35.2118834 ] } },
{ "type": "Feature", "properties": { "内容": "訪問介護かざぐるま【訪問介護】愛知県尾張旭市東山町1-2-5アサヒビル202", "url": "https://www.kaigokensaku.mhlw.go.jp/23/index.php?action_kouhyou_detail_004_kani=true&JigyosyoCd=2374501126-00&ServiceCd=110&Type=search", "url2": "http://kazaguruma-greenruns.com" }, "geometry": { "type": "Point", "coordinates": [ 137.018393562357346, 35.198912586593181 ] } },
{ "type": "Feature", "properties": { "内容": "ﾍﾙﾊﾟｰｽﾃｰｼｮﾝすずらん尾張旭市【訪問介護】狩宿新町1-65住宅型有料老人ホームすずらん尾張旭市", "url": "https://www.kaigokensaku.mhlw.go.jp/23/index.php?action_kouhyou_detail_004_kani=true&JigyosyoCd=2374501746-00&ServiceCd=110&Type=search", "url2": "https://w-suzuran.net/" }, "geometry": { "type": "Point", "coordinates": [ 137.059837900000048, 35.2120003 ] } },
{ "type": "Feature", "properties": { "内容": "ニチイケアセンター印場【訪問介護】愛知県尾張旭市渋川町2-11-5季樹302号", "url": "https://www.kaigokensaku.mhlw.go.jp/23/index.php?action_kouhyou_detail_004_kani=true&JigyosyoCd=2374501977-00&ServiceCd=110&Type=search", "url2": "http://www/nichiigakkan.co.jp" }, "geometry": { "type": "Point", "coordinates": [ 137.017511099999979, 35.2070076 ] } },
{ "type": "Feature", "properties": { "内容": "訪問介護ボーベルケアハウス【訪問介護】愛知県尾張旭市東大久手町一丁目11番地の15", "url": "https://www.kaigokensaku.mhlw.go.jp/23/index.php?action_kouhyou_detail_004_kani=true&JigyosyoCd=2374500482-00&ServiceCd=110&Type=search", "url2": "http://beaubel-company.com/" }, "geometry": { "type": "Point", "coordinates": [ 137.050538446627115, 35.22452977572631 ] } },
{ "type": "Feature", "properties": { "内容": "ヘルパーステーション　アーモンド【訪問介護】愛知県尾張旭市井田町一丁目６4番地", "url": "https://www.kaigokensaku.mhlw.go.jp/23/index.php?action_kouhyou_detail_004_kani=true&JigyosyoCd=2374501985-00&ServiceCd=110&Type=search", "url2": null }, "geometry": { "type": "Point", "coordinates": [ 137.05191620699307, 35.209805660556718 ] } },
{ "type": "Feature", "properties": { "内容": "訪問介護かぎしっぽ【訪問介護】愛知県尾張旭市南原山町石原126番地10ハイツアマーレ101号室", "url": "https://www.kaigokensaku.mhlw.go.jp/23/index.php?action_kouhyou_detail_004_kani=true&JigyosyoCd=2374501993-00&ServiceCd=110&Type=search", "url2": "http://www.kagishippo2021.com" }, "geometry": { "type": "Point", "coordinates": [ 137.049578700000012, 35.2137402 ] } },
{ "type": "Feature", "properties": { "内容": "ひだまり訪問介護事業所【訪問介護】尾張旭市新居町寺田３０１１レジデンス新居２０１号", "url": "https://www.kaigokensaku.mhlw.go.jp/23/index.php?action_kouhyou_detail_004_kani=true&JigyosyoCd=2374501290-00&ServiceCd=110&Type=search", "url2": null }, "geometry": { "type": "Point", "coordinates": [ 137.035710887835648, 35.220301552909604 ] } },
{ "type": "Feature", "properties": { "内容": "ケアーサポート訪問介護事業所【訪問介護】愛知県尾張旭市井田町二丁目290番地ハイツ西山１０３号室", "url": "https://www.kaigokensaku.mhlw.go.jp/23/index.php?action_kouhyou_detail_004_kani=true&JigyosyoCd=2374500649-00&ServiceCd=110&Type=search", "url2": "http://" }, "geometry": { "type": "Point", "coordinates": [ 137.0487243, 35.2103877 ] } },
{ "type": "Feature", "properties": { "内容": "訪問介護すずらん【訪問介護】愛知県尾張旭市城前町三丁目1-18", "url": "https://www.kaigokensaku.mhlw.go.jp/23/index.php?action_kouhyou_detail_004_kani=true&JigyosyoCd=2374500714-00&ServiceCd=110&Type=search", "url2": "http://" }, "geometry": { "type": "Point", "coordinates": [ 137.027071400000068, 35.215609700000023 ] } },
{ "type": "Feature", "properties": { "内容": "介護事業所　正ちゃん家【訪問介護】愛知県尾張旭市南本地ヶ原町２丁目６６番地4", "url": "https://www.kaigokensaku.mhlw.go.jp/23/index.php?action_kouhyou_detail_004_kani=true&JigyosyoCd=2374500755-00&ServiceCd=110&Type=search", "url2": "https://www.three1-h16111.com" }, "geometry": { "type": "Point", "coordinates": [ 137.03288520000001, 35.1948099 ] } },
{ "type": "Feature", "properties": { "内容": "指定訪問介護事業所　ひょうたん島【訪問介護】愛知県尾張旭市南栄町旭ヶ丘40-1", "url": "https://www.kaigokensaku.mhlw.go.jp/23/index.php?action_kouhyou_detail_004_kani=true&JigyosyoCd=2374501035-00&ServiceCd=110&Type=search", "url2": "https://hyoutanjima-kaigo.com" }, "geometry": { "type": "Point", "coordinates": [ 137.040495466270386, 35.194469061958763 ] } },
{ "type": "Feature", "properties": { "内容": "チアフル訪問介護事業所【訪問介護】愛知県尾張旭市東印場1-16-8", "url": "https://www.kaigokensaku.mhlw.go.jp/23/index.php?action_kouhyou_detail_004_kani=true&JigyosyoCd=2374502140-00&ServiceCd=110&Type=search", "url2": null }, "geometry": { "type": "Point", "coordinates": [ 137.026544111188514, 35.2117939281163 ] } },
{ "type": "Feature", "properties": { "内容": "訪問介護事業所　ヒビコウ【訪問介護】愛知県尾張旭緑町緑ヶ丘１２１－６１", "url": "https://www.kaigokensaku.mhlw.go.jp/23/index.php?action_kouhyou_detail_004_kani=true&JigyosyoCd=2374501340-00&ServiceCd=110&Type=search", "url2": null }, "geometry": { "type": "Point", "coordinates": [ 137.029389891991741, 35.200997749580125 ] } },
{ "type": "Feature", "properties": { "内容": "光ケアヘルパーステーション【訪問介護】愛知県尾張旭市狩宿町四丁目61番地1", "url": "https://www.kaigokensaku.mhlw.go.jp/23/index.php?action_kouhyou_detail_004_kani=true&JigyosyoCd=2374501373-00&ServiceCd=110&Type=search", "url2": "https://sites.google.com/caretoday.info/567" }, "geometry": { "type": "Point", "coordinates": [ 137.06369749376222, 35.210728025778074 ] } },
{ "type": "Feature", "properties": { "内容": "訪問介護サービスもみの木【訪問介護】愛知県尾張旭市東本地ケ原町3丁目２５セゾン・プランドール晴丘4階406号室", "url": "https://www.kaigokensaku.mhlw.go.jp/23/index.php?action_kouhyou_detail_004_kani=true&JigyosyoCd=2374500490-00&ServiceCd=110&Type=search", "url2": null }, "geometry": { "type": "Point", "coordinates": [ 137.045807928836069, 35.199505587179402 ] } },
{ "type": "Feature", "properties": { "内容": "訪問介護　ジャカランタ【訪問介護】尾張旭市城山町三ツ池６１６２番地１", "url": "https://www.kaigokensaku.mhlw.go.jp/23/index.php?action_kouhyou_detail_004_kani=true&JigyosyoCd=2374501571-00&ServiceCd=110&Type=search", "url2": null }, "geometry": { "type": "Point", "coordinates": [ 137.029515599999968, 35.224994500000015 ] } },
{ "type": "Feature", "properties": { "内容": "おおぞら訪問介護事業所【訪問介護】愛知県尾張旭市東大道町原田2631番地１グリーンパーク原田　402号", "url": "https://www.kaigokensaku.mhlw.go.jp/23/index.php?action_kouhyou_detail_004_kani=true&JigyosyoCd=2374501829-00&ServiceCd=110&Type=search", "url2": null }, "geometry": { "type": "Point", "coordinates": [ 137.034876299999951, 35.2173736 ] } },
{ "type": "Feature", "properties": { "内容": "ヘルパーステーション松葉【訪問介護】愛知県尾張旭市桜ヶ丘町二丁目61メゾンドアサミ1D", "url": "https://www.kaigokensaku.mhlw.go.jp/23/index.php?action_kouhyou_detail_004_kani=true&JigyosyoCd=2374501894-00&ServiceCd=110&Type=search", "url2": null }, "geometry": { "type": "Point", "coordinates": [ 137.013142941802954, 35.217267540297826 ] } },
{ "type": "Feature", "properties": { "内容": "エルケアーサービス訪問介護事業所【訪問介護】愛知県尾張旭市印場元町一丁目1番地7ﾌｧｲﾝﾋﾞｭｰ印場元町305号", "url": "https://www.kaigokensaku.mhlw.go.jp/23/index.php?action_kouhyou_detail_004_kani=true&JigyosyoCd=2374501589-00&ServiceCd=110&Type=search", "url2": null }, "geometry": { "type": "Point", "coordinates": [ 137.01143449999995, 35.2132734 ] } },
{ "type": "Feature", "properties": { "内容": "訪問介護ステーションつむぎ【訪問介護】愛知県尾張旭市東名西町2-48住宅型有料老人ホームつむぎ", "url": "https://www.kaigokensaku.mhlw.go.jp/23/index.php?action_kouhyou_detail_004_kani=true&JigyosyoCd=2374502017-00&ServiceCd=110&Type=search", "url2": "https://www.living-platform.com/" }, "geometry": { "type": "Point", "coordinates": [ 137.010111574868745, 35.20515035923966 ] } },
{ "type": "Feature", "properties": { "内容": "わかばヘルパーステーション【訪問介護】愛知県尾張旭市東印場町三丁目１５番地１", "url": "https://www.kaigokensaku.mhlw.go.jp/23/index.php?action_kouhyou_detail_004_kani=true&JigyosyoCd=2374500730-00&ServiceCd=110&Type=search", "url2": null }, "geometry": { "type": "Point", "coordinates": [ 137.015646347778869, 35.209202744264857 ] } },
{ "type": "Feature", "properties": { "内容": "ケアステーションこうえい【訪問介護】愛知県高浜市碧海町4丁目2番地４１", "url": "https://www.kaigokensaku.mhlw.go.jp/23/index.php?action_kouhyou_detail_004_kani=true&JigyosyoCd=2374600423-00&ServiceCd=110&Type=search", "url2": null }, "geometry": { "type": "Point", "coordinates": [ 136.98643, 34.917325 ] } },
{ "type": "Feature", "properties": { "内容": "ノックケア【訪問介護】愛知県高浜市芳川町１－３－３８ルネスフェリーチェ１０１", "url": "https://www.kaigokensaku.mhlw.go.jp/23/index.php?action_kouhyou_detail_004_kani=true&JigyosyoCd=2374600233-00&ServiceCd=110&Type=search", "url2": "http://www.com-care.net/" }, "geometry": { "type": "Point", "coordinates": [ 136.98359419999997, 34.941083200000016 ] } },
{ "type": "Feature", "properties": { "内容": "クローバーケアステーション【訪問介護】高浜市春日町３丁目６番地１", "url": "https://www.kaigokensaku.mhlw.go.jp/23/index.php?action_kouhyou_detail_004_kani=true&JigyosyoCd=2374600290-00&ServiceCd=110&Type=search", "url2": "yostuba-kurober@katch・ｎｅ・ｊｐ" }, "geometry": { "type": "Point", "coordinates": [ 136.987671099999943, 34.9318845 ] } },
{ "type": "Feature", "properties": { "内容": "ニチイケアセンター高浜【訪問介護】愛知県高浜市青木町三丁目8番地20", "url": "https://www.kaigokensaku.mhlw.go.jp/23/index.php?action_kouhyou_detail_004_kani=true&JigyosyoCd=2374600431-00&ServiceCd=110&Type=search", "url2": null }, "geometry": { "type": "Point", "coordinates": [ 136.985514374205053, 34.926215938937439 ] } },
{ "type": "Feature", "properties": { "内容": "高浜市社会福祉協議会指定訪問介護事業所【訪問介護】高浜市沢渡町三丁目３番地１", "url": "https://www.kaigokensaku.mhlw.go.jp/23/index.php?action_kouhyou_detail_004_kani=true&JigyosyoCd=2374600043-00&ServiceCd=110&Type=search", "url2": null }, "geometry": { "type": "Point", "coordinates": [ 136.992548400000032, 34.9336567 ] } },
{ "type": "Feature", "properties": { "内容": "ヘルパーステーション　みき【訪問介護】愛知県高浜市青木町八丁目5番地27", "url": "https://www.kaigokensaku.mhlw.go.jp/23/index.php?action_kouhyou_detail_004_kani=true&JigyosyoCd=2374600324-00&ServiceCd=110&Type=search", "url2": "http://hp.kaipoke.biz/v4w/" }, "geometry": { "type": "Point", "coordinates": [ 136.985133, 34.922511304708536 ] } },
{ "type": "Feature", "properties": { "内容": "訪問介護やすらぎ【訪問介護】屋敷町3丁目3‐20", "url": "https://www.kaigokensaku.mhlw.go.jp/23/index.php?action_kouhyou_detail_004_kani=true&JigyosyoCd=2374600472-00&ServiceCd=110&Type=search", "url2": "https://sundias.jp/%e4%bb%8b%e8%ad%b7%e6%96%bd%e8%a8%ad%e3%82%b5%e3%83%bc%e3%83%93%e3%82%b9%e2%91%a1/" }, "geometry": { "type": "Point", "coordinates": [ 136.992746264418031, 34.944442767082606 ] } },
{ "type": "Feature", "properties": { "内容": "きらめきケアステーション【訪問介護】愛知県岩倉市曽野町井ノ越６４番地", "url": "https://www.kaigokensaku.mhlw.go.jp/23/index.php?action_kouhyou_detail_004_kani=true&JigyosyoCd=2374700546-00&ServiceCd=110&Type=search", "url2": null }, "geometry": { "type": "Point", "coordinates": [ 136.875047699999982, 35.2647962 ] } },
{ "type": "Feature", "properties": { "内容": "訪問介護事業所　えんの里　岩倉駅前【訪問介護】愛知県岩倉市栄町一丁目９４－２", "url": "https://www.kaigokensaku.mhlw.go.jp/23/index.php?action_kouhyou_detail_004_kani=true&JigyosyoCd=2374700561-00&ServiceCd=110&Type=search", "url2": "http://www.entry.tv/" }, "geometry": { "type": "Point", "coordinates": [ 136.870291800000018, 35.2788222 ] } },
{ "type": "Feature", "properties": { "内容": "ヘルパーステーション福寿【訪問介護】愛知県岩倉市昭和町三丁目３８番地６", "url": "https://www.kaigokensaku.mhlw.go.jp/23/index.php?action_kouhyou_detail_004_kani=true&JigyosyoCd=2374700728-00&ServiceCd=110&Type=search", "url2": null }, "geometry": { "type": "Point", "coordinates": [ 136.8738018, 35.2719007 ] } },
{ "type": "Feature", "properties": { "内容": "ヘルパーステーションすずらん岩倉市【訪問介護】愛知県岩倉市大市場町郷廻426", "url": "https://www.kaigokensaku.mhlw.go.jp/23/index.php?action_kouhyou_detail_004_kani=true&JigyosyoCd=2374700686-00&ServiceCd=110&Type=search", "url2": "https://w-suzuran.net/" }, "geometry": { "type": "Point", "coordinates": [ 136.8816196, 35.2743938 ] } },
{ "type": "Feature", "properties": { "内容": "ケアネットリゾン岩倉【訪問介護】愛知県岩倉市中野町中野12番", "url": "https://www.kaigokensaku.mhlw.go.jp/23/index.php?action_kouhyou_detail_004_kani=true&JigyosyoCd=2374700603-00&ServiceCd=110&Type=search", "url2": "http://www.yuyu-club.net/" }, "geometry": { "type": "Point", "coordinates": [ 136.871871700000042, 35.2879656 ] } },
{ "type": "Feature", "properties": { "内容": "岩倉市社会福祉協議会訪問介護事業所【訪問介護】愛知県岩倉市西市町無量寺2番地1岩倉市ふれあいセンター3階", "url": "https://www.kaigokensaku.mhlw.go.jp/23/index.php?action_kouhyou_detail_004_kani=true&JigyosyoCd=2374700058-00&ServiceCd=110&Type=search", "url2": null }, "geometry": { "type": "Point", "coordinates": [ 136.865781, 35.281055299999984 ] } },
{ "type": "Feature", "properties": { "内容": "はっぴーケアーサービス【訪問介護】愛知県岩倉市西市町竹之宮３２", "url": "https://www.kaigokensaku.mhlw.go.jp/23/index.php?action_kouhyou_detail_004_kani=true&JigyosyoCd=2374700272-00&ServiceCd=110&Type=search", "url2": null }, "geometry": { "type": "Point", "coordinates": [ 136.8642479, 35.2805637 ] } },
{ "type": "Feature", "properties": { "内容": "岩倉一期一会ホームヘルプサービス【訪問介護】愛知県岩倉市北島町七反田１５番地", "url": "https://www.kaigokensaku.mhlw.go.jp/23/index.php?action_kouhyou_detail_004_kani=true&JigyosyoCd=2374700140-00&ServiceCd=110&Type=search", "url2": "https://www.ichigoichie.or.jp/" }, "geometry": { "type": "Point", "coordinates": [ 136.855685200000039, 35.2768919 ] } },
{ "type": "Feature", "properties": { "内容": "ニチイケアセンター岩倉【訪問介護】愛知県岩倉市栄町2丁目21あすなろビル1Ｆ", "url": "https://www.kaigokensaku.mhlw.go.jp/23/index.php?action_kouhyou_detail_004_kani=true&JigyosyoCd=2374700132-00&ServiceCd=110&Type=search", "url2": "hstD67＠nichiigakkan.co.jp" }, "geometry": { "type": "Point", "coordinates": [ 136.870843499999978, 35.27841020000001 ] } },
{ "type": "Feature", "properties": { "内容": "アイナ　ケア　ステーション【訪問介護】愛知県豊明市三崎町高鴨2-3", "url": "https://www.kaigokensaku.mhlw.go.jp/23/index.php?action_kouhyou_detail_004_kani=true&JigyosyoCd=2374800833-00&ServiceCd=110&Type=search", "url2": "ainastory.jp" }, "geometry": { "type": "Point", "coordinates": [ 137.0057171, 35.055163300000011 ] } },
{ "type": "Feature", "properties": { "内容": "MMSアクト・アズ・ライフ介護事業所【訪問介護】愛知県豊明市三崎町中ノ坪１３番１３サン服部Ｃ", "url": "https://www.kaigokensaku.mhlw.go.jp/23/index.php?action_kouhyou_detail_004_kani=true&JigyosyoCd=2374800619-00&ServiceCd=110&Type=search", "url2": null }, "geometry": { "type": "Point", "coordinates": [ 137.010963599999968, 35.053296 ] } },
{ "type": "Feature", "properties": { "内容": "みずのクリニック訪問介護ステーションみやび【訪問介護】愛知県豊明市前後町仙人塚1767番", "url": "https://www.kaigokensaku.mhlw.go.jp/23/index.php?action_kouhyou_detail_004_kani=true&JigyosyoCd=2374800874-00&ServiceCd=110&Type=search", "url2": null }, "geometry": { "type": "Point", "coordinates": [ 136.9982216, 35.0545964 ] } },
{ "type": "Feature", "properties": { "内容": "ヘルパーステーション　めい【訪問介護】愛知県豊明市前後町大代１６０５－７４", "url": "https://www.kaigokensaku.mhlw.go.jp/23/index.php?action_kouhyou_detail_004_kani=true&JigyosyoCd=2374800577-00&ServiceCd=110&Type=search", "url2": "http://hp.kaipoke.biz/5ww/" }, "geometry": { "type": "Point", "coordinates": [ 136.994360440969785, 35.052849444565439 ] } },
{ "type": "Feature", "properties": { "内容": "ニチイケアセンター豊明【訪問介護】愛知県豊明市前後町善江1737　パルネス2号館３F", "url": "https://www.kaigokensaku.mhlw.go.jp/23/index.php?action_kouhyou_detail_004_kani=true&JigyosyoCd=2374800213-00&ServiceCd=110&Type=search", "url2": "http://www.nichiigakkan.co.jp" }, "geometry": { "type": "Point", "coordinates": [ 136.996567899999945, 35.0524626 ] } },
{ "type": "Feature", "properties": { "内容": "ニチイケアセンター井ノ花【訪問介護】愛知県豊明市三崎町高鴨９番地9", "url": "https://www.kaigokensaku.mhlw.go.jp/23/index.php?action_kouhyou_detail_004_kani=true&JigyosyoCd=2374800700-00&ServiceCd=110&Type=search", "url2": "http://www.nichiigakkan.co.jp" }, "geometry": { "type": "Point", "coordinates": [ 137.007657699999982, 35.0517793 ] } },
{ "type": "Feature", "properties": { "内容": "風ヘルパーステーション豊明【訪問介護】豊明市阿野町大代118セレクトハイツB棟201", "url": "https://www.kaigokensaku.mhlw.go.jp/23/index.php?action_kouhyou_detail_004_kani=true&JigyosyoCd=2374800684-00&ServiceCd=110&Type=search", "url2": "http://kaze-village.com/" }, "geometry": { "type": "Point", "coordinates": [ 136.997604408545754, 35.049829051173312 ] } },
{ "type": "Feature", "properties": { "内容": "ヘルパーステーション　はる【訪問介護】愛知県豊明市栄町南舘254番地11", "url": "https://www.kaigokensaku.mhlw.go.jp/23/index.php?action_kouhyou_detail_004_kani=true&JigyosyoCd=2374800742-00&ServiceCd=110&Type=search", "url2": null }, "geometry": { "type": "Point", "coordinates": [ 136.973895620613973, 35.053730791488839 ] } },
{ "type": "Feature", "properties": { "内容": "勅使苑ホームヘルプサービス【訪問介護】愛知県豊明市沓掛町勅使８番地５１第２勅使苑内", "url": "https://www.kaigokensaku.mhlw.go.jp/23/index.php?action_kouhyou_detail_004_kani=true&JigyosyoCd=2374800015-00&ServiceCd=110&Type=search", "url2": "http://www.chokushikai.or.jp" }, "geometry": { "type": "Point", "coordinates": [ 137.016765, 35.0819823 ] } },
{ "type": "Feature", "properties": { "内容": "訪問介護ステーション幸せ【訪問介護】愛知県豊明市栄町字西山１８番地コーポ朝２号室", "url": "https://www.kaigokensaku.mhlw.go.jp/23/index.php?action_kouhyou_detail_004_kani=true&JigyosyoCd=2374800361-00&ServiceCd=110&Type=search", "url2": "http：//sun-tag.jp" }, "geometry": { "type": "Point", "coordinates": [ 136.972993484655717, 35.056249701699379 ] } },
{ "type": "Feature", "properties": { "内容": "豊明市社会福祉協議会ホ－ムヘルプサ－ビス【訪問介護】愛知県豊明市新田町吉池18番地3", "url": "https://www.kaigokensaku.mhlw.go.jp/23/index.php?action_kouhyou_detail_004_kani=true&JigyosyoCd=2374800056-00&ServiceCd=110&Type=search", "url2": "http://toyoake-syakyo.jp/" }, "geometry": { "type": "Point", "coordinates": [ 137.014860499999941, 35.0521796 ] } },
{ "type": "Feature", "properties": { "内容": "サンセットケア【訪問介護】愛知県豊明市新田町広長２３－１101号", "url": "https://www.kaigokensaku.mhlw.go.jp/23/index.php?action_kouhyou_detail_004_kani=true&JigyosyoCd=2374800635-00&ServiceCd=110&Type=search", "url2": "http://www.sunset-care.com" }, "geometry": { "type": "Point", "coordinates": [ 137.017190411547858, 35.054003098462914 ] } },
{ "type": "Feature", "properties": { "内容": "訪問介護本舗　快晴【訪問介護】愛知県豊明市阿野町北上ノ山51-1ジラソーレⅠ　106号室", "url": "https://www.kaigokensaku.mhlw.go.jp/23/index.php?action_kouhyou_detail_004_kani=true&JigyosyoCd=2374800841-00&ServiceCd=110&Type=search", "url2": "https://dayservicehonpo.jp/houmonkaisei/" }, "geometry": { "type": "Point", "coordinates": [ 137.001032974868764, 35.050454264713395 ] } },
{ "type": "Feature", "properties": { "内容": "訪問介護ヘルパーステーション　あんのん【訪問介護】岩崎町小林９５番地４", "url": "https://www.kaigokensaku.mhlw.go.jp/23/index.php?action_kouhyou_detail_004_kani=true&JigyosyoCd=2374900740-00&ServiceCd=110&Type=search", "url2": "http://annon.pupu.jp/" }, "geometry": { "type": "Point", "coordinates": [ 137.04591060000007, 35.1459219 ] } },
{ "type": "Feature", "properties": { "内容": "ファミリア赤池ヘルパーステーション【訪問介護】愛知県日進市浅田町笹原8番地136グランドファミリア赤池", "url": "https://www.kaigokensaku.mhlw.go.jp/23/index.php?action_kouhyou_detail_004_kani=true&JigyosyoCd=2374900997-00&ServiceCd=110&Type=search", "url2": "www.yuzankai.com/" }, "geometry": { "type": "Point", "coordinates": [ 137.023939036770571, 35.120022099248104 ] } },
{ "type": "Feature", "properties": { "内容": "ヘルパーステーションカナン【訪問介護】日進市米野木台4丁目801番地", "url": "https://www.kaigokensaku.mhlw.go.jp/23/index.php?action_kouhyou_detail_004_kani=true&JigyosyoCd=2374900963-00&ServiceCd=110&Type=search", "url2": null }, "geometry": { "type": "Point", "coordinates": [ 137.086770900000033, 35.1335244 ] } },
{ "type": "Feature", "properties": { "内容": "訪問介護事業所　カルミア日進【訪問介護】愛知県日進市東山5丁目304番地", "url": "https://www.kaigokensaku.mhlw.go.jp/23/index.php?action_kouhyou_detail_004_kani=true&JigyosyoCd=2374900930-00&ServiceCd=110&Type=search", "url2": "kalmia-fukushi.com" }, "geometry": { "type": "Point", "coordinates": [ 137.053444859138494, 35.12505592453553 ] } },
{ "type": "Feature", "properties": { "内容": "ハートピースケア【訪問介護】岩崎台1丁目２０１２番地", "url": "https://www.kaigokensaku.mhlw.go.jp/23/index.php?action_kouhyou_detail_004_kani=true&JigyosyoCd=2374900658-00&ServiceCd=110&Type=search", "url2": "https://www.heartpeace-care.net" }, "geometry": { "type": "Point", "coordinates": [ 137.020974600000045, 35.1483241 ] } },
{ "type": "Feature", "properties": { "内容": "ヘルパーサービス　あんじゅの森【訪問介護】愛知県日進市竹の山1丁目2101番地", "url": "https://www.kaigokensaku.mhlw.go.jp/23/index.php?action_kouhyou_detail_004_kani=true&JigyosyoCd=2374900211-00&ServiceCd=110&Type=search", "url2": "http://ｗｗｗ．ａｎｇｅ２０００．ｃｏｍ" }, "geometry": { "type": "Point", "coordinates": [ 137.036398555254323, 35.16038414675603 ] } },
{ "type": "Feature", "properties": { "内容": "ニチイケアセンター浅田【訪問介護】愛知県日進市浅田町平子1-110中村事務所1Ｆ南", "url": "https://www.kaigokensaku.mhlw.go.jp/23/index.php?action_kouhyou_detail_004_kani=true&JigyosyoCd=2374900559-00&ServiceCd=110&Type=search", "url2": "http://www.nichiigakkan.co.jp" }, "geometry": { "type": "Point", "coordinates": [ 137.027108064109825, 35.120923938537885 ] } },
{ "type": "Feature", "properties": { "内容": "ヘルパーステーション　一会【訪問介護】日進市蟹甲町中島18番地", "url": "https://www.kaigokensaku.mhlw.go.jp/23/index.php?action_kouhyou_detail_004_kani=true&JigyosyoCd=2374901201-00&ServiceCd=110&Type=search", "url2": "http://kimamorikai.main.jp" }, "geometry": { "type": "Point", "coordinates": [ 137.041836500000045, 35.1324431 ] } },
{ "type": "Feature", "properties": { "内容": "日進ホーム訪問介護事業所【訪問介護】愛知県日進市浅田平子二丁目２０番地", "url": "https://www.kaigokensaku.mhlw.go.jp/23/index.php?action_kouhyou_detail_004_kani=true&JigyosyoCd=2374900120-00&ServiceCd=110&Type=search", "url2": "http://nisshin-fushi.jp" }, "geometry": { "type": "Point", "coordinates": [ 137.029126899999937, 35.1186865 ] } },
{ "type": "Feature", "properties": { "内容": "有限会社　グッドライフサポ－ト【訪問介護】愛知県日進市赤池2丁目306番地ダイアパレス赤池駅前301", "url": "https://www.kaigokensaku.mhlw.go.jp/23/index.php?action_kouhyou_detail_004_kani=true&JigyosyoCd=2374900377-00&ServiceCd=110&Type=search", "url2": "http://good-life-support-loca.linfo.jp/" }, "geometry": { "type": "Point", "coordinates": [ 137.020392356120141, 35.122278074990234 ] } },
{ "type": "Feature", "properties": { "内容": "サンライフへルパーステーション【訪問介護】日進市竹の山4丁目２２１２住宅型有料老人ホームあじさい内", "url": "https://www.kaigokensaku.mhlw.go.jp/23/index.php?action_kouhyou_detail_004_kani=true&JigyosyoCd=2374900393-00&ServiceCd=110&Type=search", "url2": "http://www.aiwakaigo.com" }, "geometry": { "type": "Point", "coordinates": [ 137.029596174794051, 35.154981529938091 ] } },
{ "type": "Feature", "properties": { "内容": "ヘルパーステーションさくらの家【訪問介護】愛知県日進市岩根139-1アミティー岩根102号室", "url": "https://www.kaigokensaku.mhlw.go.jp/23/index.php?action_kouhyou_detail_004_kani=true&JigyosyoCd=2374900427-00&ServiceCd=110&Type=search", "url2": "http://nekkonokai.com/" }, "geometry": { "type": "Point", "coordinates": [ 137.033119067520119, 35.148777822568512 ] } },
{ "type": "Feature", "properties": { "内容": "シャイン介護センター【訪問介護】愛知県日進市岩崎町北高上133番地", "url": "https://www.kaigokensaku.mhlw.go.jp/23/index.php?action_kouhyou_detail_004_kani=true&JigyosyoCd=2374901169-00&ServiceCd=110&Type=search", "url2": "http://otuka-kaigo.co.jp/" }, "geometry": { "type": "Point", "coordinates": [ 137.03412302883612, 35.138053342186936 ] } },
{ "type": "Feature", "properties": { "内容": "アクア日進訪問介護【訪問介護】愛知県日進市浅田町上納24番17", "url": "https://www.kaigokensaku.mhlw.go.jp/23/index.php?action_kouhyou_detail_004_kani=true&JigyosyoCd=2374901250-00&ServiceCd=110&Type=search", "url2": null }, "geometry": { "type": "Point", "coordinates": [ 137.028674099999989, 35.1267299 ] } },
{ "type": "Feature", "properties": { "内容": "アリム訪問介護事業所【訪問介護】愛知県日進市浅田町西前田124住宅型有料老人ホーム　アリム日進", "url": "https://www.kaigokensaku.mhlw.go.jp/23/index.php?action_kouhyou_detail_004_kani=true&JigyosyoCd=2374900922-00&ServiceCd=110&Type=search", "url2": "http://arimnisshin.akibare.ne.jp/" }, "geometry": { "type": "Point", "coordinates": [ 137.020325, 35.1248717 ] } },
{ "type": "Feature", "properties": { "内容": "あいほーむ【訪問介護】日進市浅田町東田面37-2", "url": "https://www.kaigokensaku.mhlw.go.jp/23/index.php?action_kouhyou_detail_004_kani=true&JigyosyoCd=2374900534-00&ServiceCd=110&Type=search", "url2": "http://aihome-nisshin.com" }, "geometry": { "type": "Point", "coordinates": [ 137.031492461976427, 35.127906162781954 ] } },
{ "type": "Feature", "properties": { "内容": "医療法人大医会　訪問介護ステーション　心の結【訪問介護】浅田町平池208番地", "url": "https://www.kaigokensaku.mhlw.go.jp/23/index.php?action_kouhyou_detail_004_kani=true&JigyosyoCd=2374901219-00&ServiceCd=110&Type=search", "url2": null }, "geometry": { "type": "Point", "coordinates": [ 137.026421600000049, 35.1272493 ] } },
{ "type": "Feature", "properties": { "内容": "あい工房ヘルパーステーション【訪問介護】本郷町御器街道1-1", "url": "https://www.kaigokensaku.mhlw.go.jp/23/index.php?action_kouhyou_detail_004_kani=true&JigyosyoCd=2374901060-00&ServiceCd=110&Type=search", "url2": "https://aiainoie.or.jp" }, "geometry": { "type": "Point", "coordinates": [ 137.040709153967327, 35.137781139164595 ] } },
{ "type": "Feature", "properties": { "内容": "アバンセ介護センターあかいけの森【訪問介護】愛知県日進市赤池町箕ノ手2番地262ナーシングA-st.あかいけの森", "url": "https://www.kaigokensaku.mhlw.go.jp/23/index.php?action_kouhyou_detail_004_kani=true&JigyosyoCd=2374901458-00&ServiceCd=110&Type=search", "url2": null }, "geometry": { "type": "Point", "coordinates": [ 137.026235138050794, 35.115984646774471 ] } },
{ "type": "Feature", "properties": { "内容": "医療法人CRAS訪問介護事業所Initium【訪問介護】愛知県日進市竹の山二丁目２６０１番地住宅型有料老人ホームVITA", "url": "https://www.kaigokensaku.mhlw.go.jp/23/index.php?action_kouhyou_detail_004_kani=true&JigyosyoCd=2374901391-00&ServiceCd=110&Type=search", "url2": "https://cras-vita.com" }, "geometry": { "type": "Point", "coordinates": [ 137.0333134, 35.156732401793043 ] } },
{ "type": "Feature", "properties": { "内容": "はじめの一歩訪問介護事業所【訪問介護】愛知県日進市東山１－１１７", "url": "https://www.kaigokensaku.mhlw.go.jp/23/index.php?action_kouhyou_detail_004_kani=true&JigyosyoCd=2374900229-00&ServiceCd=110&Type=search", "url2": "http://www.hajimeno1.com/" }, "geometry": { "type": "Point", "coordinates": [ 137.045372199999946, 35.1289797 ] } },
{ "type": "Feature", "properties": { "内容": "にじいろケア【訪問介護】愛知県田原市豊島町道南２２番地３", "url": "https://www.kaigokensaku.mhlw.go.jp/23/index.php?action_kouhyou_detail_004_kani=true&JigyosyoCd=2377100546-00&ServiceCd=110&Type=search", "url2": "https://www.sakura-atra.com/sumiresia" }, "geometry": { "type": "Point", "coordinates": [ 137.2795822, 34.6704687 ] } },
{ "type": "Feature", "properties": { "内容": "田原市社協ヘルパーステーション【訪問介護】愛知県田原市赤羽根町赤土１番地", "url": "https://www.kaigokensaku.mhlw.go.jp/23/index.php?action_kouhyou_detail_004_kani=true&JigyosyoCd=2377100033-00&ServiceCd=110&Type=search", "url2": "http://tahara-shakyo.or.jp" }, "geometry": { "type": "Point", "coordinates": [ 137.212014299999964, 34.6188936 ] } },
{ "type": "Feature", "properties": { "内容": "田原福寿園ヘルパーセンター【訪問介護】愛知県田原市六連町神ノ釜9番地3", "url": "https://www.kaigokensaku.mhlw.go.jp/23/index.php?action_kouhyou_detail_004_kani=true&JigyosyoCd=2376600124-00&ServiceCd=110&Type=search", "url2": "http://www.fukujuen.or.jp" }, "geometry": { "type": "Point", "coordinates": [ 137.296359700000039, 34.65601 ] } },
{ "type": "Feature", "properties": { "内容": "花の里ヘルパーセンター【訪問介護】愛知県田原市保美町平城6番1地域密着型複合福祉施設花の里", "url": "https://www.kaigokensaku.mhlw.go.jp/23/index.php?action_kouhyou_detail_004_kani=true&JigyosyoCd=2376600306-00&ServiceCd=110&Type=search", "url2": "http://www.fukujuen.or.jp" }, "geometry": { "type": "Point", "coordinates": [ 137.0943833, 34.6257441 ] } },
{ "type": "Feature", "properties": { "内容": "コアヘルパーステーション【訪問介護】愛知県田原市仁崎町出雲田５５番地", "url": "https://www.kaigokensaku.mhlw.go.jp/23/index.php?action_kouhyou_detail_004_kani=true&JigyosyoCd=2376600421-00&ServiceCd=110&Type=search", "url2": "http://" }, "geometry": { "type": "Point", "coordinates": [ 137.216662899999989, 34.6726291 ] } },
{ "type": "Feature", "properties": { "内容": "ハートケアセンター【訪問介護】愛知県愛西市山路町西郷付12", "url": "https://www.kaigokensaku.mhlw.go.jp/23/index.php?action_kouhyou_detail_004_kani=true&JigyosyoCd=2375601057-00&ServiceCd=110&Type=search", "url2": "http://" }, "geometry": { "type": "Point", "coordinates": [ 136.699280600000066, 35.1524957 ] } },
{ "type": "Feature", "properties": { "内容": "ドリームドーム株式会社【訪問介護】愛知県愛西市山路町野方149番地130愛西ガーデン", "url": "https://www.kaigokensaku.mhlw.go.jp/23/index.php?action_kouhyou_detail_004_kani=true&JigyosyoCd=2377200759-00&ServiceCd=110&Type=search", "url2": "info@aisaigarden.jp" }, "geometry": { "type": "Point", "coordinates": [ 136.708232899999985, 35.1537896 ] } },
{ "type": "Feature", "properties": { "内容": "海南病院ヘルパーステーション・たすけっと佐屋【訪問介護】愛知県愛西市西保町古堤西８５番地１", "url": "https://www.kaigokensaku.mhlw.go.jp/23/index.php?action_kouhyou_detail_004_kani=true&JigyosyoCd=2375601537-00&ServiceCd=110&Type=search", "url2": "http://www.kainan.jaaikosei.or.jp/" }, "geometry": { "type": "Point", "coordinates": [ 136.709391099999948, 35.1423722 ] } },
{ "type": "Feature", "properties": { "内容": "訪問介護事業所くるね【訪問介護】愛知県愛西市須依町前田面93番地1", "url": "https://www.kaigokensaku.mhlw.go.jp/23/index.php?action_kouhyou_detail_004_kani=true&JigyosyoCd=2377200767-00&ServiceCd=110&Type=search", "url2": null }, "geometry": { "type": "Point", "coordinates": [ 136.717598657672141, 35.151630122362512 ] } },
{ "type": "Feature", "properties": { "内容": "ひまわりケアサービス愛西【訪問介護】愛知県愛西市善太新田町十割下1番地4", "url": "https://www.kaigokensaku.mhlw.go.jp/23/index.php?action_kouhyou_detail_004_kani=true&JigyosyoCd=2377200650-00&ServiceCd=110&Type=search", "url2": "http://himawari-care-s.com/nursing_home/aisai.html" }, "geometry": { "type": "Point", "coordinates": [ 136.758110399999964, 35.1199459 ] } },
{ "type": "Feature", "properties": { "内容": "サンケア指定訪問介護愛西事業所【訪問介護】愛知県愛西市勝幡町緑町165－1", "url": "https://www.kaigokensaku.mhlw.go.jp/23/index.php?action_kouhyou_detail_004_kani=true&JigyosyoCd=2377200239-00&ServiceCd=110&Type=search", "url2": "http://suncare-japan.co.jp" }, "geometry": { "type": "Point", "coordinates": [ 136.755843203210475, 35.197095402686806 ] } },
{ "type": "Feature", "properties": { "内容": "サンケア指定訪問介護あいさい南部事業所【訪問介護】愛知県愛西市西條町東善太232-3", "url": "https://www.kaigokensaku.mhlw.go.jp/23/index.php?action_kouhyou_detail_004_kani=true&JigyosyoCd=2377200833-00&ServiceCd=110&Type=search", "url2": "http://suncare-japan.co.jp" }, "geometry": { "type": "Point", "coordinates": [ 136.727319599999987, 35.1429725 ] } },
{ "type": "Feature", "properties": { "内容": "ニチイケアセンター愛西【訪問介護】愛知県愛西市南河田町高台87番地", "url": "https://www.kaigokensaku.mhlw.go.jp/23/index.php?action_kouhyou_detail_004_kani=true&JigyosyoCd=2377200783-00&ServiceCd=110&Type=search", "url2": null }, "geometry": { "type": "Point", "coordinates": [ 136.743898493254108, 35.186693505096919 ] } },
{ "type": "Feature", "properties": { "内容": "株式会社福祉の里　佐屋【訪問介護】愛知県愛西市大野町未9番地", "url": "https://www.kaigokensaku.mhlw.go.jp/23/index.php?action_kouhyou_detail_004_kani=true&JigyosyoCd=2375600976-00&ServiceCd=110&Type=search", "url2": null }, "geometry": { "type": "Point", "coordinates": [ 136.764128600000049, 35.1280838 ] } },
{ "type": "Feature", "properties": { "内容": "ヘルパーステーション古都　さおり館【訪問介護】愛知県愛西市渕高町上八反31番地3", "url": "https://www.kaigokensaku.mhlw.go.jp/23/index.php?action_kouhyou_detail_004_kani=true&JigyosyoCd=2377200734-00&ServiceCd=110&Type=search", "url2": "http://risecare-koto.com/" }, "geometry": { "type": "Point", "coordinates": [ 136.7262167, 35.2193657 ] } },
{ "type": "Feature", "properties": { "内容": "ヘルパーステーション悠縁【訪問介護】愛知県愛西市甘村井町勘十田割36番地サービス付き高齢者向け住宅　悠縁", "url": "https://www.kaigokensaku.mhlw.go.jp/23/index.php?action_kouhyou_detail_004_kani=true&JigyosyoCd=2377200627-00&ServiceCd=110&Type=search", "url2": "http://yuuen-kaigo.jp" }, "geometry": { "type": "Point", "coordinates": [ 136.736609899999962, 35.1538074 ] } },
{ "type": "Feature", "properties": { "内容": "訪問介護ステーション柚子【訪問介護】愛知県愛西市柚木町東田面１１２２番地１２", "url": "https://www.kaigokensaku.mhlw.go.jp/23/index.php?action_kouhyou_detail_004_kani=true&JigyosyoCd=2377200395-00&ServiceCd=110&Type=search", "url2": "https://www.yuzu-kozan.com/" }, "geometry": { "type": "Point", "coordinates": [ 136.727368399999932, 35.1634251 ] } },
{ "type": "Feature", "properties": { "内容": "愛西市訪問介護事業所【訪問介護】愛知県愛西市石田町宮前１９番地愛西の里　たつた", "url": "https://www.kaigokensaku.mhlw.go.jp/23/index.php?action_kouhyou_detail_004_kani=true&JigyosyoCd=2375600349-00&ServiceCd=110&Type=search", "url2": "http://" }, "geometry": { "type": "Point", "coordinates": [ 136.69271649999996, 35.169899 ] } },
{ "type": "Feature", "properties": { "内容": "ヘルパーステーションルイボス【訪問介護】愛知県愛西市佐折町上栄72-1フルール佐織102号室", "url": "https://www.kaigokensaku.mhlw.go.jp/23/index.php?action_kouhyou_detail_004_kani=true&JigyosyoCd=2377200676-00&ServiceCd=110&Type=search", "url2": null }, "geometry": { "type": "Point", "coordinates": [ 136.760178099999962, 35.20014 ] } },
{ "type": "Feature", "properties": { "内容": "すまいるヘルパーステーション【訪問介護】愛知県愛西市大井町七川北61番地", "url": "https://www.kaigokensaku.mhlw.go.jp/23/index.php?action_kouhyou_detail_004_kani=true&JigyosyoCd=2377200726-00&ServiceCd=110&Type=search", "url2": "www.eikoukai-aisai-or.jp" }, "geometry": { "type": "Point", "coordinates": [ 136.756920199999968, 35.1357468 ] } },
{ "type": "Feature", "properties": { "内容": "そらまめ訪問介護【訪問介護】愛知県清須市寺野郷前62番地SATマンション103号", "url": "https://www.kaigokensaku.mhlw.go.jp/23/index.php?action_kouhyou_detail_004_kani=true&JigyosyoCd=2377300831-00&ServiceCd=110&Type=search", "url2": null }, "geometry": { "type": "Point", "coordinates": [ 136.8504719, 35.2043513 ] } },
{ "type": "Feature", "properties": { "内容": "愛知県清須市清洲一丁目１番地１２キャッスルドイ１０１号【訪問介護】清洲一丁目１番地１２キャッスルドイ１０１号", "url": "https://www.kaigokensaku.mhlw.go.jp/23/index.php?action_kouhyou_detail_004_kani=true&JigyosyoCd=2377300724-00&ServiceCd=110&Type=search", "url2": "http://hp.kaipoke.biz/24f/" }, "geometry": { "type": "Point", "coordinates": [ 136.834343379735174, 35.216644651887286 ] } },
{ "type": "Feature", "properties": { "内容": "からふるサポート　須ヶ口駅前【訪問介護】愛知県清須市須ヶ口４０３番地１からふる庭園　須ヶ口駅前", "url": "https://www.kaigokensaku.mhlw.go.jp/23/index.php?action_kouhyou_detail_004_kani=true&JigyosyoCd=2377300781-00&ServiceCd=110&Type=search", "url2": "https://colorfulgarden.jp/" }, "geometry": { "type": "Point", "coordinates": [ 136.844080565467834, 35.200634971242941 ] } },
{ "type": "Feature", "properties": { "内容": "ケアステーション清須【訪問介護】愛知県清須市上条２丁目16番地16ケアステーション清須", "url": "https://www.kaigokensaku.mhlw.go.jp/23/index.php?action_kouhyou_detail_004_kani=true&JigyosyoCd=2377300617-00&ServiceCd=110&Type=search", "url2": "http://hp.kaipoke.biz/435/" }, "geometry": { "type": "Point", "coordinates": [ 136.830168301223353, 35.205152846757805 ] } },
{ "type": "Feature", "properties": { "内容": "ブルーガーデン【訪問介護】愛知県清須市西枇杷島町住吉47", "url": "https://www.kaigokensaku.mhlw.go.jp/23/index.php?action_kouhyou_detail_004_kani=true&JigyosyoCd=2377300856-00&ServiceCd=110&Type=search", "url2": null }, "geometry": { "type": "Point", "coordinates": [ 136.86575696441804, 35.195983913940857 ] } },
{ "type": "Feature", "properties": { "内容": "緑の家　訪問介護清須【訪問介護】愛知県清須市西枇杷島町城並一丁目8番地7", "url": "https://www.kaigokensaku.mhlw.go.jp/23/index.php?action_kouhyou_detail_004_kani=true&JigyosyoCd=2377300823-00&ServiceCd=110&Type=search", "url2": "https://midorinoie.com/" }, "geometry": { "type": "Point", "coordinates": [ 136.870510200000012, 35.2039768 ] } },
{ "type": "Feature", "properties": { "内容": "ヘルパーステーションスプーン【訪問介護】愛知県清須市西枇杷島町城並2-11-1", "url": "https://www.kaigokensaku.mhlw.go.jp/23/index.php?action_kouhyou_detail_004_kani=true&JigyosyoCd=2377300872-00&ServiceCd=110&Type=search", "url2": "https://tori-seikei.jp/" }, "geometry": { "type": "Point", "coordinates": [ 136.8693141, 35.2074242 ] } },
{ "type": "Feature", "properties": { "内容": "株式会社福祉の里　清須【訪問介護】愛知県清須市西枇杷島町弁天9番地", "url": "https://www.kaigokensaku.mhlw.go.jp/23/index.php?action_kouhyou_detail_004_kani=true&JigyosyoCd=2377300088-00&ServiceCd=110&Type=search", "url2": "http://www.fukushinosato.jp/" }, "geometry": { "type": "Point", "coordinates": [ 136.863174937959201, 35.2020237478879 ] } },
{ "type": "Feature", "properties": { "内容": "清須市社会福祉協議会　ヘルパーステーション清須【訪問介護】愛知県清須市一場古城604番地15清須市清洲総合福祉センター", "url": "https://www.kaigokensaku.mhlw.go.jp/23/index.php?action_kouhyou_detail_004_kani=true&JigyosyoCd=2377300013-00&ServiceCd=110&Type=search", "url2": "www.kiyosu-shakyo.com/" }, "geometry": { "type": "Point", "coordinates": [ 136.842261378851276, 35.218350044006392 ] } },
{ "type": "Feature", "properties": { "内容": "特定非営利活動法人　サポートハウスアイビー【訪問介護】清須市西枇杷島町花咲３８シンビリア花咲", "url": "https://www.kaigokensaku.mhlw.go.jp/23/index.php?action_kouhyou_detail_004_kani=true&JigyosyoCd=2375200546-00&ServiceCd=110&Type=search", "url2": null }, "geometry": { "type": "Point", "coordinates": [ 136.868037700000059, 35.2043139 ] } },
{ "type": "Feature", "properties": { "内容": "のどかケアステーション清須【訪問介護】愛知県清須市土器野４８０－１グランアルファ１０６号室", "url": "https://www.kaigokensaku.mhlw.go.jp/23/index.php?action_kouhyou_detail_004_kani=true&JigyosyoCd=2377300898-00&ServiceCd=110&Type=search", "url2": "https://goodlife-care.co.jp/" }, "geometry": { "type": "Point", "coordinates": [ 136.851108700000026, 35.193229600000031 ] } },
{ "type": "Feature", "properties": { "内容": "ニチイケアセンター尾張【訪問介護】愛知県清須市春日落合324", "url": "https://www.kaigokensaku.mhlw.go.jp/23/index.php?action_kouhyou_detail_004_kani=true&JigyosyoCd=2375200835-00&ServiceCd=110&Type=search", "url2": "http://www.nichiigakkan.co.jp" }, "geometry": { "type": "Point", "coordinates": [ 136.836014, 35.2449424 ] } },
{ "type": "Feature", "properties": { "内容": "訪問介護ゆりかご【訪問介護】愛知県清須市西堀江1910", "url": "https://www.kaigokensaku.mhlw.go.jp/23/index.php?action_kouhyou_detail_004_kani=true&JigyosyoCd=2377300336-00&ServiceCd=110&Type=search", "url2": null }, "geometry": { "type": "Point", "coordinates": [ 136.847172900000032, 35.1923624 ] } },
{ "type": "Feature", "properties": { "内容": "ヘルパーステーションアロー尾張【訪問介護】愛知県清須市春日壱屋敷７７", "url": "https://www.kaigokensaku.mhlw.go.jp/23/index.php?action_kouhyou_detail_004_kani=true&JigyosyoCd=2375201049-00&ServiceCd=110&Type=search", "url2": "http://www.aro-co.jp/" }, "geometry": { "type": "Point", "coordinates": [ 136.83497269999998, 35.2410373 ] } },
{ "type": "Feature", "properties": { "内容": "からふるサポート清洲【訪問介護】愛知県清洲市清洲1111-1", "url": "https://www.kaigokensaku.mhlw.go.jp/23/index.php?action_kouhyou_detail_004_kani=true&JigyosyoCd=2377300377-00&ServiceCd=110&Type=search", "url2": "https://colorfulgarden.jp/" }, "geometry": { "type": "Point", "coordinates": [ 136.836286353767377, 35.211938547179273 ] } },
{ "type": "Feature", "properties": { "内容": "からふるサポート五条【訪問介護】愛知県清須市朝日８５番地", "url": "https://www.kaigokensaku.mhlw.go.jp/23/index.php?action_kouhyou_detail_004_kani=true&JigyosyoCd=2377300658-00&ServiceCd=110&Type=search", "url2": "http://colorfulgarden.jp" }, "geometry": { "type": "Point", "coordinates": [ 136.852427499999976, 35.2201982 ] } },
{ "type": "Feature", "properties": { "内容": "からふるサポート須ヶ口【訪問介護】愛知県清須市桃栄2丁目88番地", "url": "https://www.kaigokensaku.mhlw.go.jp/23/index.php?action_kouhyou_detail_004_kani=true&JigyosyoCd=2377300708-00&ServiceCd=110&Type=search", "url2": "http://colorfulgarden.jp" }, "geometry": { "type": "Point", "coordinates": [ 136.841285845990569, 35.197601118630089 ] } },
{ "type": "Feature", "properties": { "内容": "ライフケア訪問介護事業所【訪問介護】愛知県清須市阿原神門142アクティブ鈴木B", "url": "https://www.kaigokensaku.mhlw.go.jp/23/index.php?action_kouhyou_detail_004_kani=true&JigyosyoCd=2375200538-00&ServiceCd=110&Type=search", "url2": "http://www" }, "geometry": { "type": "Point", "coordinates": [ 136.857217588518779, 35.209189522975905 ] } },
{ "type": "Feature", "properties": { "内容": "株式会社福祉の里　ヘルパーステーション師勝【訪問介護】北名古屋市熊之庄東出42-2", "url": "https://www.kaigokensaku.mhlw.go.jp/23/index.php?action_kouhyou_detail_004_kani=true&JigyosyoCd=2377400300-00&ServiceCd=110&Type=search", "url2": "http://www.fukushinosato.co.jp" }, "geometry": { "type": "Point", "coordinates": [ 136.889549200000033, 35.2568475 ] } },
{ "type": "Feature", "properties": { "内容": "テクノプラス【訪問介護】愛知県北名古屋市鍜治ヶ一色西1丁目1番地", "url": "https://www.kaigokensaku.mhlw.go.jp/23/index.php?action_kouhyou_detail_004_kani=true&JigyosyoCd=2377400490-00&ServiceCd=110&Type=search", "url2": "http://www.techno-art.co.jp/" }, "geometry": { "type": "Point", "coordinates": [ 136.852649119049062, 35.263889014955126 ] } },
{ "type": "Feature", "properties": { "内容": "ヘルパーステーションからん【訪問介護】愛知県北名古屋市高田寺北の川５６ｅｘｃｅⅢ　B棟１０１", "url": "https://www.kaigokensaku.mhlw.go.jp/23/index.php?action_kouhyou_detail_004_kani=true&JigyosyoCd=2377400797-00&ServiceCd=110&Type=search", "url2": null }, "geometry": { "type": "Point", "coordinates": [ 136.8981953, 35.2427607 ] } },
{ "type": "Feature", "properties": { "内容": "のどかケアステーション熊之庄【訪問介護】愛知県北名古屋市熊之庄東出86番地", "url": "https://www.kaigokensaku.mhlw.go.jp/23/index.php?action_kouhyou_detail_004_kani=true&JigyosyoCd=2377400888-00&ServiceCd=110&Type=search", "url2": "https://goodlife-care.co.jp/" }, "geometry": { "type": "Point", "coordinates": [ 136.889512986469271, 35.256242408139713 ] } },
{ "type": "Feature", "properties": { "内容": "訪問介護センター　さふらん西春【訪問介護】愛知県北名古屋市沖村沖浦160番地内田ビル２階", "url": "https://www.kaigokensaku.mhlw.go.jp/23/index.php?action_kouhyou_detail_004_kani=true&JigyosyoCd=2377400516-00&ServiceCd=110&Type=search", "url2": "http://hp.kaipoke.biz/bwr" }, "geometry": { "type": "Point", "coordinates": [ 136.865219700000011, 35.2412215 ] } },
{ "type": "Feature", "properties": { "内容": "株式会社　しかつケアサービス【訪問介護】愛知県北名古屋市鹿田廻間１０９番地", "url": "https://www.kaigokensaku.mhlw.go.jp/23/index.php?action_kouhyou_detail_004_kani=true&JigyosyoCd=2377400342-00&ServiceCd=110&Type=search", "url2": "http://shikatsu-care.co.jp" }, "geometry": { "type": "Point", "coordinates": [ 136.878870199999938, 35.2532618 ] } },
{ "type": "Feature", "properties": { "内容": "ライフ訪問介護ステーション沖村【訪問介護】愛知県北名古屋市沖村岡88番地", "url": "https://www.kaigokensaku.mhlw.go.jp/23/index.php?action_kouhyou_detail_004_kani=true&JigyosyoCd=2377400813-00&ServiceCd=110&Type=search", "url2": "https://himawari-care-s.com/nursing_home/okimura.html" }, "geometry": { "type": "Point", "coordinates": [ 136.8655416, 35.232452 ] } },
{ "type": "Feature", "properties": { "内容": "じゃがいも畑介護サービス【訪問介護】愛知県北名古屋市九之坪白山81", "url": "https://www.kaigokensaku.mhlw.go.jp/23/index.php?action_kouhyou_detail_004_kani=true&JigyosyoCd=2375200447-00&ServiceCd=110&Type=search", "url2": "http://jagaimo.jp" }, "geometry": { "type": "Point", "coordinates": [ 136.875804600000038, 35.2397489 ] } },
{ "type": "Feature", "properties": { "内容": "株式会社福祉の里尾張営業所【訪問介護】愛知県北名古屋市北野天神１３番地", "url": "https://www.kaigokensaku.mhlw.go.jp/23/index.php?action_kouhyou_detail_004_kani=true&JigyosyoCd=2375200330-00&ServiceCd=110&Type=search", "url2": null }, "geometry": { "type": "Point", "coordinates": [ 136.854081400000041, 35.2535225 ] } },
{ "type": "Feature", "properties": { "内容": "北名古屋市社協ホームヘルパーステーションもえの丘【訪問介護】愛知県北名古屋市熊之庄大畔４８番地北名古屋市総合福祉センターもえの丘", "url": "https://www.kaigokensaku.mhlw.go.jp/23/index.php?action_kouhyou_detail_004_kani=true&JigyosyoCd=2377400094-00&ServiceCd=110&Type=search", "url2": "https://kitanagoya-shakyo.jp" }, "geometry": { "type": "Point", "coordinates": [ 136.887702, 35.2606275 ] } },
{ "type": "Feature", "properties": { "内容": "訪問介護スマイルハウス名北【訪問介護】愛知県北名古屋市熊之庄八幡133番地ラ・ロッシェル101号室", "url": "https://www.kaigokensaku.mhlw.go.jp/23/index.php?action_kouhyou_detail_004_kani=true&JigyosyoCd=2377400920-00&ServiceCd=110&Type=search", "url2": "https://smilehouse.lsv.jp/" }, "geometry": { "type": "Point", "coordinates": [ 136.8846601, 35.2548362 ] } },
{ "type": "Feature", "properties": { "内容": "ツジ薬局訪問介護事業所ふくろく【訪問介護】愛知県北名古屋市西之保中社２１番１", "url": "https://www.kaigokensaku.mhlw.go.jp/23/index.php?action_kouhyou_detail_004_kani=true&JigyosyoCd=2377400599-00&ServiceCd=110&Type=search", "url2": "http://fukunokami-t.com/" }, "geometry": { "type": "Point", "coordinates": [ 136.863375767424344, 35.253767574186767 ] } },
{ "type": "Feature", "properties": { "内容": "ライフ訪問介護ステーション鹿田【訪問介護】愛知県北名古屋市鹿田廻間59番", "url": "https://www.kaigokensaku.mhlw.go.jp/23/index.php?action_kouhyou_detail_004_kani=true&JigyosyoCd=2377400854-00&ServiceCd=110&Type=search", "url2": "https://himawari-care-s.com/" }, "geometry": { "type": "Point", "coordinates": [ 136.879240887171932, 35.253303241885611 ] } },
{ "type": "Feature", "properties": { "内容": "ホームヘルパーローズ【訪問介護】愛知県弥富市子宝2丁目105番地1", "url": "https://www.kaigokensaku.mhlw.go.jp/23/index.php?action_kouhyou_detail_004_kani=true&JigyosyoCd=2377500174-00&ServiceCd=110&Type=search", "url2": "http://miyukikai.or.jp/" }, "geometry": { "type": "Point", "coordinates": [ 136.767004899999989, 35.1077779 ] } },
{ "type": "Feature", "properties": { "内容": "ひまわりケアサービス弥富【訪問介護】愛知県弥富市平島町西新田105番地1", "url": "https://www.kaigokensaku.mhlw.go.jp/23/index.php?action_kouhyou_detail_004_kani=true&JigyosyoCd=2377500463-00&ServiceCd=110&Type=search", "url2": "https://www.himawari-care-s.com" }, "geometry": { "type": "Point", "coordinates": [ 136.7350432, 35.1053513 ] } },
{ "type": "Feature", "properties": { "内容": "海南病院ヘルパーステーション・たすけっと【訪問介護】愛知県弥富市前ケ須町南本田３６８番地１", "url": "https://www.kaigokensaku.mhlw.go.jp/23/index.php?action_kouhyou_detail_004_kani=true&JigyosyoCd=2375600109-00&ServiceCd=110&Type=search", "url2": "http://www.kainan.jaaikosei.or.jp/" }, "geometry": { "type": "Point", "coordinates": [ 136.723191649022652, 35.107387867240448 ] } },
{ "type": "Feature", "properties": { "内容": "ほほえみケア【訪問介護】愛知県弥富市佐古木二丁目265番地1", "url": "https://www.kaigokensaku.mhlw.go.jp/23/index.php?action_kouhyou_detail_004_kani=true&JigyosyoCd=2377500471-00&ServiceCd=110&Type=search", "url2": null }, "geometry": { "type": "Point", "coordinates": [ 136.7546801, 35.1182605 ] } },
{ "type": "Feature", "properties": { "内容": "弥富市社会福祉協議会なでしこ指定訪問介護事業所【訪問介護】愛知県弥富市鯏浦町上本田95-1弥富市総合福祉センター", "url": "https://www.kaigokensaku.mhlw.go.jp/23/index.php?action_kouhyou_detail_004_kani=true&JigyosyoCd=2375600455-00&ServiceCd=110&Type=search", "url2": "http://yatomi-shakyo.or.jp/" }, "geometry": { "type": "Point", "coordinates": [ 136.7191613, 35.119467 ] } },
{ "type": "Feature", "properties": { "内容": "まごころ介護やとみ【訪問介護】愛知県弥富市芝井4丁目10-2", "url": "https://www.kaigokensaku.mhlw.go.jp/23/index.php?action_kouhyou_detail_004_kani=true&JigyosyoCd=2377500414-00&ServiceCd=110&Type=search", "url2": "https://annnei.co.jp/" }, "geometry": { "type": "Point", "coordinates": [ 136.7423107, 35.0895857 ] } },
{ "type": "Feature", "properties": { "内容": "ヘルパーステーションあずさ【訪問介護】愛知県みよし市三好町西田33番地3", "url": "https://www.kaigokensaku.mhlw.go.jp/23/index.php?action_kouhyou_detail_004_kani=true&JigyosyoCd=2376100505-00&ServiceCd=110&Type=search", "url2": null }, "geometry": { "type": "Point", "coordinates": [ 137.059271257672151, 35.081190689018499 ] } },
{ "type": "Feature", "properties": { "内容": "ケアステーションあんじぇすみよし【訪問介護】愛知県みよし市三好町蜂ヶ池29-310", "url": "https://www.kaigokensaku.mhlw.go.jp/23/index.php?action_kouhyou_detail_004_kani=true&JigyosyoCd=2376100695-00&ServiceCd=110&Type=search", "url2": "https://www.t-s-i.jp/anges/miyoshi/index.html" }, "geometry": { "type": "Point", "coordinates": [ 137.077744741377103, 35.084111948969685 ] } },
{ "type": "Feature", "properties": { "内容": "あおぞらケアサポート【訪問介護】愛知県みよし市根浦町二丁目９番地２charmantＢ２", "url": "https://www.kaigokensaku.mhlw.go.jp/23/index.php?action_kouhyou_detail_004_kani=true&JigyosyoCd=2376100562-00&ServiceCd=110&Type=search", "url2": null }, "geometry": { "type": "Point", "coordinates": [ 137.088102, 35.1102328 ] } },
{ "type": "Feature", "properties": { "内容": "ヘルパーステーション　まほろ【訪問介護】愛知県みよし市三好町陣取山39番地5", "url": "https://www.kaigokensaku.mhlw.go.jp/23/index.php?action_kouhyou_detail_004_kani=true&JigyosyoCd=2376100711-00&ServiceCd=110&Type=search", "url2": null }, "geometry": { "type": "Point", "coordinates": [ 137.075109528114297, 35.087382772622675 ] } },
{ "type": "Feature", "properties": { "内容": "ケアネットリゾン三好【訪問介護】みよし市三好町石畑４０番１", "url": "https://www.kaigokensaku.mhlw.go.jp/23/index.php?action_kouhyou_detail_004_kani=true&JigyosyoCd=2376100372-00&ServiceCd=110&Type=search", "url2": "http://www.yuyu-club.net/gtop/index.htm" }, "geometry": { "type": "Point", "coordinates": [ 137.064163099999973, 35.0903491 ] } },
{ "type": "Feature", "properties": { "内容": "ヘルパーステーションかぼちゃ【訪問介護】愛知県みよし市福谷町寺田４番地", "url": "https://www.kaigokensaku.mhlw.go.jp/23/index.php?action_kouhyou_detail_004_kani=true&JigyosyoCd=2376100166-00&ServiceCd=110&Type=search", "url2": "http://www.shoju.com" }, "geometry": { "type": "Point", "coordinates": [ 137.104239399999983, 35.1117666 ] } },
{ "type": "Feature", "properties": { "内容": "ハートケア三好訪問介護事業所【訪問介護】愛知県みよし市三好町石畑17番", "url": "https://www.kaigokensaku.mhlw.go.jp/23/index.php?action_kouhyou_detail_004_kani=true&JigyosyoCd=2376100638-00&ServiceCd=110&Type=search", "url2": "https://apmiyoshi.wixsite.com/attoho-mu-miyoshi" }, "geometry": { "type": "Point", "coordinates": [ 137.063577099999947, 35.0896936 ] } },
{ "type": "Feature", "properties": { "内容": "みよし市社会福祉協議会みよし訪問介護「ふれあいサービス」【訪問介護】愛知県みよし市三好町陣取山39番地5", "url": "https://www.kaigokensaku.mhlw.go.jp/23/index.php?action_kouhyou_detail_004_kani=true&JigyosyoCd=2376100075-00&ServiceCd=110&Type=search", "url2": "http://www.miyoshi-shakyo.jp/" }, "geometry": { "type": "Point", "coordinates": [ 137.075112200000035, 35.087663300000024 ] } },
{ "type": "Feature", "properties": { "内容": "ヘルパーステーションここみ【訪問介護】愛知県みよし市西一色町中９８５番地", "url": "https://www.kaigokensaku.mhlw.go.jp/23/index.php?action_kouhyou_detail_004_kani=true&JigyosyoCd=2376100497-00&ServiceCd=110&Type=search", "url2": null }, "geometry": { "type": "Point", "coordinates": [ 137.05835819999993, 35.0865051 ] } },
{ "type": "Feature", "properties": { "内容": "訪問介護サービスプロブッコ【訪問介護】三好丘緑一丁目１２－３", "url": "https://www.kaigokensaku.mhlw.go.jp/23/index.php?action_kouhyou_detail_004_kani=true&JigyosyoCd=2376100745-00&ServiceCd=110&Type=search", "url2": "houmo-probukko@hm.aitai.ne.jp" }, "geometry": { "type": "Point", "coordinates": [ 137.1141321, 35.1114225 ] } },
{ "type": "Feature", "properties": { "内容": "ケアサービスひかり【訪問介護】新居屋小船戸134ロイヤルアネックス101", "url": "https://www.kaigokensaku.mhlw.go.jp/23/index.php?action_kouhyou_detail_004_kani=true&JigyosyoCd=2377600636-00&ServiceCd=110&Type=search", "url2": "nozomilifeservce@gmail.com" }, "geometry": { "type": "Point", "coordinates": [ 136.8142732, 35.1916927 ] } },
{ "type": "Feature", "properties": { "内容": "介護サービス事業所　てくてく【訪問介護】愛知県あま市西今宿山伏二１４番地６", "url": "https://www.kaigokensaku.mhlw.go.jp/23/index.php?action_kouhyou_detail_004_kani=true&JigyosyoCd=2377601451-00&ServiceCd=110&Type=search", "url2": "http://www.pfp1.co.jp/" }, "geometry": { "type": "Point", "coordinates": [ 136.833639948410024, 35.1981017918284 ] } },
{ "type": "Feature", "properties": { "内容": "訪問介護　くるくる【訪問介護】愛知県あま市本郷郷中１ロイヤルコープM３０５号", "url": "https://www.kaigokensaku.mhlw.go.jp/23/index.php?action_kouhyou_detail_004_kani=true&JigyosyoCd=2377601071-00&ServiceCd=110&Type=search", "url2": null }, "geometry": { "type": "Point", "coordinates": [ 136.8253138, 35.1878961 ] } },
{ "type": "Feature", "properties": { "内容": "ヘルパーステーションかやづ【訪問介護】上萱津八剱13番１アローホームかやづ", "url": "https://www.kaigokensaku.mhlw.go.jp/23/index.php?action_kouhyou_detail_004_kani=true&JigyosyoCd=2377600727-00&ServiceCd=110&Type=search", "url2": "http://aro-co.jp" }, "geometry": { "type": "Point", "coordinates": [ 136.8368544, 35.192029 ] } },
{ "type": "Feature", "properties": { "内容": "り―でれ訪問介護ステーション【訪問介護】七宝町遠島新開20-1", "url": "https://www.kaigokensaku.mhlw.go.jp/23/index.php?action_kouhyou_detail_004_kani=true&JigyosyoCd=2377601212-00&ServiceCd=110&Type=search", "url2": "http//hp.kaipoke.biz/99s" }, "geometry": { "type": "Point", "coordinates": [ 136.799288899999965, 35.1746531 ] } },
{ "type": "Feature", "properties": { "内容": "訪問介護事業所GRAND蒼【訪問介護】愛知県あま市七宝町桂河原38番地", "url": "https://www.kaigokensaku.mhlw.go.jp/23/index.php?action_kouhyou_detail_004_kani=true&JigyosyoCd=2377601543-00&ServiceCd=110&Type=search", "url2": "https://plusfukushi.co.jp" }, "geometry": { "type": "Point", "coordinates": [ 136.803623159385694, 35.171410559901283 ] } },
{ "type": "Feature", "properties": { "内容": "訪問介護ステーション　チューリップ【訪問介護】中萱津足川46ホワイトヒルズ101号", "url": "https://www.kaigokensaku.mhlw.go.jp/23/index.php?action_kouhyou_detail_004_kani=true&JigyosyoCd=2377601162-00&ServiceCd=110&Type=search", "url2": "stock.or.jp" }, "geometry": { "type": "Point", "coordinates": [ 136.834176699999944, 35.1864126 ] } },
{ "type": "Feature", "properties": { "内容": "訪問介護ステーションASAHI【訪問介護】愛知県あま市七宝町桂北海道2062-1第二山忠ビル1F", "url": "https://www.kaigokensaku.mhlw.go.jp/23/index.php?action_kouhyou_detail_004_kani=true&JigyosyoCd=2372701306-00&ServiceCd=110&Type=search", "url2": "https://asahi77.co.jp" }, "geometry": { "type": "Point", "coordinates": [ 136.7754201, 35.1744354 ] } },
{ "type": "Feature", "properties": { "内容": "あしたば訪問介護事業所【訪問介護】愛知県あま市甚目寺権現97番地2", "url": "https://www.kaigokensaku.mhlw.go.jp/23/index.php?action_kouhyou_detail_004_kani=true&JigyosyoCd=2377601329-00&ServiceCd=110&Type=search", "url2": null }, "geometry": { "type": "Point", "coordinates": [ 136.816039649290474, 35.193342054834119 ] } },
{ "type": "Feature", "properties": { "内容": "ヘルパーステーション縁人あま【訪問介護】愛知県あま市新居屋小舟戸２７第２コーポ村上２０３号", "url": "https://www.kaigokensaku.mhlw.go.jp/23/index.php?action_kouhyou_detail_004_kani=true&JigyosyoCd=2377601378-00&ServiceCd=110&Type=search", "url2": null }, "geometry": { "type": "Point", "coordinates": [ 136.8149133, 35.1936382 ] } },
{ "type": "Feature", "properties": { "内容": "まひなケアステーション【訪問介護】愛知県あま市坂牧北浦88リバーハイツ88　202号室", "url": "https://www.kaigokensaku.mhlw.go.jp/23/index.php?action_kouhyou_detail_004_kani=true&JigyosyoCd=2377601303-00&ServiceCd=110&Type=search", "url2": "https://rigel2018.com" }, "geometry": { "type": "Point", "coordinates": [ 136.8279704, 35.1833905 ] } },
{ "type": "Feature", "properties": { "内容": "ひまわりケアサービス七宝【訪問介護】愛知県あま市七宝町安松十三丁目３６番地ひまわり会館七宝", "url": "https://www.kaigokensaku.mhlw.go.jp/23/index.php?action_kouhyou_detail_004_kani=true&JigyosyoCd=2377601428-00&ServiceCd=110&Type=search", "url2": "https//www.himawari-care-s.com" }, "geometry": { "type": "Point", "coordinates": [ 136.797841159524523, 35.17335539264554 ] } },
{ "type": "Feature", "properties": { "内容": "医心館訪問介護ステーションあま【訪問介護】愛知県あま市小路3丁目1-3", "url": "https://www.kaigokensaku.mhlw.go.jp/23/index.php?action_kouhyou_detail_004_kani=true&JigyosyoCd=2377600883-00&ServiceCd=110&Type=search", "url2": null }, "geometry": { "type": "Point", "coordinates": [ 136.80894734774634, 35.206137533649326 ] } },
{ "type": "Feature", "properties": { "内容": "訪問介護ステーションRe:lief【訪問介護】愛知県あま市七宝町安松八丁目２番地２", "url": "https://www.kaigokensaku.mhlw.go.jp/23/index.php?action_kouhyou_detail_004_kani=true&JigyosyoCd=2377601246-00&ServiceCd=110&Type=search", "url2": null }, "geometry": { "type": "Point", "coordinates": [ 136.796489299999962, 35.1799866 ] } },
{ "type": "Feature", "properties": { "内容": "ヘルパーステーション友楽【訪問介護】愛知県あま市本郷三反地９９", "url": "https://www.kaigokensaku.mhlw.go.jp/23/index.php?action_kouhyou_detail_004_kani=true&JigyosyoCd=2377601485-00&ServiceCd=110&Type=search", "url2": "https://www.nyereg.co.jp/" }, "geometry": { "type": "Point", "coordinates": [ 136.8253058, 35.1882174 ] } },
{ "type": "Feature", "properties": { "内容": "さくら訪問介護事業所【訪問介護】愛知県あま市七宝町桂北海道43", "url": "https://www.kaigokensaku.mhlw.go.jp/23/index.php?action_kouhyou_detail_004_kani=true&JigyosyoCd=2375601628-00&ServiceCd=110&Type=search", "url2": "http://care-sakura.co.jp" }, "geometry": { "type": "Point", "coordinates": [ 136.799291339556504, 35.172668696552314 ] } },
{ "type": "Feature", "properties": { "内容": "ハート訪問介護ステーション【訪問介護】愛知県あま市七宝町桂親田2027", "url": "https://www.kaigokensaku.mhlw.go.jp/23/index.php?action_kouhyou_detail_004_kani=true&JigyosyoCd=2377600966-00&ServiceCd=110&Type=search", "url2": "www.heart-medical.co.jp" }, "geometry": { "type": "Point", "coordinates": [ 136.79937675211491, 35.171780391133005 ] } },
{ "type": "Feature", "properties": { "内容": "ヘルパーステーションかすみ草【訪問介護】愛知県あま市森一丁目7番地3", "url": "https://www.kaigokensaku.mhlw.go.jp/23/index.php?action_kouhyou_detail_004_kani=true&JigyosyoCd=2377601345-00&ServiceCd=110&Type=search", "url2": null }, "geometry": { "type": "Point", "coordinates": [ 136.815352100000013, 35.2125194 ] } },
{ "type": "Feature", "properties": { "内容": "エトワール下田橋訪問介護ステーション【訪問介護】愛知県あま市七宝町下田五ノ坪1111番地", "url": "https://www.kaigokensaku.mhlw.go.jp/23/index.php?action_kouhyou_detail_004_kani=true&JigyosyoCd=2377600917-00&ServiceCd=110&Type=search", "url2": "http://www.takarakai.or.jp" }, "geometry": { "type": "Point", "coordinates": [ 136.785383619049071, 35.173095906211273 ] } },
{ "type": "Feature", "properties": { "内容": "あま市社会福祉協議会訪問介護事業所【訪問介護】愛知県あま市西今宿馬洗４６番地あま市甚目寺総合福祉会館", "url": "https://www.kaigokensaku.mhlw.go.jp/23/index.php?action_kouhyou_detail_004_kani=true&JigyosyoCd=2375600752-00&ServiceCd=110&Type=search", "url2": "http://www.ama-syakyo.jp/" }, "geometry": { "type": "Point", "coordinates": [ 136.826822715263319, 35.200405409012561 ] } },
{ "type": "Feature", "properties": { "内容": "海部東部訪問介護サービス【訪問介護】愛知県あま市新居屋鶴田14番地", "url": "https://www.kaigokensaku.mhlw.go.jp/23/index.php?action_kouhyou_detail_004_kani=true&JigyosyoCd=2375601115-00&ServiceCd=110&Type=search", "url2": "http://yuaigroup.jp/" }, "geometry": { "type": "Point", "coordinates": [ 136.810828477315454, 35.199187824674361 ] } },
{ "type": "Feature", "properties": { "内容": "ヘルパーステーションふくろうの家【訪問介護】愛知県あま市木田山之越東切42番地3", "url": "https://www.kaigokensaku.mhlw.go.jp/23/index.php?action_kouhyou_detail_004_kani=true&JigyosyoCd=2377601170-00&ServiceCd=110&Type=search", "url2": "https://3peace.or.jp/" }, "geometry": { "type": "Point", "coordinates": [ 136.786857750176694, 35.199196268544874 ] } },
{ "type": "Feature", "properties": { "内容": "訪問介護の美空あま【訪問介護】愛知県あま市新居屋大日30番", "url": "https://www.kaigokensaku.mhlw.go.jp/23/index.php?action_kouhyou_detail_004_kani=true&JigyosyoCd=2377601279-00&ServiceCd=110&Type=search", "url2": "http://misora-ykg.jp/info.html" }, "geometry": { "type": "Point", "coordinates": [ 136.813114619573952, 35.198142943718544 ] } },
{ "type": "Feature", "properties": { "内容": "ライフケア介護サービスあま【訪問介護】愛知県あま市森3丁目13番地2ライフケアあま", "url": "https://www.kaigokensaku.mhlw.go.jp/23/index.php?action_kouhyou_detail_004_kani=true&JigyosyoCd=2377601360-00&ServiceCd=110&Type=search", "url2": "http://www.lifecare-group.com" }, "geometry": { "type": "Point", "coordinates": [ 136.81100090000001, 35.2082897 ] } },
{ "type": "Feature", "properties": { "内容": "のどかケアステーションあま【訪問介護】愛知県あま市七宝町川部佛供田76-1", "url": "https://www.kaigokensaku.mhlw.go.jp/23/index.php?action_kouhyou_detail_004_kani=true&JigyosyoCd=2377601519-00&ServiceCd=110&Type=search", "url2": "https://goodlife-care.co.jp/" }, "geometry": { "type": "Point", "coordinates": [ 136.790484, 35.1615287 ] } },
{ "type": "Feature", "properties": { "内容": "藍訪問介護ステーション【訪問介護】愛知県あま市蜂須賀中島1768", "url": "https://www.kaigokensaku.mhlw.go.jp/23/index.php?action_kouhyou_detail_004_kani=true&JigyosyoCd=2377601394-00&ServiceCd=110&Type=search", "url2": null }, "geometry": { "type": "Point", "coordinates": [ 136.7714111, 35.2038293 ] } },
{ "type": "Feature", "properties": { "内容": "ライフキュア【訪問介護】愛知県あま市甚目寺山之浦114", "url": "https://www.kaigokensaku.mhlw.go.jp/23/index.php?action_kouhyou_detail_004_kani=true&JigyosyoCd=2377600982-00&ServiceCd=110&Type=search", "url2": "http://complice.co.jp/" }, "geometry": { "type": "Point", "coordinates": [ 136.822968417408333, 35.197041113681195 ] } },
{ "type": "Feature", "properties": { "内容": "訪問介護ステーションE-heart【訪問介護】篠田小塚55-1", "url": "https://www.kaigokensaku.mhlw.go.jp/23/index.php?action_kouhyou_detail_004_kani=true&JigyosyoCd=2377600990-00&ServiceCd=110&Type=search", "url2": "tenderheart.co.jp" }, "geometry": { "type": "Point", "coordinates": [ 136.783336361841265, 35.188629291811743 ] } },
{ "type": "Feature", "properties": { "内容": "ひまわり訪問介護事業所【訪問介護】愛知県あま市本郷花ノ木45パークサイドパレス102号", "url": "https://www.kaigokensaku.mhlw.go.jp/23/index.php?action_kouhyou_detail_004_kani=true&JigyosyoCd=2377600024-00&ServiceCd=110&Type=search", "url2": null }, "geometry": { "type": "Point", "coordinates": [ 136.830913899999985, 35.186183299999989 ] } },
{ "type": "Feature", "properties": { "内容": "Smileケアサービス【訪問介護】上萱津銭神15VIP7　211号室", "url": "https://www.kaigokensaku.mhlw.go.jp/23/index.php?action_kouhyou_detail_004_kani=true&JigyosyoCd=2377601535-00&ServiceCd=110&Type=search", "url2": null }, "geometry": { "type": "Point", "coordinates": [ 136.8344911, 35.1917102 ] } },
{ "type": "Feature", "properties": { "内容": "たつとり訪問介護【訪問介護】愛知県あま市新居屋榎坪48", "url": "https://www.kaigokensaku.mhlw.go.jp/23/index.php?action_kouhyou_detail_004_kani=true&JigyosyoCd=2377601477-00&ServiceCd=110&Type=search", "url2": null }, "geometry": { "type": "Point", "coordinates": [ 136.8117057, 35.1911931 ] } },
{ "type": "Feature", "properties": { "内容": "訪問介護ステーションASAHI【訪問介護】愛知県あま市七宝町桂北海道2062-1第二山忠ビル1F", "url": "https://www.kaigokensaku.mhlw.go.jp/23/index.php?action_kouhyou_detail_004_kani=true&JigyosyoCd=2377601493-00&ServiceCd=110&Type=search", "url2": "https://asahi77.co.jp" }, "geometry": { "type": "Point", "coordinates": [ 136.7996115, 35.1722054 ] } },
{ "type": "Feature", "properties": { "内容": "ホームヘルプサービス生命の森【訪問介護】卯塚25-1", "url": "https://www.kaigokensaku.mhlw.go.jp/23/index.php?action_kouhyou_detail_004_kani=true&JigyosyoCd=2375000854-00&ServiceCd=110&Type=search", "url2": null }, "geometry": { "type": "Point", "coordinates": [ 137.034407139178512, 35.162618930529405 ] } },
{ "type": "Feature", "properties": { "内容": "ヘルパーステーション　ココ【訪問介護】愛知県長久手市片平1丁目1805緑陰小舎B-3", "url": "https://www.kaigokensaku.mhlw.go.jp/23/index.php?action_kouhyou_detail_004_kani=true&JigyosyoCd=2375001266-00&ServiceCd=110&Type=search", "url2": null }, "geometry": { "type": "Point", "coordinates": [ 137.033508899999987, 35.1616224 ] } },
{ "type": "Feature", "properties": { "内容": "長久手市片平1-1805　緑陰小舎B-3【訪問介護】長久手市片平1-1805　緑陰小舎B-3", "url": "https://www.kaigokensaku.mhlw.go.jp/23/index.php?action_kouhyou_detail_004_kani=true&JigyosyoCd=2377700014-00&ServiceCd=110&Type=search", "url2": "https://www.momochidori.jp/" }, "geometry": { "type": "Point", "coordinates": [ 137.0336959, 35.1616813 ] } },
{ "type": "Feature", "properties": { "内容": "Life3【訪問介護】根の神２１１ヴィラグリーン３C", "url": "https://www.kaigokensaku.mhlw.go.jp/23/index.php?action_kouhyou_detail_004_kani=true&JigyosyoCd=2377700022-00&ServiceCd=110&Type=search", "url2": "www.beehappy-life3.com" }, "geometry": { "type": "Point", "coordinates": [ 137.0337969, 35.1709115 ] } },
{ "type": "Feature", "properties": { "内容": "ヘルパーステーション　オリオン【訪問介護】愛知県長久手市砂子901番地1住宅型有料老人ホーム　そら", "url": "https://www.kaigokensaku.mhlw.go.jp/23/index.php?action_kouhyou_detail_004_kani=true&JigyosyoCd=2375001456-00&ServiceCd=110&Type=search", "url2": "http://www.dandelion-h.co.jp/guide.html" }, "geometry": { "type": "Point", "coordinates": [ 137.0466333, 35.1662793 ] } },
{ "type": "Feature", "properties": { "内容": "訪問介護トラストリー長久手【訪問介護】愛知県長久手市片平一丁目1009番地", "url": "https://www.kaigokensaku.mhlw.go.jp/23/index.php?action_kouhyou_detail_004_kani=true&JigyosyoCd=2375001159-00&ServiceCd=110&Type=search", "url2": "https://trustree.info" }, "geometry": { "type": "Point", "coordinates": [ 137.036097400000017, 35.1624307 ] } },
{ "type": "Feature", "properties": { "内容": "ヘルパーステーションあんのん【訪問介護】愛知県長久手市片平2丁目511番地あんのんハウス竹の山", "url": "https://www.kaigokensaku.mhlw.go.jp/23/index.php?action_kouhyou_detail_004_kani=true&JigyosyoCd=2375000953-00&ServiceCd=110&Type=search", "url2": "http://un-non-house.jp/" }, "geometry": { "type": "Point", "coordinates": [ 137.032202386689733, 35.160415872183144 ] } },
{ "type": "Feature", "properties": { "内容": "愛知たいようの杜ヘルパーステーションひだまり【訪問介護】長久手市岩作長池48番1", "url": "https://www.kaigokensaku.mhlw.go.jp/23/index.php?action_kouhyou_detail_004_kani=true&JigyosyoCd=2375000045-00&ServiceCd=110&Type=search", "url2": "http://gojikaramura.jp" }, "geometry": { "type": "Point", "coordinates": [ 137.045485222923162, 35.182693561206165 ] } },
{ "type": "Feature", "properties": { "内容": "ハートフルハウス訪問介護事業所「ひなたぼっこ」【訪問介護】愛知県長久手市城屋敷１０８番地", "url": "https://www.kaigokensaku.mhlw.go.jp/23/index.php?action_kouhyou_detail_004_kani=true&JigyosyoCd=2375000136-00&ServiceCd=110&Type=search", "url2": "http://heartful-house.com" }, "geometry": { "type": "Point", "coordinates": [ 137.040838, 35.1764707 ] } },
{ "type": "Feature", "properties": { "内容": "訪問介護事業所メドック東郷【訪問介護】愛知県愛知郡東郷町大字春木字西前6070番地", "url": "https://www.kaigokensaku.mhlw.go.jp/23/index.php?action_kouhyou_detail_004_kani=true&JigyosyoCd=2375000896-00&ServiceCd=110&Type=search", "url2": "http://www.medoc-togo.jp" }, "geometry": { "type": "Point", "coordinates": [ 137.046107047171944, 35.080617355572457 ] } },
{ "type": "Feature", "properties": { "内容": "ハートケア東郷訪問介護事業所【訪問介護】愛知県愛知郡東郷町大字諸輪字北山158-140", "url": "https://www.kaigokensaku.mhlw.go.jp/23/index.php?action_kouhyou_detail_004_kani=true&JigyosyoCd=2375000706-00&ServiceCd=110&Type=search", "url2": "http://hmcgtogo.holy.jp/" }, "geometry": { "type": "Point", "coordinates": [ 137.059070629638683, 35.101173004881247 ] } },
{ "type": "Feature", "properties": { "内容": "愛らんどヘルパーステーション【訪問介護】愛知県愛知郡東郷町兵庫3丁目11番地1", "url": "https://www.kaigokensaku.mhlw.go.jp/23/index.php?action_kouhyou_detail_004_kani=true&JigyosyoCd=2375001100-00&ServiceCd=110&Type=search", "url2": "http://ai-land.jp" }, "geometry": { "type": "Point", "coordinates": [ 137.022631810628468, 35.089911767309538 ] } },
{ "type": "Feature", "properties": { "内容": "訪問介護ステーションとまと【訪問介護】愛知県愛知郡東郷町春木台一丁目14番地21", "url": "https://www.kaigokensaku.mhlw.go.jp/23/index.php?action_kouhyou_detail_004_kani=true&JigyosyoCd=2375001506-00&ServiceCd=110&Type=search", "url2": "https://www.flourish-tomato.com/" }, "geometry": { "type": "Point", "coordinates": [ 137.048565, 35.089467 ] } },
{ "type": "Feature", "properties": { "内容": "訪問介護87【訪問介護】愛知県愛知郡東郷町春木池田44-1", "url": "https://www.kaigokensaku.mhlw.go.jp/23/index.php?action_kouhyou_detail_004_kani=true&JigyosyoCd=2375001118-00&ServiceCd=110&Type=search", "url2": null }, "geometry": { "type": "Point", "coordinates": [ 137.044454099999939, 35.0816026 ] } },
{ "type": "Feature", "properties": { "内容": "訪問介護ステーション　ケアプラス白鳥【訪問介護】愛知県愛知郡東郷町白鳥２丁目１７番地１加藤建装ビル101", "url": "https://www.kaigokensaku.mhlw.go.jp/23/index.php?action_kouhyou_detail_004_kani=true&JigyosyoCd=2375001282-00&ServiceCd=110&Type=search", "url2": "http://kanwa-plus.co.jp" }, "geometry": { "type": "Point", "coordinates": [ 137.051283199999943, 35.1100798 ] } },
{ "type": "Feature", "properties": { "内容": "もみの木訪問介護事業所【訪問介護】愛知県愛知郡東郷町大字春木字池田39-1", "url": "https://www.kaigokensaku.mhlw.go.jp/23/index.php?action_kouhyou_detail_004_kani=true&JigyosyoCd=2375000359-00&ServiceCd=110&Type=search", "url2": "http://mominoki@mb.ccnw.ne.jp" }, "geometry": { "type": "Point", "coordinates": [ 137.045677187310758, 35.081514802206563 ] } },
{ "type": "Feature", "properties": { "内容": "ヘルパーステーションシエンスとうごう【訪問介護】愛知郡東郷町春木台4丁目8-5カーサ・エスペランサA棟102号", "url": "https://www.kaigokensaku.mhlw.go.jp/23/index.php?action_kouhyou_detail_004_kani=true&JigyosyoCd=2375001498-00&ServiceCd=110&Type=search", "url2": "https://www.lifesiens.net/top/" }, "geometry": { "type": "Point", "coordinates": [ 137.0401833, 35.086788 ] } },
{ "type": "Feature", "properties": { "内容": "訪問介護事業所　あしすと【訪問介護】愛知郡東郷町大字和合字牛廻間92番地46　和合カレッジハイツＢ103・Ｂ104", "url": "https://www.kaigokensaku.mhlw.go.jp/23/index.php?action_kouhyou_detail_004_kani=true&JigyosyoCd=2375000425-00&ServiceCd=110&Type=search", "url2": "http://assist-co.jp" }, "geometry": { "type": "Point", "coordinates": [ 137.041645712873105, 35.107670121433912 ] } },
{ "type": "Feature", "properties": { "内容": "マリアンヌヘルパーステーション【訪問介護】愛知郡東郷町和合北蚊谷２１８", "url": "https://www.kaigokensaku.mhlw.go.jp/23/index.php?action_kouhyou_detail_004_kani=true&JigyosyoCd=2375000649-00&ServiceCd=110&Type=search", "url2": null }, "geometry": { "type": "Point", "coordinates": [ 137.053488600000037, 35.1069331 ] } },
{ "type": "Feature", "properties": { "内容": "東郷町社会福祉協議会指定訪問介護事業所【訪問介護】愛知県愛知郡東郷町大字諸輪字北山158番地90", "url": "https://www.kaigokensaku.mhlw.go.jp/23/index.php?action_kouhyou_detail_004_kani=true&JigyosyoCd=2375000193-00&ServiceCd=110&Type=search", "url2": "http://www.togoshakyo.jp/" }, "geometry": { "type": "Point", "coordinates": [ 137.056008099999985, 35.0978815 ] } },
{ "type": "Feature", "properties": { "内容": "ヘルパーハウスレオン【訪問介護】愛知県愛知郡東郷町和合ケ丘3丁目グリーンハイツ和合102グリーンハイツ和合102", "url": "https://www.kaigokensaku.mhlw.go.jp/23/index.php?action_kouhyou_detail_004_kani=true&JigyosyoCd=2375001423-00&ServiceCd=110&Type=search", "url2": null }, "geometry": { "type": "Point", "coordinates": [ 137.0487046, 35.1112223 ] } },
{ "type": "Feature", "properties": { "内容": "ホームケア三福【訪問介護】愛知県西春日井郡豊山町大字豊場字冨士７２番地１２", "url": "https://www.kaigokensaku.mhlw.go.jp/23/index.php?action_kouhyou_detail_004_kani=true&JigyosyoCd=2375201155-00&ServiceCd=110&Type=search", "url2": null }, "geometry": { "type": "Point", "coordinates": [ 136.9145301, 35.2430227 ] } },
{ "type": "Feature", "properties": { "内容": "ヘルパーステーションはなひなの杜豊山【訪問介護】愛知県西春日井郡豊山町大字豊場字神戸3番地サングリンハイツ丹羽2号1B", "url": "https://www.kaigokensaku.mhlw.go.jp/23/index.php?action_kouhyou_detail_004_kani=true&JigyosyoCd=2375201148-00&ServiceCd=110&Type=search", "url2": "https://www.hanahina.jp/" }, "geometry": { "type": "Point", "coordinates": [ 136.92030841779092, 35.238458307154289 ] } },
{ "type": "Feature", "properties": { "内容": "訪問介護　ランウェイ【訪問介護】愛知県西春日井郡豊山町大字豊場字栄７１番地SmilebaseCOCOKARA", "url": "https://www.kaigokensaku.mhlw.go.jp/23/index.php?action_kouhyou_detail_004_kani=true&JigyosyoCd=2375201189-00&ServiceCd=110&Type=search", "url2": null }, "geometry": { "type": "Point", "coordinates": [ 136.90920460000001, 35.250402 ] } },
{ "type": "Feature", "properties": { "内容": "ヘルパーステーションしいの木【訪問介護】愛知県西春日井郡豊山町大字豊場字諏訪２７０番地", "url": "https://www.kaigokensaku.mhlw.go.jp/23/index.php?action_kouhyou_detail_004_kani=true&JigyosyoCd=2375200298-00&ServiceCd=110&Type=search", "url2": "https://www.toyoyama-shakyo.jp/" }, "geometry": { "type": "Point", "coordinates": [ 136.9183028, 35.2475442 ] } },
{ "type": "Feature", "properties": { "内容": "さくら・介護ステーションかけはし【訪問介護】小口字馬場９９番地６プレミール２１　１０１号", "url": "https://www.kaigokensaku.mhlw.go.jp/23/index.php?action_kouhyou_detail_004_kani=true&JigyosyoCd=2375300577-00&ServiceCd=110&Type=search", "url2": "qqee6np9k@movie.ocn.ne.jp" }, "geometry": { "type": "Point", "coordinates": [ 136.916570699999966, 35.3433312 ] } },
{ "type": "Feature", "properties": { "内容": "Kライン・ヘルパーステーション大口【訪問介護】愛知県丹羽郡大口町高橋二丁目185", "url": "https://www.kaigokensaku.mhlw.go.jp/23/index.php?action_kouhyou_detail_004_kani=true&JigyosyoCd=2375300726-00&ServiceCd=110&Type=search", "url2": "http://www.klinecare.com" }, "geometry": { "type": "Point", "coordinates": [ 136.902303699999948, 35.3249395 ] } },
{ "type": "Feature", "properties": { "内容": "ヘルパーステーション　あすかビレッジ【訪問介護】愛知県丹羽郡大口町新宮一丁目10番地", "url": "https://www.kaigokensaku.mhlw.go.jp/23/index.php?action_kouhyou_detail_004_kani=true&JigyosyoCd=2375300205-00&ServiceCd=110&Type=search", "url2": "www.ijinkai.or.jp" }, "geometry": { "type": "Point", "coordinates": [ 136.920584800000029, 35.3295303 ] } },
{ "type": "Feature", "properties": { "内容": "大口社協訪問介護事業所【訪問介護】愛知県丹羽郡大口町伝右一丁目35番地健康文化センター", "url": "https://www.kaigokensaku.mhlw.go.jp/23/index.php?action_kouhyou_detail_004_kani=true&JigyosyoCd=2375300056-00&ServiceCd=110&Type=search", "url2": "http://www.oguchi-shakyo.or.jp" }, "geometry": { "type": "Point", "coordinates": [ 136.910058299999946, 35.3284223 ] } },
{ "type": "Feature", "properties": { "内容": "ヘルパーステーション御桜乃里【訪問介護】愛知県丹羽郡大口町下小口6丁目124番地2", "url": "https://www.kaigokensaku.mhlw.go.jp/23/index.php?action_kouhyou_detail_004_kani=true&JigyosyoCd=2375300312-00&ServiceCd=110&Type=search", "url2": "http://aiseifukusikai.jp/" }, "geometry": { "type": "Point", "coordinates": [ 136.911127500000021, 35.3305914 ] } },
{ "type": "Feature", "properties": { "内容": "訪問介護ステーションオランジュYONO【訪問介護】丹羽郡大口町余野6丁目177セントエルモ101号室", "url": "https://www.kaigokensaku.mhlw.go.jp/23/index.php?action_kouhyou_detail_004_kani=true&JigyosyoCd=2375300783-00&ServiceCd=110&Type=search", "url2": "https://www.3leaves.co.jp/nStation_yono.html" }, "geometry": { "type": "Point", "coordinates": [ 136.90234190000001, 35.3410292 ] } },
{ "type": "Feature", "properties": { "内容": "ヘルパーステーションハートフル大口【訪問介護】愛知県丹羽郡大口町下小口七丁目２１番地", "url": "https://www.kaigokensaku.mhlw.go.jp/23/index.php?action_kouhyou_detail_004_kani=true&JigyosyoCd=2375300379-00&ServiceCd=110&Type=search", "url2": "http://hearthulogc.jp" }, "geometry": { "type": "Point", "coordinates": [ 136.906680599999959, 35.333219 ] } },
{ "type": "Feature", "properties": { "内容": "みそら訪問介護扶桑事業所【訪問介護】愛知県丹羽郡扶桑町大字高雄字犬堀191番地1", "url": "https://www.kaigokensaku.mhlw.go.jp/23/index.php?action_kouhyou_detail_004_kani=true&JigyosyoCd=2375300700-00&ServiceCd=110&Type=search", "url2": "http://www.chiiki-misora.com/index.html" }, "geometry": { "type": "Point", "coordinates": [ 136.916495299999951, 35.354624 ] } },
{ "type": "Feature", "properties": { "内容": "花音ヘルパーステーション【訪問介護】愛知県丹羽郡扶桑町高雄字堂子333番地2照園ビル", "url": "https://www.kaigokensaku.mhlw.go.jp/23/index.php?action_kouhyou_detail_004_kani=true&JigyosyoCd=2375300817-00&ServiceCd=110&Type=search", "url2": null }, "geometry": { "type": "Point", "coordinates": [ 136.9156312, 35.3635227 ] } },
{ "type": "Feature", "properties": { "内容": "すずらんヘルパーステーション【訪問介護】愛知県丹羽郡扶桑町大字高雄字堂子333番地2", "url": "https://www.kaigokensaku.mhlw.go.jp/23/index.php?action_kouhyou_detail_004_kani=true&JigyosyoCd=2375300916-00&ServiceCd=110&Type=search", "url2": null }, "geometry": { "type": "Point", "coordinates": [ 136.9156294, 35.3635279 ] } },
{ "type": "Feature", "properties": { "内容": "ケアステーション　ゆりかご【訪問介護】愛知県丹羽郡扶桑町高雄米ノ山５アクティ24　１０４号", "url": "https://www.kaigokensaku.mhlw.go.jp/23/index.php?action_kouhyou_detail_004_kani=true&JigyosyoCd=2375300890-00&ServiceCd=110&Type=search", "url2": null }, "geometry": { "type": "Point", "coordinates": [ 136.9265536, 35.3685956 ] } },
{ "type": "Feature", "properties": { "内容": "扶桑町社会福祉協議会　指定訪問介護事業所【訪問介護】愛知県丹羽郡扶桑町大字斉藤字榎230番地", "url": "https://www.kaigokensaku.mhlw.go.jp/23/index.php?action_kouhyou_detail_004_kani=true&JigyosyoCd=2375300049-00&ServiceCd=110&Type=search", "url2": null }, "geometry": { "type": "Point", "coordinates": [ 136.899893160482748, 35.353824420063965 ] } },
{ "type": "Feature", "properties": { "内容": "㈱なないろ【訪問介護】愛知県丹羽郡扶桑町大字柏森字寺裏88番地", "url": "https://www.kaigokensaku.mhlw.go.jp/23/index.php?action_kouhyou_detail_004_kani=true&JigyosyoCd=2375300627-00&ServiceCd=110&Type=search", "url2": null }, "geometry": { "type": "Point", "coordinates": [ 136.903713, 35.3609737 ] } },
{ "type": "Feature", "properties": { "内容": "訪問介護事業所　えんの里【訪問介護】愛知県丹羽郡扶桑町大字栢森字西前281", "url": "https://www.kaigokensaku.mhlw.go.jp/23/index.php?action_kouhyou_detail_004_kani=true&JigyosyoCd=2375300692-00&ServiceCd=110&Type=search", "url2": "http//www.entry.tv/" }, "geometry": { "type": "Point", "coordinates": [ 136.899408699999981, 35.3453454 ] } },
{ "type": "Feature", "properties": { "内容": "訪問介護事業所ウインクシオ【訪問介護】愛知県丹羽郡扶桑町高雄下山130", "url": "https://www.kaigokensaku.mhlw.go.jp/23/index.php?action_kouhyou_detail_004_kani=true&JigyosyoCd=2375300882-00&ServiceCd=110&Type=search", "url2": null }, "geometry": { "type": "Point", "coordinates": [ 136.91710810660706, 35.358948263458203 ] } },
{ "type": "Feature", "properties": { "内容": "訪問介護　絆サポート　おおはる【訪問介護】愛知県海部郡大治町大字字北間島字屋敷123番地", "url": "https://www.kaigokensaku.mhlw.go.jp/23/index.php?action_kouhyou_detail_004_kani=true&JigyosyoCd=2375602279-00&ServiceCd=110&Type=search", "url2": null }, "geometry": { "type": "Point", "coordinates": [ 136.825822099999982, 35.174445 ] } },
{ "type": "Feature", "properties": { "内容": "訪問介護　いっぽ【訪問介護】愛知県海部郡大治町大字砂子字柳原2474番地の44リバーサイドマンヒロ305号", "url": "https://www.kaigokensaku.mhlw.go.jp/23/index.php?action_kouhyou_detail_004_kani=true&JigyosyoCd=2375602501-00&ServiceCd=110&Type=search", "url2": "http://yti-ippo.sub.jp/top/" }, "geometry": { "type": "Point", "coordinates": [ 136.8323034, 35.1595938 ] } },
{ "type": "Feature", "properties": { "内容": "ヘルパーステーションかりん【訪問介護】愛知県海部郡大治町大字長牧字前田81番", "url": "https://www.kaigokensaku.mhlw.go.jp/23/index.php?action_kouhyou_detail_004_kani=true&JigyosyoCd=2375602618-00&ServiceCd=110&Type=search", "url2": "http://wild-saito-1331.pupu.jp/karin/" }, "geometry": { "type": "Point", "coordinates": [ 136.835071500000026, 35.1825688 ] } },
{ "type": "Feature", "properties": { "内容": "訪問介護ステーション心綺【訪問介護】愛知県海部郡大治町大字西條字平ケ野８１番地ハイツ西條１０２号室", "url": "https://www.kaigokensaku.mhlw.go.jp/23/index.php?action_kouhyou_detail_004_kani=true&JigyosyoCd=2375602345-00&ServiceCd=110&Type=search", "url2": "http://mikinohana." }, "geometry": { "type": "Point", "coordinates": [ 136.8085992, 35.1680346 ] } },
{ "type": "Feature", "properties": { "内容": "ホームヘルパーステーション「おおはる」【訪問介護】愛知県海部郡大治町大字砂子字西河原18番地大治町総合福祉センター「希望の家」１階", "url": "https://www.kaigokensaku.mhlw.go.jp/23/index.php?action_kouhyou_detail_004_kani=true&JigyosyoCd=2375600505-00&ServiceCd=110&Type=search", "url2": "http://www.fukushi-ooharu.sakura.ne.jp" }, "geometry": { "type": "Point", "coordinates": [ 136.81810930000006, 35.1660543 ] } },
{ "type": "Feature", "properties": { "内容": "訪問介護ステーション藤花【訪問介護】愛知県海部郡大治町大字西條字城前田19番地18ユタカハイツC棟102", "url": "https://www.kaigokensaku.mhlw.go.jp/23/index.php?action_kouhyou_detail_004_kani=true&JigyosyoCd=2375602626-00&ServiceCd=110&Type=search", "url2": null }, "geometry": { "type": "Point", "coordinates": [ 136.8147825, 35.1720833 ] } },
{ "type": "Feature", "properties": { "内容": "こころのホームケア【訪問介護】愛知県海部郡大治町三本木西之川137-1", "url": "https://www.kaigokensaku.mhlw.go.jp/23/index.php?action_kouhyou_detail_004_kani=true&JigyosyoCd=2375601503-00&ServiceCd=110&Type=search", "url2": "https://www.cocoro-oharu.com/" }, "geometry": { "type": "Point", "coordinates": [ 136.814078076213065, 35.169209128966841 ] } },
{ "type": "Feature", "properties": { "内容": "あいサービス訪問介護ステーション【訪問介護】愛知県海部郡蟹江町上川田一丁目２３番地１", "url": "https://www.kaigokensaku.mhlw.go.jp/23/index.php?action_kouhyou_detail_004_kani=true&JigyosyoCd=2375602246-00&ServiceCd=110&Type=search", "url2": "http://www001.upp.so-net.ne.jp/ai-service/" }, "geometry": { "type": "Point", "coordinates": [ 136.7728042, 35.1468647 ] } },
{ "type": "Feature", "properties": { "内容": "ケアサポート　こころ【訪問介護】愛知県海部郡蟹江町蟹江本町ヤノ割２－２グランシャリオ１０２号", "url": "https://www.kaigokensaku.mhlw.go.jp/23/index.php?action_kouhyou_detail_004_kani=true&JigyosyoCd=2375602014-00&ServiceCd=110&Type=search", "url2": null }, "geometry": { "type": "Point", "coordinates": [ 136.793688768139077, 35.140015637353223 ] } },
{ "type": "Feature", "properties": { "内容": "訪問介護ステーション　ミラクル【訪問介護】愛知県海部郡蟹江町大字蟹江新田字源氏前39-1", "url": "https://www.kaigokensaku.mhlw.go.jp/23/index.php?action_kouhyou_detail_004_kani=true&JigyosyoCd=2375602600-00&ServiceCd=110&Type=search", "url2": null }, "geometry": { "type": "Point", "coordinates": [ 136.785223499861104, 35.128432305554021 ] } },
{ "type": "Feature", "properties": { "内容": "訪問介護かにえ【訪問介護】愛知県海部郡蟹江町須成字西市之坪1605-1サントピアかにえ", "url": "https://www.kaigokensaku.mhlw.go.jp/23/index.php?action_kouhyou_detail_004_kani=true&JigyosyoCd=2375602386-00&ServiceCd=110&Type=search", "url2": "http://hanatabakaigo.ne.jp" }, "geometry": { "type": "Point", "coordinates": [ 136.792960599999986, 35.1483953 ] } },
{ "type": "Feature", "properties": { "内容": "ひまわりケアサービス蟹江【訪問介護】愛知県海部郡蟹江町桜2丁目31番地ひまわり会館蟹江桜", "url": "https://www.kaigokensaku.mhlw.go.jp/23/index.php?action_kouhyou_detail_004_kani=true&JigyosyoCd=2375602303-00&ServiceCd=110&Type=search", "url2": "http://www.himawari-care-s.com/" }, "geometry": { "type": "Point", "coordinates": [ 136.799077, 35.1438294 ] } },
{ "type": "Feature", "properties": { "内容": "ひまわりケアサービス蟹江城【訪問介護】愛知県海部郡蟹江町城1-20ひまわり会館蟹江城", "url": "https://www.kaigokensaku.mhlw.go.jp/23/index.php?action_kouhyou_detail_004_kani=true&JigyosyoCd=2375602584-00&ServiceCd=110&Type=search", "url2": "https://www.himawari-care-s.com" }, "geometry": { "type": "Point", "coordinates": [ 136.7893721, 35.1375684 ] } },
{ "type": "Feature", "properties": { "内容": "ひまわりケアサービス蟹江今【訪問介護】愛知県海部郡蟹江町今本町通18-1", "url": "https://www.kaigokensaku.mhlw.go.jp/23/index.php?action_kouhyou_detail_004_kani=true&JigyosyoCd=2375602592-00&ServiceCd=110&Type=search", "url2": "www.himawari-care-s.com" }, "geometry": { "type": "Point", "coordinates": [ 136.790154, 35.1393822 ] } },
{ "type": "Feature", "properties": { "内容": "蟹江町社会福祉協議会指定訪問介護事業所【訪問介護】愛知県海部郡蟹江町大字西之森字海山326番地3蟹江町多世代交流施設", "url": "https://www.kaigokensaku.mhlw.go.jp/23/index.php?action_kouhyou_detail_004_kani=true&JigyosyoCd=2375600596-00&ServiceCd=110&Type=search", "url2": "https://www.kanie-syakyo.jp/" }, "geometry": { "type": "Point", "coordinates": [ 136.7754519, 35.1356523 ] } },
{ "type": "Feature", "properties": { "内容": "ほーむけあキラキラ【訪問介護】愛知県海部郡蟹江町源氏４丁目５３番地１アールイーステージ蟹江２０５号", "url": "https://www.kaigokensaku.mhlw.go.jp/23/index.php?action_kouhyou_detail_004_kani=true&JigyosyoCd=2375602733-00&ServiceCd=110&Type=search", "url2": null }, "geometry": { "type": "Point", "coordinates": [ 136.7815711, 35.133572700000016 ] } },
{ "type": "Feature", "properties": { "内容": "ヘルパーステーションるぶらん【訪問介護】愛知県海部郡蟹江町学戸七丁目１１５番地", "url": "https://www.kaigokensaku.mhlw.go.jp/23/index.php?action_kouhyou_detail_004_kani=true&JigyosyoCd=2375602717-00&ServiceCd=110&Type=search", "url2": null }, "geometry": { "type": "Point", "coordinates": [ 136.783408901852454, 35.128175241854379 ] } },
{ "type": "Feature", "properties": { "内容": "有限会社シバタ介護事業部ひまわりステーション【訪問介護】愛知県海部郡飛島村大字服岡九丁目７１番地", "url": "https://www.kaigokensaku.mhlw.go.jp/23/index.php?action_kouhyou_detail_004_kani=true&JigyosyoCd=2375600398-00&ServiceCd=110&Type=search", "url2": "http://" }, "geometry": { "type": "Point", "coordinates": [ 136.794249799999989, 35.0879943 ] } },
{ "type": "Feature", "properties": { "内容": "訪問介護　笑っしょい【訪問介護】愛知県知多郡阿久比町大字宮津字蟹田４０−２", "url": "https://www.kaigokensaku.mhlw.go.jp/23/index.php?action_kouhyou_detail_004_kani=true&JigyosyoCd=2375702517-00&ServiceCd=110&Type=search", "url2": null }, "geometry": { "type": "Point", "coordinates": [ 136.927343900000011, 34.9275125 ] } },
{ "type": "Feature", "properties": { "内容": "ヘルパーステーションＫiＫｉ【訪問介護】愛知県知多郡阿久比町大字福住字馬越22番地", "url": "https://www.kaigokensaku.mhlw.go.jp/23/index.php?action_kouhyou_detail_004_kani=true&JigyosyoCd=2375702160-00&ServiceCd=110&Type=search", "url2": null }, "geometry": { "type": "Point", "coordinates": [ 136.922168699999929, 34.950724 ] } },
{ "type": "Feature", "properties": { "内容": "訪問介護ほたる【訪問介護】知多郡阿久比町植大前崎５７", "url": "https://www.kaigokensaku.mhlw.go.jp/23/index.php?action_kouhyou_detail_004_kani=true&JigyosyoCd=2375702186-00&ServiceCd=110&Type=search", "url2": "http://flavor-hotaru.jp/" }, "geometry": { "type": "Point", "coordinates": [ 136.921920478796494, 34.91384771929156 ] } },
{ "type": "Feature", "properties": { "内容": "阿久比町社会福祉協議会指定訪問介護事業所【訪問介護】愛知県知多郡阿久比町大字卯坂字丸の内85番地", "url": "https://www.kaigokensaku.mhlw.go.jp/23/index.php?action_kouhyou_detail_004_kani=true&JigyosyoCd=2375700511-00&ServiceCd=110&Type=search", "url2": "http://www.agui-shakyo.or.jp" }, "geometry": { "type": "Point", "coordinates": [ 136.916290212442078, 34.933016970177015 ] } },
{ "type": "Feature", "properties": { "内容": "阿久比一期一会ホームヘルプサービス【訪問介護】愛知県知多郡阿久比町大字卯坂字桜ヶ丘１９５番地", "url": "https://www.kaigokensaku.mhlw.go.jp/23/index.php?action_kouhyou_detail_004_kani=true&JigyosyoCd=2375700529-00&ServiceCd=110&Type=search", "url2": "https://www.ichigoichie.or.jp/" }, "geometry": { "type": "Point", "coordinates": [ 136.909471400000029, 34.9335357 ] } },
{ "type": "Feature", "properties": { "内容": "福住苑ケアセンター【訪問介護】愛知県知多郡阿久比町大字福住字荒古65番地5", "url": "https://www.kaigokensaku.mhlw.go.jp/23/index.php?action_kouhyou_detail_004_kani=true&JigyosyoCd=2375701543-00&ServiceCd=110&Type=search", "url2": null }, "geometry": { "type": "Point", "coordinates": [ 136.925499299999956, 34.9445902 ] } },
{ "type": "Feature", "properties": { "内容": "ことりヘルパーステーション【訪問介護】愛知県知多郡東浦町大字石浜字なかね１６番地の１０", "url": "https://www.kaigokensaku.mhlw.go.jp/23/index.php?action_kouhyou_detail_004_kani=true&JigyosyoCd=2375702384-00&ServiceCd=110&Type=search", "url2": "http://www.th-ree.net" }, "geometry": { "type": "Point", "coordinates": [ 136.972708449073764, 34.966951423715983 ] } },
{ "type": "Feature", "properties": { "内容": "ロータス介護サービス【訪問介護】愛知県知多郡東浦町大字緒川字丸池台4番地の5", "url": "https://www.kaigokensaku.mhlw.go.jp/23/index.php?action_kouhyou_detail_004_kani=true&JigyosyoCd=2375702236-00&ServiceCd=110&Type=search", "url2": "https://lotuskaigo.com/" }, "geometry": { "type": "Point", "coordinates": [ 136.926973699999962, 34.9604461 ] } },
{ "type": "Feature", "properties": { "内容": "相生ヘルパーステーション【訪問介護】愛知県知多郡東浦町緒川東米田１６", "url": "https://www.kaigokensaku.mhlw.go.jp/23/index.php?action_kouhyou_detail_004_kani=true&JigyosyoCd=2375700248-00&ServiceCd=110&Type=search", "url2": "http://www.aikouen.jp" }, "geometry": { "type": "Point", "coordinates": [ 136.9390439, 34.9794406 ] } },
{ "type": "Feature", "properties": { "内容": "ヘルパーステーション絆【訪問介護】愛知県知多郡東浦町緒川北赤坂３２－２", "url": "https://www.kaigokensaku.mhlw.go.jp/23/index.php?action_kouhyou_detail_004_kani=true&JigyosyoCd=2375700701-00&ServiceCd=110&Type=search", "url2": "http://tasukeai-kizuna.jp/" }, "geometry": { "type": "Point", "coordinates": [ 136.95347169272921, 34.981323436458283 ] } },
{ "type": "Feature", "properties": { "内容": "訪問介護ステーションあおば【訪問介護】愛知県知多郡東浦町石浜笹原２７", "url": "https://www.kaigokensaku.mhlw.go.jp/23/index.php?action_kouhyou_detail_004_kani=true&JigyosyoCd=2375701691-00&ServiceCd=110&Type=search", "url2": "http://ayame-akane-kk.com/" }, "geometry": { "type": "Point", "coordinates": [ 136.964088800000013, 34.9643267 ] } },
{ "type": "Feature", "properties": { "内容": "ヘルパーステーション　フェリーチェ【訪問介護】愛知県知多郡東浦町生路小太郎６１－４フェリーチェ　ひがしうら", "url": "https://www.kaigokensaku.mhlw.go.jp/23/index.php?action_kouhyou_detail_004_kani=true&JigyosyoCd=2375701857-00&ServiceCd=110&Type=search", "url2": "http://www.felice-sky.co.jp/" }, "geometry": { "type": "Point", "coordinates": [ 136.968669299999988, 34.9532314 ] } },
{ "type": "Feature", "properties": { "内容": "東浦町社会福祉協議会指定訪問介護事業所【訪問介護】愛知県知多郡東浦町大字石浜字岐路２３番地の１福祉センター", "url": "https://www.kaigokensaku.mhlw.go.jp/23/index.php?action_kouhyou_detail_004_kani=true&JigyosyoCd=2375700396-00&ServiceCd=110&Type=search", "url2": "http://higashiura-syakyo.com/" }, "geometry": { "type": "Point", "coordinates": [ 136.9683576, 34.9737977 ] } },
{ "type": "Feature", "properties": { "内容": "ミライエ東浦　訪問介護ステーション【訪問介護】生路門田93", "url": "https://www.kaigokensaku.mhlw.go.jp/23/index.php?action_kouhyou_detail_004_kani=true&JigyosyoCd=2375702582-00&ServiceCd=110&Type=search", "url2": null }, "geometry": { "type": "Point", "coordinates": [ 136.972054899999989, 34.9545815 ] } },
{ "type": "Feature", "properties": { "内容": "ヘルパーステーション　オリーブの木【訪問介護】愛知県知多郡東浦町森岡字前田9番地4101", "url": "https://www.kaigokensaku.mhlw.go.jp/23/index.php?action_kouhyou_detail_004_kani=true&JigyosyoCd=2375702640-00&ServiceCd=110&Type=search", "url2": null }, "geometry": { "type": "Point", "coordinates": [ 136.9696945, 34.9936516 ] } },
{ "type": "Feature", "properties": { "内容": "訪問介護ステーション　シトラス【訪問介護】愛知県知多郡南知多町大字片名字新師崎2-22", "url": "https://www.kaigokensaku.mhlw.go.jp/23/index.php?action_kouhyou_detail_004_kani=true&JigyosyoCd=2375702400-00&ServiceCd=110&Type=search", "url2": null }, "geometry": { "type": "Point", "coordinates": [ 136.9724549, 34.7060867 ] } },
{ "type": "Feature", "properties": { "内容": "ヘルパーステーション大地の丘【訪問介護】愛知県知多郡南知多町大字内海字奥鈴ケ谷70-5", "url": "https://www.kaigokensaku.mhlw.go.jp/23/index.php?action_kouhyou_detail_004_kani=true&JigyosyoCd=2375701089-00&ServiceCd=110&Type=search", "url2": "http://daichinooka.com/" }, "geometry": { "type": "Point", "coordinates": [ 136.89409969999997, 34.760916 ] } },
{ "type": "Feature", "properties": { "内容": "南知多町社協ヘルパーステーション【訪問介護】愛知県知多郡南知多町大字豊浜字須佐ヶ丘１番地", "url": "https://www.kaigokensaku.mhlw.go.jp/23/index.php?action_kouhyou_detail_004_kani=true&JigyosyoCd=2375700255-00&ServiceCd=110&Type=search", "url2": "https://minamichita-shakyo.jp" }, "geometry": { "type": "Point", "coordinates": [ 136.934734642956982, 34.717766399209154 ] } },
{ "type": "Feature", "properties": { "内容": "ヘルパーステーション　あじさい【訪問介護】知多郡美浜町大字野間字畑中２番地８", "url": "https://www.kaigokensaku.mhlw.go.jp/23/index.php?action_kouhyou_detail_004_kani=true&JigyosyoCd=2375702061-00&ServiceCd=110&Type=search", "url2": null }, "geometry": { "type": "Point", "coordinates": [ 136.8502224, 34.7692247 ] } },
{ "type": "Feature", "properties": { "内容": "訪問介護ステーション　空＆海【訪問介護】愛知県知多郡美浜町河和台3丁目283番地ひまわり会館美浜内", "url": "https://www.kaigokensaku.mhlw.go.jp/23/index.php?action_kouhyou_detail_004_kani=true&JigyosyoCd=2375702418-00&ServiceCd=110&Type=search", "url2": "http://himawari-care-s.com/" }, "geometry": { "type": "Point", "coordinates": [ 136.903736022090158, 34.768854693926123 ] } },
{ "type": "Feature", "properties": { "内容": "ヘルパーステーション　オレンジ【訪問介護】愛知県知多郡美浜町大字野間字新前田212番地の1", "url": "https://www.kaigokensaku.mhlw.go.jp/23/index.php?action_kouhyou_detail_004_kani=true&JigyosyoCd=2375700370-00&ServiceCd=110&Type=search", "url2": "http://www.villa-orange.com" }, "geometry": { "type": "Point", "coordinates": [ 136.848722599999974, 34.7659777 ] } },
{ "type": "Feature", "properties": { "内容": "ヘルパーステーションLifeup【訪問介護】愛知県知多郡美浜町古布屋敷145-5", "url": "https://www.kaigokensaku.mhlw.go.jp/23/index.php?action_kouhyou_detail_004_kani=true&JigyosyoCd=2375702434-00&ServiceCd=110&Type=search", "url2": null }, "geometry": { "type": "Point", "coordinates": [ 136.921619, 34.7612125 ] } },
{ "type": "Feature", "properties": { "内容": "訪問介護ステーション　クオーレ【訪問介護】愛知県知多郡美浜町河和台1-2クオーレ河和台", "url": "https://www.kaigokensaku.mhlw.go.jp/23/index.php?action_kouhyou_detail_004_kani=true&JigyosyoCd=2375702103-00&ServiceCd=110&Type=search", "url2": null }, "geometry": { "type": "Point", "coordinates": [ 136.905300899999929, 34.77448 ] } },
{ "type": "Feature", "properties": { "内容": "訪問介護メロディSea【訪問介護】愛知県知多郡美浜町大字布土字中平井198番地", "url": "https://www.kaigokensaku.mhlw.go.jp/23/index.php?action_kouhyou_detail_004_kani=true&JigyosyoCd=2375702590-00&ServiceCd=110&Type=search", "url2": "day-melody.com" }, "geometry": { "type": "Point", "coordinates": [ 136.920520617999301, 34.794939560589235 ] } },
{ "type": "Feature", "properties": { "内容": "訪問介護ステーションSmileLife【訪問介護】愛知県知多郡美浜町北方2-46オアシス北方A棟102", "url": "https://www.kaigokensaku.mhlw.go.jp/23/index.php?action_kouhyou_detail_004_kani=true&JigyosyoCd=2375702657-00&ServiceCd=110&Type=search", "url2": null }, "geometry": { "type": "Point", "coordinates": [ 136.9045667, 34.7824596 ] } },
{ "type": "Feature", "properties": { "内容": "美浜町社会福祉協議会ホームヘルパーステーション【訪問介護】愛知県知多郡美浜町北方一丁目１番地", "url": "https://www.kaigokensaku.mhlw.go.jp/23/index.php?action_kouhyou_detail_004_kani=true&JigyosyoCd=2375700339-00&ServiceCd=110&Type=search", "url2": "http://www.mihama-shakyo.or.jp/" }, "geometry": { "type": "Point", "coordinates": [ 136.906492299999968, 34.7824781 ] } },
{ "type": "Feature", "properties": { "内容": "ケアシス訪問介護ステーション【訪問介護】愛知県知多郡武豊町字長宗２丁目３２番地", "url": "https://www.kaigokensaku.mhlw.go.jp/23/index.php?action_kouhyou_detail_004_kani=true&JigyosyoCd=2375700750-00&ServiceCd=110&Type=search", "url2": "https://www.macs.or.jp" }, "geometry": { "type": "Point", "coordinates": [ 136.904782100000034, 34.8593412 ] } },
{ "type": "Feature", "properties": { "内容": "ヘルパーステーション石川【訪問介護】知多郡武豊町ヒジリ田21-2", "url": "https://www.kaigokensaku.mhlw.go.jp/23/index.php?action_kouhyou_detail_004_kani=true&JigyosyoCd=2375700479-00&ServiceCd=110&Type=search", "url2": "http://www.japan-net.ne.jp/~isikawa1" }, "geometry": { "type": "Point", "coordinates": [ 136.922024599999986, 34.8568146 ] } },
{ "type": "Feature", "properties": { "内容": "武豊社協ヘルパーステーション【訪問介護】愛知県知多郡武豊町字長尾山２番地", "url": "https://www.kaigokensaku.mhlw.go.jp/23/index.php?action_kouhyou_detail_004_kani=true&JigyosyoCd=2375700347-00&ServiceCd=110&Type=search", "url2": "http://www.taketoyo-shakyo.com" }, "geometry": { "type": "Point", "coordinates": [ 136.914523639811705, 34.851687965630397 ] } },
{ "type": "Feature", "properties": { "内容": "特定非営利活動法人　ゆめじろう【訪問介護】愛知県知多郡武豊町大字冨貴字外面８５番地２", "url": "https://www.kaigokensaku.mhlw.go.jp/23/index.php?action_kouhyou_detail_004_kani=true&JigyosyoCd=2375700834-00&ServiceCd=110&Type=search", "url2": "http.//yumejirou.or.jp" }, "geometry": { "type": "Point", "coordinates": [ 136.91528459999995, 34.8291423 ] } },
{ "type": "Feature", "properties": { "内容": "武豊福寿園ヘルパーセンター【訪問介護】愛知県知多郡武豊町大字東大高字鎮守33-2", "url": "https://www.kaigokensaku.mhlw.go.jp/23/index.php?action_kouhyou_detail_004_kani=true&JigyosyoCd=2375700420-00&ServiceCd=110&Type=search", "url2": "http://www.fukujuen.or.jp" }, "geometry": { "type": "Point", "coordinates": [ 136.905085699999972, 34.8337575 ] } },
{ "type": "Feature", "properties": { "内容": "ヘルパーステーション榊原【訪問介護】愛知県知多郡武豊町冨貴字西側108-5", "url": "https://www.kaigokensaku.mhlw.go.jp/23/index.php?action_kouhyou_detail_004_kani=true&JigyosyoCd=2375700727-00&ServiceCd=110&Type=search", "url2": "http://www.mc-sakakibara.com/" }, "geometry": { "type": "Point", "coordinates": [ 136.906416300000046, 34.8256087 ] } },
{ "type": "Feature", "properties": { "内容": "ヘルパーステーション　アムール知多【訪問介護】愛知県知多郡武豊町梨子ノ木1-27", "url": "https://www.kaigokensaku.mhlw.go.jp/23/index.php?action_kouhyou_detail_004_kani=true&JigyosyoCd=2375701899-00&ServiceCd=110&Type=search", "url2": null }, "geometry": { "type": "Point", "coordinates": [ 136.902630816806067, 34.86886277069712 ] } },
{ "type": "Feature", "properties": { "内容": "ヘルパーステーション　ジェイケア【訪問介護】愛知県知多郡武豊町若宮153", "url": "https://www.kaigokensaku.mhlw.go.jp/23/index.php?action_kouhyou_detail_004_kani=true&JigyosyoCd=2375702442-00&ServiceCd=110&Type=search", "url2": "https://www.jcare-group.com/" }, "geometry": { "type": "Point", "coordinates": [ 136.918743516263106, 34.860699234697485 ] } },
{ "type": "Feature", "properties": { "内容": "訪問介護ステーション　ホープ【訪問介護】愛知県額田郡幸田町大字菱池字菅田５２番地", "url": "https://www.kaigokensaku.mhlw.go.jp/23/index.php?action_kouhyou_detail_004_kani=true&JigyosyoCd=2376000804-00&ServiceCd=110&Type=search", "url2": "https://hopellc-0615.amebaownd.com/" }, "geometry": { "type": "Point", "coordinates": [ 137.1639644, 34.8674496 ] } },
{ "type": "Feature", "properties": { "内容": "幸田町社協訪問介護事業所【訪問介護】愛知県額田郡幸田町大字菱池字錦田82番地4", "url": "https://www.kaigokensaku.mhlw.go.jp/23/index.php?action_kouhyou_detail_004_kani=true&JigyosyoCd=2376000192-00&ServiceCd=110&Type=search", "url2": "http://kotashakyo.jp/" }, "geometry": { "type": "Point", "coordinates": [ 137.164564299999938, 34.8641888 ] } },
{ "type": "Feature", "properties": { "内容": "まどかの郷　訪問介護事業所【訪問介護】愛知県額田郡幸田町大字野場字石荒２３番地", "url": "https://www.kaigokensaku.mhlw.go.jp/23/index.php?action_kouhyou_detail_004_kani=true&JigyosyoCd=2376000168-00&ServiceCd=110&Type=search", "url2": "https://www.wakyokai.or.jp/care/madokanosato/" }, "geometry": { "type": "Point", "coordinates": [ 137.152195226089475, 34.863798972418081 ] } },
{ "type": "Feature", "properties": { "内容": "訪問介護事業所　幸田の家【訪問介護】愛知県額田郡幸田町大字坂崎字丸池６５番地幸田の家", "url": "https://www.kaigokensaku.mhlw.go.jp/23/index.php?action_kouhyou_detail_004_kani=true&JigyosyoCd=2376000598-00&ServiceCd=110&Type=search", "url2": "http://www.kota-u.jp/" }, "geometry": { "type": "Point", "coordinates": [ 137.16723534565665, 34.901414806190566 ] } },
{ "type": "Feature", "properties": { "内容": "訪問介護きずな【訪問介護】愛知県額田郡幸田町菱池荒田85", "url": "https://www.kaigokensaku.mhlw.go.jp/23/index.php?action_kouhyou_detail_004_kani=true&JigyosyoCd=2376000853-00&ServiceCd=110&Type=search", "url2": null }, "geometry": { "type": "Point", "coordinates": [ 137.165974347359338, 34.863074089979634 ] } },
{ "type": "Feature", "properties": { "内容": "しおんケアステーション【訪問介護】愛知県額田郡幸田町横落郷前82-1グランシャリオ幸田501", "url": "https://www.kaigokensaku.mhlw.go.jp/23/index.php?action_kouhyou_detail_004_kani=true&JigyosyoCd=2376000861-00&ServiceCd=110&Type=search", "url2": null }, "geometry": { "type": "Point", "coordinates": [ 137.1729453, 34.8645705 ] } },
{ "type": "Feature", "properties": { "内容": "みらい訪問介護ステーション幸田【訪問介護】愛知県額田郡幸田町大字大草字稲葉74番地", "url": "https://www.kaigokensaku.mhlw.go.jp/23/index.php?action_kouhyou_detail_004_kani=true&JigyosyoCd=2376000887-00&ServiceCd=110&Type=search", "url2": "https://mirainosato-kota.com/" }, "geometry": { "type": "Point", "coordinates": [ 137.171395748680425, 34.882661791578869 ] } },
{ "type": "Feature", "properties": { "内容": "訪問介護ステーションよいかん幸田【訪問介護】愛知県額田郡幸田町大字相見字新田内58番地", "url": "https://www.kaigokensaku.mhlw.go.jp/23/index.php?action_kouhyou_detail_004_kani=true&JigyosyoCd=2376000689-00&ServiceCd=110&Type=search", "url2": "https://bond-ym.co.jp" }, "geometry": { "type": "Point", "coordinates": [ 137.159675200000038, 34.8854993 ] } },
{ "type": "Feature", "properties": { "内容": "設楽町社会福祉協議会　　　訪問介護サービス【訪問介護】愛知県北設楽郡設楽町田口字向木屋４番地", "url": "https://www.kaigokensaku.mhlw.go.jp/23/index.php?action_kouhyou_detail_004_kani=true&JigyosyoCd=2376300089-00&ServiceCd=110&Type=search", "url2": "http://" }, "geometry": { "type": "Point", "coordinates": [ 137.5724308, 35.0960913 ] } },
{ "type": "Feature", "properties": { "内容": "東栄町社会福祉協議会　訪問介護事業所【訪問介護】愛知県北設楽郡東栄町大字本郷字大沼1番地１", "url": "https://www.kaigokensaku.mhlw.go.jp/23/index.php?action_kouhyou_detail_004_kani=true&JigyosyoCd=2386300038-00&ServiceCd=110&Type=search", "url2": "http://toei-shakyo.com" }, "geometry": { "type": "Point", "coordinates": [ 137.7063645, 35.0735448 ] } },
{ "type": "Feature", "properties": { "内容": "とよね訪問介護事業所【訪問介護】愛知県北設楽郡豊根村字長野田29", "url": "https://www.kaigokensaku.mhlw.go.jp/23/index.php?action_kouhyou_detail_004_kani=true&JigyosyoCd=2386300046-00&ServiceCd=110&Type=search", "url2": null }, "geometry": { "type": "Point", "coordinates": [ 137.6983047, 35.1429559 ] } }
]
}
