{
"type": "FeatureCollection",
"name": "geo_23_福祉用具貸与",
"crs": { "type": "name", "properties": { "name": "urn:ogc:def:crs:OGC:1.3:CRS84" } },
"features": [
{ "type": "Feature", "properties": { "内容": "有限会社モリハシ電器ヘルスケアー部【福祉用具貸与】名古屋市千種区宮根台一丁目6番6号", "url": "https://www.kaigokensaku.mhlw.go.jp/23/index.php?action_kouhyou_detail_004_kani=true&JigyosyoCd=2370100477-00&ServiceCd=170&Type=search", "url2": null }, "geometry": { "type": "Point", "coordinates": [ 136.9790696, 35.187351 ] } },
{ "type": "Feature", "properties": { "内容": "フランスベッド株式会社　メディカル名古屋営業所【福祉用具貸与】愛知県名古屋市千種区千種通５丁目８番地", "url": "https://www.kaigokensaku.mhlw.go.jp/23/index.php?action_kouhyou_detail_004_kani=true&JigyosyoCd=2370101772-00&ServiceCd=170&Type=search", "url2": "http://www.francebed.co.jp" }, "geometry": { "type": "Point", "coordinates": [ 136.935952744041373, 35.161507842917075 ] } },
{ "type": "Feature", "properties": { "内容": "株式会社美濃庄　名古屋営業所【福祉用具貸与】愛知県名古屋市千種区千代田橋二丁目６番１６号", "url": "https://www.kaigokensaku.mhlw.go.jp/23/index.php?action_kouhyou_detail_004_kani=true&JigyosyoCd=2370102747-00&ServiceCd=170&Type=search", "url2": "https://minosho.com" }, "geometry": { "type": "Point", "coordinates": [ 136.970896529534571, 35.188490273191128 ] } },
{ "type": "Feature", "properties": { "内容": "大久手メディカルサービス株式会社　福祉用具部門【福祉用具貸与】愛知県名古屋市千種区大久手町5-16-1　江端ハイツ2Ｆ吉田ビル１階", "url": "https://www.kaigokensaku.mhlw.go.jp/23/index.php?action_kouhyou_detail_004_kani=true&JigyosyoCd=2370101426-00&ServiceCd=170&Type=search", "url2": "http://www.yoshidahp.jp/" }, "geometry": { "type": "Point", "coordinates": [ 136.93716487203119, 35.161167941009445 ] } },
{ "type": "Feature", "properties": { "内容": "あかね福祉サービス【福祉用具貸与】名古屋市千種区山門町2-69フルライフ覚王山", "url": "https://www.kaigokensaku.mhlw.go.jp/23/index.php?action_kouhyou_detail_004_kani=true&JigyosyoCd=2370101244-00&ServiceCd=170&Type=search", "url2": "http://www.akane-fukushi.com/" }, "geometry": { "type": "Point", "coordinates": [ 136.9530571, 35.166997764625734 ] } },
{ "type": "Feature", "properties": { "内容": "株式会社ヤマシタ千種営業所【福祉用具貸与】愛知県名古屋市千種区池園町2丁目4番地１グレイス池園B1号室", "url": "https://www.kaigokensaku.mhlw.go.jp/23/index.php?action_kouhyou_detail_004_kani=true&JigyosyoCd=2370102978-00&ServiceCd=170&Type=search", "url2": "http://www.ycota.jp/" }, "geometry": { "type": "Point", "coordinates": [ 136.964404599999966, 35.1596045 ] } },
{ "type": "Feature", "properties": { "内容": "日本シニアライフ　西日本　福祉用具センター【福祉用具貸与】愛知県名古屋市千種区池下1丁目6番20号チサンマンション池下401号", "url": "https://www.kaigokensaku.mhlw.go.jp/23/index.php?action_kouhyou_detail_004_kani=true&JigyosyoCd=2370103745-00&ServiceCd=170&Type=search", "url2": null }, "geometry": { "type": "Point", "coordinates": [ 136.9382837, 35.1684129 ] } },
{ "type": "Feature", "properties": { "内容": "ピース【福祉用具貸与】名古屋市東区葵1丁目15番18号", "url": "https://www.kaigokensaku.mhlw.go.jp/23/index.php?action_kouhyou_detail_004_kani=true&JigyosyoCd=2370200889-00&ServiceCd=170&Type=search", "url2": null }, "geometry": { "type": "Point", "coordinates": [ 136.922757485739879, 35.17106894677179 ] } },
{ "type": "Feature", "properties": { "内容": "ハートフルショップエイド【福祉用具貸与】名古屋市東区飯田町51番地", "url": "https://www.kaigokensaku.mhlw.go.jp/23/index.php?action_kouhyou_detail_004_kani=true&JigyosyoCd=2370200715-00&ServiceCd=170&Type=search", "url2": "http://www.pomgs.co.jp/heartful/index.html" }, "geometry": { "type": "Point", "coordinates": [ 136.919841099999985, 35.1793167 ] } },
{ "type": "Feature", "properties": { "内容": "労働者協同組合　労協センター事業団　なごや【福祉用具貸与】愛知県名古屋市東区筒井二丁目10番38号クルマミチdkcビルディング4階", "url": "https://www.kaigokensaku.mhlw.go.jp/23/index.php?action_kouhyou_detail_004_kani=true&JigyosyoCd=2370201507-00&ServiceCd=170&Type=search", "url2": "https://nagoya.roukyou.gr.jp/" }, "geometry": { "type": "Point", "coordinates": [ 136.926672549320983, 35.174152447138084 ] } },
{ "type": "Feature", "properties": { "内容": "日陶科学株式会社　ニットー介護福祉ショップ【福祉用具貸与】愛知県名古屋市東区徳川二丁目１８番３号日陶科学株式会社", "url": "https://www.kaigokensaku.mhlw.go.jp/23/index.php?action_kouhyou_detail_004_kani=true&JigyosyoCd=2370201143-00&ServiceCd=170&Type=search", "url2": "https://www.nittokagaku.com/" }, "geometry": { "type": "Point", "coordinates": [ 136.9283676, 35.1874687 ] } },
{ "type": "Feature", "properties": { "内容": "株式会社せがわ住機名古屋中央店【福祉用具貸与】名古屋市東区筒井2-7-3", "url": "https://www.kaigokensaku.mhlw.go.jp/23/index.php?action_kouhyou_detail_004_kani=true&JigyosyoCd=2370201044-00&ServiceCd=170&Type=search", "url2": "http://www/segawajuuki.jp" }, "geometry": { "type": "Point", "coordinates": [ 136.927173900000071, 35.1756869 ] } },
{ "type": "Feature", "properties": { "内容": "杉乃や【福祉用具貸与】主税町２丁目３番地法務総合ビル２０２", "url": "https://www.kaigokensaku.mhlw.go.jp/23/index.php?action_kouhyou_detail_004_kani=true&JigyosyoCd=2370201580-00&ServiceCd=170&Type=search", "url2": "https://futec-hd.net/" }, "geometry": { "type": "Point", "coordinates": [ 136.9114614, 35.1809828 ] } },
{ "type": "Feature", "properties": { "内容": "フロンティア福祉用具サービス【福祉用具貸与】泉1-19-8　フロンティアビル", "url": "https://www.kaigokensaku.mhlw.go.jp/23/index.php?action_kouhyou_detail_004_kani=true&JigyosyoCd=2370201002-00&ServiceCd=170&Type=search", "url2": "http://www.frontier-coltd.co.jp" }, "geometry": { "type": "Point", "coordinates": [ 136.913822637464932, 35.175988554677247 ] } },
{ "type": "Feature", "properties": { "内容": "親和電機株式会社ウェルネス営業推進グループ【福祉用具貸与】名古屋市北区山田１丁目６番１号", "url": "https://www.kaigokensaku.mhlw.go.jp/23/index.php?action_kouhyou_detail_004_kani=true&JigyosyoCd=2370301257-00&ServiceCd=170&Type=search", "url2": "http://www.shinwa-d.co.jp" }, "geometry": { "type": "Point", "coordinates": [ 136.936661400000048, 35.1934156 ] } },
{ "type": "Feature", "properties": { "内容": "福祉用具オアシス【福祉用具貸与】愛知県名古屋市北区中切町五丁目１７番地", "url": "https://www.kaigokensaku.mhlw.go.jp/23/index.php?action_kouhyou_detail_004_kani=true&JigyosyoCd=2370302008-00&ServiceCd=170&Type=search", "url2": "http://www.iryou-ks.com" }, "geometry": { "type": "Point", "coordinates": [ 136.909913299999971, 35.2175144 ] } },
{ "type": "Feature", "properties": { "内容": "福祉用具専門店　色箱【福祉用具貸与】大杉三丁目６－８", "url": "https://www.kaigokensaku.mhlw.go.jp/23/index.php?action_kouhyou_detail_004_kani=true&JigyosyoCd=2370303949-00&ServiceCd=170&Type=search", "url2": null }, "geometry": { "type": "Point", "coordinates": [ 136.916101996597035, 35.190157314484175 ] } },
{ "type": "Feature", "properties": { "内容": "有限会社エステック【福祉用具貸与】愛知県名古屋市北区会所町７６番１", "url": "https://www.kaigokensaku.mhlw.go.jp/23/index.php?action_kouhyou_detail_004_kani=true&JigyosyoCd=2370302354-00&ServiceCd=170&Type=search", "url2": null }, "geometry": { "type": "Point", "coordinates": [ 136.908554099999947, 35.2400367 ] } },
{ "type": "Feature", "properties": { "内容": "株式会社馬場器械店【福祉用具貸与】愛知県名古屋市北区東味鋺一丁目７２２番地", "url": "https://www.kaigokensaku.mhlw.go.jp/23/index.php?action_kouhyou_detail_004_kani=true&JigyosyoCd=2370305316-00&ServiceCd=170&Type=search", "url2": "http://www.babakikai.jp" }, "geometry": { "type": "Point", "coordinates": [ 136.9338664, 35.2191783 ] } },
{ "type": "Feature", "properties": { "内容": "ＳＯＭＰＯケア　中部　福祉用具【福祉用具貸与】愛知県名古屋市北区志賀南通1-20セノーテ黒川駅前ビル2階", "url": "https://www.kaigokensaku.mhlw.go.jp/23/index.php?action_kouhyou_detail_004_kani=true&JigyosyoCd=2370305027-00&ServiceCd=170&Type=search", "url2": "https://www.sompocare.com/service/zaitaku/fukushiyougu/Z000798" }, "geometry": { "type": "Point", "coordinates": [ 136.9112987, 35.1973927 ] } },
{ "type": "Feature", "properties": { "内容": "福祉用具レンタルひだまり【福祉用具貸与】上飯田南町2丁目8-2", "url": "https://www.kaigokensaku.mhlw.go.jp/23/index.php?action_kouhyou_detail_004_kani=true&JigyosyoCd=2370302131-00&ServiceCd=170&Type=search", "url2": "https://www.care-heights.com/rental/" }, "geometry": { "type": "Point", "coordinates": [ 136.932127574161058, 35.201376846728131 ] } },
{ "type": "Feature", "properties": { "内容": "ササキ株式会社　福祉事業部　名古屋営業所【福祉用具貸与】愛知県名古屋市北区清水5-6-9ササキ名古屋ビル1F", "url": "https://www.kaigokensaku.mhlw.go.jp/23/index.php?action_kouhyou_detail_004_kani=true&JigyosyoCd=2370304699-00&ServiceCd=170&Type=search", "url2": "https://www.sasaki-kk.co.jp/" }, "geometry": { "type": "Point", "coordinates": [ 136.9130744, 35.1938458 ] } },
{ "type": "Feature", "properties": { "内容": "陽だまりの家福祉用具貸与事業所【福祉用具貸与】愛知県名古屋市北区八代町2-60エスポワール名城1F", "url": "https://www.kaigokensaku.mhlw.go.jp/23/index.php?action_kouhyou_detail_004_kani=true&JigyosyoCd=2370300168-00&ServiceCd=170&Type=search", "url2": "http://" }, "geometry": { "type": "Point", "coordinates": [ 136.91074709999998, 35.2027272 ] } },
{ "type": "Feature", "properties": { "内容": "株式会社エムワークス【福祉用具貸与】愛知県名古屋市北区御成通四丁目３２番地", "url": "https://www.kaigokensaku.mhlw.go.jp/23/index.php?action_kouhyou_detail_004_kani=true&JigyosyoCd=2370302172-00&ServiceCd=170&Type=search", "url2": null }, "geometry": { "type": "Point", "coordinates": [ 136.929886799999963, 35.201781 ] } },
{ "type": "Feature", "properties": { "内容": "株式会社ナイスワーク　名古屋北営業所【福祉用具貸与】愛知県名古屋市北区楠二丁目331番地", "url": "https://www.kaigokensaku.mhlw.go.jp/23/index.php?action_kouhyou_detail_004_kani=true&JigyosyoCd=2370303923-00&ServiceCd=170&Type=search", "url2": "http://www.nicework.co.jp" }, "geometry": { "type": "Point", "coordinates": [ 136.9207063, 35.2262916 ] } },
{ "type": "Feature", "properties": { "内容": "株式会社　ニシワキ【福祉用具貸与】愛知県名古屋市北区水草町一丁目68番地", "url": "https://www.kaigokensaku.mhlw.go.jp/23/index.php?action_kouhyou_detail_004_kani=true&JigyosyoCd=2370302057-00&ServiceCd=170&Type=search", "url2": "https://www.nisiwaki.jp/" }, "geometry": { "type": "Point", "coordinates": [ 136.907161299999984, 35.2073626 ] } },
{ "type": "Feature", "properties": { "内容": "Ｕｐ　Ｌｉｆｅ　福祉用具貸与事業所【福祉用具貸与】愛知県名古屋市北区楠1丁目806番地ロックガーデン北棟502号", "url": "https://www.kaigokensaku.mhlw.go.jp/23/index.php?action_kouhyou_detail_004_kani=true&JigyosyoCd=2370301976-00&ServiceCd=170&Type=search", "url2": null }, "geometry": { "type": "Point", "coordinates": [ 136.915500458903068, 35.226342136727808 ] } },
{ "type": "Feature", "properties": { "内容": "シンセイライフ【福祉用具貸与】愛知県名古屋市北区喜惣治１丁目２９６番地の１エトワールシャトー２０１", "url": "https://www.kaigokensaku.mhlw.go.jp/23/index.php?action_kouhyou_detail_004_kani=true&JigyosyoCd=2370300689-00&ServiceCd=170&Type=search", "url2": "http://" }, "geometry": { "type": "Point", "coordinates": [ 136.90570662084221, 35.233940114701952 ] } },
{ "type": "Feature", "properties": { "内容": "イーケアスマイル【福祉用具貸与】愛知県名古屋市北区楠味鋺二丁目407番地シャルム北館102号室", "url": "https://www.kaigokensaku.mhlw.go.jp/23/index.php?action_kouhyou_detail_004_kani=true&JigyosyoCd=2370304707-00&ServiceCd=170&Type=search", "url2": "https://www.ecare-smile.com/" }, "geometry": { "type": "Point", "coordinates": [ 136.9256162634303, 35.219873526916565 ] } },
{ "type": "Feature", "properties": { "内容": "ハートランド福祉用具貸与事業所【福祉用具貸与】愛知県名古屋市北区成願寺２丁目４番３３号", "url": "https://www.kaigokensaku.mhlw.go.jp/23/index.php?action_kouhyou_detail_004_kani=true&JigyosyoCd=2370301083-00&ServiceCd=170&Type=search", "url2": "http://" }, "geometry": { "type": "Point", "coordinates": [ 136.9148851, 35.2147594 ] } },
{ "type": "Feature", "properties": { "内容": "株式会社　アインクサービス【福祉用具貸与】愛知県名古屋市北区西味鋺一丁目815番地の3", "url": "https://www.kaigokensaku.mhlw.go.jp/23/index.php?action_kouhyou_detail_004_kani=true&JigyosyoCd=2370302230-00&ServiceCd=170&Type=search", "url2": "https://www.aink.jp" }, "geometry": { "type": "Point", "coordinates": [ 136.914044574464953, 35.221636047359446 ] } },
{ "type": "Feature", "properties": { "内容": "株式会社フロンティア名古屋営業所【福祉用具貸与】愛知県名古屋市北区大杉町4-62大陶ビル1階", "url": "https://www.kaigokensaku.mhlw.go.jp/23/index.php?action_kouhyou_detail_004_kani=true&JigyosyoCd=2370302891-00&ServiceCd=170&Type=search", "url2": "http://www.frontier-ph.com/homecare/company/summary.html" }, "geometry": { "type": "Point", "coordinates": [ 136.919638541139193, 35.190890952093021 ] } },
{ "type": "Feature", "properties": { "内容": "Thankful【福祉用具貸与】愛知県名古屋市北区黒川本通一丁目28番地1マックス黒川ビル3階", "url": "https://www.kaigokensaku.mhlw.go.jp/23/index.php?action_kouhyou_detail_004_kani=true&JigyosyoCd=2370305357-00&ServiceCd=170&Type=search", "url2": "https://thank-care.jp/thankful/" }, "geometry": { "type": "Point", "coordinates": [ 136.9126349, 35.1965346 ] } },
{ "type": "Feature", "properties": { "内容": "パナソニックエイジフリーショップ大曽根西【福祉用具貸与】愛知県名古屋市北区彩紅橋通2丁目1-1谷口第2ビル1階", "url": "https://www.kaigokensaku.mhlw.go.jp/23/index.php?action_kouhyou_detail_004_kani=true&JigyosyoCd=2370303931-00&ServiceCd=170&Type=search", "url2": "http://sumai.panasonic.jp/agefree/shop/search/shop_detail.php?shop=937" }, "geometry": { "type": "Point", "coordinates": [ 136.929537, 35.19423470000001 ] } },
{ "type": "Feature", "properties": { "内容": "株式会社ヤマシタ名古屋北営業所【福祉用具貸与】愛知県名古屋市北区黒川本通2丁目17番地黒川ガスプラザ2階", "url": "https://www.kaigokensaku.mhlw.go.jp/23/index.php?action_kouhyou_detail_004_kani=true&JigyosyoCd=2370305183-00&ServiceCd=170&Type=search", "url2": "https://www.ycota.jp/area/109831" }, "geometry": { "type": "Point", "coordinates": [ 136.9115093, 35.1979424 ] } },
{ "type": "Feature", "properties": { "内容": "株式会社トーカイ　名古屋支店【福祉用具貸与】愛知県名古屋市北区五反田町７８番地", "url": "https://www.kaigokensaku.mhlw.go.jp/23/index.php?action_kouhyou_detail_004_kani=true&JigyosyoCd=2370300119-00&ServiceCd=170&Type=search", "url2": "https://www.tokai-corp.com" }, "geometry": { "type": "Point", "coordinates": [ 136.911429399999946, 35.2282938 ] } },
{ "type": "Feature", "properties": { "内容": "アミエ株式会社【福祉用具貸与】愛知県名古屋市西区上名古屋三丁目７番２５号", "url": "https://www.kaigokensaku.mhlw.go.jp/23/index.php?action_kouhyou_detail_004_kani=true&JigyosyoCd=2370403608-00&ServiceCd=170&Type=search", "url2": "http://www.amie-co.jp" }, "geometry": { "type": "Point", "coordinates": [ 136.8920475, 35.1945891 ] } },
{ "type": "Feature", "properties": { "内容": "ファブライフ【福祉用具貸与】名西二丁目26-21レクサス102", "url": "https://www.kaigokensaku.mhlw.go.jp/23/index.php?action_kouhyou_detail_004_kani=true&JigyosyoCd=2370403871-00&ServiceCd=170&Type=search", "url2": null }, "geometry": { "type": "Point", "coordinates": [ 136.8823583, 35.1916755 ] } },
{ "type": "Feature", "properties": { "内容": "一般社団法人スズラン【福祉用具貸与】愛知県名古屋市西区大野木5丁目72番地コーポ南陽亜Åｰ1", "url": "https://www.kaigokensaku.mhlw.go.jp/23/index.php?action_kouhyou_detail_004_kani=true&JigyosyoCd=2370403491-00&ServiceCd=170&Type=search", "url2": null }, "geometry": { "type": "Point", "coordinates": [ 136.89858430000001, 35.2228479 ] } },
{ "type": "Feature", "properties": { "内容": "レンタルショップカイドウ【福祉用具貸与】愛知県名古屋市西区庄内通五丁目31セジュールＩＮＯＵ101号室", "url": "https://www.kaigokensaku.mhlw.go.jp/23/index.php?action_kouhyou_detail_004_kani=true&JigyosyoCd=2370401917-00&ServiceCd=170&Type=search", "url2": null }, "geometry": { "type": "Point", "coordinates": [ 136.8909903, 35.208455500000014 ] } },
{ "type": "Feature", "properties": { "内容": "株式会社ケア名古屋営業所【福祉用具貸与】愛知県名古屋市西区中小田井3丁目99番地の1", "url": "https://www.kaigokensaku.mhlw.go.jp/23/index.php?action_kouhyou_detail_004_kani=true&JigyosyoCd=2370400505-00&ServiceCd=170&Type=search", "url2": "http://www.care-kaigo.co.jp" }, "geometry": { "type": "Point", "coordinates": [ 136.866001752362081, 35.213519142681022 ] } },
{ "type": "Feature", "properties": { "内容": "株式会社マエダ【福祉用具貸与】愛知県名古屋市西区天塚町2丁目20番地富士マンション103", "url": "https://www.kaigokensaku.mhlw.go.jp/23/index.php?action_kouhyou_detail_004_kani=true&JigyosyoCd=2370402667-00&ServiceCd=170&Type=search", "url2": "http;//www.maeda-reform.com/" }, "geometry": { "type": "Point", "coordinates": [ 136.89554279999993, 35.1996979 ] } },
{ "type": "Feature", "properties": { "内容": "レンタル介心【福祉用具貸与】愛知県名古屋市西区稲生町字杁先2200-10", "url": "https://www.kaigokensaku.mhlw.go.jp/23/index.php?action_kouhyou_detail_004_kani=true&JigyosyoCd=2370403236-00&ServiceCd=170&Type=search", "url2": "http://hp.kaipoke.biz/dd0/" }, "geometry": { "type": "Point", "coordinates": [ 136.895978600000035, 35.2103914 ] } },
{ "type": "Feature", "properties": { "内容": "ナカ福祉用具レンタル【福祉用具貸与】愛知県名古屋市西区平出町28番地", "url": "https://www.kaigokensaku.mhlw.go.jp/23/index.php?action_kouhyou_detail_004_kani=true&JigyosyoCd=2370403145-00&ServiceCd=170&Type=search", "url2": null }, "geometry": { "type": "Point", "coordinates": [ 136.871772400000026, 35.2271287 ] } },
{ "type": "Feature", "properties": { "内容": "福祉用具レンタルたなか【福祉用具貸与】愛知県名古屋市西区児玉2丁目21番9号", "url": "https://www.kaigokensaku.mhlw.go.jp/23/index.php?action_kouhyou_detail_004_kani=true&JigyosyoCd=2370403012-00&ServiceCd=170&Type=search", "url2": null }, "geometry": { "type": "Point", "coordinates": [ 136.884022400000049, 35.1963322 ] } },
{ "type": "Feature", "properties": { "内容": "ジェイコーポレーション福祉用具貸与事業所【福祉用具貸与】名古屋市西区上小田井２丁目１７３番地", "url": "https://www.kaigokensaku.mhlw.go.jp/23/index.php?action_kouhyou_detail_004_kani=true&JigyosyoCd=2370401289-00&ServiceCd=170&Type=search", "url2": "http:/www.j-corp.jp/" }, "geometry": { "type": "Point", "coordinates": [ 136.878086100000019, 35.2183074 ] } },
{ "type": "Feature", "properties": { "内容": "セントケアりまいん栄生【福祉用具貸与】愛知県名古屋市西区栄生1-35-20川津ビル栄生8階803号", "url": "https://www.kaigokensaku.mhlw.go.jp/23/index.php?action_kouhyou_detail_004_kani=true&JigyosyoCd=2370403798-00&ServiceCd=170&Type=search", "url2": "http://www.saint-care.com/center/4661/" }, "geometry": { "type": "Point", "coordinates": [ 136.874233299999986, 35.1835513 ] } },
{ "type": "Feature", "properties": { "内容": "だいきちケアサービス【福祉用具貸与】愛知県名古屋市西区中小田井二丁目１４４番地の３キャステールＵ　１０２号室", "url": "https://www.kaigokensaku.mhlw.go.jp/23/index.php?action_kouhyou_detail_004_kani=true&JigyosyoCd=2370403517-00&ServiceCd=170&Type=search", "url2": "http://www.nippuku.co.jp/" }, "geometry": { "type": "Point", "coordinates": [ 136.8710193, 35.2120056 ] } },
{ "type": "Feature", "properties": { "内容": "エイドサービス福祉用具貸与事業所【福祉用具貸与】愛知県名古屋市西区西原町１４４番地", "url": "https://www.kaigokensaku.mhlw.go.jp/23/index.php?action_kouhyou_detail_004_kani=true&JigyosyoCd=2370401610-00&ServiceCd=170&Type=search", "url2": null }, "geometry": { "type": "Point", "coordinates": [ 136.861381899999969, 35.2278283 ] } },
{ "type": "Feature", "properties": { "内容": "株式会社　ウイールケアー【福祉用具貸与】愛知県名古屋市西区山木1丁目37番地", "url": "https://www.kaigokensaku.mhlw.go.jp/23/index.php?action_kouhyou_detail_004_kani=true&JigyosyoCd=2370400281-00&ServiceCd=170&Type=search", "url2": "http://" }, "geometry": { "type": "Point", "coordinates": [ 136.86865295380062, 35.221716424600935 ] } },
{ "type": "Feature", "properties": { "内容": "クリエーティブカミヤ㈱名古屋支店【福祉用具貸与】枇杷島5-21-28西WELL'S21Ⅰ号室", "url": "https://www.kaigokensaku.mhlw.go.jp/23/index.php?action_kouhyou_detail_004_kani=true&JigyosyoCd=2370404101-00&ServiceCd=170&Type=search", "url2": null }, "geometry": { "type": "Point", "coordinates": [ 136.8761082, 35.1962465 ] } },
{ "type": "Feature", "properties": { "内容": "アシストケアワカミヤ　名古屋営業所【福祉用具貸与】愛知県名古屋市西区花原町56-2", "url": "https://www.kaigokensaku.mhlw.go.jp/23/index.php?action_kouhyou_detail_004_kani=true&JigyosyoCd=2370403186-00&ServiceCd=170&Type=search", "url2": null }, "geometry": { "type": "Point", "coordinates": [ 136.89180650000003, 35.2252767 ] } },
{ "type": "Feature", "properties": { "内容": "ハートフルケアショップ　名古屋第一赤十字病院店【福祉用具貸与】愛知県名古屋市中村区道下町3-35西棟Ｂ1", "url": "https://www.kaigokensaku.mhlw.go.jp/23/index.php?action_kouhyou_detail_004_kani=true&JigyosyoCd=2370501831-00&ServiceCd=170&Type=search", "url2": null }, "geometry": { "type": "Point", "coordinates": [ 136.8620244, 35.1716603 ] } },
{ "type": "Feature", "properties": { "内容": "なごやケアフル【福祉用具貸与】愛知県名古屋市中村区上ノ宮町二丁目３１番地", "url": "https://www.kaigokensaku.mhlw.go.jp/23/index.php?action_kouhyou_detail_004_kani=true&JigyosyoCd=2370501609-00&ServiceCd=170&Type=search", "url2": "http://sincerely‐0501.com/" }, "geometry": { "type": "Point", "coordinates": [ 136.863793699999974, 35.1756486 ] } },
{ "type": "Feature", "properties": { "内容": "サンピュア【福祉用具貸与】愛知県名古屋市中村区高道町３丁目２番1", "url": "https://www.kaigokensaku.mhlw.go.jp/23/index.php?action_kouhyou_detail_004_kani=true&JigyosyoCd=2370501443-00&ServiceCd=170&Type=search", "url2": null }, "geometry": { "type": "Point", "coordinates": [ 136.863421499999959, 35.1834863 ] } },
{ "type": "Feature", "properties": { "内容": "ウェルフェア＆【福祉用具貸与】名駅四丁目3番10号東海ビル5階", "url": "https://www.kaigokensaku.mhlw.go.jp/23/index.php?action_kouhyou_detail_004_kani=true&JigyosyoCd=2370503795-00&ServiceCd=170&Type=search", "url2": "http://www.panpic.jp" }, "geometry": { "type": "Point", "coordinates": [ 136.8874204, 35.1708848 ] } },
{ "type": "Feature", "properties": { "内容": "ケアサポート中日【福祉用具貸与】大秋町1-14", "url": "https://www.kaigokensaku.mhlw.go.jp/23/index.php?action_kouhyou_detail_004_kani=true&JigyosyoCd=2370503258-00&ServiceCd=170&Type=search", "url2": null }, "geometry": { "type": "Point", "coordinates": [ 136.867662800000062, 35.1760237 ] } },
{ "type": "Feature", "properties": { "内容": "福祉用具貸与販売プラス【福祉用具貸与】愛知県名古屋市中村区若宮町1-32", "url": "https://www.kaigokensaku.mhlw.go.jp/23/index.php?action_kouhyou_detail_004_kani=true&JigyosyoCd=2370503381-00&ServiceCd=170&Type=search", "url2": "www.mothers-planet.com" }, "geometry": { "type": "Point", "coordinates": [ 136.869310530567674, 35.169458497431087 ] } },
{ "type": "Feature", "properties": { "内容": "福祉サポート　中村営業所【福祉用具貸与】愛知県名古屋市中村区岩上町93番地岩上町93GIMUCO　B", "url": "https://www.kaigokensaku.mhlw.go.jp/23/index.php?action_kouhyou_detail_004_kani=true&JigyosyoCd=2370504017-00&ServiceCd=170&Type=search", "url2": "http://www.fukushi-support.co.jp/" }, "geometry": { "type": "Point", "coordinates": [ 136.8389077, 35.1627379 ] } },
{ "type": "Feature", "properties": { "内容": "ビックママ【福祉用具貸与】愛知県名古屋市中村区大秋町２丁目３５番地　１階", "url": "https://www.kaigokensaku.mhlw.go.jp/23/index.php?action_kouhyou_detail_004_kani=true&JigyosyoCd=2370500171-00&ServiceCd=170&Type=search", "url2": "http://www.touyoucare.co.jp" }, "geometry": { "type": "Point", "coordinates": [ 136.866134588221712, 35.174820845131826 ] } },
{ "type": "Feature", "properties": { "内容": "アントレッド【福祉用具貸与】剣町146番地", "url": "https://www.kaigokensaku.mhlw.go.jp/23/index.php?action_kouhyou_detail_004_kani=true&JigyosyoCd=2370504116-00&ServiceCd=170&Type=search", "url2": "https://nozomi-group.co.jp/index.html" }, "geometry": { "type": "Point", "coordinates": [ 136.846595799999989, 35.159856 ] } },
{ "type": "Feature", "properties": { "内容": "介護ショップ丸八【福祉用具貸与】名古屋市中村区西米野町1丁目７６－６", "url": "https://www.kaigokensaku.mhlw.go.jp/23/index.php?action_kouhyou_detail_004_kani=true&JigyosyoCd=2370500429-00&ServiceCd=170&Type=search", "url2": "http://" }, "geometry": { "type": "Point", "coordinates": [ 136.8711432, 35.1663362 ] } },
{ "type": "Feature", "properties": { "内容": "ひなたケアサポート【福祉用具貸与】本陣通五丁目８７番地の１", "url": "https://www.kaigokensaku.mhlw.go.jp/23/index.php?action_kouhyou_detail_004_kani=true&JigyosyoCd=2370502631-00&ServiceCd=170&Type=search", "url2": "https://juju-g.co.jp/" }, "geometry": { "type": "Point", "coordinates": [ 136.851862006745961, 35.177487729204806 ] } },
{ "type": "Feature", "properties": { "内容": "サンアイ福祉用具貸与事業所【福祉用具貸与】愛知県名古屋市中村区烏森町8丁目616番地の1", "url": "https://www.kaigokensaku.mhlw.go.jp/23/index.php?action_kouhyou_detail_004_kani=true&JigyosyoCd=2370501005-00&ServiceCd=170&Type=search", "url2": null }, "geometry": { "type": "Point", "coordinates": [ 136.86165589999996, 35.1530625 ] } },
{ "type": "Feature", "properties": { "内容": "株式会社ウェルサポート【福祉用具貸与】愛知県名古屋市中区丸の内3-16-19", "url": "https://www.kaigokensaku.mhlw.go.jp/23/index.php?action_kouhyou_detail_004_kani=true&JigyosyoCd=2374700397-00&ServiceCd=170&Type=search", "url2": null }, "geometry": { "type": "Point", "coordinates": [ 136.904806600000029, 35.1747389 ] } },
{ "type": "Feature", "properties": { "内容": "株式会社　ジェネラス【福祉用具貸与】愛知県名古屋市中区千代田2-16-28グラシア2号館４階", "url": "https://www.kaigokensaku.mhlw.go.jp/23/index.php?action_kouhyou_detail_004_kani=true&JigyosyoCd=2370600500-00&ServiceCd=170&Type=search", "url2": "http://www.generous.co.jp/" }, "geometry": { "type": "Point", "coordinates": [ 136.91392473647818, 35.156585480424447 ] } },
{ "type": "Feature", "properties": { "内容": "福祉用具のお店　かとれあ【福祉用具貸与】愛知県名古屋市中区大須三丁目１４番５５号ネオハイツ大須１２０５号室", "url": "https://www.kaigokensaku.mhlw.go.jp/23/index.php?action_kouhyou_detail_004_kani=true&JigyosyoCd=2370602720-00&ServiceCd=170&Type=search", "url2": null }, "geometry": { "type": "Point", "coordinates": [ 136.9023214, 35.1607377 ] } },
{ "type": "Feature", "properties": { "内容": "いっきゅう【福祉用具貸与】愛知県名古屋市中区丸の内二丁目7番19号丸の内タナカビル２階", "url": "https://www.kaigokensaku.mhlw.go.jp/23/index.php?action_kouhyou_detail_004_kani=true&JigyosyoCd=2370601243-00&ServiceCd=170&Type=search", "url2": "http://www.quark-int.com/" }, "geometry": { "type": "Point", "coordinates": [ 136.899757949524542, 35.175958652103702 ] } },
{ "type": "Feature", "properties": { "内容": "ヤガミホームヘルスセンター名古屋【福祉用具貸与】愛知県名古屋市中区千代田２－１６－２８", "url": "https://www.kaigokensaku.mhlw.go.jp/23/index.php?action_kouhyou_detail_004_kani=true&JigyosyoCd=2370600195-00&ServiceCd=170&Type=search", "url2": "http://www.yagami.co.jp/YHHC" }, "geometry": { "type": "Point", "coordinates": [ 136.91391729999998, 35.1565668 ] } },
{ "type": "Feature", "properties": { "内容": "メディ.ケア金山【福祉用具貸与】愛知県名古屋市中区大井町3番24号", "url": "https://www.kaigokensaku.mhlw.go.jp/23/index.php?action_kouhyou_detail_004_kani=true&JigyosyoCd=2370600153-00&ServiceCd=170&Type=search", "url2": "http://www.medicare-nagoya.co.jp" }, "geometry": { "type": "Point", "coordinates": [ 136.9050933, 35.1502644 ] } },
{ "type": "Feature", "properties": { "内容": "ぜにた福祉用具販売・貸与名古屋営業所【福祉用具貸与】新栄三丁目20番28号ブランシエール千種4階", "url": "https://www.kaigokensaku.mhlw.go.jp/23/index.php?action_kouhyou_detail_004_kani=true&JigyosyoCd=2370602662-00&ServiceCd=170&Type=search", "url2": "https://zenita.jp/" }, "geometry": { "type": "Point", "coordinates": [ 136.928703, 35.1691431 ] } },
{ "type": "Feature", "properties": { "内容": "アフェクトイージーライフ【福祉用具貸与】丸の内3丁目20-9三晃社ビル3F", "url": "https://www.kaigokensaku.mhlw.go.jp/23/index.php?action_kouhyou_detail_004_kani=true&JigyosyoCd=2370602993-00&ServiceCd=170&Type=search", "url2": null }, "geometry": { "type": "Point", "coordinates": [ 136.9059531, 35.1743656 ] } },
{ "type": "Feature", "properties": { "内容": "たから屋【福祉用具貸与】愛知県名古屋市中区大須３－１９－１", "url": "https://www.kaigokensaku.mhlw.go.jp/23/index.php?action_kouhyou_detail_004_kani=true&JigyosyoCd=2370601888-00&ServiceCd=170&Type=search", "url2": null }, "geometry": { "type": "Point", "coordinates": [ 136.904781899999989, 35.160202 ] } },
{ "type": "Feature", "properties": { "内容": "介護福祉総合センター【福祉用具貸与】愛知県名古屋市中区伊勢山二丁目５番１０号中埜金山ビル１階", "url": "https://www.kaigokensaku.mhlw.go.jp/23/index.php?action_kouhyou_detail_004_kani=true&JigyosyoCd=2370601110-00&ServiceCd=170&Type=search", "url2": "https://www.anan-kaigo.co.jp/" }, "geometry": { "type": "Point", "coordinates": [ 136.903197500000033, 35.1485981 ] } },
{ "type": "Feature", "properties": { "内容": "株式会社センターコバヤシ　福祉用具事業部【福祉用具貸与】愛知県名古屋市昭和区福江三丁目1番40号", "url": "https://www.kaigokensaku.mhlw.go.jp/23/index.php?action_kouhyou_detail_004_kani=true&JigyosyoCd=2370702173-00&ServiceCd=170&Type=search", "url2": "http://www.senkoba.net/welfare.html" }, "geometry": { "type": "Point", "coordinates": [ 136.91331230000003, 35.1408967 ] } },
{ "type": "Feature", "properties": { "内容": "株式会社ＭＥＤＩＸ【福祉用具貸与】愛知県名古屋市昭和区山手通一丁目17-1", "url": "https://www.kaigokensaku.mhlw.go.jp/23/index.php?action_kouhyou_detail_004_kani=true&JigyosyoCd=2370702439-00&ServiceCd=170&Type=search", "url2": null }, "geometry": { "type": "Point", "coordinates": [ 136.966155399999934, 35.15251 ] } },
{ "type": "Feature", "properties": { "内容": "ダスキンヘルスレント檀渓ステーション【福祉用具貸与】愛知県名古屋市昭和区檀渓通１－２３", "url": "https://www.kaigokensaku.mhlw.go.jp/23/index.php?action_kouhyou_detail_004_kani=true&JigyosyoCd=2370701845-00&ServiceCd=170&Type=search", "url2": "http://healthrent.duskin.jp/" }, "geometry": { "type": "Point", "coordinates": [ 136.947101273541193, 35.148466716652244 ] } },
{ "type": "Feature", "properties": { "内容": "株式会社　ホーム【福祉用具貸与】名古屋市昭和区東畑町1-56-3", "url": "https://www.kaigokensaku.mhlw.go.jp/23/index.php?action_kouhyou_detail_004_kani=true&JigyosyoCd=2370701423-00&ServiceCd=170&Type=search", "url2": null }, "geometry": { "type": "Point", "coordinates": [ 136.929718900000012, 35.1501406 ] } },
{ "type": "Feature", "properties": { "内容": "福祉用具ひまわり【福祉用具貸与】愛知県名古屋市瑞穂区雁道町5丁目6番池", "url": "https://www.kaigokensaku.mhlw.go.jp/23/index.php?action_kouhyou_detail_004_kani=true&JigyosyoCd=2370801801-00&ServiceCd=170&Type=search", "url2": null }, "geometry": { "type": "Point", "coordinates": [ 136.920872899999949, 35.1341758 ] } },
{ "type": "Feature", "properties": { "内容": "福祉用具ライム【福祉用具貸与】愛知県名古屋市瑞穂区弥富通5-23番地T・コオリナ201号室", "url": "https://www.kaigokensaku.mhlw.go.jp/23/index.php?action_kouhyou_detail_004_kani=true&JigyosyoCd=2370802262-00&ServiceCd=170&Type=search", "url2": null }, "geometry": { "type": "Point", "coordinates": [ 136.9591872, 35.1205448 ] } },
{ "type": "Feature", "properties": { "内容": "ライフアップケアサポート【福祉用具貸与】愛知県名古屋市瑞穂区田辺通3-27サンシャイン田辺通2A", "url": "https://www.kaigokensaku.mhlw.go.jp/23/index.php?action_kouhyou_detail_004_kani=true&JigyosyoCd=2370802379-00&ServiceCd=170&Type=search", "url2": "https://medical-lifeup.jp/" }, "geometry": { "type": "Point", "coordinates": [ 136.945589500000011, 35.1309524 ] } },
{ "type": "Feature", "properties": { "内容": "マイハウス【福祉用具貸与】愛知県名古屋市瑞穂区下坂町一丁目33番地ミヅホビル1階", "url": "https://www.kaigokensaku.mhlw.go.jp/23/index.php?action_kouhyou_detail_004_kani=true&JigyosyoCd=2370800811-00&ServiceCd=170&Type=search", "url2": "http://care-net.biz/23/maihouse/index.php" }, "geometry": { "type": "Point", "coordinates": [ 136.921694800000068, 35.1228394 ] } },
{ "type": "Feature", "properties": { "内容": "有限会社　アイ・ケーサポート【福祉用具貸与】愛知県名古屋市瑞穂区弥富通5丁目48番地", "url": "https://www.kaigokensaku.mhlw.go.jp/23/index.php?action_kouhyou_detail_004_kani=true&JigyosyoCd=2370800407-00&ServiceCd=170&Type=search", "url2": "http://" }, "geometry": { "type": "Point", "coordinates": [ 136.959102423942568, 35.119974449557006 ] } },
{ "type": "Feature", "properties": { "内容": "株式会社　アンプリライブ【福祉用具貸与】愛知県名古屋市瑞穂区瑞穂通1-4LIVE桜山3階", "url": "https://www.kaigokensaku.mhlw.go.jp/23/index.php?action_kouhyou_detail_004_kani=true&JigyosyoCd=2370800969-00&ServiceCd=170&Type=search", "url2": "http://www.amprelive.co.jp/" }, "geometry": { "type": "Point", "coordinates": [ 136.9333392830913, 35.13779606185188 ] } },
{ "type": "Feature", "properties": { "内容": "福祉用具の福助【福祉用具貸与】愛知県名古屋市瑞穂区弥富通５丁目５６", "url": "https://www.kaigokensaku.mhlw.go.jp/23/index.php?action_kouhyou_detail_004_kani=true&JigyosyoCd=2370802676-00&ServiceCd=170&Type=search", "url2": "https://cominghome.jp/group/fukusuke/" }, "geometry": { "type": "Point", "coordinates": [ 136.9575983, 35.1196438 ] } },
{ "type": "Feature", "properties": { "内容": "ケア・ショップにじ【福祉用具貸与】名古屋市熱田区五番町3-6レインボーセンター1階", "url": "https://www.kaigokensaku.mhlw.go.jp/23/index.php?action_kouhyou_detail_004_kani=true&JigyosyoCd=2370900421-00&ServiceCd=170&Type=search", "url2": "http://mis.minato.coop/" }, "geometry": { "type": "Point", "coordinates": [ 136.89055170000006, 35.117751500000033 ] } },
{ "type": "Feature", "properties": { "内容": "株式会社ダイイチ　福祉用具貸与事業所【福祉用具貸与】名古屋市熱田区神戸町1001海蔵", "url": "https://www.kaigokensaku.mhlw.go.jp/23/index.php?action_kouhyou_detail_004_kani=true&JigyosyoCd=2370900413-00&ServiceCd=170&Type=search", "url2": "http://www.wan-wan.co.jp/294" }, "geometry": { "type": "Point", "coordinates": [ 136.9043974, 35.1192434 ] } },
{ "type": "Feature", "properties": { "内容": "コトー福祉用具【福祉用具貸与】愛知県名古屋市熱田区幡野町１８番８号", "url": "https://www.kaigokensaku.mhlw.go.jp/23/index.php?action_kouhyou_detail_004_kani=true&JigyosyoCd=2370901502-00&ServiceCd=170&Type=search", "url2": "http://www.kotoha2007.co.jp/" }, "geometry": { "type": "Point", "coordinates": [ 136.8885646, 35.1374041 ] } },
{ "type": "Feature", "properties": { "内容": "株式会社小山商会名古屋支店【福祉用具貸与】愛知県名古屋市熱田区明野町６番8号", "url": "https://www.kaigokensaku.mhlw.go.jp/23/index.php?action_kouhyou_detail_004_kani=true&JigyosyoCd=2370900082-00&ServiceCd=170&Type=search", "url2": "http://www.c-koyama.co.jp" }, "geometry": { "type": "Point", "coordinates": [ 136.890944900000022, 35.1393846 ] } },
{ "type": "Feature", "properties": { "内容": "中日福祉用具【福祉用具貸与】名古屋市熱田区二番１丁目１１番５号中日グループ会館２Ｆ", "url": "https://www.kaigokensaku.mhlw.go.jp/23/index.php?action_kouhyou_detail_004_kani=true&JigyosyoCd=2370902120-00&ServiceCd=170&Type=search", "url2": null }, "geometry": { "type": "Point", "coordinates": [ 136.895042100000012, 35.1242162 ] } },
{ "type": "Feature", "properties": { "内容": "なかとう【福祉用具貸与】名古屋市熱田区新尾頭一丁目9番43号", "url": "https://www.kaigokensaku.mhlw.go.jp/23/index.php?action_kouhyou_detail_004_kani=true&JigyosyoCd=2370902047-00&ServiceCd=170&Type=search", "url2": null }, "geometry": { "type": "Point", "coordinates": [ 136.8967757, 35.14112410000002 ] } },
{ "type": "Feature", "properties": { "内容": "タイヨー【福祉用具貸与】名古屋市中川区大塩町2-52", "url": "https://www.kaigokensaku.mhlw.go.jp/23/index.php?action_kouhyou_detail_004_kani=true&JigyosyoCd=2371002516-00&ServiceCd=170&Type=search", "url2": null }, "geometry": { "type": "Point", "coordinates": [ 136.859729600000037, 35.1297571 ] } },
{ "type": "Feature", "properties": { "内容": "株式会社くくる【福祉用具貸与】愛知県名古屋市中川区西中島二丁目６０５番地OS.SKYマンション西中島Ⅰ　４０1号", "url": "https://www.kaigokensaku.mhlw.go.jp/23/index.php?action_kouhyou_detail_004_kani=true&JigyosyoCd=2371004207-00&ServiceCd=170&Type=search", "url2": null }, "geometry": { "type": "Point", "coordinates": [ 136.846312300000022, 35.1212498 ] } },
{ "type": "Feature", "properties": { "内容": "(株)オオタ介護事業部ケアリ－ス・たから【福祉用具貸与】昭明町二丁目４９番地の３－１F", "url": "https://www.kaigokensaku.mhlw.go.jp/23/index.php?action_kouhyou_detail_004_kani=true&JigyosyoCd=2371002557-00&ServiceCd=170&Type=search", "url2": null }, "geometry": { "type": "Point", "coordinates": [ 136.870903294148292, 35.122505525687785 ] } },
{ "type": "Feature", "properties": { "内容": "株式会社親孝行　福祉用具事業部【福祉用具貸与】名古屋市中川区大塩町1丁目4番地", "url": "https://www.kaigokensaku.mhlw.go.jp/23/index.php?action_kouhyou_detail_004_kani=true&JigyosyoCd=2371002367-00&ServiceCd=170&Type=search", "url2": null }, "geometry": { "type": "Point", "coordinates": [ 136.861394781089814, 35.130760029709847 ] } },
{ "type": "Feature", "properties": { "内容": "ハートサービスアスカ【福祉用具貸与】愛知県名古屋市中川区服部五丁目520番地ありあんす103号", "url": "https://www.kaigokensaku.mhlw.go.jp/23/index.php?action_kouhyou_detail_004_kani=true&JigyosyoCd=2371005204-00&ServiceCd=170&Type=search", "url2": null }, "geometry": { "type": "Point", "coordinates": [ 136.809381800000011, 35.1508784 ] } },
{ "type": "Feature", "properties": { "内容": "Eコネクト【福祉用具貸与】供米田3-215ルーセントS　１B", "url": "https://www.kaigokensaku.mhlw.go.jp/23/index.php?action_kouhyou_detail_004_kani=true&JigyosyoCd=2371005253-00&ServiceCd=170&Type=search", "url2": null }, "geometry": { "type": "Point", "coordinates": [ 136.811043528274723, 35.137314942664446 ] } },
{ "type": "Feature", "properties": { "内容": "株式会社なごみ名古屋店【福祉用具貸与】愛知県名古屋市中川区高畑1丁目94番地", "url": "https://www.kaigokensaku.mhlw.go.jp/23/index.php?action_kouhyou_detail_004_kani=true&JigyosyoCd=2371001724-00&ServiceCd=170&Type=search", "url2": "www.nagomicare.co.jp" }, "geometry": { "type": "Point", "coordinates": [ 136.855901600000038, 35.1426803 ] } },
{ "type": "Feature", "properties": { "内容": "ウェルアーク【福祉用具貸与】八田町2813番地メディナス3F", "url": "https://www.kaigokensaku.mhlw.go.jp/23/index.php?action_kouhyou_detail_004_kani=true&JigyosyoCd=2371005303-00&ServiceCd=170&Type=search", "url2": "https://earth3.jp/service" }, "geometry": { "type": "Point", "coordinates": [ 136.8522604, 35.1475626 ] } },
{ "type": "Feature", "properties": { "内容": "ウイズレント【福祉用具貸与】名古屋市中川区柳島町4丁目16番地", "url": "https://www.kaigokensaku.mhlw.go.jp/23/index.php?action_kouhyou_detail_004_kani=true&JigyosyoCd=2371003142-00&ServiceCd=170&Type=search", "url2": "https://sawayakalife.jp" }, "geometry": { "type": "Point", "coordinates": [ 136.88082350000002, 35.14779990000001 ] } },
{ "type": "Feature", "properties": { "内容": "福祉サポート　名古屋西営業所【福祉用具貸与】吉津四丁目2110番地アクティブ吉津C号", "url": "https://www.kaigokensaku.mhlw.go.jp/23/index.php?action_kouhyou_detail_004_kani=true&JigyosyoCd=2371004637-00&ServiceCd=170&Type=search", "url2": "http://www.fukushi-support.co.jp/" }, "geometry": { "type": "Point", "coordinates": [ 136.819835300000022, 35.1484253 ] } },
{ "type": "Feature", "properties": { "内容": "さくらんぼ【福祉用具貸与】宗円町２丁目２３番地", "url": "https://www.kaigokensaku.mhlw.go.jp/23/index.php?action_kouhyou_detail_004_kani=true&JigyosyoCd=2371002383-00&ServiceCd=170&Type=search", "url2": "https://www.nonojyuu-sakuranbo.com/" }, "geometry": { "type": "Point", "coordinates": [ 136.8682109, 35.1453614 ] } },
{ "type": "Feature", "properties": { "内容": "近鉄スマイルライフ株式会社　名古屋支店【福祉用具貸与】愛知県名古屋市中川区吉津2丁目2521", "url": "https://www.kaigokensaku.mhlw.go.jp/23/index.php?action_kouhyou_detail_004_kani=true&JigyosyoCd=2371002474-00&ServiceCd=170&Type=search", "url2": "http://www.k-smile.com" }, "geometry": { "type": "Point", "coordinates": [ 136.8218127, 35.1550004 ] } },
{ "type": "Feature", "properties": { "内容": "有限会社　フジテック【福祉用具貸与】愛知県名古屋市中川区吉津４－２４０７", "url": "https://www.kaigokensaku.mhlw.go.jp/23/index.php?action_kouhyou_detail_004_kani=true&JigyosyoCd=2371000460-00&ServiceCd=170&Type=search", "url2": "http://www.fujitec.main.jp" }, "geometry": { "type": "Point", "coordinates": [ 136.819702399999983, 35.1485791 ] } },
{ "type": "Feature", "properties": { "内容": "株式会社せがわ住機みなと店【福祉用具貸与】愛知県名古屋市中川区太平通3-23-1", "url": "https://www.kaigokensaku.mhlw.go.jp/23/index.php?action_kouhyou_detail_004_kani=true&JigyosyoCd=2371004413-00&ServiceCd=170&Type=search", "url2": "https://segawajuuki.jp/" }, "geometry": { "type": "Point", "coordinates": [ 136.870048596128527, 35.136809870942258 ] } },
{ "type": "Feature", "properties": { "内容": "ケア・ハート【福祉用具貸与】愛知県名古屋市中川区東中島町８丁目21番地", "url": "https://www.kaigokensaku.mhlw.go.jp/23/index.php?action_kouhyou_detail_004_kani=true&JigyosyoCd=2371003829-00&ServiceCd=170&Type=search", "url2": null }, "geometry": { "type": "Point", "coordinates": [ 136.856191707778862, 35.125316684746736 ] } },
{ "type": "Feature", "properties": { "内容": "メイワ・プラス【福祉用具貸与】愛知県名古屋市中川区昭和橋通4丁目20番地", "url": "https://www.kaigokensaku.mhlw.go.jp/23/index.php?action_kouhyou_detail_004_kani=true&JigyosyoCd=2371002284-00&ServiceCd=170&Type=search", "url2": "https：//www.careconcierge.jp" }, "geometry": { "type": "Point", "coordinates": [ 136.864602799999972, 35.124398200000016 ] } },
{ "type": "Feature", "properties": { "内容": "株式会社ヤマシタ　名古屋中川営業所【福祉用具貸与】愛知県名古屋市中川区舟戸町6-23", "url": "https://www.kaigokensaku.mhlw.go.jp/23/index.php?action_kouhyou_detail_004_kani=true&JigyosyoCd=2371000601-00&ServiceCd=170&Type=search", "url2": "http://www.yco.co.jp" }, "geometry": { "type": "Point", "coordinates": [ 136.875699, 35.1493606 ] } },
{ "type": "Feature", "properties": { "内容": "たのモウ【福祉用具貸与】宝神2-601", "url": "https://www.kaigokensaku.mhlw.go.jp/23/index.php?action_kouhyou_detail_004_kani=true&JigyosyoCd=2371102746-00&ServiceCd=170&Type=search", "url2": null }, "geometry": { "type": "Point", "coordinates": [ 136.849880141410353, 35.092209548594646 ] } },
{ "type": "Feature", "properties": { "内容": "株式会社　フリースタイル【福祉用具貸与】愛知県名古屋市港区東海通5丁目10番地", "url": "https://www.kaigokensaku.mhlw.go.jp/23/index.php?action_kouhyou_detail_004_kani=true&JigyosyoCd=2371102217-00&ServiceCd=170&Type=search", "url2": null }, "geometry": { "type": "Point", "coordinates": [ 136.881166900000039, 35.1138157 ] } },
{ "type": "Feature", "properties": { "内容": "福祉サポート港営業所【福祉用具貸与】愛知県名古屋市港区土古町4-88-1土古町4-88-1GIMUCO　D", "url": "https://www.kaigokensaku.mhlw.go.jp/23/index.php?action_kouhyou_detail_004_kani=true&JigyosyoCd=2371102878-00&ServiceCd=170&Type=search", "url2": "http://www.fukushi-support.co.jp/" }, "geometry": { "type": "Point", "coordinates": [ 136.856516804893488, 35.110070065993177 ] } },
{ "type": "Feature", "properties": { "内容": "ホワイトケアスマイル福祉用具【福祉用具貸与】愛知県名古屋市港区秋葉二丁目115番地", "url": "https://www.kaigokensaku.mhlw.go.jp/23/index.php?action_kouhyou_detail_004_kani=true&JigyosyoCd=2371103090-00&ServiceCd=170&Type=search", "url2": "https://whitecaresmile.com/" }, "geometry": { "type": "Point", "coordinates": [ 136.818107273016352, 35.1061812 ] } },
{ "type": "Feature", "properties": { "内容": "フランスベッド株式会社　メディカル名古屋南営業所【福祉用具貸与】愛知県名古屋市南区鳴尾1丁目137番地鳴尾GIMUCO　D棟", "url": "https://www.kaigokensaku.mhlw.go.jp/23/index.php?action_kouhyou_detail_004_kani=true&JigyosyoCd=2371203460-00&ServiceCd=170&Type=search", "url2": "http://www:francebed.co.jp" }, "geometry": { "type": "Point", "coordinates": [ 136.933152400000012, 35.0764287 ] } },
{ "type": "Feature", "properties": { "内容": "ハヤシリハビリ株式会社【福祉用具貸与】愛知県名古屋市南区弥次ヱ町1丁目22番地8", "url": "https://www.kaigokensaku.mhlw.go.jp/23/index.php?action_kouhyou_detail_004_kani=true&JigyosyoCd=2371200185-00&ServiceCd=170&Type=search", "url2": "https://hayasir.jimdo.com" }, "geometry": { "type": "Point", "coordinates": [ 136.921181980356579, 35.090797826278035 ] } },
{ "type": "Feature", "properties": { "内容": "介護ショップ　さくら【福祉用具貸与】名古屋市南区桜本町141番地1桜本町小林ビル402号", "url": "https://www.kaigokensaku.mhlw.go.jp/23/index.php?action_kouhyou_detail_004_kani=true&JigyosyoCd=2371201852-00&ServiceCd=170&Type=search", "url2": null }, "geometry": { "type": "Point", "coordinates": [ 136.936225199999967, 35.1049682 ] } },
{ "type": "Feature", "properties": { "内容": "近藤産興株式会社　ケアレンタル課【福祉用具貸与】愛知県名古屋市南区浜田町１－１０", "url": "https://www.kaigokensaku.mhlw.go.jp/23/index.php?action_kouhyou_detail_004_kani=true&JigyosyoCd=2371200193-00&ServiceCd=170&Type=search", "url2": "http://www.kondo-sanko.jp" }, "geometry": { "type": "Point", "coordinates": [ 136.9218988, 35.0865751 ] } },
{ "type": "Feature", "properties": { "内容": "南医療生活協同組合　介護支援事業部【福祉用具貸与】愛知県名古屋市南区天白町1丁目5番地", "url": "https://www.kaigokensaku.mhlw.go.jp/23/index.php?action_kouhyou_detail_004_kani=true&JigyosyoCd=2371200599-00&ServiceCd=170&Type=search", "url2": "https://minami.or.jp/facilitys/nursing-welfare/kaigoshien/" }, "geometry": { "type": "Point", "coordinates": [ 136.920823899999959, 35.0729517 ] } },
{ "type": "Feature", "properties": { "内容": "株式会社トーカイ名古屋南営業所【福祉用具貸与】鳥山町２丁目６番地", "url": "https://www.kaigokensaku.mhlw.go.jp/23/index.php?action_kouhyou_detail_004_kani=true&JigyosyoCd=2371201928-00&ServiceCd=170&Type=search", "url2": "http://www.tokai-corp.com/" }, "geometry": { "type": "Point", "coordinates": [ 136.932267300000035, 35.0943385 ] } },
{ "type": "Feature", "properties": { "内容": "ダスキンヘルスレント内田橋ステーション【福祉用具貸与】愛知県名古屋市南区明治2-4-33", "url": "https://www.kaigokensaku.mhlw.go.jp/23/index.php?action_kouhyou_detail_004_kani=true&JigyosyoCd=2371202868-00&ServiceCd=170&Type=search", "url2": "http://healthrent.duskin.jp/" }, "geometry": { "type": "Point", "coordinates": [ 136.903858899999932, 35.1110166 ] } },
{ "type": "Feature", "properties": { "内容": "パナソニックエイジフリーショップなごや桜本町【福祉用具貸与】愛知県名古屋市南区桜本町143-1サクラアルカスビル", "url": "https://www.kaigokensaku.mhlw.go.jp/23/index.php?action_kouhyou_detail_004_kani=true&JigyosyoCd=2371202660-00&ServiceCd=170&Type=search", "url2": "http://sumai.panasonic.jp/agefree/shop/search/shop_detail.php?shop=931" }, "geometry": { "type": "Point", "coordinates": [ 136.936305800000014, 35.1051154 ] } },
{ "type": "Feature", "properties": { "内容": "クリアライフ【福祉用具貸与】愛知県名古屋市南区駈上一丁目2番B棟231号　駈上住宅", "url": "https://www.kaigokensaku.mhlw.go.jp/23/index.php?action_kouhyou_detail_004_kani=true&JigyosyoCd=2371203288-00&ServiceCd=170&Type=search", "url2": null }, "geometry": { "type": "Point", "coordinates": [ 136.938431880950901, 35.116418868577163 ] } },
{ "type": "Feature", "properties": { "内容": "株式会社フロンティア名古屋南営業所【福祉用具貸与】愛知県名古屋市南区岩戸町2-4", "url": "https://www.kaigokensaku.mhlw.go.jp/23/index.php?action_kouhyou_detail_004_kani=true&JigyosyoCd=2371202561-00&ServiceCd=170&Type=search", "url2": "http://www.frontier-ph.com" }, "geometry": { "type": "Point", "coordinates": [ 136.9280202, 35.11097 ] } },
{ "type": "Feature", "properties": { "内容": "株式会社ヤマシタ　名古屋南営業所【福祉用具貸与】愛知県名古屋市南区寺部通3丁目８番地の１寺部通3丁目貸ビル3階", "url": "https://www.kaigokensaku.mhlw.go.jp/23/index.php?action_kouhyou_detail_004_kani=true&JigyosyoCd=2371203148-00&ServiceCd=170&Type=search", "url2": "http://www.yco.co.jp" }, "geometry": { "type": "Point", "coordinates": [ 136.9301729, 35.0933244 ] } },
{ "type": "Feature", "properties": { "内容": "株式会社フリーベル東海福祉用具センター【福祉用具貸与】愛知県名古屋市南区呼続一丁目10番23号", "url": "https://www.kaigokensaku.mhlw.go.jp/23/index.php?action_kouhyou_detail_004_kani=true&JigyosyoCd=2371200334-00&ServiceCd=170&Type=search", "url2": "https://freebell.jp/fukushi/" }, "geometry": { "type": "Point", "coordinates": [ 136.926870913491854, 35.112292847233114 ] } },
{ "type": "Feature", "properties": { "内容": "ニック株式会社　　名古屋南営業所【福祉用具貸与】名古屋市南区豊田四丁目５番６号", "url": "https://www.kaigokensaku.mhlw.go.jp/23/index.php?action_kouhyou_detail_004_kani=true&JigyosyoCd=2371200177-00&ServiceCd=170&Type=search", "url2": "http://www.nick-corp.com" }, "geometry": { "type": "Point", "coordinates": [ 136.910610386135943, 35.104212584493098 ] } },
{ "type": "Feature", "properties": { "内容": "ウィズ・ユー【福祉用具貸与】名古屋市守山区小幡千代田２番７号千代田グランデ１Ｃ", "url": "https://www.kaigokensaku.mhlw.go.jp/23/index.php?action_kouhyou_detail_004_kani=true&JigyosyoCd=2371304938-00&ServiceCd=170&Type=search", "url2": null }, "geometry": { "type": "Point", "coordinates": [ 136.972317800000042, 35.1914147 ] } },
{ "type": "Feature", "properties": { "内容": "三和物産株式会社介護事業部【福祉用具貸与】愛知県名古屋市守山区幸心1-1212", "url": "https://www.kaigokensaku.mhlw.go.jp/23/index.php?action_kouhyou_detail_004_kani=true&JigyosyoCd=2371305034-00&ServiceCd=170&Type=search", "url2": null }, "geometry": { "type": "Point", "coordinates": [ 136.9462197, 35.2055269 ] } },
{ "type": "Feature", "properties": { "内容": "リンクス【福祉用具貸与】苗代２丁目１６番８号", "url": "https://www.kaigokensaku.mhlw.go.jp/23/index.php?action_kouhyou_detail_004_kani=true&JigyosyoCd=2371302247-00&ServiceCd=170&Type=search", "url2": null }, "geometry": { "type": "Point", "coordinates": [ 136.982119099999977, 35.1964304 ] } },
{ "type": "Feature", "properties": { "内容": "フランスベッド株式会社　メディカル名古屋北営業所【福祉用具貸与】愛知県名古屋市守山区大永寺町88－1", "url": "https://www.kaigokensaku.mhlw.go.jp/23/index.php?action_kouhyou_detail_004_kani=true&JigyosyoCd=2371304037-00&ServiceCd=170&Type=search", "url2": "https://www.francebed.co.jp/" }, "geometry": { "type": "Point", "coordinates": [ 136.959236958541879, 35.206292626931088 ] } },
{ "type": "Feature", "properties": { "内容": "メディ.ケア守山【福祉用具貸与】愛知県名古屋市守山区瀬古東二丁目３３３番地", "url": "https://www.kaigokensaku.mhlw.go.jp/23/index.php?action_kouhyou_detail_004_kani=true&JigyosyoCd=2371300688-00&ServiceCd=170&Type=search", "url2": "http://www.medicare-nagoya.co.jp" }, "geometry": { "type": "Point", "coordinates": [ 136.942285399999946, 35.2097162 ] } },
{ "type": "Feature", "properties": { "内容": "アビリティーズ・ケアネット(株)名古屋営業所【福祉用具貸与】守山3-11-28NTT守山ビル1階", "url": "https://www.kaigokensaku.mhlw.go.jp/23/index.php?action_kouhyou_detail_004_kani=true&JigyosyoCd=2371303526-00&ServiceCd=170&Type=search", "url2": "http://www.abilities.jp/" }, "geometry": { "type": "Point", "coordinates": [ 136.961482206745956, 35.197668733818126 ] } },
{ "type": "Feature", "properties": { "内容": "福祉用具　フローラ【福祉用具貸与】名古屋市守山区瀬古東三丁目210番地の１", "url": "https://www.kaigokensaku.mhlw.go.jp/23/index.php?action_kouhyou_detail_004_kani=true&JigyosyoCd=2371304110-00&ServiceCd=170&Type=search", "url2": "https://eruna.info/" }, "geometry": { "type": "Point", "coordinates": [ 136.937972128836009, 35.211293666763289 ] } },
{ "type": "Feature", "properties": { "内容": "パナソニックエイジフリーショップなごや喜多山【福祉用具貸与】愛知県名古屋市守山区喜多山南21-18アモール喜多山1-C", "url": "https://www.kaigokensaku.mhlw.go.jp/23/index.php?action_kouhyou_detail_004_kani=true&JigyosyoCd=2371303468-00&ServiceCd=170&Type=search", "url2": "https://panasonic.co.jp/ls/paf/" }, "geometry": { "type": "Point", "coordinates": [ 136.990062699999953, 35.204085200000016 ] } },
{ "type": "Feature", "properties": { "内容": "ケアサポートきらり【福祉用具貸与】愛知県名古屋市守山区川北町76番地", "url": "https://www.kaigokensaku.mhlw.go.jp/23/index.php?action_kouhyou_detail_004_kani=true&JigyosyoCd=2371304391-00&ServiceCd=170&Type=search", "url2": null }, "geometry": { "type": "Point", "coordinates": [ 136.963532, 35.2137814 ] } },
{ "type": "Feature", "properties": { "内容": "ヘルスケアもりやま【福祉用具貸与】愛知県名古屋市守山区新守町99", "url": "https://www.kaigokensaku.mhlw.go.jp/23/index.php?action_kouhyou_detail_004_kani=true&JigyosyoCd=2371302023-00&ServiceCd=170&Type=search", "url2": "https://www.facebook.com/pages/%E3%82%A2%E3%82%A4%E3%83%81%E3%83%91%E3%83%83%E3%82%AF-%E3%83%98%E3%83%AB%E3%82%B9%E3%82%B1%E3%82%A2%E4%BA%8B%E6%A5%AD%E9%83%A8-%E3%83%98%E3%83%AB%E3%82%B9%E3%82%B1%E3%82%A2%E3%82%82%E3%82%8A%E3%82%84%E3%81%BE/17738146232188" }, "geometry": { "type": "Point", "coordinates": [ 136.954327014155524, 35.208274349181821 ] } },
{ "type": "Feature", "properties": { "内容": "ニューリーフ【福祉用具貸与】愛知県名古屋市守山区小幡南三丁目10番29号", "url": "https://www.kaigokensaku.mhlw.go.jp/23/index.php?action_kouhyou_detail_004_kani=true&JigyosyoCd=2371304029-00&ServiceCd=170&Type=search", "url2": "http://www.newleaf.aichi.jp/" }, "geometry": { "type": "Point", "coordinates": [ 136.979921235564547, 35.199504450861326 ] } },
{ "type": "Feature", "properties": { "内容": "でぃ～らいふ介護サービス【福祉用具貸与】愛知県名古屋市守山区桔梗平１丁目２２０４番地", "url": "https://www.kaigokensaku.mhlw.go.jp/23/index.php?action_kouhyou_detail_004_kani=true&JigyosyoCd=2371303898-00&ServiceCd=170&Type=search", "url2": null }, "geometry": { "type": "Point", "coordinates": [ 136.995489099999986, 35.2300121 ] } },
{ "type": "Feature", "properties": { "内容": "エイトサポート【福祉用具貸与】愛知県名古屋市緑区鳴丘一丁目505番地", "url": "https://www.kaigokensaku.mhlw.go.jp/23/index.php?action_kouhyou_detail_004_kani=true&JigyosyoCd=2371404845-00&ServiceCd=170&Type=search", "url2": null }, "geometry": { "type": "Point", "coordinates": [ 136.993317600000012, 35.0921053 ] } },
{ "type": "Feature", "properties": { "内容": "はぁとステーション【福祉用具貸与】名古屋市緑区池上台3-6", "url": "https://www.kaigokensaku.mhlw.go.jp/23/index.php?action_kouhyou_detail_004_kani=true&JigyosyoCd=2371401692-00&ServiceCd=170&Type=search", "url2": "http://www.tomarigi.co.jp/" }, "geometry": { "type": "Point", "coordinates": [ 136.966189399999962, 35.0913097 ] } },
{ "type": "Feature", "properties": { "内容": "ケアコミュニケーションズ【福祉用具貸与】篭山3-112", "url": "https://www.kaigokensaku.mhlw.go.jp/23/index.php?action_kouhyou_detail_004_kani=true&JigyosyoCd=2371404092-00&ServiceCd=170&Type=search", "url2": null }, "geometry": { "type": "Point", "coordinates": [ 136.983587248132153, 35.081997880860584 ] } },
{ "type": "Feature", "properties": { "内容": "アスケア福祉用具センター名古屋【福祉用具貸与】愛知県名古屋市緑区大高町字二番割23-1東山ビル3階", "url": "https://www.kaigokensaku.mhlw.go.jp/23/index.php?action_kouhyou_detail_004_kani=true&JigyosyoCd=2371403086-00&ServiceCd=170&Type=search", "url2": "https://www.as-care.co.jp/" }, "geometry": { "type": "Point", "coordinates": [ 136.918932600000062, 35.0653164 ] } },
{ "type": "Feature", "properties": { "内容": "有限会社　COSMOS【福祉用具貸与】名古屋市緑区鳴海町中汐田186", "url": "https://www.kaigokensaku.mhlw.go.jp/23/index.php?action_kouhyou_detail_004_kani=true&JigyosyoCd=2371400991-00&ServiceCd=170&Type=search", "url2": "http://" }, "geometry": { "type": "Point", "coordinates": [ 136.942930199999978, 35.0772765 ] } },
{ "type": "Feature", "properties": { "内容": "ダスキンヘルスレント有松ステーション【福祉用具貸与】愛知県名古屋市緑区境松1-305", "url": "https://www.kaigokensaku.mhlw.go.jp/23/index.php?action_kouhyou_detail_004_kani=true&JigyosyoCd=2371403623-00&ServiceCd=170&Type=search", "url2": "http://healthrent.duskin.jp/" }, "geometry": { "type": "Point", "coordinates": [ 136.975952900000038, 35.0627518 ] } },
{ "type": "Feature", "properties": { "内容": "株式会社　フォーム【福祉用具貸与】名古屋市名東区上社四丁目１９１番地", "url": "https://www.kaigokensaku.mhlw.go.jp/23/index.php?action_kouhyou_detail_004_kani=true&JigyosyoCd=2371502333-00&ServiceCd=170&Type=search", "url2": "http://www.m-form.co.jp" }, "geometry": { "type": "Point", "coordinates": [ 137.0078866, 35.171162 ] } },
{ "type": "Feature", "properties": { "内容": "福祉用具なばな【福祉用具貸与】愛知県名古屋市名東区高社1-248三陽ドーリエビル4階", "url": "https://www.kaigokensaku.mhlw.go.jp/23/index.php?action_kouhyou_detail_004_kani=true&JigyosyoCd=2371503455-00&ServiceCd=170&Type=search", "url2": "http://aichicare.jp/" }, "geometry": { "type": "Point", "coordinates": [ 136.994405, 35.1681953 ] } },
{ "type": "Feature", "properties": { "内容": "住まいるサポート福祉用具センター【福祉用具貸与】愛知県名古屋市名東区上社四丁目104番地の1", "url": "https://www.kaigokensaku.mhlw.go.jp/23/index.php?action_kouhyou_detail_004_kani=true&JigyosyoCd=2371504172-00&ServiceCd=170&Type=search", "url2": "http://hp.kaipoke.biz/p9w/149460/base_0005.html" }, "geometry": { "type": "Point", "coordinates": [ 137.007109, 35.170106 ] } },
{ "type": "Feature", "properties": { "内容": "メディカルイーライフ【福祉用具貸与】愛知県名古屋市名東区引山三丁目716番地", "url": "https://www.kaigokensaku.mhlw.go.jp/23/index.php?action_kouhyou_detail_004_kani=true&JigyosyoCd=2371503497-00&ServiceCd=170&Type=search", "url2": null }, "geometry": { "type": "Point", "coordinates": [ 137.000572126040339, 35.192008272684063 ] } },
{ "type": "Feature", "properties": { "内容": "スギ名古屋東ステーション【福祉用具貸与】愛知県名古屋市名東区高針台二丁目1403番地1スギ薬局極楽店　店内", "url": "https://www.kaigokensaku.mhlw.go.jp/23/index.php?action_kouhyou_detail_004_kani=true&JigyosyoCd=2371503976-00&ServiceCd=170&Type=search", "url2": "https://www.drug-sugi.co.jp" }, "geometry": { "type": "Point", "coordinates": [ 137.0194673, 35.1581952 ] } },
{ "type": "Feature", "properties": { "内容": "ポップ・ナゥ【福祉用具貸与】愛知県名古屋市名東区新宿二丁目56番地シャンポール新宿103", "url": "https://www.kaigokensaku.mhlw.go.jp/23/index.php?action_kouhyou_detail_004_kani=true&JigyosyoCd=2371503059-00&ServiceCd=170&Type=search", "url2": "http://www.kaigo-do.com/" }, "geometry": { "type": "Point", "coordinates": [ 137.011422700000054, 35.1520538 ] } },
{ "type": "Feature", "properties": { "内容": "福祉用具たいじゅ【福祉用具貸与】山の手一丁目801番地", "url": "https://www.kaigokensaku.mhlw.go.jp/23/index.php?action_kouhyou_detail_004_kani=true&JigyosyoCd=2371503620-00&ServiceCd=170&Type=search", "url2": "http://rehappiness.com/" }, "geometry": { "type": "Point", "coordinates": [ 136.987456599999973, 35.1846284 ] } },
{ "type": "Feature", "properties": { "内容": "コープあいち福祉用具・名古屋【福祉用具貸与】名古屋市名東区香南2丁目1302番地髙木ビル1Ｂ", "url": "https://www.kaigokensaku.mhlw.go.jp/23/index.php?action_kouhyou_detail_004_kani=true&JigyosyoCd=2371501483-00&ServiceCd=170&Type=search", "url2": "http://coopaichi.tcoop.or.jp/" }, "geometry": { "type": "Point", "coordinates": [ 137.004514, 35.1885153 ] } },
{ "type": "Feature", "properties": { "内容": "SALTO【福祉用具貸与】愛知県名古屋市名東区上社四丁目131番地牧春ビル２A", "url": "https://www.kaigokensaku.mhlw.go.jp/23/index.php?action_kouhyou_detail_004_kani=true&JigyosyoCd=2371503422-00&ServiceCd=170&Type=search", "url2": "http://www.garden-grp.com" }, "geometry": { "type": "Point", "coordinates": [ 137.00622850000002, 35.1710119 ] } },
{ "type": "Feature", "properties": { "内容": "福祉用具貸与販売事業所　コネクト　ケア【福祉用具貸与】名古屋市名東区社台三丁目13番地ロイヤルアーク上社101号室", "url": "https://www.kaigokensaku.mhlw.go.jp/23/index.php?action_kouhyou_detail_004_kani=true&JigyosyoCd=2371503489-00&ServiceCd=170&Type=search", "url2": null }, "geometry": { "type": "Point", "coordinates": [ 137.002567699999986, 35.1746919 ] } },
{ "type": "Feature", "properties": { "内容": "ダスキンヘルスレントめいとうステーション【福祉用具貸与】愛知県名古屋市名東区社が丘一丁目803番地", "url": "https://www.kaigokensaku.mhlw.go.jp/23/index.php?action_kouhyou_detail_004_kani=true&JigyosyoCd=2371503299-00&ServiceCd=170&Type=search", "url2": "http://healthrent.duskin.jp" }, "geometry": { "type": "Point", "coordinates": [ 137.015932799999973, 35.1727204 ] } },
{ "type": "Feature", "properties": { "内容": "福祉用具　はなのき【福祉用具貸与】愛知県名古屋市名東区藤が丘128リーブル藤ヶ丘２C", "url": "https://www.kaigokensaku.mhlw.go.jp/23/index.php?action_kouhyou_detail_004_kani=true&JigyosyoCd=2371504198-00&ServiceCd=170&Type=search", "url2": "https://ktc-hananoki.com/caregoods/index.html" }, "geometry": { "type": "Point", "coordinates": [ 137.021028199999989, 35.1837781 ] } },
{ "type": "Feature", "properties": { "内容": "ニック株式会社名古屋東営業所【福祉用具貸与】愛知県名古屋市名東区野間町14", "url": "https://www.kaigokensaku.mhlw.go.jp/23/index.php?action_kouhyou_detail_004_kani=true&JigyosyoCd=2371503844-00&ServiceCd=170&Type=search", "url2": "https://www.nick-corp.com/" }, "geometry": { "type": "Point", "coordinates": [ 137.0072079, 35.160407 ] } },
{ "type": "Feature", "properties": { "内容": "福祉用具の友雅堂【福祉用具貸与】愛知県名古屋市名東区藤見が丘107番地ソファレ藤が丘102号", "url": "https://www.kaigokensaku.mhlw.go.jp/23/index.php?action_kouhyou_detail_004_kani=true&JigyosyoCd=2371504289-00&ServiceCd=170&Type=search", "url2": null }, "geometry": { "type": "Point", "coordinates": [ 137.021462899999989, 35.180228199999981 ] } },
{ "type": "Feature", "properties": { "内容": "虹ヶ丘福祉用具サービス【福祉用具貸与】名古屋市名東区代万町三丁目11番地の2", "url": "https://www.kaigokensaku.mhlw.go.jp/23/index.php?action_kouhyou_detail_004_kani=true&JigyosyoCd=2371504321-00&ServiceCd=170&Type=search", "url2": null }, "geometry": { "type": "Point", "coordinates": [ 136.9969408, 35.1580453 ] } },
{ "type": "Feature", "properties": { "内容": "ギフトケアサポート【福祉用具貸与】愛知県名古屋市名東区一社四丁目223", "url": "https://www.kaigokensaku.mhlw.go.jp/23/index.php?action_kouhyou_detail_004_kani=true&JigyosyoCd=2371504248-00&ServiceCd=170&Type=search", "url2": null }, "geometry": { "type": "Point", "coordinates": [ 137.004248499999989, 35.165979 ] } },
{ "type": "Feature", "properties": { "内容": "福祉用具さぽーと援【福祉用具貸与】原二丁目2010番地", "url": "https://www.kaigokensaku.mhlw.go.jp/23/index.php?action_kouhyou_detail_004_kani=true&JigyosyoCd=2371602166-00&ServiceCd=170&Type=search", "url2": null }, "geometry": { "type": "Point", "coordinates": [ 136.989222343763686, 35.122826191362208 ] } },
{ "type": "Feature", "properties": { "内容": "福祉用具ケアレントのぞみ【福祉用具貸与】愛知県名古屋市天白区高宮町1308", "url": "https://www.kaigokensaku.mhlw.go.jp/23/index.php?action_kouhyou_detail_004_kani=true&JigyosyoCd=2371603818-00&ServiceCd=170&Type=search", "url2": "http://www.lamore.jp/" }, "geometry": { "type": "Point", "coordinates": [ 136.9757851, 35.114311 ] } },
{ "type": "Feature", "properties": { "内容": "りんのはなケアサポート【福祉用具貸与】愛知県名古屋市天白区海老山町102番地の２花村ビル１階", "url": "https://www.kaigokensaku.mhlw.go.jp/23/index.php?action_kouhyou_detail_004_kani=true&JigyosyoCd=2371603297-00&ServiceCd=170&Type=search", "url2": null }, "geometry": { "type": "Point", "coordinates": [ 136.970071800000028, 35.1155324 ] } },
{ "type": "Feature", "properties": { "内容": "愛モアライフ【福祉用具貸与】名古屋市天白区原1-2006", "url": "https://www.kaigokensaku.mhlw.go.jp/23/index.php?action_kouhyou_detail_004_kani=true&JigyosyoCd=2371600145-00&ServiceCd=170&Type=search", "url2": "http://" }, "geometry": { "type": "Point", "coordinates": [ 136.995485899999949, 35.12556810000001 ] } },
{ "type": "Feature", "properties": { "内容": "あいち福祉サポート【福祉用具貸与】愛知県名古屋市天白区植田西2-2109", "url": "https://www.kaigokensaku.mhlw.go.jp/23/index.php?action_kouhyou_detail_004_kani=true&JigyosyoCd=2371604238-00&ServiceCd=170&Type=search", "url2": "http://www.aichi-fukusi.com" }, "geometry": { "type": "Point", "coordinates": [ 136.983938599999988, 35.1306004 ] } },
{ "type": "Feature", "properties": { "内容": "株式会社ケアショップニシキ【福祉用具貸与】名古屋市天白区池場４－２０１", "url": "https://www.kaigokensaku.mhlw.go.jp/23/index.php?action_kouhyou_detail_004_kani=true&JigyosyoCd=2371600319-00&ServiceCd=170&Type=search", "url2": "http://careshop.co.jp/index.html" }, "geometry": { "type": "Point", "coordinates": [ 136.985578600000053, 35.1205517 ] } },
{ "type": "Feature", "properties": { "内容": "福祉用具レンタル　なゆた【福祉用具貸与】愛知県豊橋市つつじが丘三丁目３０－７ルネスつつじが丘１０１", "url": "https://www.kaigokensaku.mhlw.go.jp/23/index.php?action_kouhyou_detail_004_kani=true&JigyosyoCd=2372004073-00&ServiceCd=170&Type=search", "url2": null }, "geometry": { "type": "Point", "coordinates": [ 137.4009522, 34.7448555 ] } },
{ "type": "Feature", "properties": { "内容": "株式会社八神製作所　ヤガミホームヘルスセンター豊橋【福祉用具貸与】愛知県豊橋市小向町西小向22-1", "url": "https://www.kaigokensaku.mhlw.go.jp/23/index.php?action_kouhyou_detail_004_kani=true&JigyosyoCd=2372002416-00&ServiceCd=170&Type=search", "url2": "http://www.yagami.co.jp/YHHC" }, "geometry": { "type": "Point", "coordinates": [ 137.358820371475161, 34.766334903461377 ] } },
{ "type": "Feature", "properties": { "内容": "エルゴット指定福祉用具貸与事業所【福祉用具貸与】豊橋市湊町３番地", "url": "https://www.kaigokensaku.mhlw.go.jp/23/index.php?action_kouhyou_detail_004_kani=true&JigyosyoCd=2372000675-00&ServiceCd=170&Type=search", "url2": "http://" }, "geometry": { "type": "Point", "coordinates": [ 137.384306411588682, 34.771368399726832 ] } },
{ "type": "Feature", "properties": { "内容": "ニチイケアセンター豊橋【福祉用具貸与】愛知県豊橋市西岩田４丁目１３－１３", "url": "https://www.kaigokensaku.mhlw.go.jp/23/index.php?action_kouhyou_detail_004_kani=true&JigyosyoCd=2372000501-00&ServiceCd=170&Type=search", "url2": "http://www.nichiigakkan.co.jp" }, "geometry": { "type": "Point", "coordinates": [ 137.422060699999946, 34.7546772 ] } },
{ "type": "Feature", "properties": { "内容": "株式会社ヤマシタ　豊橋営業所【福祉用具貸与】愛知県豊橋市関屋町13番地6", "url": "https://www.kaigokensaku.mhlw.go.jp/23/index.php?action_kouhyou_detail_004_kani=true&JigyosyoCd=2372005054-00&ServiceCd=170&Type=search", "url2": "https://www.yco.co.jp/" }, "geometry": { "type": "Point", "coordinates": [ 137.389035299999989, 34.7701268 ] } },
{ "type": "Feature", "properties": { "内容": "株式会社　内外住宅サービス【福祉用具貸与】愛知県豊橋市新川町７６番地", "url": "https://www.kaigokensaku.mhlw.go.jp/23/index.php?action_kouhyou_detail_004_kani=true&JigyosyoCd=2372002523-00&ServiceCd=170&Type=search", "url2": "http://www.naigai-toyohashi.com" }, "geometry": { "type": "Point", "coordinates": [ 137.3887585, 34.761056 ] } },
{ "type": "Feature", "properties": { "内容": "介護ショップ　ぴーす【福祉用具貸与】大岩町字本郷67番地7", "url": "https://www.kaigokensaku.mhlw.go.jp/23/index.php?action_kouhyou_detail_004_kani=true&JigyosyoCd=2372005161-00&ServiceCd=170&Type=search", "url2": null }, "geometry": { "type": "Point", "coordinates": [ 137.437862, 34.7227686 ] } },
{ "type": "Feature", "properties": { "内容": "福祉サービス株式会社【福祉用具貸与】豊橋市豊岡町１２９番地", "url": "https://www.kaigokensaku.mhlw.go.jp/23/index.php?action_kouhyou_detail_004_kani=true&JigyosyoCd=2372000428-00&ServiceCd=170&Type=search", "url2": "http://" }, "geometry": { "type": "Point", "coordinates": [ 137.422088199999962, 34.7587906 ] } },
{ "type": "Feature", "properties": { "内容": "有限会社シルバーアテンダ【福祉用具貸与】愛知県豊橋市江島町145-2", "url": "https://www.kaigokensaku.mhlw.go.jp/23/index.php?action_kouhyou_detail_004_kani=true&JigyosyoCd=2372000642-00&ServiceCd=170&Type=search", "url2": "https://www.toyohashi-silveratenda.com/" }, "geometry": { "type": "Point", "coordinates": [ 137.4074048, 34.7336098 ] } },
{ "type": "Feature", "properties": { "内容": "コープあいち福祉用具・豊橋【福祉用具貸与】愛知県豊橋市朝丘町132", "url": "https://www.kaigokensaku.mhlw.go.jp/23/index.php?action_kouhyou_detail_004_kani=true&JigyosyoCd=2372001038-00&ServiceCd=170&Type=search", "url2": "http://coopaichi.tcoop.or.jp/" }, "geometry": { "type": "Point", "coordinates": [ 137.419784098747186, 34.760979488626937 ] } },
{ "type": "Feature", "properties": { "内容": "チームエイド株式会社【福祉用具貸与】愛知県豊橋市瓦町通２丁目９１番地", "url": "https://www.kaigokensaku.mhlw.go.jp/23/index.php?action_kouhyou_detail_004_kani=true&JigyosyoCd=2372002986-00&ServiceCd=170&Type=search", "url2": null }, "geometry": { "type": "Point", "coordinates": [ 137.407270400000016, 34.7592206 ] } },
{ "type": "Feature", "properties": { "内容": "株式会社トーカイ豊橋営業所【福祉用具貸与】愛知県豊橋市下地町字門５８番地", "url": "https://www.kaigokensaku.mhlw.go.jp/23/index.php?action_kouhyou_detail_004_kani=true&JigyosyoCd=2372003067-00&ServiceCd=170&Type=search", "url2": "http://www.tokai-corp.com/" }, "geometry": { "type": "Point", "coordinates": [ 137.3833138, 34.7797671 ] } },
{ "type": "Feature", "properties": { "内容": "フランスベッド株式会社　メディカル豊橋営業所【福祉用具貸与】愛知県豊橋市花田町小松２４－１", "url": "https://www.kaigokensaku.mhlw.go.jp/23/index.php?action_kouhyou_detail_004_kani=true&JigyosyoCd=2372000998-00&ServiceCd=170&Type=search", "url2": "http://www.francebed.co.jp/" }, "geometry": { "type": "Point", "coordinates": [ 137.3675766, 34.7608942 ] } },
{ "type": "Feature", "properties": { "内容": "ダスキンヘルスレント豊橋ステーション【福祉用具貸与】愛知県豊橋市牛川町字北台40-3", "url": "https://www.kaigokensaku.mhlw.go.jp/23/index.php?action_kouhyou_detail_004_kani=true&JigyosyoCd=2372002283-00&ServiceCd=170&Type=search", "url2": null }, "geometry": { "type": "Point", "coordinates": [ 137.407411627528717, 34.774675387933186 ] } },
{ "type": "Feature", "properties": { "内容": "東海エイド豊橋【福祉用具貸与】愛知県豊橋市下地町字境田113番地1", "url": "https://www.kaigokensaku.mhlw.go.jp/23/index.php?action_kouhyou_detail_004_kani=true&JigyosyoCd=2372005112-00&ServiceCd=170&Type=search", "url2": "http://tokai-aid.com" }, "geometry": { "type": "Point", "coordinates": [ 137.387236899999976, 34.7829715 ] } },
{ "type": "Feature", "properties": { "内容": "株式会社レンティック中部　介護ショップちゅ～ぶ　豊橋営業所【福祉用具貸与】愛知県豊橋市中岩田五丁目8番地1トランキーロT　101　102", "url": "https://www.kaigokensaku.mhlw.go.jp/23/index.php?action_kouhyou_detail_004_kani=true&JigyosyoCd=2372004941-00&ServiceCd=170&Type=search", "url2": "http://www.rentic-chubu.co.jp" }, "geometry": { "type": "Point", "coordinates": [ 137.4277117, 34.7523995 ] } },
{ "type": "Feature", "properties": { "内容": "有限会社　イトーメディカル【福祉用具貸与】愛知県岡崎市緑丘3-16-9", "url": "https://www.kaigokensaku.mhlw.go.jp/23/index.php?action_kouhyou_detail_004_kani=true&JigyosyoCd=2372103370-00&ServiceCd=170&Type=search", "url2": null }, "geometry": { "type": "Point", "coordinates": [ 137.184121300000015, 34.9160463 ] } },
{ "type": "Feature", "properties": { "内容": "株式会社マルミ【福祉用具貸与】愛知県岡崎市城南町三丁目9-2", "url": "https://www.kaigokensaku.mhlw.go.jp/23/index.php?action_kouhyou_detail_004_kani=true&JigyosyoCd=2372103685-00&ServiceCd=170&Type=search", "url2": null }, "geometry": { "type": "Point", "coordinates": [ 137.1491433, 34.9355962 ] } },
{ "type": "Feature", "properties": { "内容": "介護用品かいんど【福祉用具貸与】羽根西３－３－１", "url": "https://www.kaigokensaku.mhlw.go.jp/23/index.php?action_kouhyou_detail_004_kani=true&JigyosyoCd=2372104212-00&ServiceCd=170&Type=search", "url2": null }, "geometry": { "type": "Point", "coordinates": [ 137.15599850000001, 34.9299608 ] } },
{ "type": "Feature", "properties": { "内容": "小幡リフォーム【福祉用具貸与】愛知県岡崎市西蔵前町1丁目6番地14", "url": "https://www.kaigokensaku.mhlw.go.jp/23/index.php?action_kouhyou_detail_004_kani=true&JigyosyoCd=2372104246-00&ServiceCd=170&Type=search", "url2": "http://obatanoie.jp/" }, "geometry": { "type": "Point", "coordinates": [ 137.170273599999973, 34.9994934 ] } },
{ "type": "Feature", "properties": { "内容": "株式会社いちかわ【福祉用具貸与】愛知県岡崎市大平町西上野107", "url": "https://www.kaigokensaku.mhlw.go.jp/23/index.php?action_kouhyou_detail_004_kani=true&JigyosyoCd=2372103990-00&ServiceCd=170&Type=search", "url2": "hiroshi.saji31@gmail.com" }, "geometry": { "type": "Point", "coordinates": [ 137.196149699999978, 34.941691700000021 ] } },
{ "type": "Feature", "properties": { "内容": "ニチイケアセンター岡崎南【福祉用具貸与】愛知県岡崎市戸崎町榎ヶ坪28-1", "url": "https://www.kaigokensaku.mhlw.go.jp/23/index.php?action_kouhyou_detail_004_kani=true&JigyosyoCd=2372101143-00&ServiceCd=170&Type=search", "url2": "http://www.nichiigakkan.co.jp" }, "geometry": { "type": "Point", "coordinates": [ 137.164144800000031, 34.9325081 ] } },
{ "type": "Feature", "properties": { "内容": "愛らんど岡崎営業所【福祉用具貸与】愛知県岡崎市洞町字的場72番地2ピアゴ洞店2階", "url": "https://www.kaigokensaku.mhlw.go.jp/23/index.php?action_kouhyou_detail_004_kani=true&JigyosyoCd=2372105896-00&ServiceCd=170&Type=search", "url2": null }, "geometry": { "type": "Point", "coordinates": [ 137.1909119, 34.9483548 ] } },
{ "type": "Feature", "properties": { "内容": "株式会社ナンブ【福祉用具貸与】愛知県岡崎市戸崎町字牛転10番地91", "url": "https://www.kaigokensaku.mhlw.go.jp/23/index.php?action_kouhyou_detail_004_kani=true&JigyosyoCd=2372100236-00&ServiceCd=170&Type=search", "url2": "http://www.nambu-y.jp/" }, "geometry": { "type": "Point", "coordinates": [ 137.176241953872733, 34.931877820555151 ] } },
{ "type": "Feature", "properties": { "内容": "アイライフ【福祉用具貸与】愛知県岡崎市百々西町12番地34", "url": "https://www.kaigokensaku.mhlw.go.jp/23/index.php?action_kouhyou_detail_004_kani=true&JigyosyoCd=2372105516-00&ServiceCd=170&Type=search", "url2": null }, "geometry": { "type": "Point", "coordinates": [ 137.1697285, 34.9908926 ] } },
{ "type": "Feature", "properties": { "内容": "サン・ケア　レンタルセンター【福祉用具貸与】愛知県岡崎市羽根町小豆坂８７番地", "url": "https://www.kaigokensaku.mhlw.go.jp/23/index.php?action_kouhyou_detail_004_kani=true&JigyosyoCd=2372101184-00&ServiceCd=170&Type=search", "url2": "http://www.sun-care.net" }, "geometry": { "type": "Point", "coordinates": [ 137.1762496, 34.9243703 ] } },
{ "type": "Feature", "properties": { "内容": "フランスベッド株式会社　　メディカル岡崎営業所【福祉用具貸与】愛知県岡崎市大西1丁目15番地10", "url": "https://www.kaigokensaku.mhlw.go.jp/23/index.php?action_kouhyou_detail_004_kani=true&JigyosyoCd=2372100392-00&ServiceCd=170&Type=search", "url2": "http://www.francebed.co.jp" }, "geometry": { "type": "Point", "coordinates": [ 137.183432684870752, 34.94199509689755 ] } },
{ "type": "Feature", "properties": { "内容": "株式会社ＩＭＰＲＥＳＳ　元気サポート事業部【福祉用具貸与】愛知県岡崎市明大寺町字諸神15-1", "url": "https://www.kaigokensaku.mhlw.go.jp/23/index.php?action_kouhyou_detail_004_kani=true&JigyosyoCd=2372101333-00&ServiceCd=170&Type=search", "url2": "http://www.loople.com/genki/" }, "geometry": { "type": "Point", "coordinates": [ 137.162736, 34.9492982 ] } },
{ "type": "Feature", "properties": { "内容": "コープあいち福祉用具・岡崎【福祉用具貸与】愛知県岡崎市岡町字方便1番地1", "url": "https://www.kaigokensaku.mhlw.go.jp/23/index.php?action_kouhyou_detail_004_kani=true&JigyosyoCd=2372103230-00&ServiceCd=170&Type=search", "url2": "http://coopaichi.tcoop.or.jp/" }, "geometry": { "type": "Point", "coordinates": [ 137.206281191412387, 34.931758725465457 ] } },
{ "type": "Feature", "properties": { "内容": "あなたの街の介護用品レンタル　スギ岡崎ステーション【福祉用具貸与】愛知県岡崎市上地一丁目24番地2スギ薬局上地１丁目店　店内", "url": "https://www.kaigokensaku.mhlw.go.jp/23/index.php?action_kouhyou_detail_004_kani=true&JigyosyoCd=2372104493-00&ServiceCd=170&Type=search", "url2": "https://www.drug-sugi.co.jp" }, "geometry": { "type": "Point", "coordinates": [ 137.163243599999987, 34.9056493 ] } },
{ "type": "Feature", "properties": { "内容": "はぁとる岡崎【福祉用具貸与】愛知県岡崎市上六名町木ノ座20番地１２号室", "url": "https://www.kaigokensaku.mhlw.go.jp/23/index.php?action_kouhyou_detail_004_kani=true&JigyosyoCd=2372105466-00&ServiceCd=170&Type=search", "url2": "https://www.lacrie.biz/magokoro/" }, "geometry": { "type": "Point", "coordinates": [ 137.1592698, 34.9492354 ] } },
{ "type": "Feature", "properties": { "内容": "アサヒサンクリーン福祉用具センター三河【福祉用具貸与】愛知県岡崎市大和町字平野52-1", "url": "https://www.kaigokensaku.mhlw.go.jp/23/index.php?action_kouhyou_detail_004_kani=true&JigyosyoCd=2372105789-00&ServiceCd=170&Type=search", "url2": "https://www.asahi-sun-clean.co.jp/" }, "geometry": { "type": "Point", "coordinates": [ 137.1290746, 34.9514136 ] } },
{ "type": "Feature", "properties": { "内容": "向日葵のひざしセレクト【福祉用具貸与】愛知県岡崎市欠町字金谷10-1　S＆Sビル301", "url": "https://www.kaigokensaku.mhlw.go.jp/23/index.php?action_kouhyou_detail_004_kani=true&JigyosyoCd=2372105813-00&ServiceCd=170&Type=search", "url2": "http;//himawarinohizashi.com" }, "geometry": { "type": "Point", "coordinates": [ 137.186886212580475, 34.95173632352725 ] } },
{ "type": "Feature", "properties": { "内容": "株式会社トーカイ三河営業所【福祉用具貸与】愛知県岡崎市大門5丁目1番5", "url": "https://www.kaigokensaku.mhlw.go.jp/23/index.php?action_kouhyou_detail_004_kani=true&JigyosyoCd=2372101242-00&ServiceCd=170&Type=search", "url2": "iinuma_shuichi@tokai-corp.com" }, "geometry": { "type": "Point", "coordinates": [ 137.153761300000042, 34.9825584 ] } },
{ "type": "Feature", "properties": { "内容": "パナドーム【福祉用具貸与】愛知県岡崎市牧御堂町溝畔14番地1", "url": "https://www.kaigokensaku.mhlw.go.jp/23/index.php?action_kouhyou_detail_004_kani=true&JigyosyoCd=2372100814-00&ServiceCd=170&Type=search", "url2": "http://www.panadome.com/" }, "geometry": { "type": "Point", "coordinates": [ 137.140582162673923, 34.926570271754237 ] } },
{ "type": "Feature", "properties": { "内容": "福祉開発株式会社【福祉用具貸与】愛知県岡崎市宇頭北町１丁目９－８", "url": "https://www.kaigokensaku.mhlw.go.jp/23/index.php?action_kouhyou_detail_004_kani=true&JigyosyoCd=2372100723-00&ServiceCd=170&Type=search", "url2": "http://" }, "geometry": { "type": "Point", "coordinates": [ 137.124475100000041, 34.9726087 ] } },
{ "type": "Feature", "properties": { "内容": "東海エイド岡崎【福祉用具貸与】愛知県岡崎市蓑川新町３丁目８番地11", "url": "https://www.kaigokensaku.mhlw.go.jp/23/index.php?action_kouhyou_detail_004_kani=true&JigyosyoCd=2372102083-00&ServiceCd=170&Type=search", "url2": "http://tokai-aid.com/" }, "geometry": { "type": "Point", "coordinates": [ 137.202142173108513, 34.919776927715795 ] } },
{ "type": "Feature", "properties": { "内容": "協和医科器械株式会社　岡崎支店【福祉用具貸与】愛知県岡崎市康生通南３丁目３１第２マルワビル４階", "url": "https://www.kaigokensaku.mhlw.go.jp/23/index.php?action_kouhyou_detail_004_kani=true&JigyosyoCd=2372100954-00&ServiceCd=170&Type=search", "url2": "https://www.kyowaika.co.jp/" }, "geometry": { "type": "Point", "coordinates": [ 137.165575495939464, 34.957423727229958 ] } },
{ "type": "Feature", "properties": { "内容": "有限会社　育寿会はあとふる【福祉用具貸与】愛知県岡崎市渡町字池田10-2", "url": "https://www.kaigokensaku.mhlw.go.jp/23/index.php?action_kouhyou_detail_004_kani=true&JigyosyoCd=2372100368-00&ServiceCd=170&Type=search", "url2": "http://" }, "geometry": { "type": "Point", "coordinates": [ 137.142079500000023, 34.952214 ] } },
{ "type": "Feature", "properties": { "内容": "株式会社ユナイテッド・クリエーション【福祉用具貸与】愛知県岡崎市大和町西六反60番地1", "url": "https://www.kaigokensaku.mhlw.go.jp/23/index.php?action_kouhyou_detail_004_kani=true&JigyosyoCd=2372106183-00&ServiceCd=170&Type=search", "url2": null }, "geometry": { "type": "Point", "coordinates": [ 137.1214584, 34.9524189 ] } },
{ "type": "Feature", "properties": { "内容": "福祉用具たつ【福祉用具貸与】篭屋四丁目13番22平松ビル１F", "url": "https://www.kaigokensaku.mhlw.go.jp/23/index.php?action_kouhyou_detail_004_kani=true&JigyosyoCd=2372203840-00&ServiceCd=170&Type=search", "url2": null }, "geometry": { "type": "Point", "coordinates": [ 136.772703918751631, 35.305388224760918 ] } },
{ "type": "Feature", "properties": { "内容": "福祉用具　ログ【福祉用具貸与】愛知県一宮市大和町南高井字野間111番", "url": "https://www.kaigokensaku.mhlw.go.jp/23/index.php?action_kouhyou_detail_004_kani=true&JigyosyoCd=2372205175-00&ServiceCd=170&Type=search", "url2": null }, "geometry": { "type": "Point", "coordinates": [ 136.786150979762283, 35.265443339917191 ] } },
{ "type": "Feature", "properties": { "内容": "株式会社　モリトー【福祉用具貸与】愛知県一宮市東島町3丁目36番地", "url": "https://www.kaigokensaku.mhlw.go.jp/23/index.php?action_kouhyou_detail_004_kani=true&JigyosyoCd=2372200556-00&ServiceCd=170&Type=search", "url2": "http://www.moritoh.co.jp" }, "geometry": { "type": "Point", "coordinates": [ 136.815422799999965, 35.3196055 ] } },
{ "type": "Feature", "properties": { "内容": "株式会社一宮福祉サポート【福祉用具貸与】愛知県一宮市深坪町33-2", "url": "https://www.kaigokensaku.mhlw.go.jp/23/index.php?action_kouhyou_detail_004_kani=true&JigyosyoCd=2372200424-00&ServiceCd=170&Type=search", "url2": "http://www.fukushi-support.co.jp/" }, "geometry": { "type": "Point", "coordinates": [ 136.780235100000027, 35.3107778 ] } },
{ "type": "Feature", "properties": { "内容": "有限会社ぷちトマト【福祉用具貸与】愛知県一宮市木曽川町内割田一の通り１０番１", "url": "https://www.kaigokensaku.mhlw.go.jp/23/index.php?action_kouhyou_detail_004_kani=true&JigyosyoCd=2372200812-00&ServiceCd=170&Type=search", "url2": "http://puti-tomato.com/" }, "geometry": { "type": "Point", "coordinates": [ 136.777754933065779, 35.33889869289321 ] } },
{ "type": "Feature", "properties": { "内容": "有限会社さくら【福祉用具貸与】愛知県一宮市浅井町小日比野字山畑1130番地", "url": "https://www.kaigokensaku.mhlw.go.jp/23/index.php?action_kouhyou_detail_004_kani=true&JigyosyoCd=2372201679-00&ServiceCd=170&Type=search", "url2": null }, "geometry": { "type": "Point", "coordinates": [ 136.838744899999938, 35.3425096 ] } },
{ "type": "Feature", "properties": { "内容": "有限会社　尾張健友サービス【福祉用具貸与】愛知県一宮市千秋町塩尻字山王7-5佐野マンション102号", "url": "https://www.kaigokensaku.mhlw.go.jp/23/index.php?action_kouhyou_detail_004_kani=true&JigyosyoCd=2372201737-00&ServiceCd=170&Type=search", "url2": "https://www.chiaki.com" }, "geometry": { "type": "Point", "coordinates": [ 136.84800139999993, 35.2886764 ] } },
{ "type": "Feature", "properties": { "内容": "わかば【福祉用具貸与】愛知県一宮市冨田牛池283ファミールしるふれい1A", "url": "https://www.kaigokensaku.mhlw.go.jp/23/index.php?action_kouhyou_detail_004_kani=true&JigyosyoCd=2372202594-00&ServiceCd=170&Type=search", "url2": "http://" }, "geometry": { "type": "Point", "coordinates": [ 136.738820499999946, 35.2976732 ] } },
{ "type": "Feature", "properties": { "内容": "アバンセ介護センター福祉用具【福祉用具貸与】愛知県一宮市新生3丁目9番1", "url": "https://www.kaigokensaku.mhlw.go.jp/23/index.php?action_kouhyou_detail_004_kani=true&JigyosyoCd=2372203022-00&ServiceCd=170&Type=search", "url2": "https://a-lifesupport.co.jp/" }, "geometry": { "type": "Point", "coordinates": [ 136.796005899999955, 35.2980071 ] } },
{ "type": "Feature", "properties": { "内容": "緑の家　福祉用具【福祉用具貸与】愛知県一宮市平島一丁目22番1号", "url": "https://www.kaigokensaku.mhlw.go.jp/23/index.php?action_kouhyou_detail_004_kani=true&JigyosyoCd=2372205597-00&ServiceCd=170&Type=search", "url2": "https://midorinoie.com/" }, "geometry": { "type": "Point", "coordinates": [ 136.830213299999969, 35.285746300000035 ] } },
{ "type": "Feature", "properties": { "内容": "株式会社トーカイ　一宮営業所【福祉用具貸与】愛知県一宮市文京二丁目4番33号", "url": "https://www.kaigokensaku.mhlw.go.jp/23/index.php?action_kouhyou_detail_004_kani=true&JigyosyoCd=2372206835-00&ServiceCd=170&Type=search", "url2": "https://www.tokai-corp.com" }, "geometry": { "type": "Point", "coordinates": [ 136.806292, 35.3135256 ] } },
{ "type": "Feature", "properties": { "内容": "株式会社フロンティア一宮営業所【福祉用具貸与】愛知県一宮市富士3丁目10-15", "url": "https://www.kaigokensaku.mhlw.go.jp/23/index.php?action_kouhyou_detail_004_kani=true&JigyosyoCd=2372206017-00&ServiceCd=170&Type=search", "url2": "https://www.frontier-ph.com" }, "geometry": { "type": "Point", "coordinates": [ 136.820365, 35.3034114 ] } },
{ "type": "Feature", "properties": { "内容": "ライフケアレンタルサービス【福祉用具貸与】一宮市玉野字西瀬古３１番地２", "url": "https://www.kaigokensaku.mhlw.go.jp/23/index.php?action_kouhyou_detail_004_kani=true&JigyosyoCd=2372202818-00&ServiceCd=170&Type=search", "url2": "http://www.lifecare-group.com" }, "geometry": { "type": "Point", "coordinates": [ 136.738601926983648, 35.269333653247003 ] } },
{ "type": "Feature", "properties": { "内容": "株式会社愛安住　一宮営業所【福祉用具貸与】愛知県一宮市三条賀103-1", "url": "https://www.kaigokensaku.mhlw.go.jp/23/index.php?action_kouhyou_detail_004_kani=true&JigyosyoCd=2372202974-00&ServiceCd=170&Type=search", "url2": "http://www.aianju.co.jp/" }, "geometry": { "type": "Point", "coordinates": [ 136.761100700000043, 35.3101861 ] } },
{ "type": "Feature", "properties": { "内容": "はごろも【福祉用具貸与】愛知県一宮市泉二丁目１番１号大雄会パーキングビル１Ｆ", "url": "https://www.kaigokensaku.mhlw.go.jp/23/index.php?action_kouhyou_detail_004_kani=true&JigyosyoCd=2372203808-00&ServiceCd=170&Type=search", "url2": "http://www.kl-care.co.jp" }, "geometry": { "type": "Point", "coordinates": [ 136.809314748301631, 35.303578223543241 ] } },
{ "type": "Feature", "properties": { "内容": "(有)ファーマシーヘルパーイワタ【福祉用具貸与】愛知県一宮市赤見４－２－２０", "url": "https://www.kaigokensaku.mhlw.go.jp/23/index.php?action_kouhyou_detail_004_kani=true&JigyosyoCd=2372200093-00&ServiceCd=170&Type=search", "url2": "https://www.helpe-iwata.jp/" }, "geometry": { "type": "Point", "coordinates": [ 136.820894299999964, 35.3094066 ] } },
{ "type": "Feature", "properties": { "内容": "株式会社　グレースケア【福祉用具貸与】一宮市大和町苅安賀地蔵前36番地サンエクセル103", "url": "https://www.kaigokensaku.mhlw.go.jp/23/index.php?action_kouhyou_detail_004_kani=true&JigyosyoCd=2372202602-00&ServiceCd=170&Type=search", "url2": "http://www.gracecare.jp/" }, "geometry": { "type": "Point", "coordinates": [ 136.773616800000013, 35.2900328 ] } },
{ "type": "Feature", "properties": { "内容": "パナソニックエイジフリーショップ尾張一宮【福祉用具貸与】愛知県一宮市多加木1丁目14番地ヴィラハウス森本101", "url": "https://www.kaigokensaku.mhlw.go.jp/23/index.php?action_kouhyou_detail_004_kani=true&JigyosyoCd=2372206033-00&ServiceCd=170&Type=search", "url2": "https://sumai.panasonic.jp/agefree/map/detail.php?id=231" }, "geometry": { "type": "Point", "coordinates": [ 136.813543274868778, 35.284799157851403 ] } },
{ "type": "Feature", "properties": { "内容": "ゴールドエイジ福祉レンタル愛知【福祉用具貸与】愛知県一宮市三ツ井８-９-10", "url": "https://www.kaigokensaku.mhlw.go.jp/23/index.php?action_kouhyou_detail_004_kani=true&JigyosyoCd=2372206884-00&ServiceCd=170&Type=search", "url2": null }, "geometry": { "type": "Point", "coordinates": [ 136.840940173016378, 35.271945 ] } },
{ "type": "Feature", "properties": { "内容": "介護ショップさつき【福祉用具貸与】愛知県一宮市観音寺１丁目９番１７号", "url": "https://www.kaigokensaku.mhlw.go.jp/23/index.php?action_kouhyou_detail_004_kani=true&JigyosyoCd=2372205423-00&ServiceCd=170&Type=search", "url2": "www.kaigosatsuki0586-kk.com" }, "geometry": { "type": "Point", "coordinates": [ 136.789425199999982, 35.2892221 ] } },
{ "type": "Feature", "properties": { "内容": "株式会社加藤建材【福祉用具貸与】瀬戸市弁天町44-1", "url": "https://www.kaigokensaku.mhlw.go.jp/23/index.php?action_kouhyou_detail_004_kani=true&JigyosyoCd=2372300505-00&ServiceCd=170&Type=search", "url2": "http://info@katoukenzai.com" }, "geometry": { "type": "Point", "coordinates": [ 137.082911, 35.1974305 ] } },
{ "type": "Feature", "properties": { "内容": "のりのり【福祉用具貸与】愛知県瀬戸市共栄通二丁目１番地", "url": "https://www.kaigokensaku.mhlw.go.jp/23/index.php?action_kouhyou_detail_004_kani=true&JigyosyoCd=2372301610-00&ServiceCd=170&Type=search", "url2": null }, "geometry": { "type": "Point", "coordinates": [ 137.082789990662519, 35.22202997002735 ] } },
{ "type": "Feature", "properties": { "内容": "合同会社BELL【福祉用具貸与】瀬戸市汗干町７５－２ビレッジあせび１０１", "url": "https://www.kaigokensaku.mhlw.go.jp/23/index.php?action_kouhyou_detail_004_kani=true&JigyosyoCd=2372301917-00&ServiceCd=170&Type=search", "url2": "http://www12.plala.or.jp/BELL/" }, "geometry": { "type": "Point", "coordinates": [ 137.0793774, 35.2228496 ] } },
{ "type": "Feature", "properties": { "内容": "ライフケアすずいち【福祉用具貸与】愛知県瀬戸市弁天町７２番地", "url": "https://www.kaigokensaku.mhlw.go.jp/23/index.php?action_kouhyou_detail_004_kani=true&JigyosyoCd=2372302378-00&ServiceCd=170&Type=search", "url2": "http://www.suzuichi.com" }, "geometry": { "type": "Point", "coordinates": [ 137.084192649737588, 35.198292335544942 ] } },
{ "type": "Feature", "properties": { "内容": "ハートフルショップ　たくみや【福祉用具貸与】愛知県瀬戸市水北町１６９２番地", "url": "https://www.kaigokensaku.mhlw.go.jp/23/index.php?action_kouhyou_detail_004_kani=true&JigyosyoCd=2372302675-00&ServiceCd=170&Type=search", "url2": "http://hp.kaipoke.biz/vzb" }, "geometry": { "type": "Point", "coordinates": [ 137.08200880000004, 35.2528883 ] } },
{ "type": "Feature", "properties": { "内容": "福祉用具レンタル　リハビリライフさくら【福祉用具貸与】愛知県瀬戸市山の田町43-187", "url": "https://www.kaigokensaku.mhlw.go.jp/23/index.php?action_kouhyou_detail_004_kani=true&JigyosyoCd=2372302840-00&ServiceCd=170&Type=search", "url2": null }, "geometry": { "type": "Point", "coordinates": [ 137.064554182803306, 35.194508747762619 ] } },
{ "type": "Feature", "properties": { "内容": "みっつ葉ライフケア【福祉用具貸与】瀬戸市見付町５９番地", "url": "https://www.kaigokensaku.mhlw.go.jp/23/index.php?action_kouhyou_detail_004_kani=true&JigyosyoCd=2372302485-00&ServiceCd=170&Type=search", "url2": "http://fourleaf.itcare.jp" }, "geometry": { "type": "Point", "coordinates": [ 137.07872940580441, 35.217733723004649 ] } },
{ "type": "Feature", "properties": { "内容": "ケアサポート中央【福祉用具貸与】愛知県瀬戸市陶原町3丁目12番地", "url": "https://www.kaigokensaku.mhlw.go.jp/23/index.php?action_kouhyou_detail_004_kani=true&JigyosyoCd=2372300760-00&ServiceCd=170&Type=search", "url2": "http://setochuo.com/home.html" }, "geometry": { "type": "Point", "coordinates": [ 137.089721173016443, 35.223615068841475 ] } },
{ "type": "Feature", "properties": { "内容": "東名ブレースレンタル事業所【福祉用具貸与】愛知県瀬戸市坊金町２７１番地", "url": "https://www.kaigokensaku.mhlw.go.jp/23/index.php?action_kouhyou_detail_004_kani=true&JigyosyoCd=2372301222-00&ServiceCd=170&Type=search", "url2": "http://www.tomeibrace.com/" }, "geometry": { "type": "Point", "coordinates": [ 137.05895750000002, 35.2015432 ] } },
{ "type": "Feature", "properties": { "内容": "合資会社　竹内商店【福祉用具貸与】愛知県瀬戸市末広町1丁目4番地", "url": "https://www.kaigokensaku.mhlw.go.jp/23/index.php?action_kouhyou_detail_004_kani=true&JigyosyoCd=2372300604-00&ServiceCd=170&Type=search", "url2": "https://takeuchi-c.jp" }, "geometry": { "type": "Point", "coordinates": [ 137.101747199999977, 35.2256027 ] } },
{ "type": "Feature", "properties": { "内容": "おりべの舎【福祉用具貸与】水南町111", "url": "https://www.kaigokensaku.mhlw.go.jp/23/index.php?action_kouhyou_detail_004_kani=true&JigyosyoCd=2372302279-00&ServiceCd=170&Type=search", "url2": null }, "geometry": { "type": "Point", "coordinates": [ 137.075244500000053, 35.2260796 ] } },
{ "type": "Feature", "properties": { "内容": "ＡＳＰ株式会社【福祉用具貸与】愛知県半田市出口町１丁目２１３番地の１０", "url": "https://www.kaigokensaku.mhlw.go.jp/23/index.php?action_kouhyou_detail_004_kani=true&JigyosyoCd=2372401501-00&ServiceCd=170&Type=search", "url2": "http://fukusi.yokochou.com/" }, "geometry": { "type": "Point", "coordinates": [ 136.921678899999961, 34.9013972 ] } },
{ "type": "Feature", "properties": { "内容": "株式会社さくらの木　福祉用具貸与事業所　くれよん【福祉用具貸与】愛知県半田市花園町6丁目25番地１", "url": "https://www.kaigokensaku.mhlw.go.jp/23/index.php?action_kouhyou_detail_004_kani=true&JigyosyoCd=2372401741-00&ServiceCd=170&Type=search", "url2": null }, "geometry": { "type": "Point", "coordinates": [ 136.903965, 34.8753035 ] } },
{ "type": "Feature", "properties": { "内容": "有限会社　リバー【福祉用具貸与】半田市花園町4-10-10", "url": "https://www.kaigokensaku.mhlw.go.jp/23/index.php?action_kouhyou_detail_004_kani=true&JigyosyoCd=2372400024-00&ServiceCd=170&Type=search", "url2": "http://" }, "geometry": { "type": "Point", "coordinates": [ 136.908417399999962, 34.8747985 ] } },
{ "type": "Feature", "properties": { "内容": "有限会社　りびんぐ・けあ【福祉用具貸与】愛知県半田市平地町5-76", "url": "https://www.kaigokensaku.mhlw.go.jp/23/index.php?action_kouhyou_detail_004_kani=true&JigyosyoCd=2372400636-00&ServiceCd=170&Type=search", "url2": "http://" }, "geometry": { "type": "Point", "coordinates": [ 136.954730400000017, 34.9192161 ] } },
{ "type": "Feature", "properties": { "内容": "株式会社　エヌ・エフ・ユー【福祉用具貸与】愛知県半田市南末広町120番地9半田ビル1F", "url": "https://www.kaigokensaku.mhlw.go.jp/23/index.php?action_kouhyou_detail_004_kani=true&JigyosyoCd=2372400230-00&ServiceCd=170&Type=search", "url2": "http://www.nfu.co.jp/" }, "geometry": { "type": "Point", "coordinates": [ 136.928911487588522, 34.893797186373881 ] } },
{ "type": "Feature", "properties": { "内容": "株式会社　仙台屋　半田ケアサポ－ト事業部【福祉用具貸与】愛知県半田市宮本町3-217-8", "url": "https://www.kaigokensaku.mhlw.go.jp/23/index.php?action_kouhyou_detail_004_kani=true&JigyosyoCd=2372401436-00&ServiceCd=170&Type=search", "url2": "http://www.sendaiya.co.jp" }, "geometry": { "type": "Point", "coordinates": [ 136.913484503863714, 34.881958123668134 ] } },
{ "type": "Feature", "properties": { "内容": "ダスキンヘルスレント知多半島ステーション【福祉用具貸与】栄町1丁目6番地", "url": "https://www.kaigokensaku.mhlw.go.jp/23/index.php?action_kouhyou_detail_004_kani=true&JigyosyoCd=2372401352-00&ServiceCd=170&Type=search", "url2": "http://shintama.jp" }, "geometry": { "type": "Point", "coordinates": [ 136.923318979232818, 34.887957590475715 ] } },
{ "type": "Feature", "properties": { "内容": "福祉用具ショップ　ひいらぎ【福祉用具貸与】愛知県半田市出口町２－２－１", "url": "https://www.kaigokensaku.mhlw.go.jp/23/index.php?action_kouhyou_detail_004_kani=true&JigyosyoCd=2372401030-00&ServiceCd=170&Type=search", "url2": null }, "geometry": { "type": "Point", "coordinates": [ 136.917804235592683, 34.905041206022538 ] } },
{ "type": "Feature", "properties": { "内容": "有限会社　エフイ・ヤマモト【福祉用具貸与】愛知県春日井市東山町５丁目１１番１１号", "url": "https://www.kaigokensaku.mhlw.go.jp/23/index.php?action_kouhyou_detail_004_kani=true&JigyosyoCd=2372501763-00&ServiceCd=170&Type=search", "url2": "http://" }, "geometry": { "type": "Point", "coordinates": [ 137.00035, 35.2794223 ] } },
{ "type": "Feature", "properties": { "内容": "株式会社　美濃庄　尾張営業所【福祉用具貸与】愛知県春日井市大手町4-6-8", "url": "https://www.kaigokensaku.mhlw.go.jp/23/index.php?action_kouhyou_detail_004_kani=true&JigyosyoCd=2372504700-00&ServiceCd=170&Type=search", "url2": "http://www.minosho.com" }, "geometry": { "type": "Point", "coordinates": [ 136.953168833729592, 35.26657064017845 ] } },
{ "type": "Feature", "properties": { "内容": "ニチイケアセンター春日井西【福祉用具貸与】町田町２丁目６８番地", "url": "https://www.kaigokensaku.mhlw.go.jp/23/index.php?action_kouhyou_detail_004_kani=true&JigyosyoCd=2372503926-00&ServiceCd=170&Type=search", "url2": "http://www.nichiigakkan.co.jp" }, "geometry": { "type": "Point", "coordinates": [ 136.959369599999945, 35.2254666 ] } },
{ "type": "Feature", "properties": { "内容": "かしわばら指定福祉用具貸与センタ―【福祉用具貸与】愛知県春日井市東野町10丁目12-15", "url": "https://www.kaigokensaku.mhlw.go.jp/23/index.php?action_kouhyou_detail_004_kani=true&JigyosyoCd=2372500104-00&ServiceCd=170&Type=search", "url2": "http://www.ka-med.com" }, "geometry": { "type": "Point", "coordinates": [ 136.9817531048935, 35.263547712510125 ] } },
{ "type": "Feature", "properties": { "内容": "株式会社イトウ　介護用品の店サニー【福祉用具貸与】愛知県春日井市松新町2-102", "url": "https://www.kaigokensaku.mhlw.go.jp/23/index.php?action_kouhyou_detail_004_kani=true&JigyosyoCd=2372500146-00&ServiceCd=170&Type=search", "url2": "http://www.ito-futon.com" }, "geometry": { "type": "Point", "coordinates": [ 136.957747299999937, 35.2316432 ] } },
{ "type": "Feature", "properties": { "内容": "ナイスサポート介護支援センター【福祉用具貸与】愛知県春日井市鳥居松町４丁目71番地", "url": "https://www.kaigokensaku.mhlw.go.jp/23/index.php?action_kouhyou_detail_004_kani=true&JigyosyoCd=2372500286-00&ServiceCd=170&Type=search", "url2": "http://nice-sp.jp" }, "geometry": { "type": "Point", "coordinates": [ 136.971519199999989, 35.246390300000016 ] } },
{ "type": "Feature", "properties": { "内容": "春緑苑福祉用具貸与事業所【福祉用具貸与】愛知県春日井市廻間町字神屋洞703番地1", "url": "https://www.kaigokensaku.mhlw.go.jp/23/index.php?action_kouhyou_detail_004_kani=true&JigyosyoCd=2372500492-00&ServiceCd=170&Type=search", "url2": "https://douen.or.jp" }, "geometry": { "type": "Point", "coordinates": [ 137.033698998235849, 35.295151913548509 ] } },
{ "type": "Feature", "properties": { "内容": "ワンワールド福祉用具事業所【福祉用具貸与】愛知県春日井市如意申町１丁目７番地２", "url": "https://www.kaigokensaku.mhlw.go.jp/23/index.php?action_kouhyou_detail_004_kani=true&JigyosyoCd=2372500948-00&ServiceCd=170&Type=search", "url2": "http://oneworld0124.com/" }, "geometry": { "type": "Point", "coordinates": [ 136.942700800000011, 35.2468633 ] } },
{ "type": "Feature", "properties": { "内容": "サン・ビジョン　レンタルサービス【福祉用具貸与】愛知県春日井市桃山町字北山5079-16", "url": "https://www.kaigokensaku.mhlw.go.jp/23/index.php?action_kouhyou_detail_004_kani=true&JigyosyoCd=2372501557-00&ServiceCd=170&Type=search", "url2": "http://www.sun-vision.or.jp" }, "geometry": { "type": "Point", "coordinates": [ 136.9693337, 35.2842004 ] } },
{ "type": "Feature", "properties": { "内容": "清水屋春日井店さわやかショップゆうあい【福祉用具貸与】愛知県春日井市瑞穂通五丁目３３番地", "url": "https://www.kaigokensaku.mhlw.go.jp/23/index.php?action_kouhyou_detail_004_kani=true&JigyosyoCd=2372502035-00&ServiceCd=170&Type=search", "url2": "http://www.shimizuya.co.jp/yu-ai/" }, "geometry": { "type": "Point", "coordinates": [ 136.970865300000014, 35.2494912 ] } },
{ "type": "Feature", "properties": { "内容": "じゃがいも友愛福祉用具貸与事業所【福祉用具貸与】愛知県春日井市出川町８丁目１９－１１", "url": "https://www.kaigokensaku.mhlw.go.jp/23/index.php?action_kouhyou_detail_004_kani=true&JigyosyoCd=2372502423-00&ServiceCd=170&Type=search", "url2": "https://www.jaga-jyou.jp/" }, "geometry": { "type": "Point", "coordinates": [ 137.017571399999952, 35.2649221 ] } },
{ "type": "Feature", "properties": { "内容": "ケア望【福祉用具貸与】春日井市柏原町二丁目１８３番地１", "url": "https://www.kaigokensaku.mhlw.go.jp/23/index.php?action_kouhyou_detail_004_kani=true&JigyosyoCd=2372503538-00&ServiceCd=170&Type=search", "url2": "http://care-nozomi.sakura.ne.jp/" }, "geometry": { "type": "Point", "coordinates": [ 136.959944, 35.2442552 ] } },
{ "type": "Feature", "properties": { "内容": "福祉用具はなたば【福祉用具貸与】春日井市大手田酉町1丁目2‐5サントピア朝宮", "url": "https://www.kaigokensaku.mhlw.go.jp/23/index.php?action_kouhyou_detail_004_kani=true&JigyosyoCd=2372503876-00&ServiceCd=170&Type=search", "url2": "http://hanatabakaigo.ne.jp" }, "geometry": { "type": "Point", "coordinates": [ 136.9574854, 35.2583057 ] } },
{ "type": "Feature", "properties": { "内容": "エスリース【福祉用具貸与】愛知県春日井市如意申町八丁目8番地2", "url": "https://www.kaigokensaku.mhlw.go.jp/23/index.php?action_kouhyou_detail_004_kani=true&JigyosyoCd=2372503967-00&ServiceCd=170&Type=search", "url2": "http://s-aiyu.site/" }, "geometry": { "type": "Point", "coordinates": [ 136.9558803, 35.246146400000015 ] } },
{ "type": "Feature", "properties": { "内容": "シルバー機器福祉用具貸与事業所【福祉用具貸与】愛知県春日井市下原町２２６６番地コーポ鈴木１０２", "url": "https://www.kaigokensaku.mhlw.go.jp/23/index.php?action_kouhyou_detail_004_kani=true&JigyosyoCd=2372505657-00&ServiceCd=170&Type=search", "url2": "https://www.big-advance.site/s/181/1408/business" }, "geometry": { "type": "Point", "coordinates": [ 136.9789731, 35.270840500000034 ] } },
{ "type": "Feature", "properties": { "内容": "株式会社愛安住　名古屋営業所【福祉用具貸与】如意申町5丁目2-1", "url": "https://www.kaigokensaku.mhlw.go.jp/23/index.php?action_kouhyou_detail_004_kani=true&JigyosyoCd=2372501987-00&ServiceCd=170&Type=search", "url2": "http://www.aianju.co.jp" }, "geometry": { "type": "Point", "coordinates": [ 136.949582655819768, 35.248684018692991 ] } },
{ "type": "Feature", "properties": { "内容": "アスケア福祉用具センター愛知【福祉用具貸与】愛知県春日井市如意申町四丁目7番地の2", "url": "https://www.kaigokensaku.mhlw.go.jp/23/index.php?action_kouhyou_detail_004_kani=true&JigyosyoCd=2372505699-00&ServiceCd=170&Type=search", "url2": "https://www.as-care.co.jp/" }, "geometry": { "type": "Point", "coordinates": [ 136.946551699999986, 35.2504164 ] } },
{ "type": "Feature", "properties": { "内容": "雪月花　福祉サービス【福祉用具貸与】愛知県春日井市東野町八丁目２番地５", "url": "https://www.kaigokensaku.mhlw.go.jp/23/index.php?action_kouhyou_detail_004_kani=true&JigyosyoCd=2372505392-00&ServiceCd=170&Type=search", "url2": null }, "geometry": { "type": "Point", "coordinates": [ 136.983545939714304, 35.266343432577585 ] } },
{ "type": "Feature", "properties": { "内容": "あかりサービス春日井【福祉用具貸与】愛知県春日井市春見町66春見ハイツA棟１F", "url": "https://www.kaigokensaku.mhlw.go.jp/23/index.php?action_kouhyou_detail_004_kani=true&JigyosyoCd=2372506002-00&ServiceCd=170&Type=search", "url2": "http://wellnesslife.info" }, "geometry": { "type": "Point", "coordinates": [ 136.975113, 35.2505927 ] } },
{ "type": "Feature", "properties": { "内容": "ナンバーワン【福祉用具貸与】愛知県豊川市佐土町8番地1", "url": "https://www.kaigokensaku.mhlw.go.jp/23/index.php?action_kouhyou_detail_004_kani=true&JigyosyoCd=2372601480-00&ServiceCd=170&Type=search", "url2": null }, "geometry": { "type": "Point", "coordinates": [ 137.39290660000006, 34.8371479 ] } },
{ "type": "Feature", "properties": { "内容": "有限会社エコワークス　豊川営業所【福祉用具貸与】豊川市八幡町横道68-1", "url": "https://www.kaigokensaku.mhlw.go.jp/23/index.php?action_kouhyou_detail_004_kani=true&JigyosyoCd=2372601605-00&ServiceCd=170&Type=search", "url2": "eco-kaigo.com" }, "geometry": { "type": "Point", "coordinates": [ 137.348602300000039, 34.8329766 ] } },
{ "type": "Feature", "properties": { "内容": "有限会社　ドルチェ【福祉用具貸与】愛知県豊川市諏訪２丁目３０番地の１", "url": "https://www.kaigokensaku.mhlw.go.jp/23/index.php?action_kouhyou_detail_004_kani=true&JigyosyoCd=2372600169-00&ServiceCd=170&Type=search", "url2": "dolce-kaigo.com" }, "geometry": { "type": "Point", "coordinates": [ 137.371315004368597, 34.823372505270981 ] } },
{ "type": "Feature", "properties": { "内容": "えがおネットおおぎ【福祉用具貸与】愛知県豊川市牛久保町城下73番地", "url": "https://www.kaigokensaku.mhlw.go.jp/23/index.php?action_kouhyou_detail_004_kani=true&JigyosyoCd=2372601670-00&ServiceCd=170&Type=search", "url2": "http://www.ogisangyo.com" }, "geometry": { "type": "Point", "coordinates": [ 137.3835934, 34.8054357 ] } },
{ "type": "Feature", "properties": { "内容": "スギ豊川ステーション【福祉用具貸与】愛知県豊川市蔵子七丁目17番地1スギ薬局蔵子店　店内", "url": "https://www.kaigokensaku.mhlw.go.jp/23/index.php?action_kouhyou_detail_004_kani=true&JigyosyoCd=2372602751-00&ServiceCd=170&Type=search", "url2": "https://www.drug-sugi.co.jp" }, "geometry": { "type": "Point", "coordinates": [ 137.3593745, 34.8163817 ] } },
{ "type": "Feature", "properties": { "内容": "福祉用具貸与事業所あおやま【福祉用具貸与】愛知県豊川市小坂井町門並5番地1", "url": "https://www.kaigokensaku.mhlw.go.jp/23/index.php?action_kouhyou_detail_004_kani=true&JigyosyoCd=2376500522-00&ServiceCd=170&Type=search", "url2": null }, "geometry": { "type": "Point", "coordinates": [ 137.3619784, 34.7993913 ] } },
{ "type": "Feature", "properties": { "内容": "株式会社エムアンドシー福祉用具事業所【福祉用具貸与】愛知県豊川市南大通2-172F", "url": "https://www.kaigokensaku.mhlw.go.jp/23/index.php?action_kouhyou_detail_004_kani=true&JigyosyoCd=2372603049-00&ServiceCd=170&Type=search", "url2": "https://m-and-c.net/" }, "geometry": { "type": "Point", "coordinates": [ 137.377255600000012, 34.8119842 ] } },
{ "type": "Feature", "properties": { "内容": "株式会社トーカイ豊川営業所【福祉用具貸与】愛知県豊川市南大通4丁目13番地1", "url": "https://www.kaigokensaku.mhlw.go.jp/23/index.php?action_kouhyou_detail_004_kani=true&JigyosyoCd=2372602918-00&ServiceCd=170&Type=search", "url2": "https://www.tokai-corp.com/" }, "geometry": { "type": "Point", "coordinates": [ 137.3751494, 34.8160602 ] } },
{ "type": "Feature", "properties": { "内容": "キングラン東海株式会社【福祉用具貸与】愛知県豊川市馬場町薬師75番地", "url": "https://www.kaigokensaku.mhlw.go.jp/23/index.php?action_kouhyou_detail_004_kani=true&JigyosyoCd=2372600482-00&ServiceCd=170&Type=search", "url2": "http://www.kingrun-tokai.co.jp" }, "geometry": { "type": "Point", "coordinates": [ 137.404606699999931, 34.8214134 ] } },
{ "type": "Feature", "properties": { "内容": "ワタシンいきいきライフ研究所【福祉用具貸与】津島市今市場4丁目14番地", "url": "https://www.kaigokensaku.mhlw.go.jp/23/index.php?action_kouhyou_detail_004_kani=true&JigyosyoCd=2372700159-00&ServiceCd=170&Type=search", "url2": "http://www.watashin.jp/" }, "geometry": { "type": "Point", "coordinates": [ 136.732803500000045, 35.1765373 ] } },
{ "type": "Feature", "properties": { "内容": "株式会社　ゴトウ医科器械　ライフ・ケア事業所【福祉用具貸与】愛知県津島市埋田町3-85-6", "url": "https://www.kaigokensaku.mhlw.go.jp/23/index.php?action_kouhyou_detail_004_kani=true&JigyosyoCd=2372700035-00&ServiceCd=170&Type=search", "url2": "http://" }, "geometry": { "type": "Point", "coordinates": [ 136.745010800000045, 35.1735075 ] } },
{ "type": "Feature", "properties": { "内容": "パナソニックエイジフリーショップ　あま津島【福祉用具貸与】愛知県津島市立込町３丁目３０番１", "url": "https://www.kaigokensaku.mhlw.go.jp/23/index.php?action_kouhyou_detail_004_kani=true&JigyosyoCd=2372700332-00&ServiceCd=170&Type=search", "url2": "http://www.otake-nagoya.co.jp" }, "geometry": { "type": "Point", "coordinates": [ 136.7400166, 35.1797482 ] } },
{ "type": "Feature", "properties": { "内容": "福祉用具のさしただ【福祉用具貸与】宮後町3-44", "url": "https://www.kaigokensaku.mhlw.go.jp/23/index.php?action_kouhyou_detail_004_kani=true&JigyosyoCd=2372800967-00&ServiceCd=170&Type=search", "url2": "http：//www.sasitada.co.jp" }, "geometry": { "type": "Point", "coordinates": [ 136.985595699999976, 34.8892336 ] } },
{ "type": "Feature", "properties": { "内容": "有限会社　綿桂【福祉用具貸与】愛知県碧南市天王町2丁目48番地", "url": "https://www.kaigokensaku.mhlw.go.jp/23/index.php?action_kouhyou_detail_004_kani=true&JigyosyoCd=2372800082-00&ServiceCd=170&Type=search", "url2": "https://www.watakei.com" }, "geometry": { "type": "Point", "coordinates": [ 136.988086290334337, 34.887351004351714 ] } },
{ "type": "Feature", "properties": { "内容": "中屋福祉用具サービス【福祉用具貸与】愛知県刈谷市小垣江町本郷下23番地3号", "url": "https://www.kaigokensaku.mhlw.go.jp/23/index.php?action_kouhyou_detail_004_kani=true&JigyosyoCd=2372901948-00&ServiceCd=170&Type=search", "url2": "www.kknakaya.com" }, "geometry": { "type": "Point", "coordinates": [ 136.991195800000014, 34.9664865 ] } },
{ "type": "Feature", "properties": { "内容": "でん【福祉用具貸与】刈谷市宝町3-5-1", "url": "https://www.kaigokensaku.mhlw.go.jp/23/index.php?action_kouhyou_detail_004_kani=true&JigyosyoCd=2372901286-00&ServiceCd=170&Type=search", "url2": "http://welfare-den.com" }, "geometry": { "type": "Point", "coordinates": [ 136.991471139075372, 34.99544048825247 ] } },
{ "type": "Feature", "properties": { "内容": "市川商事株式会社　すこやかクラブ【福祉用具貸与】愛知県刈谷市広小路５丁目５９番地９", "url": "https://www.kaigokensaku.mhlw.go.jp/23/index.php?action_kouhyou_detail_004_kani=true&JigyosyoCd=2372900080-00&ServiceCd=170&Type=search", "url2": "http:/www.ichikawa.biz/" }, "geometry": { "type": "Point", "coordinates": [ 136.99175230000003, 34.9859693 ] } },
{ "type": "Feature", "properties": { "内容": "かいごタウンあいち福祉用具貸与事業所【福祉用具貸与】刈谷市泉田町向畑79", "url": "https://www.kaigokensaku.mhlw.go.jp/23/index.php?action_kouhyou_detail_004_kani=true&JigyosyoCd=2372900544-00&ServiceCd=170&Type=search", "url2": null }, "geometry": { "type": "Point", "coordinates": [ 137.002212, 35.0241926 ] } },
{ "type": "Feature", "properties": { "内容": "株式会社福祉用具の森【福祉用具貸与】愛知県刈谷市半城土中町２－１９－４", "url": "https://www.kaigokensaku.mhlw.go.jp/23/index.php?action_kouhyou_detail_004_kani=true&JigyosyoCd=2372901096-00&ServiceCd=170&Type=search", "url2": null }, "geometry": { "type": "Point", "coordinates": [ 137.020633299999986, 34.9777457 ] } },
{ "type": "Feature", "properties": { "内容": "福祉用具　SORA【福祉用具貸与】愛知県刈谷市今岡町日向83-1コスモス201号", "url": "https://www.kaigokensaku.mhlw.go.jp/23/index.php?action_kouhyou_detail_004_kani=true&JigyosyoCd=2372901831-00&ServiceCd=170&Type=search", "url2": "https://sora-kaigorental.co.jp/" }, "geometry": { "type": "Point", "coordinates": [ 137.02329479558, 35.025797031023323 ] } },
{ "type": "Feature", "properties": { "内容": "ほっとかん福祉用具事業所【福祉用具貸与】愛知県豊田市本新町7丁目48番地6", "url": "https://www.kaigokensaku.mhlw.go.jp/23/index.php?action_kouhyou_detail_004_kani=true&JigyosyoCd=2373003876-00&ServiceCd=170&Type=search", "url2": "http://www.toyota-hotkan.jp/" }, "geometry": { "type": "Point", "coordinates": [ 137.1176557, 35.0787147 ] } },
{ "type": "Feature", "properties": { "内容": "ライフケアミタチ【福祉用具貸与】愛知県豊田市美里６－６－６", "url": "https://www.kaigokensaku.mhlw.go.jp/23/index.php?action_kouhyou_detail_004_kani=true&JigyosyoCd=2373001847-00&ServiceCd=170&Type=search", "url2": "https://www.lifecaremitachi.com/" }, "geometry": { "type": "Point", "coordinates": [ 137.1798632, 35.0790875 ] } },
{ "type": "Feature", "properties": { "内容": "Ｔ－グランシア水源　福祉用具レンタル【福祉用具貸与】愛知県豊田市水源町5丁目3番地1Ｔ－グランシア水源", "url": "https://www.kaigokensaku.mhlw.go.jp/23/index.php?action_kouhyou_detail_004_kani=true&JigyosyoCd=2373003413-00&ServiceCd=170&Type=search", "url2": "https://www.toyotasmile.co.jp/senior/suigen/" }, "geometry": { "type": "Point", "coordinates": [ 137.175501, 35.0465244 ] } },
{ "type": "Feature", "properties": { "内容": "トヨタ生活協同組合介護＆住設館ハートプラザ【福祉用具貸与】愛知県豊田市御幸本町4丁目200番地1", "url": "https://www.kaigokensaku.mhlw.go.jp/23/index.php?action_kouhyou_detail_004_kani=true&JigyosyoCd=2373000484-00&ServiceCd=170&Type=search", "url2": "http://www.meglia-net.jp" }, "geometry": { "type": "Point", "coordinates": [ 137.145565300000044, 35.0507364 ] } },
{ "type": "Feature", "properties": { "内容": "はぁとる豊田【福祉用具貸与】愛知県豊田市五ケ丘三丁目14番地５１０３号室", "url": "https://www.kaigokensaku.mhlw.go.jp/23/index.php?action_kouhyou_detail_004_kani=true&JigyosyoCd=2373003173-00&ServiceCd=170&Type=search", "url2": "https://www.lacrie.biz/magokoro/" }, "geometry": { "type": "Point", "coordinates": [ 137.195323999771887, 35.063680742571691 ] } },
{ "type": "Feature", "properties": { "内容": "P－BASE　くらしデザインプラス【福祉用具貸与】愛知県豊田市広田町広田５－１２", "url": "https://www.kaigokensaku.mhlw.go.jp/23/index.php?action_kouhyou_detail_004_kani=true&JigyosyoCd=2373004502-00&ServiceCd=170&Type=search", "url2": "https://www.p-base.co.jp/" }, "geometry": { "type": "Point", "coordinates": [ 137.109417400000012, 35.0446095 ] } },
{ "type": "Feature", "properties": { "内容": "とよた苑福祉用具貸与事業所【福祉用具貸与】愛知県豊田市野見山町5丁目80番地1", "url": "https://www.kaigokensaku.mhlw.go.jp/23/index.php?action_kouhyou_detail_004_kani=true&JigyosyoCd=2373001557-00&ServiceCd=170&Type=search", "url2": "https://douen.or.jp" }, "geometry": { "type": "Point", "coordinates": [ 137.186785704893509, 35.066705541743602 ] } },
{ "type": "Feature", "properties": { "内容": "日本介護サービス株式会社【福祉用具貸与】愛知県豊田市樹木町5-51", "url": "https://www.kaigokensaku.mhlw.go.jp/23/index.php?action_kouhyou_detail_004_kani=true&JigyosyoCd=2373000351-00&ServiceCd=170&Type=search", "url2": "http://www.n-kaigo.co.jp/" }, "geometry": { "type": "Point", "coordinates": [ 137.149905699999977, 35.075523 ] } },
{ "type": "Feature", "properties": { "内容": "グッドライフデザイン【福祉用具貸与】愛知県豊田市平和町１－６２", "url": "https://www.kaigokensaku.mhlw.go.jp/23/index.php?action_kouhyou_detail_004_kani=true&JigyosyoCd=2373001177-00&ServiceCd=170&Type=search", "url2": "https://www.goodld.com/" }, "geometry": { "type": "Point", "coordinates": [ 137.176628400000027, 35.0569788 ] } },
{ "type": "Feature", "properties": { "内容": "にこにこホーム【福祉用具貸与】愛知県豊田市井上町四丁目135－2　サカエ荘1号", "url": "https://www.kaigokensaku.mhlw.go.jp/23/index.php?action_kouhyou_detail_004_kani=true&JigyosyoCd=2373003827-00&ServiceCd=170&Type=search", "url2": null }, "geometry": { "type": "Point", "coordinates": [ 137.179794, 35.124924 ] } },
{ "type": "Feature", "properties": { "内容": "フランスベッド株式会社　メディカル豊田営業所【福祉用具貸与】愛知県豊田市若林東町棚田139番地2", "url": "https://www.kaigokensaku.mhlw.go.jp/23/index.php?action_kouhyou_detail_004_kani=true&JigyosyoCd=2373001904-00&ServiceCd=170&Type=search", "url2": "http://www.francebed.co.jp/" }, "geometry": { "type": "Point", "coordinates": [ 137.104309346932979, 35.027504480927405 ] } },
{ "type": "Feature", "properties": { "内容": "株式会社　サンフラワー【福祉用具貸与】豊田市朝日町4-28-2", "url": "https://www.kaigokensaku.mhlw.go.jp/23/index.php?action_kouhyou_detail_004_kani=true&JigyosyoCd=2373002787-00&ServiceCd=170&Type=search", "url2": null }, "geometry": { "type": "Point", "coordinates": [ 137.142511099999979, 35.0928094 ] } },
{ "type": "Feature", "properties": { "内容": "株式会社ヤマシタ豊田営業所【福祉用具貸与】愛知県豊田市土橋町6-70-1", "url": "https://www.kaigokensaku.mhlw.go.jp/23/index.php?action_kouhyou_detail_004_kani=true&JigyosyoCd=2373000179-00&ServiceCd=170&Type=search", "url2": "http://www.yco.co.jp" }, "geometry": { "type": "Point", "coordinates": [ 137.123900300000059, 35.0615425 ] } },
{ "type": "Feature", "properties": { "内容": "株式会社フロンティア豊田営業所【福祉用具貸与】愛知県豊田市大林町10-2-23", "url": "https://www.kaigokensaku.mhlw.go.jp/23/index.php?action_kouhyou_detail_004_kani=true&JigyosyoCd=2373004742-00&ServiceCd=170&Type=search", "url2": "https://www.frontier-ph.com/" }, "geometry": { "type": "Point", "coordinates": [ 137.1399626, 35.0437714 ] } },
{ "type": "Feature", "properties": { "内容": "福祉用具センター志楽園【福祉用具貸与】愛知県豊田市西中山町才ヶ洞10-5藤岡の楽園", "url": "https://www.kaigokensaku.mhlw.go.jp/23/index.php?action_kouhyou_detail_004_kani=true&JigyosyoCd=2373004825-00&ServiceCd=170&Type=search", "url2": "http://shirakuen.or.jp/" }, "geometry": { "type": "Point", "coordinates": [ 137.175339169449074, 35.155949777177405 ] } },
{ "type": "Feature", "properties": { "内容": "株式会社ライフサポート【福祉用具貸与】愛知県安城市三河安城南町1丁目13番地４", "url": "https://www.kaigokensaku.mhlw.go.jp/23/index.php?action_kouhyou_detail_004_kani=true&JigyosyoCd=2373100185-00&ServiceCd=170&Type=search", "url2": "http://kaigo.homes.co.jp/scare/ob_2373100185" }, "geometry": { "type": "Point", "coordinates": [ 137.060543, 34.9650123 ] } },
{ "type": "Feature", "properties": { "内容": "福祉用具レンタルT&C【福祉用具貸与】今池町３−９−２６", "url": "https://www.kaigokensaku.mhlw.go.jp/23/index.php?action_kouhyou_detail_004_kani=true&JigyosyoCd=2373102389-00&ServiceCd=170&Type=search", "url2": null }, "geometry": { "type": "Point", "coordinates": [ 137.08102, 34.978392 ] } },
{ "type": "Feature", "properties": { "内容": "デンハート【福祉用具貸与】愛知県安城市福釜町矢場25-2", "url": "https://www.kaigokensaku.mhlw.go.jp/23/index.php?action_kouhyou_detail_004_kani=true&JigyosyoCd=2373101118-00&ServiceCd=170&Type=search", "url2": null }, "geometry": { "type": "Point", "coordinates": [ 137.059004190737937, 34.950479538115843 ] } },
{ "type": "Feature", "properties": { "内容": "福祉用具　みどりオレンジグループ【福祉用具貸与】愛知県安城市名広85番地5", "url": "https://www.kaigokensaku.mhlw.go.jp/23/index.php?action_kouhyou_detail_004_kani=true&JigyosyoCd=2373102538-00&ServiceCd=170&Type=search", "url2": null }, "geometry": { "type": "Point", "coordinates": [ 137.096853399999986, 34.9500311 ] } },
{ "type": "Feature", "properties": { "内容": "光田屋げんき館安城営業所【福祉用具貸与】愛知県安城市大山町一丁目３番地９", "url": "https://www.kaigokensaku.mhlw.go.jp/23/index.php?action_kouhyou_detail_004_kani=true&JigyosyoCd=2373102256-00&ServiceCd=170&Type=search", "url2": "http://www.mitudaya.co.jp" }, "geometry": { "type": "Point", "coordinates": [ 137.085111755819696, 34.951144850366546 ] } },
{ "type": "Feature", "properties": { "内容": "はぁとる安城【福祉用具貸与】愛知県安城市大東町６-１６市営大山田東住宅D棟１０１", "url": "https://www.kaigokensaku.mhlw.go.jp/23/index.php?action_kouhyou_detail_004_kani=true&JigyosyoCd=2373102561-00&ServiceCd=170&Type=search", "url2": "https://www.lacrie.biz/magokoro/" }, "geometry": { "type": "Point", "coordinates": [ 137.083261914680463, 34.963018454282995 ] } },
{ "type": "Feature", "properties": { "内容": "ヤガミホームヘルスセンター三河安城【福祉用具貸与】桜井町城向一丁目10番地6", "url": "https://www.kaigokensaku.mhlw.go.jp/23/index.php?action_kouhyou_detail_004_kani=true&JigyosyoCd=2373102587-00&ServiceCd=170&Type=search", "url2": "https://www.yagami.co.jp/yhhc/" }, "geometry": { "type": "Point", "coordinates": [ 137.091566699999987, 34.9212354 ] } },
{ "type": "Feature", "properties": { "内容": "ダスキンヘルスレント碧海ステーション【福祉用具貸与】愛知県安城市石井町福原24番地の１", "url": "https://www.kaigokensaku.mhlw.go.jp/23/index.php?action_kouhyou_detail_004_kani=true&JigyosyoCd=2373102017-00&ServiceCd=170&Type=search", "url2": "https://healthrent.duskin.jp/" }, "geometry": { "type": "Point", "coordinates": [ 137.063867, 34.9161382 ] } },
{ "type": "Feature", "properties": { "内容": "東海エイド安城【福祉用具貸与】愛知県安城市古井町松山１２番地１", "url": "https://www.kaigokensaku.mhlw.go.jp/23/index.php?action_kouhyou_detail_004_kani=true&JigyosyoCd=2373100771-00&ServiceCd=170&Type=search", "url2": "http://www.tokai-aid.com/" }, "geometry": { "type": "Point", "coordinates": [ 137.090141099999983, 34.9374776 ] } },
{ "type": "Feature", "properties": { "内容": "かいごやさん安城店【福祉用具貸与】愛知県安城市百石町二丁目11番地5", "url": "https://www.kaigokensaku.mhlw.go.jp/23/index.php?action_kouhyou_detail_004_kani=true&JigyosyoCd=2373100920-00&ServiceCd=170&Type=search", "url2": "http://www.kaigoyasan.com" }, "geometry": { "type": "Point", "coordinates": [ 137.075072699999964, 34.9487369 ] } },
{ "type": "Feature", "properties": { "内容": "株式会社　サイチ【福祉用具貸与】愛知県西尾市中畑町宮西３３－１", "url": "https://www.kaigokensaku.mhlw.go.jp/23/index.php?action_kouhyou_detail_004_kani=true&JigyosyoCd=2373200423-00&ServiceCd=170&Type=search", "url2": "https://www.saichi.jp" }, "geometry": { "type": "Point", "coordinates": [ 137.012461182803378, 34.871579252412687 ] } },
{ "type": "Feature", "properties": { "内容": "くらさん福祉用具【福祉用具貸与】愛知県西尾市一色町味浜成輪14", "url": "https://www.kaigokensaku.mhlw.go.jp/23/index.php?action_kouhyou_detail_004_kani=true&JigyosyoCd=2373201611-00&ServiceCd=170&Type=search", "url2": "http://www.kurasan.co.jp" }, "geometry": { "type": "Point", "coordinates": [ 137.029876, 34.8231674 ] } },
{ "type": "Feature", "properties": { "内容": "西尾ヘルスケアセンター【福祉用具貸与】愛知県西尾市城崎町４丁目２６番地", "url": "https://www.kaigokensaku.mhlw.go.jp/23/index.php?action_kouhyou_detail_004_kani=true&JigyosyoCd=2373201298-00&ServiceCd=170&Type=search", "url2": null }, "geometry": { "type": "Point", "coordinates": [ 137.057674799999972, 34.8629593 ] } },
{ "type": "Feature", "properties": { "内容": "石川産業株式会社【福祉用具貸与】愛知県西尾市南奥田町２４番地１", "url": "https://www.kaigokensaku.mhlw.go.jp/23/index.php?action_kouhyou_detail_004_kani=true&JigyosyoCd=2373200357-00&ServiceCd=170&Type=search", "url2": "http://" }, "geometry": { "type": "Point", "coordinates": [ 136.989406, 34.8291709 ] } },
{ "type": "Feature", "properties": { "内容": "東海エイド西尾【福祉用具貸与】愛知県西尾市志籠谷町山畔56番地", "url": "https://www.kaigokensaku.mhlw.go.jp/23/index.php?action_kouhyou_detail_004_kani=true&JigyosyoCd=2373200159-00&ServiceCd=170&Type=search", "url2": "http://www.tokai-aid.com" }, "geometry": { "type": "Point", "coordinates": [ 137.085481016196496, 34.882049554276541 ] } },
{ "type": "Feature", "properties": { "内容": "さかえの郷　ケアレンタル若宮【福祉用具貸与】三谷町若宮189", "url": "https://www.kaigokensaku.mhlw.go.jp/23/index.php?action_kouhyou_detail_004_kani=true&JigyosyoCd=2373301080-00&ServiceCd=170&Type=search", "url2": null }, "geometry": { "type": "Point", "coordinates": [ 137.252383799999961, 34.8082686 ] } },
{ "type": "Feature", "properties": { "内容": "よこやま福祉用具貸与事業所【福祉用具貸与】愛知県蒲郡市上本町１１番１７号", "url": "https://www.kaigokensaku.mhlw.go.jp/23/index.php?action_kouhyou_detail_004_kani=true&JigyosyoCd=2373300074-00&ServiceCd=170&Type=search", "url2": null }, "geometry": { "type": "Point", "coordinates": [ 137.231811500000049, 34.8317556 ] } },
{ "type": "Feature", "properties": { "内容": "すみれレンタルセンター【福祉用具貸与】竹谷町犬飼港1-7", "url": "https://www.kaigokensaku.mhlw.go.jp/23/index.php?action_kouhyou_detail_004_kani=true&JigyosyoCd=2373301338-00&ServiceCd=170&Type=search", "url2": null }, "geometry": { "type": "Point", "coordinates": [ 137.212819599999989, 34.8237393 ] } },
{ "type": "Feature", "properties": { "内容": "福祉用具レンタル・販売　マルイチ【福祉用具貸与】愛知県犬山市大字羽黒字堂ケ洞1番地12", "url": "https://www.kaigokensaku.mhlw.go.jp/23/index.php?action_kouhyou_detail_004_kani=true&JigyosyoCd=2373401054-00&ServiceCd=170&Type=search", "url2": "http://hp.kaipoke.biz/y05/" }, "geometry": { "type": "Point", "coordinates": [ 136.970645600000012, 35.3516891 ] } },
{ "type": "Feature", "properties": { "内容": "Goodsjob　みそら【福祉用具貸与】若宮68番地4", "url": "https://www.kaigokensaku.mhlw.go.jp/23/index.php?action_kouhyou_detail_004_kani=true&JigyosyoCd=2373401146-00&ServiceCd=170&Type=search", "url2": null }, "geometry": { "type": "Point", "coordinates": [ 134.5089786, 34.1276613 ] } },
{ "type": "Feature", "properties": { "内容": "さわやかショップゆうあい【福祉用具貸与】愛知県犬山市大字橋爪字西浦9-1", "url": "https://www.kaigokensaku.mhlw.go.jp/23/index.php?action_kouhyou_detail_004_kani=true&JigyosyoCd=2373400510-00&ServiceCd=170&Type=search", "url2": null }, "geometry": { "type": "Point", "coordinates": [ 136.942087646728993, 35.367545198104871 ] } },
{ "type": "Feature", "properties": { "内容": "株式会社くらしのリーザ【福祉用具貸与】愛知県常滑市常滑市本町1-13", "url": "https://www.kaigokensaku.mhlw.go.jp/23/index.php?action_kouhyou_detail_004_kani=true&JigyosyoCd=2373500194-00&ServiceCd=170&Type=search", "url2": "http://www.riza.co.jp/" }, "geometry": { "type": "Point", "coordinates": [ 136.83862654907378, 34.884475501173164 ] } },
{ "type": "Feature", "properties": { "内容": "エスライフ介護保険レンタルサービス【福祉用具貸与】愛知県常滑市末広町2-83-1ラティエラ常滑Ａ棟103", "url": "https://www.kaigokensaku.mhlw.go.jp/23/index.php?action_kouhyou_detail_004_kani=true&JigyosyoCd=2373500566-00&ServiceCd=170&Type=search", "url2": null }, "geometry": { "type": "Point", "coordinates": [ 136.834934669728113, 34.89806991725267 ] } },
{ "type": "Feature", "properties": { "内容": "桜福祉用具センター愛知【福祉用具貸与】愛知県常滑市新開町三丁目95番地1PLAZA21　102号室", "url": "https://www.kaigokensaku.mhlw.go.jp/23/index.php?action_kouhyou_detail_004_kani=true&JigyosyoCd=2373500889-00&ServiceCd=170&Type=search", "url2": null }, "geometry": { "type": "Point", "coordinates": [ 136.834344193254083, 34.888834401891955 ] } },
{ "type": "Feature", "properties": { "内容": "有限会社　どんぐり【福祉用具貸与】愛知県江南市村久野町富士塚189番地", "url": "https://www.kaigokensaku.mhlw.go.jp/23/index.php?action_kouhyou_detail_004_kani=true&JigyosyoCd=2373600473-00&ServiceCd=170&Type=search", "url2": "http://" }, "geometry": { "type": "Point", "coordinates": [ 136.87061719999997, 35.3320112 ] } },
{ "type": "Feature", "properties": { "内容": "メイコー医療株式会社【福祉用具貸与】愛知県江南市赤童子町御宿4", "url": "https://www.kaigokensaku.mhlw.go.jp/23/index.php?action_kouhyou_detail_004_kani=true&JigyosyoCd=2373600945-00&ServiceCd=170&Type=search", "url2": "http://www.meiko-m.co.jp/company/" }, "geometry": { "type": "Point", "coordinates": [ 136.869249595709221, 35.331690649675565 ] } },
{ "type": "Feature", "properties": { "内容": "Soel【福祉用具貸与】愛知県江南市布袋町南168-2", "url": "https://www.kaigokensaku.mhlw.go.jp/23/index.php?action_kouhyou_detail_004_kani=true&JigyosyoCd=2373601562-00&ServiceCd=170&Type=search", "url2": null }, "geometry": { "type": "Point", "coordinates": [ 136.86832144171197, 35.318270235395389 ] } },
{ "type": "Feature", "properties": { "内容": "レンタルケア御伽草子【福祉用具貸与】愛知県小牧市堀の内4丁目65番地", "url": "https://www.kaigokensaku.mhlw.go.jp/23/index.php?action_kouhyou_detail_004_kani=true&JigyosyoCd=2373802228-00&ServiceCd=170&Type=search", "url2": null }, "geometry": { "type": "Point", "coordinates": [ 136.9095694, 35.2881064 ] } },
{ "type": "Feature", "properties": { "内容": "弁慶あいぎ【福祉用具貸与】愛知県小牧市小牧原新田１４００番地", "url": "https://www.kaigokensaku.mhlw.go.jp/23/index.php?action_kouhyou_detail_004_kani=true&JigyosyoCd=2373800883-00&ServiceCd=170&Type=search", "url2": null }, "geometry": { "type": "Point", "coordinates": [ 136.932521599999973, 35.2985906 ] } },
{ "type": "Feature", "properties": { "内容": "ダスキンヘルスレント尾張小牧ステーション【福祉用具貸与】小牧市文津池田224-1小牧市文津創庫B号", "url": "https://www.kaigokensaku.mhlw.go.jp/23/index.php?action_kouhyou_detail_004_kani=true&JigyosyoCd=2373802491-00&ServiceCd=170&Type=search", "url2": "https://www.shintama.co.jp/" }, "geometry": { "type": "Point", "coordinates": [ 136.946067857819088, 35.304071546745682 ] } },
{ "type": "Feature", "properties": { "内容": "福祉サポート　小牧営業所【福祉用具貸与】愛知県小牧市新町２丁目３４番地", "url": "https://www.kaigokensaku.mhlw.go.jp/23/index.php?action_kouhyou_detail_004_kani=true&JigyosyoCd=2373802285-00&ServiceCd=170&Type=search", "url2": null }, "geometry": { "type": "Point", "coordinates": [ 136.9255145, 35.2976577 ] } },
{ "type": "Feature", "properties": { "内容": "車いすの功福【福祉用具貸与】愛知県小牧市小木南三丁目４７３番地", "url": "https://www.kaigokensaku.mhlw.go.jp/23/index.php?action_kouhyou_detail_004_kani=true&JigyosyoCd=2373800305-00&ServiceCd=170&Type=search", "url2": "http://tanabe-kofku.co.jp" }, "geometry": { "type": "Point", "coordinates": [ 136.891992699999946, 35.2703011 ] } },
{ "type": "Feature", "properties": { "内容": "楓【福祉用具貸与】愛知県小牧市北外山字桜井山837-22", "url": "https://www.kaigokensaku.mhlw.go.jp/23/index.php?action_kouhyou_detail_004_kani=true&JigyosyoCd=2373802236-00&ServiceCd=170&Type=search", "url2": null }, "geometry": { "type": "Point", "coordinates": [ 136.925996589857334, 35.279813854960722 ] } },
{ "type": "Feature", "properties": { "内容": "株式会社美善【福祉用具貸与】小牧市小木東1丁目259番地", "url": "https://www.kaigokensaku.mhlw.go.jp/23/index.php?action_kouhyou_detail_004_kani=true&JigyosyoCd=2373801469-00&ServiceCd=170&Type=search", "url2": "http://care-bizen.co.jp" }, "geometry": { "type": "Point", "coordinates": [ 136.904356257580474, 35.279716522399255 ] } },
{ "type": "Feature", "properties": { "内容": "ら・じょわ株式会社【福祉用具貸与】愛知県小牧市中央1丁目456ウォンキ―ビル4階", "url": "https://www.kaigokensaku.mhlw.go.jp/23/index.php?action_kouhyou_detail_004_kani=true&JigyosyoCd=2373802467-00&ServiceCd=170&Type=search", "url2": null }, "geometry": { "type": "Point", "coordinates": [ 136.925799731599398, 35.286723220126326 ] } },
{ "type": "Feature", "properties": { "内容": "株式会社ヤマシタ　小牧営業所【福祉用具貸与】愛知県小牧市小木五丁目332-1", "url": "https://www.kaigokensaku.mhlw.go.jp/23/index.php?action_kouhyou_detail_004_kani=true&JigyosyoCd=2373800065-00&ServiceCd=170&Type=search", "url2": "http://www/yco.co.jp/" }, "geometry": { "type": "Point", "coordinates": [ 136.893163388670473, 35.273204719090934 ] } },
{ "type": "Feature", "properties": { "内容": "パナソニックエイジフリーショップ尾張小牧　㈱五月商店【福祉用具貸与】愛知県小牧市文津字池田239番地1", "url": "https://www.kaigokensaku.mhlw.go.jp/23/index.php?action_kouhyou_detail_004_kani=true&JigyosyoCd=2373801543-00&ServiceCd=170&Type=search", "url2": "https://www.satsuki-5.co.jp/" }, "geometry": { "type": "Point", "coordinates": [ 136.946930815097033, 35.304825113940154 ] } },
{ "type": "Feature", "properties": { "内容": "愛福祉装具株式会社【福祉用具貸与】愛知県稲沢市下津町西下町１８番地", "url": "https://www.kaigokensaku.mhlw.go.jp/23/index.php?action_kouhyou_detail_004_kani=true&JigyosyoCd=2373901830-00&ServiceCd=170&Type=search", "url2": "http://hp.kaipoke.biz/1p5/" }, "geometry": { "type": "Point", "coordinates": [ 136.830263899999977, 35.251172 ] } },
{ "type": "Feature", "properties": { "内容": "愛らんど稲沢営業所【福祉用具貸与】愛知県稲沢市天池五反田町1番地DCM稲沢西店1階", "url": "https://www.kaigokensaku.mhlw.go.jp/23/index.php?action_kouhyou_detail_004_kani=true&JigyosyoCd=2373902259-00&ServiceCd=170&Type=search", "url2": null }, "geometry": { "type": "Point", "coordinates": [ 136.7727246, 35.2530654 ] } },
{ "type": "Feature", "properties": { "内容": "クエスト福祉用具サービス【福祉用具貸与】愛知県稲沢市奥田下河町７５番地１", "url": "https://www.kaigokensaku.mhlw.go.jp/23/index.php?action_kouhyou_detail_004_kani=true&JigyosyoCd=2373900220-00&ServiceCd=170&Type=search", "url2": "http://" }, "geometry": { "type": "Point", "coordinates": [ 136.81714450000004, 35.2238916 ] } },
{ "type": "Feature", "properties": { "内容": "イズム【福祉用具貸与】愛知県稲沢市奥田堀畑町143番地", "url": "https://www.kaigokensaku.mhlw.go.jp/23/index.php?action_kouhyou_detail_004_kani=true&JigyosyoCd=2373901723-00&ServiceCd=170&Type=search", "url2": "http://www.instagram.com/ism.iroha/" }, "geometry": { "type": "Point", "coordinates": [ 136.810808599999973, 35.2333264 ] } },
{ "type": "Feature", "properties": { "内容": "サンケア指定福祉用具貸与事業所【福祉用具貸与】稲沢市平和町西光坊新町73番地", "url": "https://www.kaigokensaku.mhlw.go.jp/23/index.php?action_kouhyou_detail_004_kani=true&JigyosyoCd=2375500234-00&ServiceCd=170&Type=search", "url2": "http://www.suncare-japan.co.jp" }, "geometry": { "type": "Point", "coordinates": [ 136.731125815977549, 35.213994832157475 ] } },
{ "type": "Feature", "properties": { "内容": "株式会社福祉の里　稲沢営業所【福祉用具貸与】愛知県稲沢市高御堂５丁目１６０番地６", "url": "https://www.kaigokensaku.mhlw.go.jp/23/index.php?action_kouhyou_detail_004_kani=true&JigyosyoCd=2373900279-00&ServiceCd=170&Type=search", "url2": "http://www.fukushinosato.co.jp" }, "geometry": { "type": "Point", "coordinates": [ 136.8025671, 35.240077 ] } },
{ "type": "Feature", "properties": { "内容": "フランスベッド株式会社　メディカル稲沢営業所【福祉用具貸与】愛知県稲沢市下津下町西3-7", "url": "https://www.kaigokensaku.mhlw.go.jp/23/index.php?action_kouhyou_detail_004_kani=true&JigyosyoCd=2373900949-00&ServiceCd=170&Type=search", "url2": "http://www.francebed.co.jp/" }, "geometry": { "type": "Point", "coordinates": [ 136.82657, 35.2487222 ] } },
{ "type": "Feature", "properties": { "内容": "パナソニックエイジフリーショップ　稲沢【福祉用具貸与】愛知県稲沢市正明寺3-204", "url": "https://www.kaigokensaku.mhlw.go.jp/23/index.php?action_kouhyou_detail_004_kani=true&JigyosyoCd=2373902200-00&ServiceCd=170&Type=search", "url2": "http://www.otake-nagoya.co.jp" }, "geometry": { "type": "Point", "coordinates": [ 136.8093467, 35.2448258 ] } },
{ "type": "Feature", "properties": { "内容": "パナソニックエイジフリーショップ豊川新城　ヤマザキ・ファーマシーズ【福祉用具貸与】愛知県新城市平井字野地18-1", "url": "https://www.kaigokensaku.mhlw.go.jp/23/index.php?action_kouhyou_detail_004_kani=true&JigyosyoCd=2374000475-00&ServiceCd=170&Type=search", "url2": null }, "geometry": { "type": "Point", "coordinates": [ 137.5104189, 34.9105923 ] } },
{ "type": "Feature", "properties": { "内容": "光田屋げんき館【福祉用具貸与】愛知県新城市字南畑74番地", "url": "https://www.kaigokensaku.mhlw.go.jp/23/index.php?action_kouhyou_detail_004_kani=true&JigyosyoCd=2374000137-00&ServiceCd=170&Type=search", "url2": "http://www.mitudaya.co.jp" }, "geometry": { "type": "Point", "coordinates": [ 137.488270337017866, 34.897064394544408 ] } },
{ "type": "Feature", "properties": { "内容": "ケアマートねこのひげ【福祉用具貸与】愛知県東海市高横須賀町三丁目16番地", "url": "https://www.kaigokensaku.mhlw.go.jp/23/index.php?action_kouhyou_detail_004_kani=true&JigyosyoCd=2374101141-00&ServiceCd=170&Type=search", "url2": "http://ganmokuya.co.jp/" }, "geometry": { "type": "Point", "coordinates": [ 136.8907792, 35.01406 ] } },
{ "type": "Feature", "properties": { "内容": "くらそっと　ユウナル東海店【福祉用具貸与】愛知県東海市大田町下浜田1016ユウナル東海1F", "url": "https://www.kaigokensaku.mhlw.go.jp/23/index.php?action_kouhyou_detail_004_kani=true&JigyosyoCd=2374101372-00&ServiceCd=170&Type=search", "url2": "www.nfu.co.jp" }, "geometry": { "type": "Point", "coordinates": [ 136.891201806082108, 35.02013798389504 ] } },
{ "type": "Feature", "properties": { "内容": "がんもく屋【福祉用具貸与】愛知県東海市高横須賀町３丁目１６番地", "url": "https://www.kaigokensaku.mhlw.go.jp/23/index.php?action_kouhyou_detail_004_kani=true&JigyosyoCd=2374101679-00&ServiceCd=170&Type=search", "url2": null }, "geometry": { "type": "Point", "coordinates": [ 136.8907663, 35.0140694 ] } },
{ "type": "Feature", "properties": { "内容": "株式会社　仙台屋　ケアサポート事業部【福祉用具貸与】愛知県東海市養父町島之内52", "url": "https://www.kaigokensaku.mhlw.go.jp/23/index.php?action_kouhyou_detail_004_kani=true&JigyosyoCd=2374100325-00&ServiceCd=170&Type=search", "url2": "http://www.sendaiya.co.jp" }, "geometry": { "type": "Point", "coordinates": [ 136.882141499999989, 35.0090352 ] } },
{ "type": "Feature", "properties": { "内容": "アイ福祉用具株式会社【福祉用具貸与】愛知県東海市富貴ノ台6丁目48-1第2グリーンヒルズ103", "url": "https://www.kaigokensaku.mhlw.go.jp/23/index.php?action_kouhyou_detail_004_kani=true&JigyosyoCd=2374101547-00&ServiceCd=170&Type=search", "url2": "https://ai-fukushi.co.jp" }, "geometry": { "type": "Point", "coordinates": [ 136.9043337, 35.0312985 ] } },
{ "type": "Feature", "properties": { "内容": "山田整形外科福祉用具センター【福祉用具貸与】愛知県大府市中央町１丁目１０５番地", "url": "https://www.kaigokensaku.mhlw.go.jp/23/index.php?action_kouhyou_detail_004_kani=true&JigyosyoCd=2374200281-00&ServiceCd=170&Type=search", "url2": "http://" }, "geometry": { "type": "Point", "coordinates": [ 136.959843299999989, 35.0155004 ] } },
{ "type": "Feature", "properties": { "内容": "ヤガミホームヘルスセンター大府【福祉用具貸与】大府市森岡町二丁目386番地", "url": "https://www.kaigokensaku.mhlw.go.jp/23/index.php?action_kouhyou_detail_004_kani=true&JigyosyoCd=2374200588-00&ServiceCd=170&Type=search", "url2": "http://www.yagami.co.jp/YHHC" }, "geometry": { "type": "Point", "coordinates": [ 136.944159099999979, 35.005765 ] } },
{ "type": "Feature", "properties": { "内容": "スギ大府ステーション【福祉用具貸与】愛知県大府市長草町田面147番地スギ薬局長草店　店内", "url": "https://www.kaigokensaku.mhlw.go.jp/23/index.php?action_kouhyou_detail_004_kani=true&JigyosyoCd=2374201230-00&ServiceCd=170&Type=search", "url2": "https://www.drug-sugi.co.jp" }, "geometry": { "type": "Point", "coordinates": [ 136.944674233729557, 35.028996614732122 ] } },
{ "type": "Feature", "properties": { "内容": "ケアレンタル　こころ【福祉用具貸与】愛知県大府市東新町2-9東新ビル１Ｆ東", "url": "https://www.kaigokensaku.mhlw.go.jp/23/index.php?action_kouhyou_detail_004_kani=true&JigyosyoCd=2374201008-00&ServiceCd=170&Type=search", "url2": null }, "geometry": { "type": "Point", "coordinates": [ 136.959745500000054, 35.035634099999946 ] } },
{ "type": "Feature", "properties": { "内容": "福祉用具の和び咲び【福祉用具貸与】愛知県大府市吉田町6丁目108", "url": "https://www.kaigokensaku.mhlw.go.jp/23/index.php?action_kouhyou_detail_004_kani=true&JigyosyoCd=2374201388-00&ServiceCd=170&Type=search", "url2": "https://old-rookie.net/" }, "geometry": { "type": "Point", "coordinates": [ 136.932236, 35.0023712 ] } },
{ "type": "Feature", "properties": { "内容": "ケアレンタルかなう【福祉用具貸与】愛知県大府市中央町四丁目77番地", "url": "https://www.kaigokensaku.mhlw.go.jp/23/index.php?action_kouhyou_detail_004_kani=true&JigyosyoCd=2374200935-00&ServiceCd=170&Type=search", "url2": "https://yuua-atataka.jp/" }, "geometry": { "type": "Point", "coordinates": [ 136.964036552057422, 35.008308301654353 ] } },
{ "type": "Feature", "properties": { "内容": "杉乃や【福祉用具貸与】大府市共和町五丁目73番地2", "url": "https://www.kaigokensaku.mhlw.go.jp/23/index.php?action_kouhyou_detail_004_kani=true&JigyosyoCd=2374201438-00&ServiceCd=170&Type=search", "url2": "https://www.asano-m-a.co.jp/" }, "geometry": { "type": "Point", "coordinates": [ 136.9504617, 35.0341725 ] } },
{ "type": "Feature", "properties": { "内容": "株式会社　トーカイ　大府営業所　（アンシア）【福祉用具貸与】愛知県大府市共栄町9丁目9番地の18株式会社　トーカイ　大府営業所", "url": "https://www.kaigokensaku.mhlw.go.jp/23/index.php?action_kouhyou_detail_004_kani=true&JigyosyoCd=2374201164-00&ServiceCd=170&Type=search", "url2": "https://www.tokai-corp.com/" }, "geometry": { "type": "Point", "coordinates": [ 136.95665, 35.0375208 ] } },
{ "type": "Feature", "properties": { "内容": "桶猶有限会社【福祉用具貸与】新舞子字大口206-10", "url": "https://www.kaigokensaku.mhlw.go.jp/23/index.php?action_kouhyou_detail_004_kani=true&JigyosyoCd=2374300842-00&ServiceCd=170&Type=search", "url2": "okenao@ma.medias.ne.jp" }, "geometry": { "type": "Point", "coordinates": [ 136.83246859999997, 34.9495335 ] } },
{ "type": "Feature", "properties": { "内容": "でんきハウス　ムラカミ【福祉用具貸与】愛知県知多市南粕谷東坂１丁目１９７番地", "url": "https://www.kaigokensaku.mhlw.go.jp/23/index.php?action_kouhyou_detail_004_kani=true&JigyosyoCd=2374300255-00&ServiceCd=170&Type=search", "url2": "http://" }, "geometry": { "type": "Point", "coordinates": [ 136.855925599999978, 34.9339175 ] } },
{ "type": "Feature", "properties": { "内容": "株式会社ホリテック【福祉用具貸与】清水が丘1-801", "url": "https://www.kaigokensaku.mhlw.go.jp/23/index.php?action_kouhyou_detail_004_kani=true&JigyosyoCd=2374300974-00&ServiceCd=170&Type=search", "url2": "http://www.horitec.jp" }, "geometry": { "type": "Point", "coordinates": [ 136.874957, 34.9930089 ] } },
{ "type": "Feature", "properties": { "内容": "中屋福祉用具サービス【福祉用具貸与】愛知県知立市南陽2-8", "url": "https://www.kaigokensaku.mhlw.go.jp/23/index.php?action_kouhyou_detail_004_kani=true&JigyosyoCd=2374400881-00&ServiceCd=170&Type=search", "url2": "https://plus-able.com/" }, "geometry": { "type": "Point", "coordinates": [ 137.05791787843475, 34.998159118862553 ] } },
{ "type": "Feature", "properties": { "内容": "介護福祉用具みかわ【福祉用具貸与】愛知県知立市弘法一丁目6-1", "url": "https://www.kaigokensaku.mhlw.go.jp/23/index.php?action_kouhyou_detail_004_kani=true&JigyosyoCd=2374400808-00&ServiceCd=170&Type=search", "url2": "http://m-k-w.jp/" }, "geometry": { "type": "Point", "coordinates": [ 137.040318691853116, 34.998362884211019 ] } },
{ "type": "Feature", "properties": { "内容": "福祉用具販売・レンタルリグ【福祉用具貸与】東山町2-15-6", "url": "https://www.kaigokensaku.mhlw.go.jp/23/index.php?action_kouhyou_detail_004_kani=true&JigyosyoCd=2374502009-00&ServiceCd=170&Type=search", "url2": null }, "geometry": { "type": "Point", "coordinates": [ 137.0148144, 35.2015758 ] } },
{ "type": "Feature", "properties": { "内容": "ウェルフィット【福祉用具貸与】愛知県尾張旭市東本地ヶ原町1丁目64-2", "url": "https://www.kaigokensaku.mhlw.go.jp/23/index.php?action_kouhyou_detail_004_kani=true&JigyosyoCd=2374501019-00&ServiceCd=170&Type=search", "url2": "http://" }, "geometry": { "type": "Point", "coordinates": [ 137.04124539999998, 35.1978098 ] } },
{ "type": "Feature", "properties": { "内容": "福祉用具たくみ【福祉用具貸与】愛知県尾張旭市北本地ケ原二丁目106-1ファミール白山101号", "url": "https://www.kaigokensaku.mhlw.go.jp/23/index.php?action_kouhyou_detail_004_kani=true&JigyosyoCd=2374502090-00&ServiceCd=170&Type=search", "url2": null }, "geometry": { "type": "Point", "coordinates": [ 137.035632099999987, 35.198774 ] } },
{ "type": "Feature", "properties": { "内容": "株式会社Eアシスト【福祉用具貸与】愛知県尾張旭市印場元町五丁目１１番地１", "url": "https://www.kaigokensaku.mhlw.go.jp/23/index.php?action_kouhyou_detail_004_kani=true&JigyosyoCd=2374501621-00&ServiceCd=170&Type=search", "url2": null }, "geometry": { "type": "Point", "coordinates": [ 137.016931397068959, 35.211118664843909 ] } },
{ "type": "Feature", "properties": { "内容": "福祉用具あおぞら【福祉用具貸与】愛知県尾張旭市庄南町３－９－７事務所C室", "url": "https://www.kaigokensaku.mhlw.go.jp/23/index.php?action_kouhyou_detail_004_kani=true&JigyosyoCd=2374501944-00&ServiceCd=170&Type=search", "url2": "http://kaipoke.biz/f1w/" }, "geometry": { "type": "Point", "coordinates": [ 137.018592319183568, 35.198821432826819 ] } },
{ "type": "Feature", "properties": { "内容": "おしゃれセンターうらしま【福祉用具貸与】愛知県尾張旭市東名西町二丁目51番地", "url": "https://www.kaigokensaku.mhlw.go.jp/23/index.php?action_kouhyou_detail_004_kani=true&JigyosyoCd=2374501720-00&ServiceCd=170&Type=search", "url2": "http://support22.jp/" }, "geometry": { "type": "Point", "coordinates": [ 137.0096768585299, 35.205347683985686 ] } },
{ "type": "Feature", "properties": { "内容": "ケア・ファーム【福祉用具貸与】吉岡町一丁目１番地３", "url": "https://www.kaigokensaku.mhlw.go.jp/23/index.php?action_kouhyou_detail_004_kani=true&JigyosyoCd=2374502033-00&ServiceCd=170&Type=search", "url2": "http://hp.kaipoke.biz/995/" }, "geometry": { "type": "Point", "coordinates": [ 137.0230474, 35.201705300000015 ] } },
{ "type": "Feature", "properties": { "内容": "ｼﾞｮｲﾗｲﾌかのん【福祉用具貸与】愛知県岩倉市下本町下寺廻り", "url": "https://www.kaigokensaku.mhlw.go.jp/23/index.php?action_kouhyou_detail_004_kani=true&JigyosyoCd=2374700496-00&ServiceCd=170&Type=search", "url2": null }, "geometry": { "type": "Point", "coordinates": [ 136.874635679840168, 35.275232302484717 ] } },
{ "type": "Feature", "properties": { "内容": "ニチイケアセンター井ノ花【福祉用具貸与】愛知県豊明市三崎町高鴨９番地9", "url": "https://www.kaigokensaku.mhlw.go.jp/23/index.php?action_kouhyou_detail_004_kani=true&JigyosyoCd=2374800726-00&ServiceCd=170&Type=search", "url2": "https://www.nichiigakkan.co.jp" }, "geometry": { "type": "Point", "coordinates": [ 137.00765770000001, 35.0517793 ] } },
{ "type": "Feature", "properties": { "内容": "介護生活用品の専門店　“ふれあい”【福祉用具貸与】豊明市前後町鎗ケ名１８８５", "url": "https://www.kaigokensaku.mhlw.go.jp/23/index.php?action_kouhyou_detail_004_kani=true&JigyosyoCd=2374800031-00&ServiceCd=170&Type=search", "url2": "http://www.hureai.org/" }, "geometry": { "type": "Point", "coordinates": [ 137.000587, 35.0504374 ] } },
{ "type": "Feature", "properties": { "内容": "関谷株式会社　福祉用具貸与・販売事業部【福祉用具貸与】愛知県豊明市阿野町惣作13番地", "url": "https://www.kaigokensaku.mhlw.go.jp/23/index.php?action_kouhyou_detail_004_kani=true&JigyosyoCd=2374800676-00&ServiceCd=170&Type=search", "url2": null }, "geometry": { "type": "Point", "coordinates": [ 137.015946799999938, 35.0396335 ] } },
{ "type": "Feature", "properties": { "内容": "株式会社リーフレット【福祉用具貸与】愛知県日進市浅田町上小深田8番地59", "url": "https://www.kaigokensaku.mhlw.go.jp/23/index.php?action_kouhyou_detail_004_kani=true&JigyosyoCd=2374901136-00&ServiceCd=170&Type=search", "url2": null }, "geometry": { "type": "Point", "coordinates": [ 137.033123700000033, 35.1218528 ] } },
{ "type": "Feature", "properties": { "内容": "有限会社　わこう【福祉用具貸与】蟹甲町中島280番地３", "url": "https://www.kaigokensaku.mhlw.go.jp/23/index.php?action_kouhyou_detail_004_kani=true&JigyosyoCd=2374901037-00&ServiceCd=170&Type=search", "url2": "https://wakou-welfare.co.jp/" }, "geometry": { "type": "Point", "coordinates": [ 137.040250499999956, 35.1314849 ] } },
{ "type": "Feature", "properties": { "内容": "あいふるケアレンタルショップ【福祉用具貸与】愛知県田原市田原町殿町16-10", "url": "https://www.kaigokensaku.mhlw.go.jp/23/index.php?action_kouhyou_detail_004_kani=true&JigyosyoCd=2376600207-00&ServiceCd=170&Type=search", "url2": "http://www.aifurucare.com/" }, "geometry": { "type": "Point", "coordinates": [ 137.27018018318941, 34.671891771261869 ] } },
{ "type": "Feature", "properties": { "内容": "株式会社福祉の里　佐屋【福祉用具貸与】愛知県愛西市大野町未9番地", "url": "https://www.kaigokensaku.mhlw.go.jp/23/index.php?action_kouhyou_detail_004_kani=true&JigyosyoCd=2377200304-00&ServiceCd=170&Type=search", "url2": "http://www.fukushinosato.co.jp" }, "geometry": { "type": "Point", "coordinates": [ 136.764128600000049, 35.1280838 ] } },
{ "type": "Feature", "properties": { "内容": "松岡石油　ホームセンター福祉事業部【福祉用具貸与】愛知県清須市新清洲６丁目８－２６", "url": "https://www.kaigokensaku.mhlw.go.jp/23/index.php?action_kouhyou_detail_004_kani=true&JigyosyoCd=2377300633-00&ServiceCd=170&Type=search", "url2": null }, "geometry": { "type": "Point", "coordinates": [ 136.833471300000042, 35.205250451675042 ] } },
{ "type": "Feature", "properties": { "内容": "株式会社福祉用具ジェイエイ【福祉用具貸与】愛知県清須市春日西須ケ畑１０８番地１", "url": "https://www.kaigokensaku.mhlw.go.jp/23/index.php?action_kouhyou_detail_004_kani=true&JigyosyoCd=2377300161-00&ServiceCd=170&Type=search", "url2": "http://www.fukushiyogu-jeiei.jp" }, "geometry": { "type": "Point", "coordinates": [ 136.830749425194767, 35.243389698075966 ] } },
{ "type": "Feature", "properties": { "内容": "ニチイケアセンター尾張【福祉用具貸与】愛知県清須市春日落合324", "url": "https://www.kaigokensaku.mhlw.go.jp/23/index.php?action_kouhyou_detail_004_kani=true&JigyosyoCd=2375200835-00&ServiceCd=170&Type=search", "url2": "http://www.nichiigakkan.co.jp" }, "geometry": { "type": "Point", "coordinates": [ 136.836014, 35.2449424 ] } },
{ "type": "Feature", "properties": { "内容": "株式会社ＴＯＲＩ【福祉用具貸与】西枇杷島町城並2-11-1", "url": "https://www.kaigokensaku.mhlw.go.jp/23/index.php?action_kouhyou_detail_004_kani=true&JigyosyoCd=2377300229-00&ServiceCd=170&Type=search", "url2": "http://tori-seikei.jp/" }, "geometry": { "type": "Point", "coordinates": [ 136.869299327894652, 35.207428999965074 ] } },
{ "type": "Feature", "properties": { "内容": "ウェルビーイングホーム【福祉用具貸与】愛知県北名古屋市薬師寺村前２８番地", "url": "https://www.kaigokensaku.mhlw.go.jp/23/index.php?action_kouhyou_detail_004_kani=true&JigyosyoCd=2377400664-00&ServiceCd=170&Type=search", "url2": "http://www.wellbeing-home.jp/" }, "geometry": { "type": "Point", "coordinates": [ 136.878680700000018, 35.2631243 ] } },
{ "type": "Feature", "properties": { "内容": "ニコット【福祉用具貸与】愛知県北名古屋市薬師寺村前２８", "url": "https://www.kaigokensaku.mhlw.go.jp/23/index.php?action_kouhyou_detail_004_kani=true&JigyosyoCd=2377400870-00&ServiceCd=170&Type=search", "url2": null }, "geometry": { "type": "Point", "coordinates": [ 136.8786876, 35.2631378 ] } },
{ "type": "Feature", "properties": { "内容": "株式会社レンティック中部　介護ショップちゅーぶ北名古屋【福祉用具貸与】西之保西屋敷21番地3", "url": "https://www.kaigokensaku.mhlw.go.jp/23/index.php?action_kouhyou_detail_004_kani=true&JigyosyoCd=2377400904-00&ServiceCd=170&Type=search", "url2": "https://www.rentic-chubu.co.jp/" }, "geometry": { "type": "Point", "coordinates": [ 136.861410495106497, 35.243131290022355 ] } },
{ "type": "Feature", "properties": { "内容": "株式会社福祉の里　北名古屋【福祉用具貸与】愛知県北名古屋市山之腰天神東145", "url": "https://www.kaigokensaku.mhlw.go.jp/23/index.php?action_kouhyou_detail_004_kani=true&JigyosyoCd=2377400151-00&ServiceCd=170&Type=search", "url2": "http://www.fukushinosato.co.jp" }, "geometry": { "type": "Point", "coordinates": [ 136.847563145644017, 35.258842867966422 ] } },
{ "type": "Feature", "properties": { "内容": "中日本車いす株式会社【福祉用具貸与】愛知県北名古屋市片場六所６５番地の３", "url": "https://www.kaigokensaku.mhlw.go.jp/23/index.php?action_kouhyou_detail_004_kani=true&JigyosyoCd=2375200504-00&ServiceCd=170&Type=search", "url2": "http://" }, "geometry": { "type": "Point", "coordinates": [ 136.8907137, 35.2461297 ] } },
{ "type": "Feature", "properties": { "内容": "洸寿レンタルケア【福祉用具貸与】愛知県北名古屋市鹿田清水97番地", "url": "https://www.kaigokensaku.mhlw.go.jp/23/index.php?action_kouhyou_detail_004_kani=true&JigyosyoCd=2377400912-00&ServiceCd=170&Type=search", "url2": null }, "geometry": { "type": "Point", "coordinates": [ 136.87547330000001, 35.2515908 ] } },
{ "type": "Feature", "properties": { "内容": "ニック株式会社　尾張営業所【福祉用具貸与】愛知県北名古屋市弥勒寺東4-15", "url": "https://www.kaigokensaku.mhlw.go.jp/23/index.php?action_kouhyou_detail_004_kani=true&JigyosyoCd=2377400425-00&ServiceCd=170&Type=search", "url2": "http://www.nick-corp.com/" }, "geometry": { "type": "Point", "coordinates": [ 136.867016, 35.253256 ] } },
{ "type": "Feature", "properties": { "内容": "ヤガミホームヘルスセンター海南【福祉用具貸与】愛知県弥富市前ケ須町西勘助333･321", "url": "https://www.kaigokensaku.mhlw.go.jp/23/index.php?action_kouhyou_detail_004_kani=true&JigyosyoCd=2377500455-00&ServiceCd=170&Type=search", "url2": "https://www.yagami.co.jp/yhhc/" }, "geometry": { "type": "Point", "coordinates": [ 136.7255825, 35.1100439 ] } },
{ "type": "Feature", "properties": { "内容": "みなともmade【福祉用具貸与】愛知県弥富市鯏浦町西前新田４３番地", "url": "https://www.kaigokensaku.mhlw.go.jp/23/index.php?action_kouhyou_detail_004_kani=true&JigyosyoCd=2377500497-00&ServiceCd=170&Type=search", "url2": "https://minatomo.net/" }, "geometry": { "type": "Point", "coordinates": [ 136.729113500000011, 35.1139029 ] } },
{ "type": "Feature", "properties": { "内容": "有限会社えんプラニング【福祉用具貸与】愛知県みよし市莇生町郷87-2", "url": "https://www.kaigokensaku.mhlw.go.jp/23/index.php?action_kouhyou_detail_004_kani=true&JigyosyoCd=2376100414-00&ServiceCd=170&Type=search", "url2": "http://enplan-osj.web.officelive.com" }, "geometry": { "type": "Point", "coordinates": [ 137.101515100000029, 35.0990679 ] } },
{ "type": "Feature", "properties": { "内容": "福祉用具ゆうあい【福祉用具貸与】愛知県あま市新居屋鶴田14番地", "url": "https://www.kaigokensaku.mhlw.go.jp/23/index.php?action_kouhyou_detail_004_kani=true&JigyosyoCd=2377600867-00&ServiceCd=170&Type=search", "url2": null }, "geometry": { "type": "Point", "coordinates": [ 136.810734599999932, 35.1991944 ] } },
{ "type": "Feature", "properties": { "内容": "福祉用具販売・レンタル　くすのきパパ【福祉用具貸与】甚目寺桑丸57番地7", "url": "https://www.kaigokensaku.mhlw.go.jp/23/index.php?action_kouhyou_detail_004_kani=true&JigyosyoCd=2377601220-00&ServiceCd=170&Type=search", "url2": null }, "geometry": { "type": "Point", "coordinates": [ 136.819258799999943, 35.19119 ] } },
{ "type": "Feature", "properties": { "内容": "旭コンステック株式会社　ライフケアセンター【福祉用具貸与】あま市乙之子八反田12", "url": "https://www.kaigokensaku.mhlw.go.jp/23/index.php?action_kouhyou_detail_004_kani=true&JigyosyoCd=2375601883-00&ServiceCd=170&Type=search", "url2": "http://www.asachunet.co.jp/" }, "geometry": { "type": "Point", "coordinates": [ 136.781843500000036, 35.1754749 ] } },
{ "type": "Feature", "properties": { "内容": "株式会社エンネルグ　福祉用具事業部【福祉用具貸与】あま市森二丁目6-5", "url": "https://www.kaigokensaku.mhlw.go.jp/23/index.php?action_kouhyou_detail_004_kani=true&JigyosyoCd=2377600685-00&ServiceCd=170&Type=search", "url2": "http://www/nyereg.co.jp" }, "geometry": { "type": "Point", "coordinates": [ 136.813156400000025, 35.2083128 ] } },
{ "type": "Feature", "properties": { "内容": "ハート医科レンタルサービス【福祉用具貸与】愛知県あま市七宝町桂親田２０２７番地", "url": "https://www.kaigokensaku.mhlw.go.jp/23/index.php?action_kouhyou_detail_004_kani=true&JigyosyoCd=2375601461-00&ServiceCd=170&Type=search", "url2": "http://www.heart-medical.co.jp" }, "geometry": { "type": "Point", "coordinates": [ 136.799580600000013, 35.1716313 ] } },
{ "type": "Feature", "properties": { "内容": "USD福祉用具サービス【福祉用具貸与】愛知県あま市木田飛江ノ見74-5", "url": "https://www.kaigokensaku.mhlw.go.jp/23/index.php?action_kouhyou_detail_004_kani=true&JigyosyoCd=2375601388-00&ServiceCd=170&Type=search", "url2": "http://" }, "geometry": { "type": "Point", "coordinates": [ 136.786532686646979, 35.191860334104824 ] } },
{ "type": "Feature", "properties": { "内容": "株式会社　メディカル加藤【福祉用具貸与】愛知県あま市方領屋敷１８５－２", "url": "https://www.kaigokensaku.mhlw.go.jp/23/index.php?action_kouhyou_detail_004_kani=true&JigyosyoCd=2375600448-00&ServiceCd=170&Type=search", "url2": "http://www.medicalkatou.com" }, "geometry": { "type": "Point", "coordinates": [ 136.816106, 35.2114875 ] } },
{ "type": "Feature", "properties": { "内容": "名古屋介護リフォームサービス【福祉用具貸与】愛知県長久手市砂子７２３(株)エバーブルーコーポレーション", "url": "https://www.kaigokensaku.mhlw.go.jp/23/index.php?action_kouhyou_detail_004_kani=true&JigyosyoCd=2375001134-00&ServiceCd=170&Type=search", "url2": "http://www.everblue.co.jo/nagoyakaigo" }, "geometry": { "type": "Point", "coordinates": [ 137.046982100000037, 35.1676802 ] } },
{ "type": "Feature", "properties": { "内容": "ハートフルハウス福祉用具貸与事業所【福祉用具貸与】愛知県長久手市草掛4-1", "url": "https://www.kaigokensaku.mhlw.go.jp/23/index.php?action_kouhyou_detail_004_kani=true&JigyosyoCd=2375000169-00&ServiceCd=170&Type=search", "url2": "http://heartful-house.com" }, "geometry": { "type": "Point", "coordinates": [ 137.032710433668484, 35.191579088941118 ] } },
{ "type": "Feature", "properties": { "内容": "ケアレンタルHANA【福祉用具貸与】愛知県愛知郡東郷町春木上池田3409-1", "url": "https://www.kaigokensaku.mhlw.go.jp/23/index.php?action_kouhyou_detail_004_kani=true&JigyosyoCd=2375001472-00&ServiceCd=170&Type=search", "url2": null }, "geometry": { "type": "Point", "coordinates": [ 137.044391, 35.0818218 ] } },
{ "type": "Feature", "properties": { "内容": "洸寿レンタルケア【福祉用具貸与】愛知県西春日井郡豊山町大字豊場字諏訪115-1", "url": "https://www.kaigokensaku.mhlw.go.jp/23/index.php?action_kouhyou_detail_004_kani=true&JigyosyoCd=2375201171-00&ServiceCd=170&Type=search", "url2": null }, "geometry": { "type": "Point", "coordinates": [ 136.916615, 35.2459047 ] } },
{ "type": "Feature", "properties": { "内容": "オランジュ福祉サービスYONO【福祉用具貸与】愛知県丹羽郡大口町余野6丁目177セントエルモ101号室", "url": "https://www.kaigokensaku.mhlw.go.jp/23/index.php?action_kouhyou_detail_004_kani=true&JigyosyoCd=2375300791-00&ServiceCd=170&Type=search", "url2": "https://www.3leaves.co.jp/cRental.html" }, "geometry": { "type": "Point", "coordinates": [ 136.90234190000001, 35.3410292 ] } },
{ "type": "Feature", "properties": { "内容": "ケアフォレスト【福祉用具貸与】愛知県丹羽郡扶桑町柏森中島400番地　2F", "url": "https://www.kaigokensaku.mhlw.go.jp/23/index.php?action_kouhyou_detail_004_kani=true&JigyosyoCd=2375300510-00&ServiceCd=170&Type=search", "url2": null }, "geometry": { "type": "Point", "coordinates": [ 136.89543679999997, 35.3473509 ] } },
{ "type": "Feature", "properties": { "内容": "オランジュ福祉サービス【福祉用具貸与】愛知県海部郡大治町大字長牧字油10Charmant101号室", "url": "https://www.kaigokensaku.mhlw.go.jp/23/index.php?action_kouhyou_detail_004_kani=true&JigyosyoCd=2375602337-00&ServiceCd=170&Type=search", "url2": null }, "geometry": { "type": "Point", "coordinates": [ 136.834129699999949, 35.1843411 ] } },
{ "type": "Feature", "properties": { "内容": "株式会社レンティック中部　介護ショップちゅーぶ名古屋【福祉用具貸与】愛知県海部郡大治町花常伊勢田６番地", "url": "https://www.kaigokensaku.mhlw.go.jp/23/index.php?action_kouhyou_detail_004_kani=true&JigyosyoCd=2375601636-00&ServiceCd=170&Type=search", "url2": "http://rentic-chubu.co.jp" }, "geometry": { "type": "Point", "coordinates": [ 136.822428, 35.186799 ] } },
{ "type": "Feature", "properties": { "内容": "ライフサポート志【福祉用具貸与】愛知県海部郡蟹江町大字今字川東下６番地５シティハイム伊藤103", "url": "https://www.kaigokensaku.mhlw.go.jp/23/index.php?action_kouhyou_detail_004_kani=true&JigyosyoCd=2375602535-00&ServiceCd=170&Type=search", "url2": "http://hp.kaipoke.biz/f61/159385/index_0005.html" }, "geometry": { "type": "Point", "coordinates": [ 136.790579799999989, 35.1380323 ] } },
{ "type": "Feature", "properties": { "内容": "介護ショップ　夢尽心【福祉用具貸与】愛知県海部郡蟹江町南二丁目202", "url": "https://www.kaigokensaku.mhlw.go.jp/23/index.php?action_kouhyou_detail_004_kani=true&JigyosyoCd=2375602550-00&ServiceCd=170&Type=search", "url2": "https://sachikoma-kaigo.com" }, "geometry": { "type": "Point", "coordinates": [ 136.792061600000011, 35.107480199999983 ] } },
{ "type": "Feature", "properties": { "内容": "ケアサポートびざん【福祉用具貸与】愛知県知多郡東浦町大字藤江字仏118番地の5", "url": "https://www.kaigokensaku.mhlw.go.jp/23/index.php?action_kouhyou_detail_004_kani=true&JigyosyoCd=2375702509-00&ServiceCd=170&Type=search", "url2": "https://bizan-inc.com/" }, "geometry": { "type": "Point", "coordinates": [ 136.959140568122848, 34.948028573934003 ] } },
{ "type": "Feature", "properties": { "内容": "まひゆけ福祉用具貸与事業所【福祉用具貸与】愛知県知多郡南知多町山海屋敷９３", "url": "https://www.kaigokensaku.mhlw.go.jp/23/index.php?action_kouhyou_detail_004_kani=true&JigyosyoCd=2375701071-00&ServiceCd=170&Type=search", "url2": "http://" }, "geometry": { "type": "Point", "coordinates": [ 136.896183800000017, 34.7211758 ] } },
{ "type": "Feature", "properties": { "内容": "アイム・エイム【福祉用具貸与】愛知県知多郡南知多町内海北脇29", "url": "https://www.kaigokensaku.mhlw.go.jp/23/index.php?action_kouhyou_detail_004_kani=true&JigyosyoCd=2375701055-00&ServiceCd=170&Type=search", "url2": "https://www.iam-aim.jp.net" }, "geometry": { "type": "Point", "coordinates": [ 136.876785400000017, 34.7434644 ] } },
{ "type": "Feature", "properties": { "内容": "ゆいの介護【福祉用具貸与】愛知県知多郡武豊町大字東大高字浦之島34-1", "url": "https://www.kaigokensaku.mhlw.go.jp/23/index.php?action_kouhyou_detail_004_kani=true&JigyosyoCd=2375702558-00&ServiceCd=170&Type=search", "url2": null }, "geometry": { "type": "Point", "coordinates": [ 136.9203997, 34.8341599 ] } },
{ "type": "Feature", "properties": { "内容": "福祉・介護用品ウィル【福祉用具貸与】知多郡武豊町字平井五丁目27番地", "url": "https://www.kaigokensaku.mhlw.go.jp/23/index.php?action_kouhyou_detail_004_kani=true&JigyosyoCd=2375701394-00&ServiceCd=170&Type=search", "url2": "http://www.will-i.co.jp/" }, "geometry": { "type": "Point", "coordinates": [ 136.905490399999962, 34.8608133 ] } },
{ "type": "Feature", "properties": { "内容": "福祉用具貸与事業所ジェイケア【福祉用具貸与】愛知県知多郡武豊町若宮153", "url": "https://www.kaigokensaku.mhlw.go.jp/23/index.php?action_kouhyou_detail_004_kani=true&JigyosyoCd=2375702343-00&ServiceCd=170&Type=search", "url2": "https://www.jcare-group.com/" }, "geometry": { "type": "Point", "coordinates": [ 136.918726293985912, 34.86070345508341 ] } },
{ "type": "Feature", "properties": { "内容": "福祉用具サポート葵【福祉用具貸与】愛知県額田郡幸田町坂崎字西長根25-1セラヴィ坂崎508号室", "url": "https://www.kaigokensaku.mhlw.go.jp/23/index.php?action_kouhyou_detail_004_kani=true&JigyosyoCd=2376000796-00&ServiceCd=170&Type=search", "url2": null }, "geometry": { "type": "Point", "coordinates": [ 137.1732692, 34.9065039 ] } },
{ "type": "Feature", "properties": { "内容": "たいよう【福祉用具貸与】額田郡幸田町大字芦谷字毛倉37-1", "url": "https://www.kaigokensaku.mhlw.go.jp/23/index.php?action_kouhyou_detail_004_kani=true&JigyosyoCd=2376000127-00&ServiceCd=170&Type=search", "url2": "http://" }, "geometry": { "type": "Point", "coordinates": [ 137.163806499999964, 34.8577814 ] } },
{ "type": "Feature", "properties": { "内容": "福祉用具いさか【福祉用具貸与】愛知県額田郡幸田町芦谷毛倉70番地1", "url": "https://www.kaigokensaku.mhlw.go.jp/23/index.php?action_kouhyou_detail_004_kani=true&JigyosyoCd=2376000879-00&ServiceCd=170&Type=search", "url2": null }, "geometry": { "type": "Point", "coordinates": [ 137.1633454, 34.8613139 ] } },
{ "type": "Feature", "properties": { "内容": "ダスキンヘルスレント岡崎幸田ステーション【福祉用具貸与】愛知県額田郡幸田町大字菱池字下田22番1", "url": "https://www.kaigokensaku.mhlw.go.jp/23/index.php?action_kouhyou_detail_004_kani=true&JigyosyoCd=2376000754-00&ServiceCd=170&Type=search", "url2": "https://healthrent.duskin.jp/station/aichi/okazakikota.html" }, "geometry": { "type": "Point", "coordinates": [ 137.1685071, 34.8679165 ] } },
{ "type": "Feature", "properties": { "内容": "有限会社やまだ屋【福祉用具貸与】愛知県北設楽郡設楽町田口字細田１番地の３", "url": "https://www.kaigokensaku.mhlw.go.jp/23/index.php?action_kouhyou_detail_004_kani=true&JigyosyoCd=2376300410-00&ServiceCd=170&Type=search", "url2": null }, "geometry": { "type": "Point", "coordinates": [ 137.572069699999929, 35.0979883 ] } }
]
}
