{
"type": "FeatureCollection",
"name": "geo_23_訪問看護",
"crs": { "type": "name", "properties": { "name": "urn:ogc:def:crs:OGC:1.3:CRS84" } },
"features": [
{ "type": "Feature", "properties": { "内容": "佐久間医院【訪問看護】愛知県名古屋市千種区朝岡町２－１", "url": "https://www.kaigokensaku.mhlw.go.jp/23/index.php?action_kouhyou_detail_004_kani=true&JigyosyoCd=2310103086-00&ServiceCd=130&Type=search", "url2": null }, "geometry": { "type": "Point", "coordinates": [ 136.966121, 35.1625375 ] } },
{ "type": "Feature", "properties": { "内容": "ちくさセントラルクリニック【訪問看護】愛知県名古屋市千種区今池4-401玉置ビル２階", "url": "https://www.kaigokensaku.mhlw.go.jp/23/index.php?action_kouhyou_detail_004_kani=true&JigyosyoCd=2310104621-00&ServiceCd=130&Type=search", "url2": "http://chikusacentral-clinic.jp/" }, "geometry": { "type": "Point", "coordinates": [ 136.9384814, 35.1692328 ] } },
{ "type": "Feature", "properties": { "内容": "吹上よろづ訪問看護ステーション【訪問看護】愛知県名古屋市千種区今池三丁目13番10号清和ハイツ102号", "url": "https://www.kaigokensaku.mhlw.go.jp/23/index.php?action_kouhyou_detail_004_kani=true&JigyosyoCd=2360190371-00&ServiceCd=130&Type=search", "url2": "http://nukumoa.jp/" }, "geometry": { "type": "Point", "coordinates": [ 136.936045599999943, 35.1656138 ] } },
{ "type": "Feature", "properties": { "内容": "めぐらす訪問看護内山【訪問看護】愛知県名古屋市千種区内山二丁目16番3号", "url": "https://www.kaigokensaku.mhlw.go.jp/23/index.php?action_kouhyou_detail_004_kani=true&JigyosyoCd=2360190363-00&ServiceCd=130&Type=search", "url2": "https://meglus.co.jp/" }, "geometry": { "type": "Point", "coordinates": [ 136.9395257, 35.1713354 ] } },
{ "type": "Feature", "properties": { "内容": "愛知県名古屋市千種区今池5丁目19-12　７階【訪問看護】愛知県名古屋市千種区今池5丁目１９－１２７階", "url": "https://www.kaigokensaku.mhlw.go.jp/23/index.php?action_kouhyou_detail_004_kani=true&JigyosyoCd=2360190462-00&ServiceCd=130&Type=search", "url2": null }, "geometry": { "type": "Point", "coordinates": [ 136.938763200000039, 35.1667343 ] } },
{ "type": "Feature", "properties": { "内容": "くらしケア名古屋訪問看護ステーション【訪問看護】愛知県名古屋市千種区小松町6丁目11番地3OS・SKYマンションレスカール大久手201号室", "url": "https://www.kaigokensaku.mhlw.go.jp/23/index.php?action_kouhyou_detail_004_kani=true&JigyosyoCd=2360190421-00&ServiceCd=130&Type=search", "url2": "http://www.kurashicare.co.jp/" }, "geometry": { "type": "Point", "coordinates": [ 136.937162299999954, 35.160573429307 ] } },
{ "type": "Feature", "properties": { "内容": "訪問看護ステーションデューン名古屋【訪問看護】愛知県名古屋市千種区今池５丁目1-5名古屋センタープラザビル11階1104号室", "url": "https://www.kaigokensaku.mhlw.go.jp/23/index.php?action_kouhyou_detail_004_kani=true&JigyosyoCd=2360190165-00&ServiceCd=130&Type=search", "url2": "http://www.nfield.co.jp" }, "geometry": { "type": "Point", "coordinates": [ 136.937317943130438, 35.168694860054991 ] } },
{ "type": "Feature", "properties": { "内容": "訪問看護　リンク【訪問看護】霞ヶ丘2丁目9番1号霞ヶ丘コーポラス208", "url": "https://www.kaigokensaku.mhlw.go.jp/23/index.php?action_kouhyou_detail_004_kani=true&JigyosyoCd=2360190603-00&ServiceCd=130&Type=search", "url2": null }, "geometry": { "type": "Point", "coordinates": [ 136.965991593254103, 35.178171077484414 ] } },
{ "type": "Feature", "properties": { "内容": "ちくさ病院　訪問看護【訪問看護】愛知県名古屋市千種区今池南４番１号", "url": "https://www.kaigokensaku.mhlw.go.jp/23/index.php?action_kouhyou_detail_004_kani=true&JigyosyoCd=2310102021-00&ServiceCd=130&Type=search", "url2": "https://www.chikusa.or.jp/" }, "geometry": { "type": "Point", "coordinates": [ 136.9379424, 35.1652097 ] } },
{ "type": "Feature", "properties": { "内容": "Yくまーず訪問看護ステーション【訪問看護】丸山町1丁目47番地野村覚王山ヒルズ６０１号", "url": "https://www.kaigokensaku.mhlw.go.jp/23/index.php?action_kouhyou_detail_004_kani=true&JigyosyoCd=2360190637-00&ServiceCd=130&Type=search", "url2": "https://www.ykuma-mirai.com/" }, "geometry": { "type": "Point", "coordinates": [ 137.148465, 35.066646 ] } },
{ "type": "Feature", "properties": { "内容": "ナースセンター千種【訪問看護】愛知県名古屋市千種区南明町1丁目１１番地パーク南明501号", "url": "https://www.kaigokensaku.mhlw.go.jp/23/index.php?action_kouhyou_detail_004_kani=true&JigyosyoCd=2360190447-00&ServiceCd=130&Type=search", "url2": null }, "geometry": { "type": "Point", "coordinates": [ 136.944275599999969, 35.1608953 ] } },
{ "type": "Feature", "properties": { "内容": "訪問看護ステーション夢眠ちくさこうえん【訪問看護】愛知県名古屋市千種区松軒2丁目5番24号", "url": "https://www.kaigokensaku.mhlw.go.jp/23/index.php?action_kouhyou_detail_004_kani=true&JigyosyoCd=2360190470-00&ServiceCd=130&Type=search", "url2": null }, "geometry": { "type": "Point", "coordinates": [ 136.940416408213054, 35.1795466906568 ] } },
{ "type": "Feature", "properties": { "内容": "訪問看護ステーション夢眠いまいけ【訪問看護】愛知県名古屋市千種区今池3丁目15番6号", "url": "https://www.kaigokensaku.mhlw.go.jp/23/index.php?action_kouhyou_detail_004_kani=true&JigyosyoCd=2360190488-00&ServiceCd=130&Type=search", "url2": null }, "geometry": { "type": "Point", "coordinates": [ 136.934840300000019, 35.1652467 ] } },
{ "type": "Feature", "properties": { "内容": "ＳＯＭＰＯケア　名古屋　訪問看護【訪問看護】愛知県名古屋市千種区仲田2丁目14-16G1ビル池下オフィス3階", "url": "https://www.kaigokensaku.mhlw.go.jp/23/index.php?action_kouhyou_detail_004_kani=true&JigyosyoCd=2360190348-00&ServiceCd=130&Type=search", "url2": "https://www.sompocare.com" }, "geometry": { "type": "Point", "coordinates": [ 136.942608800000016, 35.1690859 ] } },
{ "type": "Feature", "properties": { "内容": "ナースケア　アイリスちくさ内山【訪問看護】愛知県名古屋市千種区内山二丁目13番16号", "url": "https://www.kaigokensaku.mhlw.go.jp/23/index.php?action_kouhyou_detail_004_kani=true&JigyosyoCd=2360190181-00&ServiceCd=130&Type=search", "url2": null }, "geometry": { "type": "Point", "coordinates": [ 136.939853399999947, 35.1715409 ] } },
{ "type": "Feature", "properties": { "内容": "ジュニパー訪問看護ステーション【訪問看護】松竹町1丁目12番地エクセルメゾン本山101", "url": "https://www.kaigokensaku.mhlw.go.jp/23/index.php?action_kouhyou_detail_004_kani=true&JigyosyoCd=2360190678-00&ServiceCd=130&Type=search", "url2": "https://www.juniperberry.co.jp/" }, "geometry": { "type": "Point", "coordinates": [ 136.960799, 35.1640849 ] } },
{ "type": "Feature", "properties": { "内容": "医療法人社団エルム　伊藤クリニック【訪問看護】愛知県名古屋市千種区内山3-31-18Tスクエア2F", "url": "https://www.kaigokensaku.mhlw.go.jp/23/index.php?action_kouhyou_detail_004_kani=true&JigyosyoCd=2310104795-00&ServiceCd=130&Type=search", "url2": "http://www.itoclinic.net/" }, "geometry": { "type": "Point", "coordinates": [ 136.9353113, 35.1696883 ] } },
{ "type": "Feature", "properties": { "内容": "訪問看護ステーション「トント」【訪問看護】愛知県名古屋市千種区茶屋坂通２－１４", "url": "https://www.kaigokensaku.mhlw.go.jp/23/index.php?action_kouhyou_detail_004_kani=true&JigyosyoCd=2360190082-00&ServiceCd=130&Type=search", "url2": "http://www.mohs.co.jp/" }, "geometry": { "type": "Point", "coordinates": [ 136.956754400000023, 35.1828735 ] } },
{ "type": "Feature", "properties": { "内容": "訪問看護ステーションあんじゅ【訪問看護】愛知県名古屋市千種区日岡町三丁目1番6号ナーシング和楽縁1F", "url": "https://www.kaigokensaku.mhlw.go.jp/23/index.php?action_kouhyou_detail_004_kani=true&JigyosyoCd=2360190256-00&ServiceCd=130&Type=search", "url2": "http://www.gazelle-inc.com/" }, "geometry": { "type": "Point", "coordinates": [ 136.9464921, 35.159229 ] } },
{ "type": "Feature", "properties": { "内容": "訪問看護ステーションまはろ【訪問看護】宮根台1丁目3番37号ナーシング和楽縁ちくさ", "url": "https://www.kaigokensaku.mhlw.go.jp/23/index.php?action_kouhyou_detail_004_kani=true&JigyosyoCd=2360190389-00&ServiceCd=130&Type=search", "url2": "http://www.gazelle-inc.com" }, "geometry": { "type": "Point", "coordinates": [ 136.979389, 35.1876926 ] } },
{ "type": "Feature", "properties": { "内容": "ソフィアメディ訪問看護ステーション千種【訪問看護】萱場2-6-5ベルメゾンヨネヅ１Ａ", "url": "https://www.kaigokensaku.mhlw.go.jp/23/index.php?action_kouhyou_detail_004_kani=true&JigyosyoCd=2360190454-00&ServiceCd=130&Type=search", "url2": "http://www.sofiamedi.co.jp/" }, "geometry": { "type": "Point", "coordinates": [ 136.945545850401345, 35.183338057284153 ] } },
{ "type": "Feature", "properties": { "内容": "ナースコール千種【訪問看護】愛知県名古屋市千種区上野一丁目2番7号ファミリー・ホスピスOASIS千種", "url": "https://www.kaigokensaku.mhlw.go.jp/23/index.php?action_kouhyou_detail_004_kani=true&JigyosyoCd=2360190546-00&ServiceCd=130&Type=search", "url2": "https://nc-service.net" }, "geometry": { "type": "Point", "coordinates": [ 136.9520585, 35.1824159 ] } },
{ "type": "Feature", "properties": { "内容": "KSK看護ステーション【訪問看護】愛知県名古屋市今池5-1-5名古屋センタープラザビル302号室", "url": "https://www.kaigokensaku.mhlw.go.jp/23/index.php?action_kouhyou_detail_004_kani=true&JigyosyoCd=2360190264-00&ServiceCd=130&Type=search", "url2": null }, "geometry": { "type": "Point", "coordinates": [ 136.937406042513629, 35.16864778524549 ] } },
{ "type": "Feature", "properties": { "内容": "訪問看護ステーション　りぽっけ【訪問看護】愛知県名古屋市千種区内山2丁目6-14神田マンション1階東", "url": "https://www.kaigokensaku.mhlw.go.jp/23/index.php?action_kouhyou_detail_004_kani=true&JigyosyoCd=2360190306-00&ServiceCd=130&Type=search", "url2": "http://www.itotsu-tec.co.jp/repocket" }, "geometry": { "type": "Point", "coordinates": [ 136.939442263270365, 35.173044995690404 ] } },
{ "type": "Feature", "properties": { "内容": "ぬくケア覚王山訪問看護【訪問看護】愛知県名古屋市千種区川崎町1-48アイシア覚王山", "url": "https://www.kaigokensaku.mhlw.go.jp/23/index.php?action_kouhyou_detail_004_kani=true&JigyosyoCd=2360190215-00&ServiceCd=130&Type=search", "url2": "http://nukumoa.jp/" }, "geometry": { "type": "Point", "coordinates": [ 136.955834011639354, 35.159709229146976 ] } },
{ "type": "Feature", "properties": { "内容": "エム・ケア訪問看護ステーション【訪問看護】名古屋市千種区田代本通1-18", "url": "https://www.kaigokensaku.mhlw.go.jp/23/index.php?action_kouhyou_detail_004_kani=true&JigyosyoCd=2360190199-00&ServiceCd=130&Type=search", "url2": "http://m-care.net/mcare/" }, "geometry": { "type": "Point", "coordinates": [ 136.955985599999963, 35.1640289 ] } },
{ "type": "Feature", "properties": { "内容": "みんなのかかりつけ訪問看護ステーション千種【訪問看護】愛知県名古屋市千種区内山三丁目12番18号ラピス・ラズリ403号室", "url": "https://www.kaigokensaku.mhlw.go.jp/23/index.php?action_kouhyou_detail_004_kani=true&JigyosyoCd=2360190496-00&ServiceCd=130&Type=search", "url2": "https://kakaritsuke.co.jp/" }, "geometry": { "type": "Point", "coordinates": [ 136.9342829, 35.1704948 ] } },
{ "type": "Feature", "properties": { "内容": "訪問看護ステーションちよだ【訪問看護】愛知県名古屋市千種区千代田橋１－１－１", "url": "https://www.kaigokensaku.mhlw.go.jp/23/index.php?action_kouhyou_detail_004_kani=true&JigyosyoCd=2360190041-00&ServiceCd=130&Type=search", "url2": "https://www.toukaihosp.jp" }, "geometry": { "type": "Point", "coordinates": [ 136.966584199999943, 35.1870675 ] } },
{ "type": "Feature", "properties": { "内容": "ちくさ病院訪問看護ステーション【訪問看護】今池南2番12号", "url": "https://www.kaigokensaku.mhlw.go.jp/23/index.php?action_kouhyou_detail_004_kani=true&JigyosyoCd=2360190579-00&ServiceCd=130&Type=search", "url2": null }, "geometry": { "type": "Point", "coordinates": [ 136.937487299999987, 35.1658517 ] } },
{ "type": "Feature", "properties": { "内容": "訪問看護ステーション　ガジュマル【訪問看護】御影町1-12", "url": "https://www.kaigokensaku.mhlw.go.jp/23/index.php?action_kouhyou_detail_004_kani=true&JigyosyoCd=2360190595-00&ServiceCd=130&Type=search", "url2": null }, "geometry": { "type": "Point", "coordinates": [ 136.6427112, 36.56361 ] } },
{ "type": "Feature", "properties": { "内容": "Footage訪問看護ステーション千種【訪問看護】愛知県名古屋市千種区今池3丁目18-3", "url": "https://www.kaigokensaku.mhlw.go.jp/23/index.php?action_kouhyou_detail_004_kani=true&JigyosyoCd=2360190439-00&ServiceCd=130&Type=search", "url2": "https://footage.nagoya" }, "geometry": { "type": "Point", "coordinates": [ 136.94568090000007, 35.1646061 ] } },
{ "type": "Feature", "properties": { "内容": "訪問看護ステーションみるもあ【訪問看護】仲田1-2-19ｆメゾン仲田1　2階", "url": "https://www.kaigokensaku.mhlw.go.jp/23/index.php?action_kouhyou_detail_004_kani=true&JigyosyoCd=2360190314-00&ServiceCd=130&Type=search", "url2": "https://care-net.biz/23/mirmore/" }, "geometry": { "type": "Point", "coordinates": [ 136.941832770734891, 35.17505287216629 ] } },
{ "type": "Feature", "properties": { "内容": "株式会社　なごやか福来朗【訪問看護】名古屋市千種区清明山1-2-6", "url": "https://www.kaigokensaku.mhlw.go.jp/23/index.php?action_kouhyou_detail_004_kani=true&JigyosyoCd=2360190355-00&ServiceCd=130&Type=search", "url2": null }, "geometry": { "type": "Point", "coordinates": [ 136.948505549073843, 35.183098828620942 ] } },
{ "type": "Feature", "properties": { "内容": "訪問看護ステーションにじ【訪問看護】愛知県名古屋市千種区春岡通6丁目9番地3キャッスルミニ春岡50B", "url": "https://www.kaigokensaku.mhlw.go.jp/23/index.php?action_kouhyou_detail_004_kani=true&JigyosyoCd=2360190140-00&ServiceCd=130&Type=search", "url2": null }, "geometry": { "type": "Point", "coordinates": [ 136.939248300000031, 35.1585232 ] } },
{ "type": "Feature", "properties": { "内容": "訪問看護ステーションfamiliar【訪問看護】本山町2丁目45番地エンゼル本山105号室", "url": "https://www.kaigokensaku.mhlw.go.jp/23/index.php?action_kouhyou_detail_004_kani=true&JigyosyoCd=2360190694-00&ServiceCd=130&Type=search", "url2": "https://familiar-ns.jp/home-page" }, "geometry": { "type": "Point", "coordinates": [ 136.9644198, 35.1658338 ] } },
{ "type": "Feature", "properties": { "内容": "訪問看護ステーション彩【訪問看護】勢子坊三丁目513番地KATOⅡ105", "url": "https://www.kaigokensaku.mhlw.go.jp/23/index.php?action_kouhyou_detail_004_kani=true&JigyosyoCd=2361590884-00&ServiceCd=130&Type=search", "url2": null }, "geometry": { "type": "Point", "coordinates": [ 137.017461, 35.1616021 ] } },
{ "type": "Feature", "properties": { "内容": "名古屋市千種区訪問看護ステーション【訪問看護】愛知県名古屋市千種区西崎町２丁目４番地の１千種区在宅サービスセンター内", "url": "https://www.kaigokensaku.mhlw.go.jp/23/index.php?action_kouhyou_detail_004_kani=true&JigyosyoCd=2360190017-00&ServiceCd=130&Type=search", "url2": "https://www.nrs.or.jp" }, "geometry": { "type": "Point", "coordinates": [ 136.9563134, 35.1616153 ] } },
{ "type": "Feature", "properties": { "内容": "クリーンハート訪問看護ステーション千種【訪問看護】愛知県名古屋市千種区今池3丁目21番5号", "url": "https://www.kaigokensaku.mhlw.go.jp/23/index.php?action_kouhyou_detail_004_kani=true&JigyosyoCd=2360190652-00&ServiceCd=130&Type=search", "url2": "https://kurinheart-houmon.webnode.jp/" }, "geometry": { "type": "Point", "coordinates": [ 136.9333728, 35.1647605 ] } },
{ "type": "Feature", "properties": { "内容": "訪問看護ステーション太陽・千種【訪問看護】愛知県名古屋市千種区千種二丁目３番24号サンエースビル３階", "url": "https://www.kaigokensaku.mhlw.go.jp/23/index.php?action_kouhyou_detail_004_kani=true&JigyosyoCd=2360190132-00&ServiceCd=130&Type=search", "url2": "http://www.med-junseikai.or.jp" }, "geometry": { "type": "Point", "coordinates": [ 136.92545294190711, 35.163553002325806 ] } },
{ "type": "Feature", "properties": { "内容": "訪問看護はなのき　春岡【訪問看護】愛知県名古屋市千種区春岡二丁目3番18号", "url": "https://www.kaigokensaku.mhlw.go.jp/23/index.php?action_kouhyou_detail_004_kani=true&JigyosyoCd=2360190645-00&ServiceCd=130&Type=search", "url2": "https://ktc-hananoki.com/" }, "geometry": { "type": "Point", "coordinates": [ 136.9412608, 35.1634937 ] } },
{ "type": "Feature", "properties": { "内容": "ファンファーレ訪問看護【訪問看護】星が丘元町15番19号星が丘GODIVA501", "url": "https://www.kaigokensaku.mhlw.go.jp/23/index.php?action_kouhyou_detail_004_kani=true&JigyosyoCd=2360190702-00&ServiceCd=130&Type=search", "url2": "https://belcris.jp/" }, "geometry": { "type": "Point", "coordinates": [ 136.986430201466334, 35.162364341324569 ] } },
{ "type": "Feature", "properties": { "内容": "訪問看護ステーションえびす【訪問看護】愛知県名古屋市千種区橋本町3丁目26番地グランドール本山3C号室", "url": "https://www.kaigokensaku.mhlw.go.jp/23/index.php?action_kouhyou_detail_004_kani=true&JigyosyoCd=2360190587-00&ServiceCd=130&Type=search", "url2": null }, "geometry": { "type": "Point", "coordinates": [ 136.966381, 35.1637027 ] } },
{ "type": "Feature", "properties": { "内容": "訪問看護ステーションSocialGoodCare【訪問看護】愛知県名古屋市千種区今池五丁目2番6号今池センタービル4F", "url": "https://www.kaigokensaku.mhlw.go.jp/23/index.php?action_kouhyou_detail_004_kani=true&JigyosyoCd=2360190686-00&ServiceCd=130&Type=search", "url2": null }, "geometry": { "type": "Point", "coordinates": [ 136.9383288, 35.1684844 ] } },
{ "type": "Feature", "properties": { "内容": "大幸砂田橋ブランチクリニック訪問看護【訪問看護】愛知県名古屋市東区大幸4丁目16-23", "url": "https://www.kaigokensaku.mhlw.go.jp/23/index.php?action_kouhyou_detail_004_kani=true&JigyosyoCd=2310202805-00&ServiceCd=130&Type=search", "url2": null }, "geometry": { "type": "Point", "coordinates": [ 136.9547794, 35.1889253 ] } },
{ "type": "Feature", "properties": { "内容": "ほうもんかいごすてーしょんいごころ　ちくさ【訪問看護】葵三丁目13番11号", "url": "https://www.kaigokensaku.mhlw.go.jp/23/index.php?action_kouhyou_detail_004_kani=true&JigyosyoCd=2360290437-00&ServiceCd=130&Type=search", "url2": null }, "geometry": { "type": "Point", "coordinates": [ 136.9318834, 35.1721675 ] } },
{ "type": "Feature", "properties": { "内容": "訪問看護ステーションLight東区【訪問看護】愛知県名古屋市東区泉二丁目13−4カスティロ泉６C", "url": "https://www.kaigokensaku.mhlw.go.jp/23/index.php?action_kouhyou_detail_004_kani=true&JigyosyoCd=2360290445-00&ServiceCd=130&Type=search", "url2": "https://wing-inc.jp/" }, "geometry": { "type": "Point", "coordinates": [ 136.9148003, 35.1769422 ] } },
{ "type": "Feature", "properties": { "内容": "のり華訪問看護ステーション【訪問看護】愛知県名古屋市東区芳野一丁目8番10号8番ビル東白壁3階", "url": "https://www.kaigokensaku.mhlw.go.jp/23/index.php?action_kouhyou_detail_004_kani=true&JigyosyoCd=2360290247-00&ServiceCd=130&Type=search", "url2": "https://norika-ns.com/" }, "geometry": { "type": "Point", "coordinates": [ 136.92073794673766, 35.186053656530341 ] } },
{ "type": "Feature", "properties": { "内容": "訪問看護ステーション希望【訪問看護】愛知県名古屋市東区主税町２丁目２４番地TCIビルNO、３（4階）", "url": "https://www.kaigokensaku.mhlw.go.jp/23/index.php?action_kouhyou_detail_004_kani=true&JigyosyoCd=2360290452-00&ServiceCd=130&Type=search", "url2": "https://tachiki-fukusi.jp/" }, "geometry": { "type": "Point", "coordinates": [ 136.913446599999986, 35.1808479 ] } },
{ "type": "Feature", "properties": { "内容": "スギ訪問看護ステーション清水口【訪問看護】愛知県名古屋市東区白壁二丁目6番8号", "url": "https://www.kaigokensaku.mhlw.go.jp/23/index.php?action_kouhyou_detail_004_kani=true&JigyosyoCd=2360290346-00&ServiceCd=130&Type=search", "url2": null }, "geometry": { "type": "Point", "coordinates": [ 136.912434207934581, 35.183682929710606 ] } },
{ "type": "Feature", "properties": { "内容": "ナースコール徳川【訪問看護】名古屋市東区山口町2番18号ファミリー・ホスピスOASIS徳川", "url": "https://www.kaigokensaku.mhlw.go.jp/23/index.php?action_kouhyou_detail_004_kani=true&JigyosyoCd=2360290304-00&ServiceCd=130&Type=search", "url2": "https://nc-service.net/" }, "geometry": { "type": "Point", "coordinates": [ 136.9254694, 35.1834868 ] } },
{ "type": "Feature", "properties": { "内容": "ナーシングサポート【訪問看護】愛知県名古屋市東区泉１丁目19番8号フロンティアビル　4Ｆ", "url": "https://www.kaigokensaku.mhlw.go.jp/23/index.php?action_kouhyou_detail_004_kani=true&JigyosyoCd=2360290221-00&ServiceCd=130&Type=search", "url2": "http://www.frontiernokaigo.jp" }, "geometry": { "type": "Point", "coordinates": [ 136.913791800000013, 35.1759502 ] } },
{ "type": "Feature", "properties": { "内容": "ハイメディック訪問看護ステーション名古屋【訪問看護】愛知県名古屋市東区主税町4丁目32番地主税町ハイツ101号室", "url": "https://www.kaigokensaku.mhlw.go.jp/23/index.php?action_kouhyou_detail_004_kani=true&JigyosyoCd=2360290403-00&ServiceCd=130&Type=search", "url2": null }, "geometry": { "type": "Point", "coordinates": [ 136.9200836, 35.1814531 ] } },
{ "type": "Feature", "properties": { "内容": "ジャスト訪問看護ステーション出来町【訪問看護】愛知県名古屋市東区出来町1-1-7ダイアパレス新出来1階", "url": "https://www.kaigokensaku.mhlw.go.jp/23/index.php?action_kouhyou_detail_004_kani=true&JigyosyoCd=2360290395-00&ServiceCd=130&Type=search", "url2": null }, "geometry": { "type": "Point", "coordinates": [ 136.9344376, 35.1819307 ] } },
{ "type": "Feature", "properties": { "内容": "訪問看護ステーション　憩【訪問看護】百人町５８番地３", "url": "https://www.kaigokensaku.mhlw.go.jp/23/index.php?action_kouhyou_detail_004_kani=true&JigyosyoCd=2360290098-00&ServiceCd=130&Type=search", "url2": null }, "geometry": { "type": "Point", "coordinates": [ 136.930976200000032, 35.1796699 ] } },
{ "type": "Feature", "properties": { "内容": "ほまれ訪問看護【訪問看護】白壁２丁目1－20コンセール白壁2F", "url": "https://www.kaigokensaku.mhlw.go.jp/23/index.php?action_kouhyou_detail_004_kani=true&JigyosyoCd=2360290312-00&ServiceCd=130&Type=search", "url2": "https://for-plan.co.jp/" }, "geometry": { "type": "Point", "coordinates": [ 136.9103701, 35.1831645 ] } },
{ "type": "Feature", "properties": { "内容": "ＬＥ在宅・施設訪問看護リハビリステーション千種本店【訪問看護】愛知県名古屋市東区葵3丁目23－7千種ファースト中駒ビルN4階401号室", "url": "https://www.kaigokensaku.mhlw.go.jp/23/index.php?action_kouhyou_detail_004_kani=true&JigyosyoCd=2360290387-00&ServiceCd=130&Type=search", "url2": "https://www.lovei.co.jp/chikusa" }, "geometry": { "type": "Point", "coordinates": [ 136.928387500000014, 35.1703945 ] } },
{ "type": "Feature", "properties": { "内容": "訪問看護ステーションどれみ【訪問看護】愛知県名古屋市東区矢田四丁目15番29号　ハートーイン矢田1Ｆ", "url": "https://www.kaigokensaku.mhlw.go.jp/23/index.php?action_kouhyou_detail_004_kani=true&JigyosyoCd=2360290122-00&ServiceCd=130&Type=search", "url2": null }, "geometry": { "type": "Point", "coordinates": [ 136.944190700000036, 35.193039 ] } },
{ "type": "Feature", "properties": { "内容": "訪問看護ステーション　あおい名古屋【訪問看護】愛知県名古屋市東区泉二丁目2番5号", "url": "https://www.kaigokensaku.mhlw.go.jp/23/index.php?action_kouhyou_detail_004_kani=true&JigyosyoCd=2360290361-00&ServiceCd=130&Type=search", "url2": "https://aoikai.jp/aoinagoya/" }, "geometry": { "type": "Point", "coordinates": [ 136.91576520000001, 35.1783894 ] } },
{ "type": "Feature", "properties": { "内容": "エム訪問看護ステーション【訪問看護】泉二丁目17番17号ViareBagus!!303号", "url": "https://www.kaigokensaku.mhlw.go.jp/23/index.php?action_kouhyou_detail_004_kani=true&JigyosyoCd=2360290254-00&ServiceCd=130&Type=search", "url2": null }, "geometry": { "type": "Point", "coordinates": [ 136.916467220601589, 35.176887018527935 ] } },
{ "type": "Feature", "properties": { "内容": "SOMPOケア徳川園訪問看護【訪問看護】愛知県名古屋市東区徳川１丁目605ラヴィーレレジデンス徳川園", "url": "https://www.kaigokensaku.mhlw.go.jp/23/index.php?action_kouhyou_detail_004_kani=true&JigyosyoCd=2360290429-00&ServiceCd=130&Type=search", "url2": "https://www.sompocare.com" }, "geometry": { "type": "Point", "coordinates": [ 136.925277599999987, 35.1814599 ] } },
{ "type": "Feature", "properties": { "内容": "訪問看護ステーションよいかん名古屋東【訪問看護】名古屋市東区矢田一丁目７番４３号アイキシティービル2B号室", "url": "https://www.kaigokensaku.mhlw.go.jp/23/index.php?action_kouhyou_detail_004_kani=true&JigyosyoCd=2360290338-00&ServiceCd=130&Type=search", "url2": "https://bond-ym.co.jp/" }, "geometry": { "type": "Point", "coordinates": [ 136.939293600000013, 35.1927626 ] } },
{ "type": "Feature", "properties": { "内容": "エレ訪問看護リハビリステーション【訪問看護】愛知県名古屋市東区東大曽根町２９番１１号共栄ビル西棟３０５号", "url": "https://www.kaigokensaku.mhlw.go.jp/23/index.php?action_kouhyou_detail_004_kani=true&JigyosyoCd=2360290320-00&ServiceCd=130&Type=search", "url2": null }, "geometry": { "type": "Point", "coordinates": [ 136.933941490188971, 35.18719001285703 ] } },
{ "type": "Feature", "properties": { "内容": "看護ステーション　百ねん庵【訪問看護】名古屋市北区楠味鋺3－2341", "url": "https://www.kaigokensaku.mhlw.go.jp/23/index.php?action_kouhyou_detail_004_kani=true&JigyosyoCd=2360390161-00&ServiceCd=130&Type=search", "url2": "http://www.100nennann/com" }, "geometry": { "type": "Point", "coordinates": [ 136.928739, 35.2224199 ] } },
{ "type": "Feature", "properties": { "内容": "木の香往診クリニック【訪問看護】愛知県名古屋市北区駒止町2−22", "url": "https://www.kaigokensaku.mhlw.go.jp/23/index.php?action_kouhyou_detail_004_kani=true&JigyosyoCd=2310303462-00&ServiceCd=130&Type=search", "url2": "http://www.konoka-clinic.com/" }, "geometry": { "type": "Point", "coordinates": [ 136.905759922130471, 35.197902698365034 ] } },
{ "type": "Feature", "properties": { "内容": "つばさ訪問看護ステーション【訪問看護】愛知県名古屋市北区上飯田南町3丁目5番地1松栄ビル上飯田1階", "url": "https://www.kaigokensaku.mhlw.go.jp/23/index.php?action_kouhyou_detail_004_kani=true&JigyosyoCd=2360390310-00&ServiceCd=130&Type=search", "url2": null }, "geometry": { "type": "Point", "coordinates": [ 136.933152622615012, 35.201062224588306 ] } },
{ "type": "Feature", "properties": { "内容": "ぬくケア名北訪問看護【訪問看護】愛知県名古屋市北区上飯田南町3丁目15番地アイシア上飯田", "url": "https://www.kaigokensaku.mhlw.go.jp/23/index.php?action_kouhyou_detail_004_kani=true&JigyosyoCd=2360390351-00&ServiceCd=130&Type=search", "url2": "http://nukumoa.jp/" }, "geometry": { "type": "Point", "coordinates": [ 136.934036399999968, 35.2011374 ] } },
{ "type": "Feature", "properties": { "内容": "SOMPOケア　名北　訪問看護【訪問看護】愛知県名古屋市北区志賀南通1-20セノーテ黒川駅前ビル2階", "url": "https://www.kaigokensaku.mhlw.go.jp/23/index.php?action_kouhyou_detail_004_kani=true&JigyosyoCd=2360390609-00&ServiceCd=130&Type=search", "url2": null }, "geometry": { "type": "Point", "coordinates": [ 136.9112987, 35.1973927 ] } },
{ "type": "Feature", "properties": { "内容": "ナースステーション　笑和北【訪問看護】愛知県名古屋市北区上飯田北町4丁目8番地ナーシング笑和上飯田", "url": "https://www.kaigokensaku.mhlw.go.jp/23/index.php?action_kouhyou_detail_004_kani=true&JigyosyoCd=2360390724-00&ServiceCd=130&Type=search", "url2": null }, "geometry": { "type": "Point", "coordinates": [ 136.931263034393311, 35.206698461103223 ] } },
{ "type": "Feature", "properties": { "内容": "りの訪問看護ステーション【訪問看護】愛知県名古屋市北区喜惣治二丁目112番地パークハウス喜惣治105", "url": "https://www.kaigokensaku.mhlw.go.jp/23/index.php?action_kouhyou_detail_004_kani=true&JigyosyoCd=2360390732-00&ServiceCd=130&Type=search", "url2": "https://lino-houkan.com/" }, "geometry": { "type": "Point", "coordinates": [ 136.903982, 35.2374407 ] } },
{ "type": "Feature", "properties": { "内容": "訪問看護ステーションかりん【訪問看護】西味鋺3丁目412", "url": "https://www.kaigokensaku.mhlw.go.jp/23/index.php?action_kouhyou_detail_004_kani=true&JigyosyoCd=2360390716-00&ServiceCd=130&Type=search", "url2": null }, "geometry": { "type": "Point", "coordinates": [ 136.9151793, 35.22432 ] } },
{ "type": "Feature", "properties": { "内容": "訪問看護ステーションリボーン名古屋【訪問看護】愛知県名古屋市北区御成通3丁目20番地の3", "url": "https://www.kaigokensaku.mhlw.go.jp/23/index.php?action_kouhyou_detail_004_kani=true&JigyosyoCd=2360390682-00&ServiceCd=130&Type=search", "url2": null }, "geometry": { "type": "Point", "coordinates": [ 136.9301738, 35.199923 ] } },
{ "type": "Feature", "properties": { "内容": "ヤシの木訪問看護【訪問看護】愛知県名古屋市北区中味鋺三丁目312番地ジュネスSAGA202", "url": "https://www.kaigokensaku.mhlw.go.jp/23/index.php?action_kouhyou_detail_004_kani=true&JigyosyoCd=2360390666-00&ServiceCd=130&Type=search", "url2": null }, "geometry": { "type": "Point", "coordinates": [ 136.9208591, 35.2217927 ] } },
{ "type": "Feature", "properties": { "内容": "訪問看護ステーション　くすのき【訪問看護】五反田町110番地", "url": "https://www.kaigokensaku.mhlw.go.jp/23/index.php?action_kouhyou_detail_004_kani=true&JigyosyoCd=2360390740-00&ServiceCd=130&Type=search", "url2": null }, "geometry": { "type": "Point", "coordinates": [ 136.9121246, 35.2268299 ] } },
{ "type": "Feature", "properties": { "内容": "緑の家　訪問看護ステーション　上飯田【訪問看護】上飯田南町3－13", "url": "https://www.kaigokensaku.mhlw.go.jp/23/index.php?action_kouhyou_detail_004_kani=true&JigyosyoCd=2360390757-00&ServiceCd=130&Type=search", "url2": "midorinoie.com" }, "geometry": { "type": "Point", "coordinates": [ 136.933875300000039, 35.2012681 ] } },
{ "type": "Feature", "properties": { "内容": "カピリナ訪問看護ステーション【訪問看護】愛知県名古屋市北区敷島町１４", "url": "https://www.kaigokensaku.mhlw.go.jp/23/index.php?action_kouhyou_detail_004_kani=true&JigyosyoCd=2360390773-00&ServiceCd=130&Type=search", "url2": "https://www.instagram.com/kapilina_vns/" }, "geometry": { "type": "Point", "coordinates": [ 136.910213771163939, 35.197844249131577 ] } },
{ "type": "Feature", "properties": { "内容": "ときわメディカルサービス【訪問看護】上飯田南町五丁目５５番地", "url": "https://www.kaigokensaku.mhlw.go.jp/23/index.php?action_kouhyou_detail_004_kani=true&JigyosyoCd=2360390229-00&ServiceCd=130&Type=search", "url2": "http://www.kit.hi-ho.ne.jp/wakonoie/" }, "geometry": { "type": "Point", "coordinates": [ 136.933333700000048, 35.1996258 ] } },
{ "type": "Feature", "properties": { "内容": "訪問看護サービスひだまり【訪問看護】上飯田南町2丁目8番地の2", "url": "https://www.kaigokensaku.mhlw.go.jp/23/index.php?action_kouhyou_detail_004_kani=true&JigyosyoCd=2360390179-00&ServiceCd=130&Type=search", "url2": null }, "geometry": { "type": "Point", "coordinates": [ 136.932150547251524, 35.201381773313287 ] } },
{ "type": "Feature", "properties": { "内容": "訪問看護スマイルナーシング名城【訪問看護】愛知県名古屋市北区柳原一丁目14番18号メゾン名城1A", "url": "https://www.kaigokensaku.mhlw.go.jp/23/index.php?action_kouhyou_detail_004_kani=true&JigyosyoCd=2360390542-00&ServiceCd=130&Type=search", "url2": "http://smile-nursing.jp" }, "geometry": { "type": "Point", "coordinates": [ 136.9076136, 35.1871027 ] } },
{ "type": "Feature", "properties": { "内容": "ナースコール北【訪問看護】愛知県名古屋市北区西味鋺一丁目111番地ナーシングホームOASIS北", "url": "https://www.kaigokensaku.mhlw.go.jp/23/index.php?action_kouhyou_detail_004_kani=true&JigyosyoCd=2360390492-00&ServiceCd=130&Type=search", "url2": "http://nc-service.net/" }, "geometry": { "type": "Point", "coordinates": [ 136.911365100000012, 35.2218721 ] } },
{ "type": "Feature", "properties": { "内容": "ナースコール志賀【訪問看護】名古屋市北区西志賀町5丁目24番地ファミリー・ホスピスOASIS志賀公園", "url": "https://www.kaigokensaku.mhlw.go.jp/23/index.php?action_kouhyou_detail_004_kani=true&JigyosyoCd=2360390518-00&ServiceCd=130&Type=search", "url2": "https://nc-service.net/" }, "geometry": { "type": "Point", "coordinates": [ 136.9065042, 35.2005054 ] } },
{ "type": "Feature", "properties": { "内容": "訪問看護ステーション　ななみ【訪問看護】愛知県名古屋市北区楠味鋺3丁目403番地１", "url": "https://www.kaigokensaku.mhlw.go.jp/23/index.php?action_kouhyou_detail_004_kani=true&JigyosyoCd=2360390476-00&ServiceCd=130&Type=search", "url2": "http://www.nanami-fuji.jp/service/" }, "geometry": { "type": "Point", "coordinates": [ 136.925096836805352, 35.222969013814961 ] } },
{ "type": "Feature", "properties": { "内容": "医心館訪問看護ステーション大曽根【訪問看護】愛知県名古屋市北区大曽根四丁目10番17号", "url": "https://www.kaigokensaku.mhlw.go.jp/23/index.php?action_kouhyou_detail_004_kani=true&JigyosyoCd=2360390617-00&ServiceCd=130&Type=search", "url2": null }, "geometry": { "type": "Point", "coordinates": [ 136.9324059, 35.1931581 ] } },
{ "type": "Feature", "properties": { "内容": "訪問看護ステーションほたるきた【訪問看護】名古屋市北区福徳町4-2ベルジェ202", "url": "https://www.kaigokensaku.mhlw.go.jp/23/index.php?action_kouhyou_detail_004_kani=true&JigyosyoCd=2360390203-00&ServiceCd=130&Type=search", "url2": "www.generous.co.jp" }, "geometry": { "type": "Point", "coordinates": [ 136.900221559354804, 35.211287937207047 ] } },
{ "type": "Feature", "properties": { "内容": "ナースステーション　ULU【訪問看護】愛知県名古屋市北区北久手町４７番地１", "url": "https://www.kaigokensaku.mhlw.go.jp/23/index.php?action_kouhyou_detail_004_kani=true&JigyosyoCd=2360390559-00&ServiceCd=130&Type=search", "url2": "http://tenderheart.co.jp" }, "geometry": { "type": "Point", "coordinates": [ 136.922352808415269, 35.239615090790281 ] } },
{ "type": "Feature", "properties": { "内容": "みんなのかかりつけ訪問看護ステーション黒川【訪問看護】愛知県名古屋市北区黒川本通4-35-2インターシティー黒川701号", "url": "https://www.kaigokensaku.mhlw.go.jp/23/index.php?action_kouhyou_detail_004_kani=true&JigyosyoCd=2360390575-00&ServiceCd=130&Type=search", "url2": "https://kakaritsuke.co.jp/" }, "geometry": { "type": "Point", "coordinates": [ 136.912167899999986, 35.201009200000016 ] } },
{ "type": "Feature", "properties": { "内容": "リリー訪問看護ステーション【訪問看護】愛知県名古屋市北区中味鋺２丁目１０１７番地２ハーモニーサザン102号室", "url": "https://www.kaigokensaku.mhlw.go.jp/23/index.php?action_kouhyou_detail_004_kani=true&JigyosyoCd=2360390393-00&ServiceCd=130&Type=search", "url2": null }, "geometry": { "type": "Point", "coordinates": [ 136.924039315151873, 35.218534106790585 ] } },
{ "type": "Feature", "properties": { "内容": "縁訪問看護ステーション【訪問看護】愛知県名古屋市北区上飯田西町２丁目２０番地タートルハイツ２A", "url": "https://www.kaigokensaku.mhlw.go.jp/23/index.php?action_kouhyou_detail_004_kani=true&JigyosyoCd=2360390591-00&ServiceCd=130&Type=search", "url2": "https://enishi-houkan.com/" }, "geometry": { "type": "Point", "coordinates": [ 136.928775300000012, 35.2034199 ] } },
{ "type": "Feature", "properties": { "内容": "訪問看護ステーション・リハビリテーションしあわせ【訪問看護】愛知県名古屋市北区若葉通1丁目13番地メゾンドール若葉1Ｆ", "url": "https://www.kaigokensaku.mhlw.go.jp/23/index.php?action_kouhyou_detail_004_kani=true&JigyosyoCd=2360390419-00&ServiceCd=130&Type=search", "url2": "www.siawase-lieben.co.jp" }, "geometry": { "type": "Point", "coordinates": [ 136.921937599999978, 35.1965369 ] } },
{ "type": "Feature", "properties": { "内容": "訪問看護ステーション　和ごころ【訪問看護】愛知県名古屋市北区黒川本通４－３５－２インターシティー黒川５０３", "url": "https://www.kaigokensaku.mhlw.go.jp/23/index.php?action_kouhyou_detail_004_kani=true&JigyosyoCd=2360390443-00&ServiceCd=130&Type=search", "url2": null }, "geometry": { "type": "Point", "coordinates": [ 136.912137199999961, 35.2011252 ] } },
{ "type": "Feature", "properties": { "内容": "快適ライフ　訪問看護ステーション【訪問看護】愛知県名古屋市北区若鶴町１５６番地の2リアライズ若鶴502", "url": "https://www.kaigokensaku.mhlw.go.jp/23/index.php?action_kouhyou_detail_004_kani=true&JigyosyoCd=2360390385-00&ServiceCd=130&Type=search", "url2": "https://www.kaiteki.ne.jp/care/visiting-nurse" }, "geometry": { "type": "Point", "coordinates": [ 136.914295700000054, 35.2306437 ] } },
{ "type": "Feature", "properties": { "内容": "ノア訪問看護リハビリステーション【訪問看護】名古屋市北区西味鋺二丁目806番地の22階", "url": "https://www.kaigokensaku.mhlw.go.jp/23/index.php?action_kouhyou_detail_004_kani=true&JigyosyoCd=2360390468-00&ServiceCd=130&Type=search", "url2": "https://noah-houkan.com/" }, "geometry": { "type": "Point", "coordinates": [ 136.9136672, 35.2229699 ] } },
{ "type": "Feature", "properties": { "内容": "愛生訪問看護ステーション【訪問看護】愛知県名古屋市北区上飯田北町2丁目70番地", "url": "https://www.kaigokensaku.mhlw.go.jp/23/index.php?action_kouhyou_detail_004_kani=true&JigyosyoCd=2360390013-00&ServiceCd=130&Type=search", "url2": "http://www.aiseikai-hc.or.jp/vn-st/" }, "geometry": { "type": "Point", "coordinates": [ 136.92986540000004, 35.2052638 ] } },
{ "type": "Feature", "properties": { "内容": "愛生訪問看護ステーション平安通【訪問看護】愛知県名古屋市北区東大曽根町上一丁目８２８番地", "url": "https://www.kaigokensaku.mhlw.go.jp/23/index.php?action_kouhyou_detail_004_kani=true&JigyosyoCd=2360390427-00&ServiceCd=130&Type=search", "url2": "https://www.aiseikai-hc.or.jp/houmon/" }, "geometry": { "type": "Point", "coordinates": [ 136.929050673610675, 35.192725176855745 ] } },
{ "type": "Feature", "properties": { "内容": "訪問看護ステーション　千【訪問看護】成願寺一丁目10番6号", "url": "https://www.kaigokensaku.mhlw.go.jp/23/index.php?action_kouhyou_detail_004_kani=true&JigyosyoCd=2360390823-00&ServiceCd=130&Type=search", "url2": "https://kakurenbo.or.jp/" }, "geometry": { "type": "Point", "coordinates": [ 136.9124832, 35.2137918 ] } },
{ "type": "Feature", "properties": { "内容": "Footage訪問看護ステーション名城公園【訪問看護】愛知県名古屋市北区金城三丁目12番9号グランシャリオ城見603号室", "url": "https://www.kaigokensaku.mhlw.go.jp/23/index.php?action_kouhyou_detail_004_kani=true&JigyosyoCd=2360390567-00&ServiceCd=130&Type=search", "url2": "https://footage.nagoya/" }, "geometry": { "type": "Point", "coordinates": [ 136.906331899999969, 35.1969651 ] } },
{ "type": "Feature", "properties": { "内容": "訪問看護ステーションエーデルワイス【訪問看護】愛知県名古屋市北区西味鋺１丁目９０１－５", "url": "https://www.kaigokensaku.mhlw.go.jp/23/index.php?action_kouhyou_detail_004_kani=true&JigyosyoCd=2360390286-00&ServiceCd=130&Type=search", "url2": null }, "geometry": { "type": "Point", "coordinates": [ 136.913829399999941, 35.2207725 ] } },
{ "type": "Feature", "properties": { "内容": "あいあい看護【訪問看護】愛知県名古屋市北区三軒町245番地アネックスⅡ-101", "url": "https://www.kaigokensaku.mhlw.go.jp/23/index.php?action_kouhyou_detail_004_kani=true&JigyosyoCd=2360390799-00&ServiceCd=130&Type=search", "url2": "https://www.aiaigroup.net" }, "geometry": { "type": "Point", "coordinates": [ 136.9221403, 35.2324531 ] } },
{ "type": "Feature", "properties": { "内容": "名古屋市北区水草町1-36-1【訪問看護】水草町1-36", "url": "https://www.kaigokensaku.mhlw.go.jp/23/index.php?action_kouhyou_detail_004_kani=true&JigyosyoCd=2360390815-00&ServiceCd=130&Type=search", "url2": "https://www.repocket-g.com/fuwafuwa/" }, "geometry": { "type": "Point", "coordinates": [ 136.9079634, 35.2056547 ] } },
{ "type": "Feature", "properties": { "内容": "訪問看護ステーションなないろ【訪問看護】愛知県名古屋市北区楠１丁目1721番地楠タウンハウスB-5", "url": "https://www.kaigokensaku.mhlw.go.jp/23/index.php?action_kouhyou_detail_004_kani=true&JigyosyoCd=2360390831-00&ServiceCd=130&Type=search", "url2": null }, "geometry": { "type": "Point", "coordinates": [ 136.9210314, 35.2261668 ] } },
{ "type": "Feature", "properties": { "内容": "ケニー訪問看護ステーション【訪問看護】愛知県名古屋市北区清水3-12-15", "url": "https://www.kaigokensaku.mhlw.go.jp/23/index.php?action_kouhyou_detail_004_kani=true&JigyosyoCd=2360390765-00&ServiceCd=130&Type=search", "url2": "https://kenny-houkan.com/" }, "geometry": { "type": "Point", "coordinates": [ 136.911830642991646, 35.189215411384289 ] } },
{ "type": "Feature", "properties": { "内容": "やさしい手訪問看護かえりえ楠事業所【訪問看護】楠5-424", "url": "https://www.kaigokensaku.mhlw.go.jp/23/index.php?action_kouhyou_detail_004_kani=true&JigyosyoCd=2360390401-00&ServiceCd=130&Type=search", "url2": "http://yasashiite.com/subdomains/section/527/" }, "geometry": { "type": "Point", "coordinates": [ 136.927378312442016, 35.22491196390768 ] } },
{ "type": "Feature", "properties": { "内容": "訪問看護ステーションボギー黒川【訪問看護】名古屋市北区田幡2-5-5ベル黒川101号", "url": "https://www.kaigokensaku.mhlw.go.jp/23/index.php?action_kouhyou_detail_004_kani=true&JigyosyoCd=2360390435-00&ServiceCd=130&Type=search", "url2": null }, "geometry": { "type": "Point", "coordinates": [ 136.9079736, 35.1969751 ] } },
{ "type": "Feature", "properties": { "内容": "てらす訪問看護ステーション【訪問看護】愛知県名古屋市北区中切町字野間850番地の28アークハウス中切3A", "url": "https://www.kaigokensaku.mhlw.go.jp/23/index.php?action_kouhyou_detail_004_kani=true&JigyosyoCd=2360390849-00&ServiceCd=130&Type=search", "url2": null }, "geometry": { "type": "Point", "coordinates": [ 136.9103239, 35.2126596 ] } },
{ "type": "Feature", "properties": { "内容": "訪問看護ステーション　　かみひこうき【訪問看護】若葉通1丁目35番地の２シティコート201号室", "url": "https://www.kaigokensaku.mhlw.go.jp/23/index.php?action_kouhyou_detail_004_kani=true&JigyosyoCd=2360390450-00&ServiceCd=130&Type=search", "url2": "https://kamihikouki.info/" }, "geometry": { "type": "Point", "coordinates": [ 136.923246799999987, 35.1964052 ] } },
{ "type": "Feature", "properties": { "内容": "セコム名古屋北訪問看護ステーション【訪問看護】愛知県名古屋市北区金城3-12-9グランシャリオ城見２B", "url": "https://www.kaigokensaku.mhlw.go.jp/23/index.php?action_kouhyou_detail_004_kani=true&JigyosyoCd=2360390096-00&ServiceCd=130&Type=search", "url2": "http://www.nurse-secom.com/" }, "geometry": { "type": "Point", "coordinates": [ 136.906378300000029, 35.196936 ] } },
{ "type": "Feature", "properties": { "内容": "ソフィアメディ訪問看護ステーション名北【訪問看護】名古屋市北区西味鋺1-412アビタシオン西味鋺1階C号室", "url": "https://www.kaigokensaku.mhlw.go.jp/23/index.php?action_kouhyou_detail_004_kani=true&JigyosyoCd=2360390526-00&ServiceCd=130&Type=search", "url2": "https://www.sophiamedi.co.jp/station/meihoku/" }, "geometry": { "type": "Point", "coordinates": [ 136.9116372, 35.2233442 ] } },
{ "type": "Feature", "properties": { "内容": "訪問看護ステーションぽっかぽか【訪問看護】名古屋市北区駒止町１－１２０", "url": "https://www.kaigokensaku.mhlw.go.jp/23/index.php?action_kouhyou_detail_004_kani=true&JigyosyoCd=2360390104-00&ServiceCd=130&Type=search", "url2": "https://www.houmonkango-pokkapoka.com/" }, "geometry": { "type": "Point", "coordinates": [ 136.9031536, 35.1989411 ] } },
{ "type": "Feature", "properties": { "内容": "名古屋市北区訪問看護ステーション【訪問看護】愛知県名古屋市北区清水四丁目17番1号北区在宅サービスセンター内", "url": "https://www.kaigokensaku.mhlw.go.jp/23/index.php?action_kouhyou_detail_004_kani=true&JigyosyoCd=2360390039-00&ServiceCd=130&Type=search", "url2": "https://www.nrs.or.jp" }, "geometry": { "type": "Point", "coordinates": [ 136.911594400000013, 35.1942589 ] } },
{ "type": "Feature", "properties": { "内容": "訪問看護ｽﾃｰｼｮﾝ　ひだまりの郷なごや北【訪問看護】愛知県名古屋市北区如意三丁目75番地ひだまりの郷なごや北", "url": "https://www.kaigokensaku.mhlw.go.jp/23/index.php?action_kouhyou_detail_004_kani=true&JigyosyoCd=2360390633-00&ServiceCd=130&Type=search", "url2": "https://hidamari-sato.jp/nagoya-kita/" }, "geometry": { "type": "Point", "coordinates": [ 136.923417699999987, 35.2372875 ] } },
{ "type": "Feature", "properties": { "内容": "北医療生協訪問看護ステーション【訪問看護】愛知県名古屋市北区上飯田北町１-14－1", "url": "https://www.kaigokensaku.mhlw.go.jp/23/index.php?action_kouhyou_detail_004_kani=true&JigyosyoCd=2360390021-00&ServiceCd=130&Type=search", "url2": "http://kita.coop./" }, "geometry": { "type": "Point", "coordinates": [ 136.931656, 35.203661300000014 ] } },
{ "type": "Feature", "properties": { "内容": "名古屋市北区御成通１－７松井ビル２階【訪問看護】御成通１－７松井ビル２階", "url": "https://www.kaigokensaku.mhlw.go.jp/23/index.php?action_kouhyou_detail_004_kani=true&JigyosyoCd=2360390781-00&ServiceCd=130&Type=search", "url2": null }, "geometry": { "type": "Point", "coordinates": [ 136.9292212, 35.1971213 ] } },
{ "type": "Feature", "properties": { "内容": "訪問看護ステーション３４５名古屋北【訪問看護】新堀町25番地の3NAGOYAtheCANAL103号室", "url": "https://www.kaigokensaku.mhlw.go.jp/23/index.php?action_kouhyou_detail_004_kani=true&JigyosyoCd=2360390856-00&ServiceCd=130&Type=search", "url2": "https://345-ns.com/" }, "geometry": { "type": "Point", "coordinates": [ 136.9271661, 35.2060096 ] } },
{ "type": "Feature", "properties": { "内容": "プレシア訪問看護ステーション北【訪問看護】愛知県名古屋市北区中味鋺二丁目916番地の1医療対応型リハビリナーシングプレシア北", "url": "https://www.kaigokensaku.mhlw.go.jp/23/index.php?action_kouhyou_detail_004_kani=true&JigyosyoCd=2360390708-00&ServiceCd=130&Type=search", "url2": "https://force-jp.co.jp/presia/" }, "geometry": { "type": "Point", "coordinates": [ 136.9236567, 35.2191191 ] } },
{ "type": "Feature", "properties": { "内容": "訪問看護ステーション　こころ【訪問看護】愛知県名古屋市北区山田4丁目9－40曽我ガラス本社4FK号室", "url": "https://www.kaigokensaku.mhlw.go.jp/23/index.php?action_kouhyou_detail_004_kani=true&JigyosyoCd=2360390641-00&ServiceCd=130&Type=search", "url2": "https://cocoro-houkan.com" }, "geometry": { "type": "Point", "coordinates": [ 136.941374599999989, 35.2005264 ] } },
{ "type": "Feature", "properties": { "内容": "訪問看護　天使の羽【訪問看護】愛知県名古屋市北区丸新町262番地タウニィ安藤102号", "url": "https://www.kaigokensaku.mhlw.go.jp/23/index.php?action_kouhyou_detail_004_kani=true&JigyosyoCd=2360390658-00&ServiceCd=130&Type=search", "url2": null }, "geometry": { "type": "Point", "coordinates": [ 136.9117889, 35.2323807 ] } },
{ "type": "Feature", "properties": { "内容": "医療法人　惠愛会　小林病院【訪問看護】愛知県名古屋市西区鳥見町二丁目39番地", "url": "https://www.kaigokensaku.mhlw.go.jp/23/index.php?action_kouhyou_detail_004_kani=true&JigyosyoCd=2310400318-00&ServiceCd=130&Type=search", "url2": "http://www.kobayashi-hospital.com" }, "geometry": { "type": "Point", "coordinates": [ 136.889576004003828, 35.202443020899466 ] } },
{ "type": "Feature", "properties": { "内容": "医療法人心月会じょうど医院【訪問看護】名古屋市西区笠取町１－５０", "url": "https://www.kaigokensaku.mhlw.go.jp/23/index.php?action_kouhyou_detail_004_kani=true&JigyosyoCd=2310401738-00&ServiceCd=130&Type=search", "url2": null }, "geometry": { "type": "Point", "coordinates": [ 136.887927600000012, 35.1986153 ] } },
{ "type": "Feature", "properties": { "内容": "浄心よろづ訪問看護ステーション【訪問看護】愛知県名古屋市西区上名古屋三丁目25番6号J-odc2階北号", "url": "https://www.kaigokensaku.mhlw.go.jp/23/index.php?action_kouhyou_detail_004_kani=true&JigyosyoCd=2360490318-00&ServiceCd=130&Type=search", "url2": "http://nukumoa.jp/" }, "geometry": { "type": "Point", "coordinates": [ 136.890924499999983, 35.1946716 ] } },
{ "type": "Feature", "properties": { "内容": "めいゆ〜る【訪問看護】愛知県名古屋市西区上小田井2−173コーポハンター301", "url": "https://www.kaigokensaku.mhlw.go.jp/23/index.php?action_kouhyou_detail_004_kani=true&JigyosyoCd=2360490425-00&ServiceCd=130&Type=search", "url2": null }, "geometry": { "type": "Point", "coordinates": [ 136.8781089, 35.2183198 ] } },
{ "type": "Feature", "properties": { "内容": "訪問看護ステーションオルビア【訪問看護】名古屋市西区大金町1-54じゅねすほわいと301", "url": "https://www.kaigokensaku.mhlw.go.jp/23/index.php?action_kouhyou_detail_004_kani=true&JigyosyoCd=2360490474-00&ServiceCd=130&Type=search", "url2": null }, "geometry": { "type": "Point", "coordinates": [ 136.8890254, 35.2037682 ] } },
{ "type": "Feature", "properties": { "内容": "パプリカこころの訪問看護ステーション名駅さこう【訪問看護】愛知県名古屋市西区則武新町4丁目4-19スピリングヒル則武502", "url": "https://www.kaigokensaku.mhlw.go.jp/23/index.php?action_kouhyou_detail_004_kani=true&JigyosyoCd=2360490433-00&ServiceCd=130&Type=search", "url2": "https://paprika-heart.com" }, "geometry": { "type": "Point", "coordinates": [ 136.8751344, 35.1819813 ] } },
{ "type": "Feature", "properties": { "内容": "万年青訪問看護ステーション【訪問看護】愛知県名古屋市西区稲生町5丁目6加藤コーポ102", "url": "https://www.kaigokensaku.mhlw.go.jp/23/index.php?action_kouhyou_detail_004_kani=true&JigyosyoCd=2360490581-00&ServiceCd=130&Type=search", "url2": null }, "geometry": { "type": "Point", "coordinates": [ 136.8936043, 35.2083849 ] } },
{ "type": "Feature", "properties": { "内容": "バスケット訪問看護ステーション【訪問看護】愛知県名古屋市西区大野木四丁目193番地佃マンション２E", "url": "https://www.kaigokensaku.mhlw.go.jp/23/index.php?action_kouhyou_detail_004_kani=true&JigyosyoCd=2360490573-00&ServiceCd=130&Type=search", "url2": "https://n-basket.co.jp" }, "geometry": { "type": "Point", "coordinates": [ 136.8961668, 35.219857 ] } },
{ "type": "Feature", "properties": { "内容": "訪問看護ステーション　テラス【訪問看護】貴生町402Villa上小田井壱番館103", "url": "https://www.kaigokensaku.mhlw.go.jp/23/index.php?action_kouhyou_detail_004_kani=true&JigyosyoCd=2360490607-00&ServiceCd=130&Type=search", "url2": null }, "geometry": { "type": "Point", "coordinates": [ 136.875536226983655, 35.224025017790275 ] } },
{ "type": "Feature", "properties": { "内容": "カルミア訪問看護事業所【訪問看護】愛知県名古屋市西区稲生町5-22サンシティ三ツ井102", "url": "https://www.kaigokensaku.mhlw.go.jp/23/index.php?action_kouhyou_detail_004_kani=true&JigyosyoCd=2360490185-00&ServiceCd=130&Type=search", "url2": "https://www.kalmia-fukushi.com/service/kango-houmon.html" }, "geometry": { "type": "Point", "coordinates": [ 136.893994381614647, 35.209610359811435 ] } },
{ "type": "Feature", "properties": { "内容": "キョーワ訪問看護リハビリステーション寄り添い屋　名西店【訪問看護】愛知県名古屋市西区栄生1丁目26-16今井ビル1階", "url": "https://www.kaigokensaku.mhlw.go.jp/23/index.php?action_kouhyou_detail_004_kani=true&JigyosyoCd=2360490391-00&ServiceCd=130&Type=search", "url2": "https://www.yorisoiya.net/" }, "geometry": { "type": "Point", "coordinates": [ 136.875963, 35.183574 ] } },
{ "type": "Feature", "properties": { "内容": "セントケア訪問看護ステーション栄生【訪問看護】愛知県名古屋市西区栄生一丁目３５番２０号川津ビル栄生３階中号", "url": "https://www.kaigokensaku.mhlw.go.jp/23/index.php?action_kouhyou_detail_004_kani=true&JigyosyoCd=2360490144-00&ServiceCd=130&Type=search", "url2": "http://www.saint-care-chubu.com/" }, "geometry": { "type": "Point", "coordinates": [ 136.874237200000039, 35.1835616 ] } },
{ "type": "Feature", "properties": { "内容": "ソフィアメディ訪問看護ステーション名西【訪問看護】児玉3-7-18ニューウエスト児玉302号", "url": "https://www.kaigokensaku.mhlw.go.jp/23/index.php?action_kouhyou_detail_004_kani=true&JigyosyoCd=2360490342-00&ServiceCd=130&Type=search", "url2": "http://www.sophiamedi.co.jp" }, "geometry": { "type": "Point", "coordinates": [ 136.879582600000049, 35.1925058 ] } },
{ "type": "Feature", "properties": { "内容": "訪問看護ステーション浄心【訪問看護】愛知県名古屋市西区浄心一丁目6番33号", "url": "https://www.kaigokensaku.mhlw.go.jp/23/index.php?action_kouhyou_detail_004_kani=true&JigyosyoCd=2360490292-00&ServiceCd=130&Type=search", "url2": null }, "geometry": { "type": "Point", "coordinates": [ 136.890269, 35.1951048 ] } },
{ "type": "Feature", "properties": { "内容": "名古屋リハビリ訪問看護センター菊井【訪問看護】愛知県名古屋市西区新道1-11-11エスポア新道B棟2階", "url": "https://www.kaigokensaku.mhlw.go.jp/23/index.php?action_kouhyou_detail_004_kani=true&JigyosyoCd=2360490227-00&ServiceCd=130&Type=search", "url2": "https://www.magoroku.org" }, "geometry": { "type": "Point", "coordinates": [ 136.887827600000037, 35.1803819 ] } },
{ "type": "Feature", "properties": { "内容": "訪問看護ステーション　あじさい【訪問看護】愛知県名古屋市西区上小田井二丁目２９２－２　ビルドジュン1階", "url": "https://www.kaigokensaku.mhlw.go.jp/23/index.php?action_kouhyou_detail_004_kani=true&JigyosyoCd=2360490060-00&ServiceCd=130&Type=search", "url2": "http://www.s-ajisai.com" }, "geometry": { "type": "Point", "coordinates": [ 136.87652479999997, 35.2191458 ] } },
{ "type": "Feature", "properties": { "内容": "みんなのかかりつけ訪問看護ステーション名北【訪問看護】愛知県名古屋市西区八筋町260番地イタリアン第３平松ビル403号室", "url": "https://www.kaigokensaku.mhlw.go.jp/23/index.php?action_kouhyou_detail_004_kani=true&JigyosyoCd=2360490300-00&ServiceCd=130&Type=search", "url2": "http://kakaritsuke.co.jp/" }, "geometry": { "type": "Point", "coordinates": [ 136.8778026, 35.2210822 ] } },
{ "type": "Feature", "properties": { "内容": "パッチ訪問看護ステーション【訪問看護】愛知県名古屋市西区大野木四丁目１９３番地佃マンション　１D", "url": "https://www.kaigokensaku.mhlw.go.jp/23/index.php?action_kouhyou_detail_004_kani=true&JigyosyoCd=2360490490-00&ServiceCd=130&Type=search", "url2": null }, "geometry": { "type": "Point", "coordinates": [ 136.896130199999988, 35.219854 ] } },
{ "type": "Feature", "properties": { "内容": "訪問看護マザーズ【訪問看護】愛知県名古屋市西区押切1-9-25", "url": "https://www.kaigokensaku.mhlw.go.jp/23/index.php?action_kouhyou_detail_004_kani=true&JigyosyoCd=2360490169-00&ServiceCd=130&Type=search", "url2": "http://www.mothers-planet.com/" }, "geometry": { "type": "Point", "coordinates": [ 136.886187956888648, 35.186405313500771 ] } },
{ "type": "Feature", "properties": { "内容": "訪問看護ステーション花の木【訪問看護】愛知県名古屋市西区枇杷島4-13-20", "url": "https://www.kaigokensaku.mhlw.go.jp/23/index.php?action_kouhyou_detail_004_kani=true&JigyosyoCd=2360490284-00&ServiceCd=130&Type=search", "url2": "https://hananoki.net/" }, "geometry": { "type": "Point", "coordinates": [ 136.878199586508117, 35.192916805003584 ] } },
{ "type": "Feature", "properties": { "内容": "ほうもんかんごすてーしょんれんげ【訪問看護】愛知県名古屋市西区比良２丁目78番地スカイフォルム比良201", "url": "https://www.kaigokensaku.mhlw.go.jp/23/index.php?action_kouhyou_detail_004_kani=true&JigyosyoCd=2360490482-00&ServiceCd=130&Type=search", "url2": null }, "geometry": { "type": "Point", "coordinates": [ 136.89901, 35.2269433 ] } },
{ "type": "Feature", "properties": { "内容": "訪問看護ステーションひかり【訪問看護】上小田井二丁目148番地　２階", "url": "https://www.kaigokensaku.mhlw.go.jp/23/index.php?action_kouhyou_detail_004_kani=true&JigyosyoCd=2360490110-00&ServiceCd=130&Type=search", "url2": "https://yksupport.jp" }, "geometry": { "type": "Point", "coordinates": [ 136.878082938623038, 35.216809617681811 ] } },
{ "type": "Feature", "properties": { "内容": "医療法人　泉　玉池在宅クリニック【訪問看護】玉池町212番地", "url": "https://www.kaigokensaku.mhlw.go.jp/23/index.php?action_kouhyou_detail_004_kani=true&JigyosyoCd=2310403213-00&ServiceCd=130&Type=search", "url2": null }, "geometry": { "type": "Point", "coordinates": [ 136.887444907131993, 35.228900879574915 ] } },
{ "type": "Feature", "properties": { "内容": "訪問看護ステーションよつ葉北【訪問看護】比良1丁目1番地", "url": "https://www.kaigokensaku.mhlw.go.jp/23/index.php?action_kouhyou_detail_004_kani=true&JigyosyoCd=2360490250-00&ServiceCd=130&Type=search", "url2": "http://www.mcare.co.jp/yotsuba/" }, "geometry": { "type": "Point", "coordinates": [ 136.896361599999977, 35.2240381 ] } },
{ "type": "Feature", "properties": { "内容": "ナースケアハース名古屋西【訪問看護】貴生町402番地Villa上小田井壱番館203号室", "url": "https://www.kaigokensaku.mhlw.go.jp/23/index.php?action_kouhyou_detail_004_kani=true&JigyosyoCd=2360490599-00&ServiceCd=130&Type=search", "url2": "https://hearth-natural.com/service/nursecare-ngyw" }, "geometry": { "type": "Point", "coordinates": [ 136.875523, 35.2240162 ] } },
{ "type": "Feature", "properties": { "内容": "あいりす訪問看護ステーション【訪問看護】愛知県名古屋市西区香吞町４丁目90コウノミBASE302", "url": "https://www.kaigokensaku.mhlw.go.jp/23/index.php?action_kouhyou_detail_004_kani=true&JigyosyoCd=2360490383-00&ServiceCd=130&Type=search", "url2": "https://www.iris-kango.com/" }, "geometry": { "type": "Point", "coordinates": [ 136.895253337871139, 35.203464171160974 ] } },
{ "type": "Feature", "properties": { "内容": "サンライトガーデン枇杷島　ナース【訪問看護】愛知県名古屋市西区枇杷島4丁目26番22号", "url": "https://www.kaigokensaku.mhlw.go.jp/23/index.php?action_kouhyou_detail_004_kani=true&JigyosyoCd=2360490458-00&ServiceCd=130&Type=search", "url2": "https://www.sunlight-g.com/" }, "geometry": { "type": "Point", "coordinates": [ 137.2923893, 35.0182505 ] } },
{ "type": "Feature", "properties": { "内容": "訪問看護ステーション　まぁとと城西【訪問看護】愛知県名古屋市西区城西町90-1アブニール303号", "url": "https://www.kaigokensaku.mhlw.go.jp/23/index.php?action_kouhyou_detail_004_kani=true&JigyosyoCd=2360490201-00&ServiceCd=130&Type=search", "url2": null }, "geometry": { "type": "Point", "coordinates": [ 136.8641566, 35.2288672 ] } },
{ "type": "Feature", "properties": { "内容": "訪問看護ステーションさくらそう【訪問看護】愛知県名古屋市西区浮野町166ソフィア203", "url": "https://www.kaigokensaku.mhlw.go.jp/23/index.php?action_kouhyou_detail_004_kani=true&JigyosyoCd=2360490441-00&ServiceCd=130&Type=search", "url2": null }, "geometry": { "type": "Point", "coordinates": [ 136.857828900000015, 35.228561 ] } },
{ "type": "Feature", "properties": { "内容": "訪問看護ステーション　たけのこ【訪問看護】愛知県名古屋市西区大野木一丁目２６４番地ノイ・ルミナス１１０号", "url": "https://www.kaigokensaku.mhlw.go.jp/23/index.php?action_kouhyou_detail_004_kani=true&JigyosyoCd=2360490466-00&ServiceCd=130&Type=search", "url2": "http://soleil-takenoko.co.jp" }, "geometry": { "type": "Point", "coordinates": [ 136.894843900000012, 35.2162013 ] } },
{ "type": "Feature", "properties": { "内容": "訪問看護ステーションハートリンク【訪問看護】名古屋市西区新道1丁目5番5号アートビル202", "url": "https://www.kaigokensaku.mhlw.go.jp/23/index.php?action_kouhyou_detail_004_kani=true&JigyosyoCd=2360490268-00&ServiceCd=130&Type=search", "url2": "http://energycare.co.jp/" }, "geometry": { "type": "Point", "coordinates": [ 136.889626918914018, 35.181424132094193 ] } },
{ "type": "Feature", "properties": { "内容": "HIMARI訪問看護ステーション【訪問看護】名古屋市西区枇杷島三丁目26番11号GALLERIA　DELLO　ZUCCOTTO　4A", "url": "https://www.kaigokensaku.mhlw.go.jp/23/index.php?action_kouhyou_detail_004_kani=true&JigyosyoCd=2360490524-00&ServiceCd=130&Type=search", "url2": "himari-corp.co.jp" }, "geometry": { "type": "Point", "coordinates": [ 136.8769036, 35.1915137 ] } },
{ "type": "Feature", "properties": { "内容": "訪問看護ステーションみらいふ【訪問看護】愛知県名古屋市西区清里町450M’ｓビル１F", "url": "https://www.kaigokensaku.mhlw.go.jp/23/index.php?action_kouhyou_detail_004_kani=true&JigyosyoCd=2360490334-00&ServiceCd=130&Type=search", "url2": "info@miraifu.jp" }, "geometry": { "type": "Point", "coordinates": [ 136.897334199999932, 35.2326593 ] } },
{ "type": "Feature", "properties": { "内容": "訪問看護ステーション　みらくる【訪問看護】名古屋市西区枇杷島３丁目２８番２３号１階", "url": "https://www.kaigokensaku.mhlw.go.jp/23/index.php?action_kouhyou_detail_004_kani=true&JigyosyoCd=2360490615-00&ServiceCd=130&Type=search", "url2": null }, "geometry": { "type": "Point", "coordinates": [ 136.875027745368925, 35.192397069393579 ] } },
{ "type": "Feature", "properties": { "内容": "名古屋市西区訪問看護ステーション【訪問看護】愛知県名古屋市西区花の木二丁目１８番１号西区在宅サービスセンター内", "url": "https://www.kaigokensaku.mhlw.go.jp/23/index.php?action_kouhyou_detail_004_kani=true&JigyosyoCd=2360490029-00&ServiceCd=130&Type=search", "url2": "https://www.nrs.or.jp" }, "geometry": { "type": "Point", "coordinates": [ 136.890058, 35.1891085 ] } },
{ "type": "Feature", "properties": { "内容": "緑の家　訪問看護ステーション名西【訪問看護】愛知県名古屋市西区上小田井二丁目101番地グランドール緑地公園401", "url": "https://www.kaigokensaku.mhlw.go.jp/23/index.php?action_kouhyou_detail_004_kani=true&JigyosyoCd=2360490557-00&ServiceCd=130&Type=search", "url2": "https://midorinoie.com/" }, "geometry": { "type": "Point", "coordinates": [ 136.879026500000037, 35.2183594 ] } },
{ "type": "Feature", "properties": { "内容": "りんくる訪問看護ステーション【訪問看護】浮野町130番地ピーナッツボーイⅡ201号室", "url": "https://www.kaigokensaku.mhlw.go.jp/23/index.php?action_kouhyou_detail_004_kani=true&JigyosyoCd=2360490540-00&ServiceCd=130&Type=search", "url2": null }, "geometry": { "type": "Point", "coordinates": [ 136.8573245, 35.227538 ] } },
{ "type": "Feature", "properties": { "内容": "みたま訪問看護【訪問看護】愛知県名古屋市西区大野木4-73大野木ビラ204", "url": "https://www.kaigokensaku.mhlw.go.jp/23/index.php?action_kouhyou_detail_004_kani=true&JigyosyoCd=2360490565-00&ServiceCd=130&Type=search", "url2": "https://mitama-hokan.com/" }, "geometry": { "type": "Point", "coordinates": [ 136.89704230000001, 35.2216162 ] } },
{ "type": "Feature", "properties": { "内容": "訪問看護ステーション煌煌名古屋【訪問看護】愛知県名古屋市西区新道1丁目22－14", "url": "https://www.kaigokensaku.mhlw.go.jp/23/index.php?action_kouhyou_detail_004_kani=true&JigyosyoCd=2360490508-00&ServiceCd=130&Type=search", "url2": "https;//kousei138.co.jp" }, "geometry": { "type": "Point", "coordinates": [ 136.886364399999962, 35.1832993 ] } },
{ "type": "Feature", "properties": { "内容": "訪問看護ステーションまつよし【訪問看護】名古屋市中村区香取町1-8ガーデンハイツ中村6D", "url": "https://www.kaigokensaku.mhlw.go.jp/23/index.php?action_kouhyou_detail_004_kani=true&JigyosyoCd=2360590315-00&ServiceCd=130&Type=search", "url2": null }, "geometry": { "type": "Point", "coordinates": [ 136.853439200000025, 35.1680466 ] } },
{ "type": "Feature", "properties": { "内容": "訪問看護ステーション　デューン中村【訪問看護】愛知県名古屋市中村区沖田町217-1ラフィーネ沖田1階西号", "url": "https://www.kaigokensaku.mhlw.go.jp/23/index.php?action_kouhyou_detail_004_kani=true&JigyosyoCd=2360590414-00&ServiceCd=130&Type=search", "url2": null }, "geometry": { "type": "Point", "coordinates": [ 136.856847799999969, 35.1581896 ] } },
{ "type": "Feature", "properties": { "内容": "訪問看護ステーションアンビス　本陣【訪問看護】愛知県名古屋市中村区上ノ宮町２丁目４－１医心館　本陣", "url": "https://www.kaigokensaku.mhlw.go.jp/23/index.php?action_kouhyou_detail_004_kani=true&JigyosyoCd=2360590323-00&ServiceCd=130&Type=search", "url2": "https://amvis.co.jp/" }, "geometry": { "type": "Point", "coordinates": [ 136.86466762209011, 35.176007568190713 ] } },
{ "type": "Feature", "properties": { "内容": "訪問看護ステーションIROHANA　名古屋【訪問看護】愛知県名古屋市中村区並木二丁目148番地グランドステイタス八田301号室", "url": "https://www.kaigokensaku.mhlw.go.jp/23/index.php?action_kouhyou_detail_004_kani=true&JigyosyoCd=2360590638-00&ServiceCd=130&Type=search", "url2": "https://irohagurashi.net/" }, "geometry": { "type": "Point", "coordinates": [ 136.851380299999988, 35.1506914 ] } },
{ "type": "Feature", "properties": { "内容": "訪問看護ステーション虹色こころ【訪問看護】愛知県中村区椿町13番16号サン・オフィス名駅新幹線口801号室", "url": "https://www.kaigokensaku.mhlw.go.jp/23/index.php?action_kouhyou_detail_004_kani=true&JigyosyoCd=2360590695-00&ServiceCd=130&Type=search", "url2": "https://nijiirokokoro-homon-nagoya.com/" }, "geometry": { "type": "Point", "coordinates": [ 136.8797482, 35.1687463 ] } },
{ "type": "Feature", "properties": { "内容": "パプリカこころの訪問看護ステーション名古屋中村【訪問看護】愛知県名古屋市中村区則武一丁目９－９", "url": "https://www.kaigokensaku.mhlw.go.jp/23/index.php?action_kouhyou_detail_004_kani=true&JigyosyoCd=2360590703-00&ServiceCd=130&Type=search", "url2": null }, "geometry": { "type": "Point", "coordinates": [ 136.877532, 35.1735034 ] } },
{ "type": "Feature", "properties": { "内容": "訪問看護のぞみ栄生【訪問看護】愛知県名古屋市中村区栄生町3番15号", "url": "https://www.kaigokensaku.mhlw.go.jp/23/index.php?action_kouhyou_detail_004_kani=true&JigyosyoCd=2360590729-00&ServiceCd=130&Type=search", "url2": "https://www.lamore.jp/" }, "geometry": { "type": "Point", "coordinates": [ 136.871852, 35.1835107 ] } },
{ "type": "Feature", "properties": { "内容": "訪問看護ステーション和快【訪問看護】宿跡町3丁目36番地サンシャイン宿跡３D", "url": "https://www.kaigokensaku.mhlw.go.jp/23/index.php?action_kouhyou_detail_004_kani=true&JigyosyoCd=2360590745-00&ServiceCd=130&Type=search", "url2": null }, "geometry": { "type": "Point", "coordinates": [ 136.845965699999965, 35.173172699999981 ] } },
{ "type": "Feature", "properties": { "内容": "訪問看護ステーション　愛燦々【訪問看護】愛知県名古屋市中村区千成通二丁目五番愛燦々　なかむら", "url": "https://www.kaigokensaku.mhlw.go.jp/23/index.php?action_kouhyou_detail_004_kani=true&JigyosyoCd=2360590349-00&ServiceCd=130&Type=search", "url2": null }, "geometry": { "type": "Point", "coordinates": [ 136.86613269999998, 35.1633059 ] } },
{ "type": "Feature", "properties": { "内容": "クリニックかけはし【訪問看護】愛知県名古屋市中村区稲葉地町2丁目16-8", "url": "https://www.kaigokensaku.mhlw.go.jp/23/index.php?action_kouhyou_detail_004_kani=true&JigyosyoCd=2310505371-00&ServiceCd=130&Type=search", "url2": null }, "geometry": { "type": "Point", "coordinates": [ 136.843148, 35.1674 ] } },
{ "type": "Feature", "properties": { "内容": "珪山会大門訪問看護ステーション【訪問看護】賑町26番地鵜飼在宅センター大門　2階", "url": "https://www.kaigokensaku.mhlw.go.jp/23/index.php?action_kouhyou_detail_004_kani=true&JigyosyoCd=2360590018-00&ServiceCd=130&Type=search", "url2": "http://kzan.jp/" }, "geometry": { "type": "Point", "coordinates": [ 136.866456566030138, 35.169525011852841 ] } },
{ "type": "Feature", "properties": { "内容": "訪問看護ステーションじょうさい【訪問看護】名古屋市中村区北畑町四丁目1番地グループホームじょうさい2階", "url": "https://www.kaigokensaku.mhlw.go.jp/23/index.php?action_kouhyou_detail_004_kani=true&JigyosyoCd=2360590059-00&ServiceCd=130&Type=search", "url2": "https://www.kaikou.or.jp/kyotaku/homon-kango.html" }, "geometry": { "type": "Point", "coordinates": [ 136.865689076721196, 35.159397629475926 ] } },
{ "type": "Feature", "properties": { "内容": "名古屋市中村区訪問看護ステーション【訪問看護】愛知県名古屋市中村区名楽町4丁目7番地の18中村区在宅サービスセンター内", "url": "https://www.kaigokensaku.mhlw.go.jp/23/index.php?action_kouhyou_detail_004_kani=true&JigyosyoCd=2360590026-00&ServiceCd=130&Type=search", "url2": "https://www.nrs.or.jp" }, "geometry": { "type": "Point", "coordinates": [ 136.863116, 35.1697717 ] } },
{ "type": "Feature", "properties": { "内容": "訪問看護ステーションこあ【訪問看護】愛知県名古屋市中村区稲西町99番地", "url": "https://www.kaigokensaku.mhlw.go.jp/23/index.php?action_kouhyou_detail_004_kani=true&JigyosyoCd=2360590117-00&ServiceCd=130&Type=search", "url2": "https://st-core.or.jp/" }, "geometry": { "type": "Point", "coordinates": [ 136.836328317366593, 35.16605457658067 ] } },
{ "type": "Feature", "properties": { "内容": "パインスマイル訪問看護ステーション【訪問看護】愛知県名古屋市中村区鳥居西通2丁目1番地鳥居西ビル205号", "url": "https://www.kaigokensaku.mhlw.go.jp/23/index.php?action_kouhyou_detail_004_kani=true&JigyosyoCd=2360590448-00&ServiceCd=130&Type=search", "url2": null }, "geometry": { "type": "Point", "coordinates": [ 136.8509699, 35.1692158 ] } },
{ "type": "Feature", "properties": { "内容": "訪問看護ステーションけあびーんず【訪問看護】愛知県名古屋市中村区塩池町1-14-24-2", "url": "https://www.kaigokensaku.mhlw.go.jp/23/index.php?action_kouhyou_detail_004_kani=true&JigyosyoCd=2360590497-00&ServiceCd=130&Type=search", "url2": null }, "geometry": { "type": "Point", "coordinates": [ 136.868168766270486, 35.185041378486403 ] } },
{ "type": "Feature", "properties": { "内容": "訪問看護ステーションさつき【訪問看護】愛知県名古屋市中村区上米野町1丁目27－2", "url": "https://www.kaigokensaku.mhlw.go.jp/23/index.php?action_kouhyou_detail_004_kani=true&JigyosyoCd=2360590539-00&ServiceCd=130&Type=search", "url2": "https://satsuki-nakamura.jp/" }, "geometry": { "type": "Point", "coordinates": [ 136.8736163, 35.1669714 ] } },
{ "type": "Feature", "properties": { "内容": "ぬくケア八田訪問看護【訪問看護】横井二丁目141番地の1", "url": "https://www.kaigokensaku.mhlw.go.jp/23/index.php?action_kouhyou_detail_004_kani=true&JigyosyoCd=2360590422-00&ServiceCd=130&Type=search", "url2": "nukumoa.jp" }, "geometry": { "type": "Point", "coordinates": [ 136.833659872352627, 35.147622871511125 ] } },
{ "type": "Feature", "properties": { "内容": "ナースステーションプラス【訪問看護】愛知県名古屋市中村区若宮町1-32", "url": "https://www.kaigokensaku.mhlw.go.jp/23/index.php?action_kouhyou_detail_004_kani=true&JigyosyoCd=2360590356-00&ServiceCd=130&Type=search", "url2": "http://www.mothers-planet.com/" }, "geometry": { "type": "Point", "coordinates": [ 136.869273365425585, 35.169455518415894 ] } },
{ "type": "Feature", "properties": { "内容": "ハンズ訪問看護ステーション【訪問看護】愛知県名古屋市中村区元中村町３丁目７番地", "url": "https://www.kaigokensaku.mhlw.go.jp/23/index.php?action_kouhyou_detail_004_kani=true&JigyosyoCd=2360590612-00&ServiceCd=130&Type=search", "url2": null }, "geometry": { "type": "Point", "coordinates": [ 136.8620714, 35.170569 ] } },
{ "type": "Feature", "properties": { "内容": "訪問看護ステーションクオーレ【訪問看護】森田町3丁目5番21号GridNagoya106号", "url": "https://www.kaigokensaku.mhlw.go.jp/23/index.php?action_kouhyou_detail_004_kani=true&JigyosyoCd=2360590463-00&ServiceCd=130&Type=search", "url2": "http://www.magokoro-verite.com" }, "geometry": { "type": "Point", "coordinates": [ 136.859927420653179, 35.178378757031936 ] } },
{ "type": "Feature", "properties": { "内容": "ひなた訪問看護ステーション【訪問看護】愛知県名古屋市中村区本陣通5丁目87-1", "url": "https://www.kaigokensaku.mhlw.go.jp/23/index.php?action_kouhyou_detail_004_kani=true&JigyosyoCd=2360590109-00&ServiceCd=130&Type=search", "url2": "http://jujugroup.jp/" }, "geometry": { "type": "Point", "coordinates": [ 136.85190663303527, 35.177494070289328 ] } },
{ "type": "Feature", "properties": { "内容": "丸八訪問看護ステーション千成【訪問看護】愛知県名古屋市中村区日ノ宮町２丁目129番地２F", "url": "https://www.kaigokensaku.mhlw.go.jp/23/index.php?action_kouhyou_detail_004_kani=true&JigyosyoCd=2360590521-00&ServiceCd=130&Type=search", "url2": "http://www.maru8kaigo.com/index.html" }, "geometry": { "type": "Point", "coordinates": [ 136.8592557, 35.1607967 ] } },
{ "type": "Feature", "properties": { "内容": "あるか訪問看護ステーションなかむら【訪問看護】愛知県名古屋市中村区中村中町4丁目40番地の1アヴニール千成1A", "url": "https://www.kaigokensaku.mhlw.go.jp/23/index.php?action_kouhyou_detail_004_kani=true&JigyosyoCd=2360590711-00&ServiceCd=130&Type=search", "url2": null }, "geometry": { "type": "Point", "coordinates": [ 136.859314899999987, 35.1647643 ] } },
{ "type": "Feature", "properties": { "内容": "訪問看護ステーション　福の里　花乃邸【訪問看護】愛知県名古屋市中村区牛田通1丁目1番地の６", "url": "https://www.kaigokensaku.mhlw.go.jp/23/index.php?action_kouhyou_detail_004_kani=true&JigyosyoCd=2360590752-00&ServiceCd=130&Type=search", "url2": "https://www.hokan-hananotei.jp" }, "geometry": { "type": "Point", "coordinates": [ 136.865254479564186, 35.159643573319272 ] } },
{ "type": "Feature", "properties": { "内容": "訪問看護ステーション千人力【訪問看護】愛知県名古屋市中村区中村町１丁目８４番地ハイマアトマンション１０４号室", "url": "https://www.kaigokensaku.mhlw.go.jp/23/index.php?action_kouhyou_detail_004_kani=true&JigyosyoCd=2360590760-00&ServiceCd=130&Type=search", "url2": null }, "geometry": { "type": "Point", "coordinates": [ 136.855564, 35.1726146 ] } },
{ "type": "Feature", "properties": { "内容": "訪問看護ステーション絆【訪問看護】愛知県名古屋市中村区岩塚町字上小路77番地の2", "url": "https://www.kaigokensaku.mhlw.go.jp/23/index.php?action_kouhyou_detail_004_kani=true&JigyosyoCd=2360590430-00&ServiceCd=130&Type=search", "url2": "http://keiwakai911.com" }, "geometry": { "type": "Point", "coordinates": [ 136.840155099999947, 35.1564561 ] } },
{ "type": "Feature", "properties": { "内容": "訪問看護ステーションこころ【訪問看護】愛知県名古屋市中村区畑江通9丁目17番地の1ハートヒルズ岩塚１Ｆ", "url": "https://www.kaigokensaku.mhlw.go.jp/23/index.php?action_kouhyou_detail_004_kani=true&JigyosyoCd=2360590216-00&ServiceCd=130&Type=search", "url2": null }, "geometry": { "type": "Point", "coordinates": [ 136.855609, 35.1580479 ] } },
{ "type": "Feature", "properties": { "内容": "訪問看護ステーションAMO【訪問看護】愛知県名古屋市中村区豊国通4丁目23番地コーポ清華103号室", "url": "https://www.kaigokensaku.mhlw.go.jp/23/index.php?action_kouhyou_detail_004_kani=true&JigyosyoCd=2360590562-00&ServiceCd=130&Type=search", "url2": "http://www.kei20180702.com" }, "geometry": { "type": "Point", "coordinates": [ 136.8548375, 35.161267 ] } },
{ "type": "Feature", "properties": { "内容": "なんよう訪問看護リハビリステーション中村【訪問看護】愛知県名古屋市中村区並木２－１４８グランドステイタス八田２階２０１室", "url": "https://www.kaigokensaku.mhlw.go.jp/23/index.php?action_kouhyou_detail_004_kani=true&JigyosyoCd=2360590364-00&ServiceCd=130&Type=search", "url2": null }, "geometry": { "type": "Point", "coordinates": [ 136.851357099999973, 35.150707 ] } },
{ "type": "Feature", "properties": { "内容": "訪問看護リハビリ　Ucharm【訪問看護】愛知県名古屋市中村区長筬町6丁目45番地の3", "url": "https://www.kaigokensaku.mhlw.go.jp/23/index.php?action_kouhyou_detail_004_kani=true&JigyosyoCd=2360590653-00&ServiceCd=130&Type=search", "url2": null }, "geometry": { "type": "Point", "coordinates": [ 136.8491449, 35.1650996 ] } },
{ "type": "Feature", "properties": { "内容": "訪問看護ステーショントマト【訪問看護】愛知県中村区北畑町3-27-1", "url": "https://www.kaigokensaku.mhlw.go.jp/23/index.php?action_kouhyou_detail_004_kani=true&JigyosyoCd=2360590588-00&ServiceCd=130&Type=search", "url2": "https://www.tomato-family.net" }, "geometry": { "type": "Point", "coordinates": [ 136.866109599999987, 35.1588756 ] } },
{ "type": "Feature", "properties": { "内容": "アークエンジェルズ【訪問看護】愛知県名古屋市中村区中島町1丁目16番地セントラルアイル1階", "url": "https://www.kaigokensaku.mhlw.go.jp/23/index.php?action_kouhyou_detail_004_kani=true&JigyosyoCd=2360590604-00&ServiceCd=130&Type=search", "url2": null }, "geometry": { "type": "Point", "coordinates": [ 136.872092099999946, 35.1720026 ] } },
{ "type": "Feature", "properties": { "内容": "ライフ訪問看護ステーション【訪問看護】愛知県名古屋市中村区横井1丁目112番地", "url": "https://www.kaigokensaku.mhlw.go.jp/23/index.php?action_kouhyou_detail_004_kani=true&JigyosyoCd=2360590489-00&ServiceCd=130&Type=search", "url2": null }, "geometry": { "type": "Point", "coordinates": [ 136.836374799999987, 35.1490178 ] } },
{ "type": "Feature", "properties": { "内容": "訪問看護ステーション　ワンダーケア中村【訪問看護】愛知県名古屋市中村区野上町108", "url": "https://www.kaigokensaku.mhlw.go.jp/23/index.php?action_kouhyou_detail_004_kani=true&JigyosyoCd=2360590786-00&ServiceCd=130&Type=search", "url2": null }, "geometry": { "type": "Point", "coordinates": [ 136.842272464418016, 35.14686500923969 ] } },
{ "type": "Feature", "properties": { "内容": "訪問看護ステーション　シュシュ岩塚【訪問看護】豊国通6丁目9番地岩塚駅南ビル", "url": "https://www.kaigokensaku.mhlw.go.jp/23/index.php?action_kouhyou_detail_004_kani=true&JigyosyoCd=2360590794-00&ServiceCd=130&Type=search", "url2": null }, "geometry": { "type": "Point", "coordinates": [ 136.8544662, 35.1565142 ] } },
{ "type": "Feature", "properties": { "内容": "訪問看護ステーションラシカル【訪問看護】愛知県名古屋市中村区岩塚本通3丁目9番地の1シャトレ大万802", "url": "https://www.kaigokensaku.mhlw.go.jp/23/index.php?action_kouhyou_detail_004_kani=true&JigyosyoCd=2360590687-00&ServiceCd=130&Type=search", "url2": "https://tsutsumu-k.co.jp" }, "geometry": { "type": "Point", "coordinates": [ 136.848333, 35.1581683 ] } },
{ "type": "Feature", "properties": { "内容": "訪問看護オフィスあいり【訪問看護】愛知県名古屋市中村区本陣通５-７コーポラス小出３A", "url": "https://www.kaigokensaku.mhlw.go.jp/23/index.php?action_kouhyou_detail_004_kani=true&JigyosyoCd=2360590513-00&ServiceCd=130&Type=search", "url2": null }, "geometry": { "type": "Point", "coordinates": [ 136.8600865, 35.1778485 ] } },
{ "type": "Feature", "properties": { "内容": "おだいじに訪問看護リハビリステーション中村【訪問看護】愛知県名古屋市中村区沖田町389エル・オー岩塚ビル3階", "url": "https://www.kaigokensaku.mhlw.go.jp/23/index.php?action_kouhyou_detail_004_kani=true&JigyosyoCd=2360590372-00&ServiceCd=130&Type=search", "url2": "https://houmonkango-good-aid.com/" }, "geometry": { "type": "Point", "coordinates": [ 136.854764622461971, 35.158077413063523 ] } },
{ "type": "Feature", "properties": { "内容": "訪問看護ステーションねこびより【訪問看護】愛知県名古屋市中村区千原町3番12号ノースグランデ栄生1001", "url": "https://www.kaigokensaku.mhlw.go.jp/23/index.php?action_kouhyou_detail_004_kani=true&JigyosyoCd=2360590810-00&ServiceCd=130&Type=search", "url2": "https://nekobiyori-kango.jp/" }, "geometry": { "type": "Point", "coordinates": [ 136.87350379999998, 35.1816726 ] } },
{ "type": "Feature", "properties": { "内容": "訪問看護ステーションリライト名古屋【訪問看護】中島町1丁目33番地chulo101", "url": "https://www.kaigokensaku.mhlw.go.jp/23/index.php?action_kouhyou_detail_004_kani=true&JigyosyoCd=2360590802-00&ServiceCd=130&Type=search", "url2": null }, "geometry": { "type": "Point", "coordinates": [ 141.013735200000013, 42.3526537 ] } },
{ "type": "Feature", "properties": { "内容": "ONEPIECE訪問看護ステーション【訪問看護】愛知県名古屋市中村区並木2丁目148番地グランドステイタス八田305号室", "url": "https://www.kaigokensaku.mhlw.go.jp/23/index.php?action_kouhyou_detail_004_kani=true&JigyosyoCd=2360590679-00&ServiceCd=130&Type=search", "url2": null }, "geometry": { "type": "Point", "coordinates": [ 136.85154585463107, 35.150689813833672 ] } },
{ "type": "Feature", "properties": { "内容": "訪問看護ステーション　カルムつるまい【訪問看護】愛知県名古屋市中区千代田三丁目16番7号横山アネックスビル503号", "url": "https://www.kaigokensaku.mhlw.go.jp/23/index.php?action_kouhyou_detail_004_kani=true&JigyosyoCd=2360690313-00&ServiceCd=130&Type=search", "url2": null }, "geometry": { "type": "Point", "coordinates": [ 136.914263299999988, 35.1549965 ] } },
{ "type": "Feature", "properties": { "内容": "ZONNE【訪問看護】愛知県名古屋市中区上前津二丁目11番17号上前津パークマンション405号室", "url": "https://www.kaigokensaku.mhlw.go.jp/23/index.php?action_kouhyou_detail_004_kani=true&JigyosyoCd=2360690321-00&ServiceCd=130&Type=search", "url2": "作成中" }, "geometry": { "type": "Point", "coordinates": [ 136.907209200000011, 35.1551687 ] } },
{ "type": "Feature", "properties": { "内容": "株式会社N.E【訪問看護】愛知県名古屋市中区丸の内１丁目２−９長尾ビル2F長尾ビル２F", "url": "https://www.kaigokensaku.mhlw.go.jp/23/index.php?action_kouhyou_detail_004_kani=true&JigyosyoCd=2360690339-00&ServiceCd=130&Type=search", "url2": "https://nine-earth.com/" }, "geometry": { "type": "Point", "coordinates": [ 136.895012400000013, 35.1771953 ] } },
{ "type": "Feature", "properties": { "内容": "愛と感謝の訪問看護リハビリステーションなごや【訪問看護】錦2丁目9-6名和丸の内ビル2B", "url": "https://www.kaigokensaku.mhlw.go.jp/23/index.php?action_kouhyou_detail_004_kani=true&JigyosyoCd=2360690362-00&ServiceCd=130&Type=search", "url2": null }, "geometry": { "type": "Point", "coordinates": [ 136.8982522, 35.1709943 ] } },
{ "type": "Feature", "properties": { "内容": "チームミューズ【訪問看護】愛知県名古屋市中区千代田一丁目16番20号アネシス美和ビル202号室", "url": "https://www.kaigokensaku.mhlw.go.jp/23/index.php?action_kouhyou_detail_004_kani=true&JigyosyoCd=2360690263-00&ServiceCd=130&Type=search", "url2": "https://kango.mynavi.jp/contents/carte/444165-2/" }, "geometry": { "type": "Point", "coordinates": [ 136.915044488604963, 35.159284517976609 ] } },
{ "type": "Feature", "properties": { "内容": "アエタライーネ訪問看護ステーション【訪問看護】丸の内三丁目２０番２０号チサンマンション丸の内第三　８０５号室", "url": "https://www.kaigokensaku.mhlw.go.jp/23/index.php?action_kouhyou_detail_004_kani=true&JigyosyoCd=2360690396-00&ServiceCd=130&Type=search", "url2": "https://aetalaene.com/" }, "geometry": { "type": "Point", "coordinates": [ 136.9055918, 35.1739223 ] } },
{ "type": "Feature", "properties": { "内容": "ナースコール金山【訪問看護】名古屋市中区正木4丁目5-9ファミリー・ホスピスOASIS金山", "url": "https://www.kaigokensaku.mhlw.go.jp/23/index.php?action_kouhyou_detail_004_kani=true&JigyosyoCd=2360690370-00&ServiceCd=130&Type=search", "url2": "http//nc-service.net/" }, "geometry": { "type": "Point", "coordinates": [ 136.8973958, 35.1436786 ] } },
{ "type": "Feature", "properties": { "内容": "訪問看護ステーション　すずらん【訪問看護】愛知県名古屋市中区栄五丁目7番25号", "url": "https://www.kaigokensaku.mhlw.go.jp/23/index.php?action_kouhyou_detail_004_kani=true&JigyosyoCd=2360690222-00&ServiceCd=130&Type=search", "url2": null }, "geometry": { "type": "Point", "coordinates": [ 136.914442, 35.1651211 ] } },
{ "type": "Feature", "properties": { "内容": "キャリー訪問看護ステーション【訪問看護】新栄３丁目３－８三正ビル３階", "url": "https://www.kaigokensaku.mhlw.go.jp/23/index.php?action_kouhyou_detail_004_kani=true&JigyosyoCd=2360690354-00&ServiceCd=130&Type=search", "url2": "https://www.carrie-ltd.com/" }, "geometry": { "type": "Point", "coordinates": [ 136.926788196374673, 35.169296110197912 ] } },
{ "type": "Feature", "properties": { "内容": "訪問看護ステーション　ほたる【訪問看護】愛知県名古屋市中区千代田二丁目8番7号", "url": "https://www.kaigokensaku.mhlw.go.jp/23/index.php?action_kouhyou_detail_004_kani=true&JigyosyoCd=2360690057-00&ServiceCd=130&Type=search", "url2": "http://www.generous.co.jp" }, "geometry": { "type": "Point", "coordinates": [ 136.913783663320146, 35.159015704904434 ] } },
{ "type": "Feature", "properties": { "内容": "みんなのかかりつけ訪問看護ステーション名古屋【訪問看護】愛知県名古屋市中区正木4丁目2−30第3フクマルビル9B", "url": "https://www.kaigokensaku.mhlw.go.jp/23/index.php?action_kouhyou_detail_004_kani=true&JigyosyoCd=2360690156-00&ServiceCd=130&Type=search", "url2": "http://kakaritsuke.co.jp/" }, "geometry": { "type": "Point", "coordinates": [ 136.896187, 35.1539653 ] } },
{ "type": "Feature", "properties": { "内容": "訪問看護ステーション　ハートフル【訪問看護】愛知県名古屋市中区松原3-3-1グラツィオーソ松原102", "url": "https://www.kaigokensaku.mhlw.go.jp/23/index.php?action_kouhyou_detail_004_kani=true&JigyosyoCd=2360690297-00&ServiceCd=130&Type=search", "url2": null }, "geometry": { "type": "Point", "coordinates": [ 136.8935356, 35.1551664 ] } },
{ "type": "Feature", "properties": { "内容": "泉訪問看護ステーション【訪問看護】名古屋市中区新栄1－5－18メープルアネスト新栄701号室", "url": "https://www.kaigokensaku.mhlw.go.jp/23/index.php?action_kouhyou_detail_004_kani=true&JigyosyoCd=2360690305-00&ServiceCd=130&Type=search", "url2": null }, "geometry": { "type": "Point", "coordinates": [ 136.918165499999986, 35.1691479 ] } },
{ "type": "Feature", "properties": { "内容": "訪問看護ステーション　すみれ【訪問看護】名古屋市中区大須一丁目２９－６６", "url": "https://www.kaigokensaku.mhlw.go.jp/23/index.php?action_kouhyou_detail_004_kani=true&JigyosyoCd=2360690099-00&ServiceCd=130&Type=search", "url2": null }, "geometry": { "type": "Point", "coordinates": [ 136.893496899999946, 35.1597405 ] } },
{ "type": "Feature", "properties": { "内容": "エデン訪問看護ステーション【訪問看護】愛知県名古屋市中区千代田三丁目1-10千代田リバーサイドビル2階", "url": "https://www.kaigokensaku.mhlw.go.jp/23/index.php?action_kouhyou_detail_004_kani=true&JigyosyoCd=2360690073-00&ServiceCd=130&Type=search", "url2": "https://www.edenproject1977.com/" }, "geometry": { "type": "Point", "coordinates": [ 136.909870504712899, 35.155871617218473 ] } },
{ "type": "Feature", "properties": { "内容": "学研ココファンナーシング名古屋【訪問看護】愛知県名古屋市中区丸の内二丁目2番39号", "url": "https://www.kaigokensaku.mhlw.go.jp/23/index.php?action_kouhyou_detail_004_kani=true&JigyosyoCd=2360690420-00&ServiceCd=130&Type=search", "url2": null }, "geometry": { "type": "Point", "coordinates": [ 136.8980603, 35.1771258 ] } },
{ "type": "Feature", "properties": { "内容": "看護クラーク新栄【訪問看護】新栄2丁目43番26号", "url": "https://www.kaigokensaku.mhlw.go.jp/23/index.php?action_kouhyou_detail_004_kani=true&JigyosyoCd=2360690289-00&ServiceCd=130&Type=search", "url2": "https://cuc-hospice.com/" }, "geometry": { "type": "Point", "coordinates": [ 136.9212774, 35.1628272 ] } },
{ "type": "Feature", "properties": { "内容": "訪問看護ステーションアプリア【訪問看護】新栄一丁目21番16号-1", "url": "https://www.kaigokensaku.mhlw.go.jp/23/index.php?action_kouhyou_detail_004_kani=true&JigyosyoCd=2360690149-00&ServiceCd=130&Type=search", "url2": null }, "geometry": { "type": "Point", "coordinates": [ 136.917809206134251, 35.16580765239366 ] } },
{ "type": "Feature", "properties": { "内容": "おうちの里【訪問看護】愛知県名古屋市中区丸の内三丁目２０番５号オアシス日向８０２", "url": "https://www.kaigokensaku.mhlw.go.jp/23/index.php?action_kouhyou_detail_004_kani=true&JigyosyoCd=2360690412-00&ServiceCd=130&Type=search", "url2": "https://ouchi-no-sato.com/" }, "geometry": { "type": "Point", "coordinates": [ 136.905755699999986, 35.1743705 ] } },
{ "type": "Feature", "properties": { "内容": "アムールナースステーション【訪問看護】栄三丁目8-21伊勢町平和ビル5階B号室", "url": "https://www.kaigokensaku.mhlw.go.jp/23/index.php?action_kouhyou_detail_004_kani=true&JigyosyoCd=2360690347-00&ServiceCd=130&Type=search", "url2": null }, "geometry": { "type": "Point", "coordinates": [ 136.905383338784986, 35.167280418930403 ] } },
{ "type": "Feature", "properties": { "内容": "倉橋クリニック【訪問看護】錦二丁目5番31号長者町相互ビル3階", "url": "https://www.kaigokensaku.mhlw.go.jp/23/index.php?action_kouhyou_detail_004_kani=true&JigyosyoCd=2310604109-00&ServiceCd=130&Type=search", "url2": null }, "geometry": { "type": "Point", "coordinates": [ 136.900837503036882, 35.171696833027077 ] } },
{ "type": "Feature", "properties": { "内容": "訪問看護ステーション　花結【訪問看護】愛知県名古屋市中区伊勢山二丁目4番5号", "url": "https://www.kaigokensaku.mhlw.go.jp/23/index.php?action_kouhyou_detail_004_kani=true&JigyosyoCd=2360690438-00&ServiceCd=130&Type=search", "url2": null }, "geometry": { "type": "Point", "coordinates": [ 136.9018858, 35.1489729 ] } },
{ "type": "Feature", "properties": { "内容": "名古屋市中・東訪問看護ステーション【訪問看護】愛知県名古屋市中区上前津二丁目12番23号中区在宅サービスセンター内", "url": "https://www.kaigokensaku.mhlw.go.jp/23/index.php?action_kouhyou_detail_004_kani=true&JigyosyoCd=2360690016-00&ServiceCd=130&Type=search", "url2": "https://www.nrs.or.jp" }, "geometry": { "type": "Point", "coordinates": [ 136.908054, 35.1551139 ] } },
{ "type": "Feature", "properties": { "内容": "テンハート訪問看護ステーション【訪問看護】愛知県名古屋市中区金山一丁目7番4号ニッセイ・ディーセント金山902", "url": "https://www.kaigokensaku.mhlw.go.jp/23/index.php?action_kouhyou_detail_004_kani=true&JigyosyoCd=2360690214-00&ServiceCd=130&Type=search", "url2": "https://beplace.co.jp" }, "geometry": { "type": "Point", "coordinates": [ 136.900980600000054, 35.1457445 ] } },
{ "type": "Feature", "properties": { "内容": "訪問看護ステーション　GARO　鶴舞【訪問看護】愛知県名古屋市昭和区鶴舞2丁目12番地の24", "url": "https://www.kaigokensaku.mhlw.go.jp/23/index.php?action_kouhyou_detail_004_kani=true&JigyosyoCd=2360790220-00&ServiceCd=130&Type=search", "url2": "https://garo-home.co.jp/" }, "geometry": { "type": "Point", "coordinates": [ 136.9148146, 35.1517564 ] } },
{ "type": "Feature", "properties": { "内容": "医療法人北山クリニック【訪問看護】愛知県名古屋市昭和区北山町2丁目34番地の4", "url": "https://www.kaigokensaku.mhlw.go.jp/23/index.php?action_kouhyou_detail_004_kani=true&JigyosyoCd=2310702671-00&ServiceCd=130&Type=search", "url2": "http://www.asahi-net.or.jp/~ix6i-icmr/" }, "geometry": { "type": "Point", "coordinates": [ 136.93238435581975, 35.152389860759989 ] } },
{ "type": "Feature", "properties": { "内容": "訪問看護ステーションらしさ【訪問看護】愛知県名古屋市昭和区桜山町2丁目48－1ジュネコキアージュ桜山202", "url": "https://www.kaigokensaku.mhlw.go.jp/23/index.php?action_kouhyou_detail_004_kani=true&JigyosyoCd=2360790261-00&ServiceCd=130&Type=search", "url2": "http://thereis-teal.com" }, "geometry": { "type": "Point", "coordinates": [ 136.9337726, 35.1436574 ] } },
{ "type": "Feature", "properties": { "内容": "訪問看護ステーションちいず【訪問看護】愛知県名古屋市昭和区御器所通り１-１８-１TSビル２０２号室", "url": "https://www.kaigokensaku.mhlw.go.jp/23/index.php?action_kouhyou_detail_004_kani=true&JigyosyoCd=2360790295-00&ServiceCd=130&Type=search", "url2": "https://cheese-hks.com/" }, "geometry": { "type": "Point", "coordinates": [ 136.928103, 35.149281 ] } },
{ "type": "Feature", "properties": { "内容": "訪問看護ステーション　ロイス【訪問看護】前山町3丁目5番フォンテーヌ・ナウ107", "url": "https://www.kaigokensaku.mhlw.go.jp/23/index.php?action_kouhyou_detail_004_kani=true&JigyosyoCd=2360790410-00&ServiceCd=130&Type=search", "url2": null }, "geometry": { "type": "Point", "coordinates": [ 136.95856093028533, 35.152774981517545 ] } },
{ "type": "Feature", "properties": { "内容": "ともに未来を描ける訪問看護ステーション　ミライエ【訪問看護】愛知県名古屋市昭和区藤成通6丁目8番地の2マルヤビル301号室", "url": "https://www.kaigokensaku.mhlw.go.jp/23/index.php?action_kouhyou_detail_004_kani=true&JigyosyoCd=2360790444-00&ServiceCd=130&Type=search", "url2": "https://www.tomonimiraiwoegakeru-miraie.com/" }, "geometry": { "type": "Point", "coordinates": [ 136.9437265, 35.1416816 ] } },
{ "type": "Feature", "properties": { "内容": "訪問看護tonari【訪問看護】愛知県名古屋市昭和区北山町三丁目22番地の2シャトレ北山502号室", "url": "https://www.kaigokensaku.mhlw.go.jp/23/index.php?action_kouhyou_detail_004_kani=true&JigyosyoCd=2360790469-00&ServiceCd=130&Type=search", "url2": "https://anatanotonari.com/" }, "geometry": { "type": "Point", "coordinates": [ 136.9379803, 35.1519953 ] } },
{ "type": "Feature", "properties": { "内容": "サンウェルズ桜山訪問看護ステーション【訪問看護】桜山町2丁目37番地", "url": "https://www.kaigokensaku.mhlw.go.jp/23/index.php?action_kouhyou_detail_004_kani=true&JigyosyoCd=2360790485-00&ServiceCd=130&Type=search", "url2": "http://sunwels.jp" }, "geometry": { "type": "Point", "coordinates": [ 136.93270720000001, 35.1435193 ] } },
{ "type": "Feature", "properties": { "内容": "ライフアップ訪問看護ステーション御器所【訪問看護】愛知県名古屋市昭和区緑町2丁目28番地の2ユニーブル緑町マンション201", "url": "https://www.kaigokensaku.mhlw.go.jp/23/index.php?action_kouhyou_detail_004_kani=true&JigyosyoCd=2360790493-00&ServiceCd=130&Type=search", "url2": "https://medical-lifeup.jp" }, "geometry": { "type": "Point", "coordinates": [ 136.9331453, 35.1506577 ] } },
{ "type": "Feature", "properties": { "内容": "キョーワ訪問看護リハビリステーション寄り添い屋御器所店【訪問看護】愛知県名古屋市昭和区川名本町三丁目77番　1階キョーワ薬局御器所店　1階", "url": "https://www.kaigokensaku.mhlw.go.jp/23/index.php?action_kouhyou_detail_004_kani=true&JigyosyoCd=2360790451-00&ServiceCd=130&Type=search", "url2": "https://www.yorisoiya.net/" }, "geometry": { "type": "Point", "coordinates": [ 136.9407701, 35.1500017 ] } },
{ "type": "Feature", "properties": { "内容": "セントケア訪問看護ステーション御器所【訪問看護】名古屋市昭和区紅梅町3-2-1ＥＮＳＨＯＷ３　3F", "url": "https://www.kaigokensaku.mhlw.go.jp/23/index.php?action_kouhyou_detail_004_kani=true&JigyosyoCd=2360790378-00&ServiceCd=130&Type=search", "url2": "https://saint-care-chubu.com/" }, "geometry": { "type": "Point", "coordinates": [ 136.9342829, 35.1487439 ] } },
{ "type": "Feature", "properties": { "内容": "医療法人八事の森　みなし訪問看護【訪問看護】愛知県名古屋市昭和区山手通5-33-1", "url": "https://www.kaigokensaku.mhlw.go.jp/23/index.php?action_kouhyou_detail_004_kani=true&JigyosyoCd=2310703380-00&ServiceCd=130&Type=search", "url2": "https://www.yagoto-mori.or.jp/" }, "geometry": { "type": "Point", "coordinates": [ 136.9650459, 35.1370922 ] } },
{ "type": "Feature", "properties": { "内容": "LEAF訪問看護ステーション【訪問看護】愛知県名古屋市昭和区鶴舞3-14-18", "url": "https://www.kaigokensaku.mhlw.go.jp/23/index.php?action_kouhyou_detail_004_kani=true&JigyosyoCd=2360790162-00&ServiceCd=130&Type=search", "url2": "https://www.houmon-kango.info" }, "geometry": { "type": "Point", "coordinates": [ 136.921518583802538, 35.150265324965169 ] } },
{ "type": "Feature", "properties": { "内容": "医心館訪問看護ステーション八事南山【訪問看護】愛知県名古屋市昭和区南山町22番地11", "url": "https://www.kaigokensaku.mhlw.go.jp/23/index.php?action_kouhyou_detail_004_kani=true&JigyosyoCd=2360790402-00&ServiceCd=130&Type=search", "url2": null }, "geometry": { "type": "Point", "coordinates": [ 136.951501799999988, 35.1401975 ] } },
{ "type": "Feature", "properties": { "内容": "訪問看護ステーションベルデ桜山【訪問看護】愛知県名古屋市昭和区塩付通7-56", "url": "https://www.kaigokensaku.mhlw.go.jp/23/index.php?action_kouhyou_detail_004_kani=true&JigyosyoCd=2360790360-00&ServiceCd=130&Type=search", "url2": "https://www.careverde.com/" }, "geometry": { "type": "Point", "coordinates": [ 136.938606099999987, 35.1398625 ] } },
{ "type": "Feature", "properties": { "内容": "みんなのかかりつけ訪問看護ステーション昭和【訪問看護】名古屋市昭和区東畑1-28ワイズ東畑301", "url": "https://www.kaigokensaku.mhlw.go.jp/23/index.php?action_kouhyou_detail_004_kani=true&JigyosyoCd=2360790253-00&ServiceCd=130&Type=search", "url2": "https://kakaritsuke.co.jp" }, "geometry": { "type": "Point", "coordinates": [ 136.929697, 35.1506414 ] } },
{ "type": "Feature", "properties": { "内容": "ひまわり訪問看護リハビリステーション昭和【訪問看護】愛知県名古屋市昭和区山里町70番地の２山手アベニュー107", "url": "https://www.kaigokensaku.mhlw.go.jp/23/index.php?action_kouhyou_detail_004_kani=true&JigyosyoCd=2360790311-00&ServiceCd=130&Type=search", "url2": "http://www.himawarikango.com/" }, "geometry": { "type": "Point", "coordinates": [ 136.962901499999987, 35.1461853 ] } },
{ "type": "Feature", "properties": { "内容": "みゆき訪問看護ステーション【訪問看護】愛知県名古屋市昭和区下構町2丁目18番地の7", "url": "https://www.kaigokensaku.mhlw.go.jp/23/index.php?action_kouhyou_detail_004_kani=true&JigyosyoCd=2360790352-00&ServiceCd=130&Type=search", "url2": "https://redist.co.jp" }, "geometry": { "type": "Point", "coordinates": [ 136.935795970569586, 35.14308633828211 ] } },
{ "type": "Feature", "properties": { "内容": "訪問看護ステーション　しあわせぷらす【訪問看護】名古屋市昭和区楽園町９０番地の１ケーエムハイツ105号室", "url": "https://www.kaigokensaku.mhlw.go.jp/23/index.php?action_kouhyou_detail_004_kani=true&JigyosyoCd=2360790337-00&ServiceCd=130&Type=search", "url2": "www.siawase-lieben.co.jp" }, "geometry": { "type": "Point", "coordinates": [ 136.958263499999987, 35.1510404 ] } },
{ "type": "Feature", "properties": { "内容": "訪問看護ステーション　エヴリ【訪問看護】愛知県名古屋市昭和区元宮町4-70", "url": "https://www.kaigokensaku.mhlw.go.jp/23/index.php?action_kouhyou_detail_004_kani=true&JigyosyoCd=2360790238-00&ServiceCd=130&Type=search", "url2": "https://enyukai.jbplt.jp/" }, "geometry": { "type": "Point", "coordinates": [ 136.946228019364383, 35.157089996185952 ] } },
{ "type": "Feature", "properties": { "内容": "訪問看護ステーションゆめの葉【訪問看護】名古屋市昭和区萩原町2丁目43番地の1", "url": "https://www.kaigokensaku.mhlw.go.jp/23/index.php?action_kouhyou_detail_004_kani=true&JigyosyoCd=2360790089-00&ServiceCd=130&Type=search", "url2": "www.sumikanoki.co.jp" }, "geometry": { "type": "Point", "coordinates": [ 136.950790182911078, 35.156005300417618 ] } },
{ "type": "Feature", "properties": { "内容": "社会福祉法人聖霊会　聖霊病院訪問看護ステーション【訪問看護】愛知県名古屋市昭和区川名山町56番地の１", "url": "https://www.kaigokensaku.mhlw.go.jp/23/index.php?action_kouhyou_detail_004_kani=true&JigyosyoCd=2360790329-00&ServiceCd=130&Type=search", "url2": "https://www.seirei-hosupital.org/" }, "geometry": { "type": "Point", "coordinates": [ 136.955482755819702, 35.144809683901066 ] } },
{ "type": "Feature", "properties": { "内容": "訪問看護ステーション心和【訪問看護】愛知県名古屋市昭和区1-1-18D&Designレジデンス鶴舞４０２", "url": "https://www.kaigokensaku.mhlw.go.jp/23/index.php?action_kouhyou_detail_004_kani=true&JigyosyoCd=2360790212-00&ServiceCd=130&Type=search", "url2": "https://shinwa-kango.jp/" }, "geometry": { "type": "Point", "coordinates": [ 136.917632393857872, 35.149754475535516 ] } },
{ "type": "Feature", "properties": { "内容": "あゆみ訪問看護ステーション【訪問看護】愛知県名古屋市昭和区山中町一丁目48番地ビラ三秀山中104", "url": "https://www.kaigokensaku.mhlw.go.jp/23/index.php?action_kouhyou_detail_004_kani=true&JigyosyoCd=2360790105-00&ServiceCd=130&Type=search", "url2": "http://www.hanamizuki5.com/" }, "geometry": { "type": "Point", "coordinates": [ 136.954991699999937, 35.1482808 ] } },
{ "type": "Feature", "properties": { "内容": "訪問看護ステーションりめいく【訪問看護】愛知県名古屋市昭和区曙町1丁目11番地", "url": "https://www.kaigokensaku.mhlw.go.jp/23/index.php?action_kouhyou_detail_004_kani=true&JigyosyoCd=2360790501-00&ServiceCd=130&Type=search", "url2": null }, "geometry": { "type": "Point", "coordinates": [ 136.9290097, 35.1559194 ] } },
{ "type": "Feature", "properties": { "内容": "クラシアス訪問看護ステーション【訪問看護】藤成通二丁目12-1藤成ビル６Ａ", "url": "https://www.kaigokensaku.mhlw.go.jp/23/index.php?action_kouhyou_detail_004_kani=true&JigyosyoCd=2360790436-00&ServiceCd=130&Type=search", "url2": "https://kurashi-us.com" }, "geometry": { "type": "Point", "coordinates": [ 136.939576100000011, 35.1410486 ] } },
{ "type": "Feature", "properties": { "内容": "いりなか訪問看護ステーション【訪問看護】愛知県名古屋市昭和区滝川町32番地の１Emu　201", "url": "https://www.kaigokensaku.mhlw.go.jp/23/index.php?action_kouhyou_detail_004_kani=true&JigyosyoCd=2360790139-00&ServiceCd=130&Type=search", "url2": "http://www.med-informatics.com/irinaka-kango/" }, "geometry": { "type": "Point", "coordinates": [ 136.955372300000022, 35.1442452 ] } },
{ "type": "Feature", "properties": { "内容": "訪問看護ステーション　スマイル【訪問看護】広路通3丁目7-1エクシード広路302号", "url": "https://www.kaigokensaku.mhlw.go.jp/23/index.php?action_kouhyou_detail_004_kani=true&JigyosyoCd=2360790113-00&ServiceCd=130&Type=search", "url2": null }, "geometry": { "type": "Point", "coordinates": [ 136.941399331274368, 35.14979033353687 ] } },
{ "type": "Feature", "properties": { "内容": "かわな訪問看護ステーション【訪問看護】名古屋市昭和区山花町62番地1オフィスはなみずき2階", "url": "https://www.kaigokensaku.mhlw.go.jp/23/index.php?action_kouhyou_detail_004_kani=true&JigyosyoCd=2360790014-00&ServiceCd=130&Type=search", "url2": "https://kawanahp.jp/center/" }, "geometry": { "type": "Point", "coordinates": [ 136.951437727539002, 35.151210898112971 ] } },
{ "type": "Feature", "properties": { "内容": "さくら訪問看護ステーション【訪問看護】愛知県名古屋市昭和区桜山町2丁目48番地の１ジュネコキアージュ桜山９０１", "url": "https://www.kaigokensaku.mhlw.go.jp/23/index.php?action_kouhyou_detail_004_kani=true&JigyosyoCd=2360790394-00&ServiceCd=130&Type=search", "url2": null }, "geometry": { "type": "Point", "coordinates": [ 136.933697200000012, 35.143686700000011 ] } },
{ "type": "Feature", "properties": { "内容": "名古屋市昭和・瑞穂訪問看護ステーション【訪問看護】愛知県名古屋市昭和区御器所三丁目１８番１号昭和区在宅サービスセンター内", "url": "https://www.kaigokensaku.mhlw.go.jp/23/index.php?action_kouhyou_detail_004_kani=true&JigyosyoCd=2360790022-00&ServiceCd=130&Type=search", "url2": "https://www.nrs.or.jp" }, "geometry": { "type": "Point", "coordinates": [ 136.923233399999958, 35.1479407 ] } },
{ "type": "Feature", "properties": { "内容": "訪問看護ステーション　トータルケア名古屋白金【訪問看護】愛知県名古屋市昭和区福江一丁目19番5号中京第3ビル503号室", "url": "https://www.kaigokensaku.mhlw.go.jp/23/index.php?action_kouhyou_detail_004_kani=true&JigyosyoCd=2360790428-00&ServiceCd=130&Type=search", "url2": "https://lecaldo.co.jp/jigyousho-list/total-care-nagoya/" }, "geometry": { "type": "Point", "coordinates": [ 136.911506300000013, 35.1476975 ] } },
{ "type": "Feature", "properties": { "内容": "野々村クリニック　訪問看護【訪問看護】愛知県名古屋市瑞穂区白砂町1-19", "url": "https://www.kaigokensaku.mhlw.go.jp/23/index.php?action_kouhyou_detail_004_kani=true&JigyosyoCd=2310801549-00&ServiceCd=130&Type=search", "url2": "www.fullife.jp" }, "geometry": { "type": "Point", "coordinates": [ 136.96006710000006, 35.1198649 ] } },
{ "type": "Feature", "properties": { "内容": "奥田内科クリニック訪問看護ステーション【訪問看護】愛知県名古屋市瑞穂区日向町２－９－３", "url": "https://www.kaigokensaku.mhlw.go.jp/23/index.php?action_kouhyou_detail_004_kani=true&JigyosyoCd=2310802042-00&ServiceCd=130&Type=search", "url2": null }, "geometry": { "type": "Point", "coordinates": [ 136.949804, 35.1218837 ] } },
{ "type": "Feature", "properties": { "内容": "訪問看護ステーションかなエール【訪問看護】愛知県名古屋市瑞穂区弥富通3丁目54番地ハートイン弥富通5G号室", "url": "https://www.kaigokensaku.mhlw.go.jp/23/index.php?action_kouhyou_detail_004_kani=true&JigyosyoCd=2360890376-00&ServiceCd=130&Type=search", "url2": "http://kana-yell.jp" }, "geometry": { "type": "Point", "coordinates": [ 136.9475392, 35.1175843 ] } },
{ "type": "Feature", "properties": { "内容": "プレシア訪問看護ステーション瑞穂【訪問看護】名古屋市瑞穂区牛巻町5番7号ハイトピア瑞穂3階", "url": "https://www.kaigokensaku.mhlw.go.jp/23/index.php?action_kouhyou_detail_004_kani=true&JigyosyoCd=2360890400-00&ServiceCd=130&Type=search", "url2": "https://force-jp.co.jp/presia/" }, "geometry": { "type": "Point", "coordinates": [ 136.919304, 35.1293293 ] } },
{ "type": "Feature", "properties": { "内容": "訪問看護ステーションあゝす【訪問看護】名古屋市瑞穂区竹田町３丁目１１番地サンライズ江副1階", "url": "https://www.kaigokensaku.mhlw.go.jp/23/index.php?action_kouhyou_detail_004_kani=true&JigyosyoCd=2360890434-00&ServiceCd=130&Type=search", "url2": "https://www.naass.or.jp/" }, "geometry": { "type": "Point", "coordinates": [ 136.923789210450707, 35.139292752879072 ] } },
{ "type": "Feature", "properties": { "内容": "訪問看護ステーションつむぎ【訪問看護】愛知県名古屋市瑞穂区汐路町5丁目13番地", "url": "https://www.kaigokensaku.mhlw.go.jp/23/index.php?action_kouhyou_detail_004_kani=true&JigyosyoCd=2360890228-00&ServiceCd=130&Type=search", "url2": "https://tsumugi-houmonkango.jimdofree.com/" }, "geometry": { "type": "Point", "coordinates": [ 136.940069, 35.1253218 ] } },
{ "type": "Feature", "properties": { "内容": "キョーワ訪問看護リハビリステーション寄り添い屋瑞穂店【訪問看護】愛知県名古屋市瑞穂区妙音通4丁目17番地の1新端ビル101号室", "url": "https://www.kaigokensaku.mhlw.go.jp/23/index.php?action_kouhyou_detail_004_kani=true&JigyosyoCd=2360890269-00&ServiceCd=130&Type=search", "url2": "https://www.yorisoiya.net/" }, "geometry": { "type": "Point", "coordinates": [ 136.9338617, 35.1177265 ] } },
{ "type": "Feature", "properties": { "内容": "ソフィアメディ訪問看護ステーション瑞穂【訪問看護】愛知県名古屋市瑞穂区萩山町3-33アビタシオンナルセ　205号室", "url": "https://www.kaigokensaku.mhlw.go.jp/23/index.php?action_kouhyou_detail_004_kani=true&JigyosyoCd=2360890251-00&ServiceCd=130&Type=search", "url2": null }, "geometry": { "type": "Point", "coordinates": [ 136.941903200000013, 35.1260277 ] } },
{ "type": "Feature", "properties": { "内容": "訪問看護ステーションあすか【訪問看護】愛知県名古屋市瑞穂区豊岡通２丁目５６エクセル瑞穂３Ｂ", "url": "https://www.kaigokensaku.mhlw.go.jp/23/index.php?action_kouhyou_detail_004_kani=true&JigyosyoCd=2360890160-00&ServiceCd=130&Type=search", "url2": null }, "geometry": { "type": "Point", "coordinates": [ 136.9330804, 35.1251549 ] } },
{ "type": "Feature", "properties": { "内容": "訪問看護ステーション　空【訪問看護】愛知県名古屋市瑞穂区竹田町４－１０－２ハイツみつる１０２", "url": "https://www.kaigokensaku.mhlw.go.jp/23/index.php?action_kouhyou_detail_004_kani=true&JigyosyoCd=2360890129-00&ServiceCd=130&Type=search", "url2": "http://station-sora.com/" }, "geometry": { "type": "Point", "coordinates": [ 136.92465859999993, 35.1387421 ] } },
{ "type": "Feature", "properties": { "内容": "ピース訪問看護ステーション瑞穂【訪問看護】愛知県名古屋市瑞穂区大喜新町1-12セイコービル201号室", "url": "https://www.kaigokensaku.mhlw.go.jp/23/index.php?action_kouhyou_detail_004_kani=true&JigyosyoCd=2360890103-00&ServiceCd=130&Type=search", "url2": "http://ns-peace.jp/" }, "geometry": { "type": "Point", "coordinates": [ 136.9223925, 35.1268765 ] } },
{ "type": "Feature", "properties": { "内容": "ライフアップ訪問看護ステーション陽明【訪問看護】田辺通2-22-1ベルシャトー瑞穂1B", "url": "https://www.kaigokensaku.mhlw.go.jp/23/index.php?action_kouhyou_detail_004_kani=true&JigyosyoCd=2360890111-00&ServiceCd=130&Type=search", "url2": "http://medical-lifeup.jp/" }, "geometry": { "type": "Point", "coordinates": [ 136.945441646557583, 35.132141596365038 ] } },
{ "type": "Feature", "properties": { "内容": "Footage訪問看護ステーション　瑞穂【訪問看護】愛知県名古屋市瑞穂区膳棚町1丁目77番地の2プラム瑞穂D号室", "url": "https://www.kaigokensaku.mhlw.go.jp/23/index.php?action_kouhyou_detail_004_kani=true&JigyosyoCd=2360890293-00&ServiceCd=130&Type=search", "url2": "https://footage.nagoya" }, "geometry": { "type": "Point", "coordinates": [ 136.9379993, 35.1243597 ] } },
{ "type": "Feature", "properties": { "内容": "愛知訪問看護ステーション【訪問看護】愛知県名古屋市瑞穂区洲雲町3-25ブロアアムール601号", "url": "https://www.kaigokensaku.mhlw.go.jp/23/index.php?action_kouhyou_detail_004_kani=true&JigyosyoCd=2360890236-00&ServiceCd=130&Type=search", "url2": "https://aichihokan.com/" }, "geometry": { "type": "Point", "coordinates": [ 136.930003959108006, 35.140091640981474 ] } },
{ "type": "Feature", "properties": { "内容": "サンライトガーデン瑞穂　ナース【訪問看護】愛知県名古屋市瑞穂区弥富通5丁目29番地", "url": "https://www.kaigokensaku.mhlw.go.jp/23/index.php?action_kouhyou_detail_004_kani=true&JigyosyoCd=2360890244-00&ServiceCd=130&Type=search", "url2": "https://www.sunlight-g.com/company/" }, "geometry": { "type": "Point", "coordinates": [ 136.959691455294774, 35.120404390574514 ] } },
{ "type": "Feature", "properties": { "内容": "サンライトガーデン堀田　ナース【訪問看護】愛知県名古屋市瑞穂区神穂町2番2号サンライトガーデン堀田", "url": "https://www.kaigokensaku.mhlw.go.jp/23/index.php?action_kouhyou_detail_004_kani=true&JigyosyoCd=2360890285-00&ServiceCd=130&Type=search", "url2": null }, "geometry": { "type": "Point", "coordinates": [ 136.922991599999989, 35.1145135 ] } },
{ "type": "Feature", "properties": { "内容": "訪問看護ステーションスイートピー【訪問看護】愛知県名古屋市瑞穂区上山町１丁目１６番地石川橋ガーデンプラザ2B", "url": "https://www.kaigokensaku.mhlw.go.jp/23/index.php?action_kouhyou_detail_004_kani=true&JigyosyoCd=2360890343-00&ServiceCd=130&Type=search", "url2": "https://sweetpea-leadest.com" }, "geometry": { "type": "Point", "coordinates": [ 136.945489700000024, 35.1384492 ] } },
{ "type": "Feature", "properties": { "内容": "訪問看護・リハビリステーション「リハス」名古屋瑞穂【訪問看護】愛知県名古屋市瑞穂区彌富町字月見ヶ岡25-7グレイスレジデンス八事204", "url": "https://www.kaigokensaku.mhlw.go.jp/23/index.php?action_kouhyou_detail_004_kani=true&JigyosyoCd=2360890350-00&ServiceCd=130&Type=search", "url2": "https://rehas.co.jp/" }, "geometry": { "type": "Point", "coordinates": [ 136.9584106, 35.1291147 ] } },
{ "type": "Feature", "properties": { "内容": "訪問看護ステーションHARU　NO　CLOVER【訪問看護】愛知県名古屋市瑞穂区瑞穂通3丁目７－２花鳥ビル1階", "url": "https://www.kaigokensaku.mhlw.go.jp/23/index.php?action_kouhyou_detail_004_kani=true&JigyosyoCd=2360890178-00&ServiceCd=130&Type=search", "url2": "http://pbn-h.parallel.jp/" }, "geometry": { "type": "Point", "coordinates": [ 136.934366299999965, 35.1308072 ] } },
{ "type": "Feature", "properties": { "内容": "訪問看護ステーション　みふれ【訪問看護】愛知県名古屋市瑞穂区惣作町2-2びいⅤ堀田1F", "url": "https://www.kaigokensaku.mhlw.go.jp/23/index.php?action_kouhyou_detail_004_kani=true&JigyosyoCd=2360890145-00&ServiceCd=130&Type=search", "url2": "https://www.mifure320.co.jp/" }, "geometry": { "type": "Point", "coordinates": [ 136.924025799999981, 35.1208216 ] } },
{ "type": "Feature", "properties": { "内容": "訪問看護イデア【訪問看護】愛知県名古屋市瑞穂区下坂町4丁目49番地下坂ハイツ１F", "url": "https://www.kaigokensaku.mhlw.go.jp/23/index.php?action_kouhyou_detail_004_kani=true&JigyosyoCd=2360890319-00&ServiceCd=130&Type=search", "url2": "https://idea.idein.co.jp/" }, "geometry": { "type": "Point", "coordinates": [ 136.9261309, 35.1223029 ] } },
{ "type": "Feature", "properties": { "内容": "みずき訪問看護ステーション【訪問看護】弥富通2丁目30番地セントフィオーレ703", "url": "https://www.kaigokensaku.mhlw.go.jp/23/index.php?action_kouhyou_detail_004_kani=true&JigyosyoCd=2360890384-00&ServiceCd=130&Type=search", "url2": "https://mizuki-houkan.jp/" }, "geometry": { "type": "Point", "coordinates": [ 136.945324076721164, 35.117508144565143 ] } },
{ "type": "Feature", "properties": { "内容": "かえる訪問看護ステーション【訪問看護】愛知県名古屋市瑞穂区宝田町５丁目５レヂデンス鈴木A２０２号室", "url": "https://www.kaigokensaku.mhlw.go.jp/23/index.php?action_kouhyou_detail_004_kani=true&JigyosyoCd=2360890301-00&ServiceCd=130&Type=search", "url2": "https://www.kaeru-kango.com" }, "geometry": { "type": "Point", "coordinates": [ 136.925096200000013, 35.1293022 ] } },
{ "type": "Feature", "properties": { "内容": "レガーレ訪問看護ステーション【訪問看護】愛知県名古屋市瑞穂区白羽根町１丁目５番地", "url": "https://www.kaigokensaku.mhlw.go.jp/23/index.php?action_kouhyou_detail_004_kani=true&JigyosyoCd=2360890392-00&ServiceCd=130&Type=search", "url2": null }, "geometry": { "type": "Point", "coordinates": [ 136.937210598182304, 35.127767739410771 ] } },
{ "type": "Feature", "properties": { "内容": "ハピナス訪問看護ステーション【訪問看護】愛知県名古屋市瑞穂区玉水町２丁目５１番地の４", "url": "https://www.kaigokensaku.mhlw.go.jp/23/index.php?action_kouhyou_detail_004_kani=true&JigyosyoCd=2360890426-00&ServiceCd=130&Type=search", "url2": "https://cominghome.jp/group/hapinas/" }, "geometry": { "type": "Point", "coordinates": [ 136.956620453696161, 35.120242726634423 ] } },
{ "type": "Feature", "properties": { "内容": "みんなのかかりつけ訪問看護ステーション瑞穂【訪問看護】瑞穂通2-2-2サニーストン瑞穂310", "url": "https://www.kaigokensaku.mhlw.go.jp/23/index.php?action_kouhyou_detail_004_kani=true&JigyosyoCd=2360890418-00&ServiceCd=130&Type=search", "url2": "https://kakaritsuke.co.jp/" }, "geometry": { "type": "Point", "coordinates": [ 136.933738464418042, 35.135073083082311 ] } },
{ "type": "Feature", "properties": { "内容": "訪問看護ステーション心咲【訪問看護】関取町５９", "url": "https://www.kaigokensaku.mhlw.go.jp/23/index.php?action_kouhyou_detail_004_kani=true&JigyosyoCd=2360890467-00&ServiceCd=130&Type=search", "url2": null }, "geometry": { "type": "Point", "coordinates": [ 136.950720100000012, 35.1128066 ] } },
{ "type": "Feature", "properties": { "内容": "訪問看護のぞみ瑞穂汐路【訪問看護】愛知県名古屋市瑞穂区佐渡町4-13-7", "url": "https://www.kaigokensaku.mhlw.go.jp/23/index.php?action_kouhyou_detail_004_kani=true&JigyosyoCd=2360890277-00&ServiceCd=130&Type=search", "url2": "http://www.lamore.jp" }, "geometry": { "type": "Point", "coordinates": [ 136.937972699999989, 35.1307778 ] } },
{ "type": "Feature", "properties": { "内容": "ニチイライフケア八事緑ケ岡ナースステーション【訪問看護】愛知県名古屋市瑞穂区弥富町緑ヶ岡20-4", "url": "https://www.kaigokensaku.mhlw.go.jp/23/index.php?action_kouhyou_detail_004_kani=true&JigyosyoCd=2360890483-00&ServiceCd=130&Type=search", "url2": "https://www.nichii-carepalace.co.jp/" }, "geometry": { "type": "Point", "coordinates": [ 136.955355248829079, 35.135347245934206 ] } },
{ "type": "Feature", "properties": { "内容": "アウラ訪問看護リハビリステーション【訪問看護】愛知県名古屋市瑞穂区雁道町1丁目16番地アメニティ雁道７０１", "url": "https://www.kaigokensaku.mhlw.go.jp/23/index.php?action_kouhyou_detail_004_kani=true&JigyosyoCd=2360890475-00&ServiceCd=130&Type=search", "url2": null }, "geometry": { "type": "Point", "coordinates": [ 136.9205882, 35.1338849 ] } },
{ "type": "Feature", "properties": { "内容": "あつたしろとり訪問看護ステーション【訪問看護】愛知県名古屋市熱田区神戸町201番地ATORI302", "url": "https://www.kaigokensaku.mhlw.go.jp/23/index.php?action_kouhyou_detail_004_kani=true&JigyosyoCd=2360990283-00&ServiceCd=130&Type=search", "url2": null }, "geometry": { "type": "Point", "coordinates": [ 136.9062939, 35.1198811 ] } },
{ "type": "Feature", "properties": { "内容": "セノーテ訪問看護名古屋ステーション【訪問看護】大宝一丁目1番1号ヴェルクレート日比野A棟116号", "url": "https://www.kaigokensaku.mhlw.go.jp/23/index.php?action_kouhyou_detail_004_kani=true&JigyosyoCd=2360990291-00&ServiceCd=130&Type=search", "url2": "https://www.bgmgroup.co.jp/fusion/nagoya/" }, "geometry": { "type": "Point", "coordinates": [ 136.8942635, 35.1334398 ] } },
{ "type": "Feature", "properties": { "内容": "サンウェルズ熱田訪問看護ステーション【訪問看護】愛知県名古屋市熱田区旗屋二丁目26番21号", "url": "https://www.kaigokensaku.mhlw.go.jp/23/index.php?action_kouhyou_detail_004_kani=true&JigyosyoCd=2360990333-00&ServiceCd=130&Type=search", "url2": "https://sunwels.jp" }, "geometry": { "type": "Point", "coordinates": [ 136.9045817, 35.1279419 ] } },
{ "type": "Feature", "properties": { "内容": "訪問看護ステーション　たると【訪問看護】愛知県名古屋市熱田区三本松町16番地6", "url": "https://www.kaigokensaku.mhlw.go.jp/23/index.php?action_kouhyou_detail_004_kani=true&JigyosyoCd=2360990226-00&ServiceCd=130&Type=search", "url2": "http://www.icci.jp" }, "geometry": { "type": "Point", "coordinates": [ 136.9146438, 35.1261599 ] } },
{ "type": "Feature", "properties": { "内容": "みなと医療生活協同組合訪問看護ステーションレインボー【訪問看護】名古屋市熱田区六番二丁目1６－１９", "url": "https://www.kaigokensaku.mhlw.go.jp/23/index.php?action_kouhyou_detail_004_kani=true&JigyosyoCd=2360990010-00&ServiceCd=130&Type=search", "url2": "http://www.minato.coop/" }, "geometry": { "type": "Point", "coordinates": [ 136.888501799999972, 35.1187374 ] } },
{ "type": "Feature", "properties": { "内容": "はる訪問看護リハビリステーション【訪問看護】愛知県名古屋市熱田区大宝三丁目10番8号", "url": "https://www.kaigokensaku.mhlw.go.jp/23/index.php?action_kouhyou_detail_004_kani=true&JigyosyoCd=2360990168-00&ServiceCd=130&Type=search", "url2": "http://www.haru-houmonkango.jp/" }, "geometry": { "type": "Point", "coordinates": [ 136.894935215344304, 35.129553878250903 ] } },
{ "type": "Feature", "properties": { "内容": "訪問看護リハビリほっとステーション【訪問看護】愛知県名古屋市熱田区明野町１５番２５号ハイツ八千代102号", "url": "https://www.kaigokensaku.mhlw.go.jp/23/index.php?action_kouhyou_detail_004_kani=true&JigyosyoCd=2360990218-00&ServiceCd=130&Type=search", "url2": null }, "geometry": { "type": "Point", "coordinates": [ 136.8921478, 35.1377849 ] } },
{ "type": "Feature", "properties": { "内容": "にじのさと訪問看護ステーション神宮前【訪問看護】愛知県名古屋市熱田区横田1丁目11-6フジ神宮ビル302号", "url": "https://www.kaigokensaku.mhlw.go.jp/23/index.php?action_kouhyou_detail_004_kani=true&JigyosyoCd=2360990200-00&ServiceCd=130&Type=search", "url2": "http://senior-life.jp" }, "geometry": { "type": "Point", "coordinates": [ 136.908275099999969, 35.1316195 ] } },
{ "type": "Feature", "properties": { "内容": "訪問看護ケアさてと【訪問看護】愛知県名古屋市熱田区三本松町13-19ホワイトシャトー熱田511号室", "url": "https://www.kaigokensaku.mhlw.go.jp/23/index.php?action_kouhyou_detail_004_kani=true&JigyosyoCd=2360990341-00&ServiceCd=130&Type=search", "url2": "https://nurse-sateto.help/" }, "geometry": { "type": "Point", "coordinates": [ 136.914314, 35.126525099999974 ] } },
{ "type": "Feature", "properties": { "内容": "SOMPOケア白鳥南訪問看護【訪問看護】六番三丁目15-22そんぽの家S白鳥南内", "url": "https://www.kaigokensaku.mhlw.go.jp/23/index.php?action_kouhyou_detail_004_kani=true&JigyosyoCd=2360990358-00&ServiceCd=130&Type=search", "url2": "https://www.sompocare.com/service/zaitaku/kango/Z001019" }, "geometry": { "type": "Point", "coordinates": [ 136.8866325, 35.1200444 ] } },
{ "type": "Feature", "properties": { "内容": "訪問看護ステーションデューン熱田【訪問看護】愛知県名古屋市熱田区神宮2丁目6-5鍋進ビルⅡ　5階", "url": "https://www.kaigokensaku.mhlw.go.jp/23/index.php?action_kouhyou_detail_004_kani=true&JigyosyoCd=2360990135-00&ServiceCd=130&Type=search", "url2": null }, "geometry": { "type": "Point", "coordinates": [ 136.910714321704063, 35.12164445327992 ] } },
{ "type": "Feature", "properties": { "内容": "訪問看護ステーションかなえる【訪問看護】愛知県名古屋市熱田区比々野町72番地コーポ魚半601号", "url": "https://www.kaigokensaku.mhlw.go.jp/23/index.php?action_kouhyou_detail_004_kani=true&JigyosyoCd=2360990234-00&ServiceCd=130&Type=search", "url2": null }, "geometry": { "type": "Point", "coordinates": [ 136.8914317, 35.1327583 ] } },
{ "type": "Feature", "properties": { "内容": "まごころの杜訪問看護ステーション【訪問看護】幡野町17-10", "url": "https://www.kaigokensaku.mhlw.go.jp/23/index.php?action_kouhyou_detail_004_kani=true&JigyosyoCd=2360990192-00&ServiceCd=130&Type=search", "url2": "http://www.med-informatics.com/magokoronomori-kango/" }, "geometry": { "type": "Point", "coordinates": [ 136.888039356213426, 35.13787010098951 ] } },
{ "type": "Feature", "properties": { "内容": "訪問看護ぼちぼち【訪問看護】愛知県名古屋市熱田区一番町28番25号サイトビル一階南", "url": "https://www.kaigokensaku.mhlw.go.jp/23/index.php?action_kouhyou_detail_004_kani=true&JigyosyoCd=2360990366-00&ServiceCd=130&Type=search", "url2": null }, "geometry": { "type": "Point", "coordinates": [ 136.8967743, 35.123434 ] } },
{ "type": "Feature", "properties": { "内容": "訪問看護フリーク【訪問看護】愛知県名古屋市熱田区南一番町21番21号", "url": "https://www.kaigokensaku.mhlw.go.jp/23/index.php?action_kouhyou_detail_004_kani=true&JigyosyoCd=2360990374-00&ServiceCd=130&Type=search", "url2": "https://www.senylife.com/" }, "geometry": { "type": "Point", "coordinates": [ 136.894927500000023, 35.1144551 ] } },
{ "type": "Feature", "properties": { "内容": "サンライトガーデン熱田ナース【訪問看護】愛知県名古屋市熱田区千年2丁目37番22号", "url": "https://www.kaigokensaku.mhlw.go.jp/23/index.php?action_kouhyou_detail_004_kani=true&JigyosyoCd=2360990309-00&ServiceCd=130&Type=search", "url2": "http://www.sunlight-g.com/company/" }, "geometry": { "type": "Point", "coordinates": [ 136.897819206745908, 35.11353476238947 ] } },
{ "type": "Feature", "properties": { "内容": "ほうもんかんごすてーしょんはれやかなそら【訪問看護】名古屋市中川区西伏屋二丁目1420番地MELFORTⅠ　101号", "url": "https://www.kaigokensaku.mhlw.go.jp/23/index.php?action_kouhyou_detail_004_kani=true&JigyosyoCd=2361090711-00&ServiceCd=130&Type=search", "url2": null }, "geometry": { "type": "Point", "coordinates": [ 136.81982450000001, 35.1438124 ] } },
{ "type": "Feature", "properties": { "内容": "訪問看護ステーションまゆみ【訪問看護】応仁町二丁目４７－１ひかりの里", "url": "https://www.kaigokensaku.mhlw.go.jp/23/index.php?action_kouhyou_detail_004_kani=true&JigyosyoCd=2361090695-00&ServiceCd=130&Type=search", "url2": null }, "geometry": { "type": "Point", "coordinates": [ 136.8813165, 35.1382384 ] } },
{ "type": "Feature", "properties": { "内容": "訪問看護ステーション和来なかがわ【訪問看護】愛知県名古屋市中川区野田二丁目223番地クレール301", "url": "https://www.kaigokensaku.mhlw.go.jp/23/index.php?action_kouhyou_detail_004_kani=true&JigyosyoCd=2361090729-00&ServiceCd=130&Type=search", "url2": "https://warai.life" }, "geometry": { "type": "Point", "coordinates": [ 136.842674, 35.1430654 ] } },
{ "type": "Feature", "properties": { "内容": "ハートサポート・ソイフル【訪問看護】愛知県名古屋市中川区高畑1-201メゾンドタカバタ301", "url": "https://www.kaigokensaku.mhlw.go.jp/23/index.php?action_kouhyou_detail_004_kani=true&JigyosyoCd=2361090760-00&ServiceCd=130&Type=search", "url2": null }, "geometry": { "type": "Point", "coordinates": [ 136.855810100000014, 35.1406195 ] } },
{ "type": "Feature", "properties": { "内容": "名古屋市中川区松葉町1丁目48番地の１　メゾンサンマリッチ301号【訪問看護】愛知県名古屋市中川区松葉町1丁目48番地の１メゾンサンマリッチ301号", "url": "https://www.kaigokensaku.mhlw.go.jp/23/index.php?action_kouhyou_detail_004_kani=true&JigyosyoCd=2361090802-00&ServiceCd=130&Type=search", "url2": null }, "geometry": { "type": "Point", "coordinates": [ 136.866561, 35.1515656 ] } },
{ "type": "Feature", "properties": { "内容": "すずの木【訪問看護】愛知県名古屋市中川区吉津二丁目613番地の1戸建", "url": "https://www.kaigokensaku.mhlw.go.jp/23/index.php?action_kouhyou_detail_004_kani=true&JigyosyoCd=2361090786-00&ServiceCd=130&Type=search", "url2": null }, "geometry": { "type": "Point", "coordinates": [ 136.8225252, 35.1531234 ] } },
{ "type": "Feature", "properties": { "内容": "ＦｉｔーＬｉｆｅ訪問看護ステーション【訪問看護】太平通1丁目27番地ベールまつば303号", "url": "https://www.kaigokensaku.mhlw.go.jp/23/index.php?action_kouhyou_detail_004_kani=true&JigyosyoCd=2361090778-00&ServiceCd=130&Type=search", "url2": "https://fitlife-kango.com/" }, "geometry": { "type": "Point", "coordinates": [ 136.870711, 35.1417019 ] } },
{ "type": "Feature", "properties": { "内容": "訪問看護ステーション　りんぐ【訪問看護】愛知県名古屋市中川区烏森町字四反畑121丸八ビル303", "url": "https://www.kaigokensaku.mhlw.go.jp/23/index.php?action_kouhyou_detail_004_kani=true&JigyosyoCd=2361090794-00&ServiceCd=130&Type=search", "url2": null }, "geometry": { "type": "Point", "coordinates": [ 136.863686, 35.1523005 ] } },
{ "type": "Feature", "properties": { "内容": "キョーワ訪問看護リハビリステーション寄り添い屋中川店【訪問看護】愛知県名古屋市中川区高畑二丁目172番地ファインヒルズ1階", "url": "https://www.kaigokensaku.mhlw.go.jp/23/index.php?action_kouhyou_detail_004_kani=true&JigyosyoCd=2361090521-00&ServiceCd=130&Type=search", "url2": "https://www.yorisoiya.net/" }, "geometry": { "type": "Point", "coordinates": [ 136.854485, 35.1380358 ] } },
{ "type": "Feature", "properties": { "内容": "スギ訪問看護ステーション野立橋【訪問看護】愛知県名古屋市中川区清川町四丁目１番地１８", "url": "https://www.kaigokensaku.mhlw.go.jp/23/index.php?action_kouhyou_detail_004_kani=true&JigyosyoCd=2361090588-00&ServiceCd=130&Type=search", "url2": null }, "geometry": { "type": "Point", "coordinates": [ 136.87785070000001, 35.1351467 ] } },
{ "type": "Feature", "properties": { "内容": "スマイルナーシング中川【訪問看護】愛知県名古屋市中川区下之一色町宮分17-1", "url": "https://www.kaigokensaku.mhlw.go.jp/23/index.php?action_kouhyou_detail_004_kani=true&JigyosyoCd=2361090471-00&ServiceCd=130&Type=search", "url2": "https://smile-nursing.jp/" }, "geometry": { "type": "Point", "coordinates": [ 136.8332684, 35.1273232 ] } },
{ "type": "Feature", "properties": { "内容": "グリーナリー訪問看護ステーション【訪問看護】愛知県名古屋市中川区松葉町5-14", "url": "https://www.kaigokensaku.mhlw.go.jp/23/index.php?action_kouhyou_detail_004_kani=true&JigyosyoCd=2361090133-00&ServiceCd=130&Type=search", "url2": "https://greenery-greenery.com" }, "geometry": { "type": "Point", "coordinates": [ 136.864555800000062, 35.149052 ] } },
{ "type": "Feature", "properties": { "内容": "訪問看護ステーションまつかげ【訪問看護】名古屋市中川区打出２丁目347番地まつかげシニアホスピタル１号棟１階", "url": "https://www.kaigokensaku.mhlw.go.jp/23/index.php?action_kouhyou_detail_004_kani=true&JigyosyoCd=2361090059-00&ServiceCd=130&Type=search", "url2": "http://seiseikai.com/matsukage/top.html" }, "geometry": { "type": "Point", "coordinates": [ 136.839325554211399, 35.134376062871731 ] } },
{ "type": "Feature", "properties": { "内容": "訪問看護ステーションきょうりつ【訪問看護】愛知県名古屋市中川区法華１丁目161番地サンユースⅥ１階", "url": "https://www.kaigokensaku.mhlw.go.jp/23/index.php?action_kouhyou_detail_004_kani=true&JigyosyoCd=2361090109-00&ServiceCd=130&Type=search", "url2": "http://www.kaikou.or.jp/" }, "geometry": { "type": "Point", "coordinates": [ 136.848295907934585, 35.128002014503835 ] } },
{ "type": "Feature", "properties": { "内容": "マスト訪問看護ステーション【訪問看護】愛知県名古屋市中川区高畑5丁目204番地第2奥村マンション３C", "url": "https://www.kaigokensaku.mhlw.go.jp/23/index.php?action_kouhyou_detail_004_kani=true&JigyosyoCd=2361090620-00&ServiceCd=130&Type=search", "url2": "http://mastocare.life/" }, "geometry": { "type": "Point", "coordinates": [ 136.8516395, 35.1442383 ] } },
{ "type": "Feature", "properties": { "内容": "訪問看護ステーション　さくら【訪問看護】愛知県名古屋市中川区宮脇町１丁目47-2２階", "url": "https://www.kaigokensaku.mhlw.go.jp/23/index.php?action_kouhyou_detail_004_kani=true&JigyosyoCd=2361090265-00&ServiceCd=130&Type=search", "url2": "http://www.hokansakura.com" }, "geometry": { "type": "Point", "coordinates": [ 136.869148983489083, 35.137916560088158 ] } },
{ "type": "Feature", "properties": { "内容": "なないろ訪問看護ステーション【訪問看護】上脇町1丁目26番地アクティブ上脇B号", "url": "https://www.kaigokensaku.mhlw.go.jp/23/index.php?action_kouhyou_detail_004_kani=true&JigyosyoCd=2361090679-00&ServiceCd=130&Type=search", "url2": "http://www.happiest.co.jp" }, "geometry": { "type": "Point", "coordinates": [ 136.8731122, 35.1377627 ] } },
{ "type": "Feature", "properties": { "内容": "みんなのかかりつけ訪問看護ステーション高畑【訪問看護】名古屋市中川区高畑1-241ケイツーホソノ801", "url": "https://www.kaigokensaku.mhlw.go.jp/23/index.php?action_kouhyou_detail_004_kani=true&JigyosyoCd=2361090463-00&ServiceCd=130&Type=search", "url2": "https://kakaritsuke.co.jp/" }, "geometry": { "type": "Point", "coordinates": [ 136.853842, 35.14058 ] } },
{ "type": "Feature", "properties": { "内容": "ピース訪問看護ステーション【訪問看護】愛知県名古屋市中川区打中1丁目139番地", "url": "https://www.kaigokensaku.mhlw.go.jp/23/index.php?action_kouhyou_detail_004_kani=true&JigyosyoCd=2361090174-00&ServiceCd=130&Type=search", "url2": "http://ns-peace.jp/" }, "geometry": { "type": "Point", "coordinates": [ 136.844492, 35.138664 ] } },
{ "type": "Feature", "properties": { "内容": "プラーナ昭和橋訪問看護ステーション【訪問看護】愛知県名古屋市中川区十一番丁1-16ピュアリティヒルズ1F", "url": "https://www.kaigokensaku.mhlw.go.jp/23/index.php?action_kouhyou_detail_004_kani=true&JigyosyoCd=2361090281-00&ServiceCd=130&Type=search", "url2": "https://www.prana.nagoya" }, "geometry": { "type": "Point", "coordinates": [ 136.879573615730351, 35.125042891134058 ] } },
{ "type": "Feature", "properties": { "内容": "プラーナ一色訪問看護ステーション【訪問看護】愛知県名古屋市中川区大当郎2丁目801-1第2マユミビル102号室", "url": "https://www.kaigokensaku.mhlw.go.jp/23/index.php?action_kouhyou_detail_004_kani=true&JigyosyoCd=2361090398-00&ServiceCd=130&Type=search", "url2": "https://www.prana.nagoya" }, "geometry": { "type": "Point", "coordinates": [ 136.830894, 35.132942600000021 ] } },
{ "type": "Feature", "properties": { "内容": "ライフアップ訪問看護ステーション山王【訪問看護】愛知県名古屋市中川区西日置2-10-5", "url": "https://www.kaigokensaku.mhlw.go.jp/23/index.php?action_kouhyou_detail_004_kani=true&JigyosyoCd=2361090539-00&ServiceCd=130&Type=search", "url2": "https://medical-lifeup.jp" }, "geometry": { "type": "Point", "coordinates": [ 136.890288353487392, 35.15563449971971 ] } },
{ "type": "Feature", "properties": { "内容": "株式会社親孝行　訪問看護事業部【訪問看護】名古屋市中川区若山町４－２９住宅型有料老人ホーム　シルバーマンション南荒子", "url": "https://www.kaigokensaku.mhlw.go.jp/23/index.php?action_kouhyou_detail_004_kani=true&JigyosyoCd=2361090182-00&ServiceCd=130&Type=search", "url2": "http://oyakhoko.net" }, "geometry": { "type": "Point", "coordinates": [ 136.860884829901579, 35.132124116380417 ] } },
{ "type": "Feature", "properties": { "内容": "株式会社　奏多【訪問看護】愛知県名古屋市中川区野田1丁目487アーバンドエル高畑公園104", "url": "https://www.kaigokensaku.mhlw.go.jp/23/index.php?action_kouhyou_detail_004_kani=true&JigyosyoCd=2361090604-00&ServiceCd=130&Type=search", "url2": "https://kanonkango.com" }, "geometry": { "type": "Point", "coordinates": [ 136.8492415, 35.1422282 ] } },
{ "type": "Feature", "properties": { "内容": "美づきナースステーション【訪問看護】名古屋市中川区千音寺五丁目９１２番地", "url": "https://www.kaigokensaku.mhlw.go.jp/23/index.php?action_kouhyou_detail_004_kani=true&JigyosyoCd=2361090448-00&ServiceCd=130&Type=search", "url2": "https://www.midukinurse-sta.com" }, "geometry": { "type": "Point", "coordinates": [ 136.813475894056637, 35.156111403410023 ] } },
{ "type": "Feature", "properties": { "内容": "訪問看護ステーション　もらいぼし吉津【訪問看護】名古屋市中川区戸田明正3-101アーバンホームセブン106号", "url": "https://www.kaigokensaku.mhlw.go.jp/23/index.php?action_kouhyou_detail_004_kani=true&JigyosyoCd=2361090141-00&ServiceCd=130&Type=search", "url2": "https://www.moraibosi.co.jp/voice.html" }, "geometry": { "type": "Point", "coordinates": [ 136.804097427122542, 35.147700665698125 ] } },
{ "type": "Feature", "properties": { "内容": "訪問看護ステーション　ネクストホープ【訪問看護】愛知県名古屋市中川区神郷町１丁目７番地", "url": "https://www.kaigokensaku.mhlw.go.jp/23/index.php?action_kouhyou_detail_004_kani=true&JigyosyoCd=2361090455-00&ServiceCd=130&Type=search", "url2": "http://nexthope.biz" }, "geometry": { "type": "Point", "coordinates": [ 136.882135299999959, 35.1354637 ] } },
{ "type": "Feature", "properties": { "内容": "訪問看護キープオン中川【訪問看護】名古屋市中川区中島新町三丁目１６１１番地", "url": "https://www.kaigokensaku.mhlw.go.jp/23/index.php?action_kouhyou_detail_004_kani=true&JigyosyoCd=2361090364-00&ServiceCd=130&Type=search", "url2": null }, "geometry": { "type": "Point", "coordinates": [ 136.85122046959512, 35.126449979081301 ] } },
{ "type": "Feature", "properties": { "内容": "訪問看護ステーションよつば【訪問看護】愛知県名古屋市中川区西中島一丁目501番地コーポブライトン101", "url": "https://www.kaigokensaku.mhlw.go.jp/23/index.php?action_kouhyou_detail_004_kani=true&JigyosyoCd=2361090497-00&ServiceCd=130&Type=search", "url2": "https://yotsuba.nagoya/" }, "geometry": { "type": "Point", "coordinates": [ 136.8496203, 35.1207157 ] } },
{ "type": "Feature", "properties": { "内容": "訪問看護リハビリステーションはぁちゃん中川【訪問看護】伏屋三丁目1108番地A号室", "url": "https://www.kaigokensaku.mhlw.go.jp/23/index.php?action_kouhyou_detail_004_kani=true&JigyosyoCd=2361090596-00&ServiceCd=130&Type=search", "url2": null }, "geometry": { "type": "Point", "coordinates": [ 136.827940443232052, 35.139916169221031 ] } },
{ "type": "Feature", "properties": { "内容": "訪問看護ステーションリィヴァル【訪問看護】愛知県名古屋市中川区上流町２丁目48番リーバルバンシエール中川", "url": "https://www.kaigokensaku.mhlw.go.jp/23/index.php?action_kouhyou_detail_004_kani=true&JigyosyoCd=2361090356-00&ServiceCd=130&Type=search", "url2": "http://www.rival-care.jp" }, "geometry": { "type": "Point", "coordinates": [ 136.864573299999961, 35.1324763 ] } },
{ "type": "Feature", "properties": { "内容": "リハプロ訪問看護ステーション・名古屋【訪問看護】愛知県名古屋市中川区高畑2-160安藤ビル２階", "url": "https://www.kaigokensaku.mhlw.go.jp/23/index.php?action_kouhyou_detail_004_kani=true&JigyosyoCd=2361090307-00&ServiceCd=130&Type=search", "url2": "http://www.rehabpro.co.jp" }, "geometry": { "type": "Point", "coordinates": [ 136.853782599999931, 35.1384502 ] } },
{ "type": "Feature", "properties": { "内容": "くらしの看護【訪問看護】愛知県名古屋市中川区露橋一丁目8番13号", "url": "https://www.kaigokensaku.mhlw.go.jp/23/index.php?action_kouhyou_detail_004_kani=true&JigyosyoCd=2361090513-00&ServiceCd=130&Type=search", "url2": "https://kurasinokango.net/" }, "geometry": { "type": "Point", "coordinates": [ 136.887939499999987, 35.1493856 ] } },
{ "type": "Feature", "properties": { "内容": "訪問看護ステーション　エルージュ【訪問看護】愛知県名古屋市中川区高畑一丁目87番地ｸﾞﾗﾝﾊﾟｰｸ高畑105号", "url": "https://www.kaigokensaku.mhlw.go.jp/23/index.php?action_kouhyou_detail_004_kani=true&JigyosyoCd=2361090406-00&ServiceCd=130&Type=search", "url2": "https://erouge.rival-care.jp" }, "geometry": { "type": "Point", "coordinates": [ 136.854454499999946, 35.1427302 ] } },
{ "type": "Feature", "properties": { "内容": "マリアーナ訪問看護ステーション【訪問看護】愛知県名古屋市中川区八熊3丁目17-3サンメゾン八熊６０２　７０３", "url": "https://www.kaigokensaku.mhlw.go.jp/23/index.php?action_kouhyou_detail_004_kani=true&JigyosyoCd=2361090372-00&ServiceCd=130&Type=search", "url2": "http://s6140006.xaas.jp" }, "geometry": { "type": "Point", "coordinates": [ 136.8879174, 35.1408287 ] } },
{ "type": "Feature", "properties": { "内容": "フレンズ訪問看護ステーション【訪問看護】中島新町３丁目２５０９番地コーニッシュ西中島６０２号", "url": "https://www.kaigokensaku.mhlw.go.jp/23/index.php?action_kouhyou_detail_004_kani=true&JigyosyoCd=2361090752-00&ServiceCd=130&Type=search", "url2": "https://h17friendhome.amebaownd.com/" }, "geometry": { "type": "Point", "coordinates": [ 136.8489893, 35.1249839 ] } },
{ "type": "Feature", "properties": { "内容": "訪問看護　千　下之一色【訪問看護】愛知県名古屋市中川区下之一色町宮分７番地", "url": "https://www.kaigokensaku.mhlw.go.jp/23/index.php?action_kouhyou_detail_004_kani=true&JigyosyoCd=2361090737-00&ServiceCd=130&Type=search", "url2": null }, "geometry": { "type": "Point", "coordinates": [ 136.8351688, 35.1275497 ] } },
{ "type": "Feature", "properties": { "内容": "訪問看護ステーションメディコカノン【訪問看護】愛知県名古屋市中川区太平通三丁目42番3", "url": "https://www.kaigokensaku.mhlw.go.jp/23/index.php?action_kouhyou_detail_004_kani=true&JigyosyoCd=2361090828-00&ServiceCd=130&Type=search", "url2": "http://h-medhico,jp" }, "geometry": { "type": "Point", "coordinates": [ 136.8703017, 35.1379741 ] } },
{ "type": "Feature", "properties": { "内容": "ナースステーションHale中川【訪問看護】法華西町3-8", "url": "https://www.kaigokensaku.mhlw.go.jp/23/index.php?action_kouhyou_detail_004_kani=true&JigyosyoCd=2361090844-00&ServiceCd=130&Type=search", "url2": null }, "geometry": { "type": "Point", "coordinates": [ 136.842661100000015, 35.129400800000035 ] } },
{ "type": "Feature", "properties": { "内容": "名古屋市中川区訪問看護ステーション【訪問看護】愛知県名古屋市中川区小城町1丁目1番地の２０中川区在宅サービスセンター内", "url": "https://www.kaigokensaku.mhlw.go.jp/23/index.php?action_kouhyou_detail_004_kani=true&JigyosyoCd=2361090026-00&ServiceCd=130&Type=search", "url2": "https://www.nrs.or.jp" }, "geometry": { "type": "Point", "coordinates": [ 136.861687500000016, 35.1345787 ] } },
{ "type": "Feature", "properties": { "内容": "オリーブ訪問看護ステーション【訪問看護】名古屋市中川区十番町６－２", "url": "https://www.kaigokensaku.mhlw.go.jp/23/index.php?action_kouhyou_detail_004_kani=true&JigyosyoCd=2361090166-00&ServiceCd=130&Type=search", "url2": null }, "geometry": { "type": "Point", "coordinates": [ 136.881916499999988, 35.1199287 ] } },
{ "type": "Feature", "properties": { "内容": "株式会社Uniexros【訪問看護】名古屋市中川区中島新町一丁目１１１０番地コムラックスビル１階南号室", "url": "https://www.kaigokensaku.mhlw.go.jp/23/index.php?action_kouhyou_detail_004_kani=true&JigyosyoCd=2361090869-00&ServiceCd=130&Type=search", "url2": null }, "geometry": { "type": "Point", "coordinates": [ 136.851684799999987, 35.1314681 ] } },
{ "type": "Feature", "properties": { "内容": "訪問看護ステーション太陽【訪問看護】愛知県名古屋市中川区荒子二丁目76番地メディカルホーム荒子1Ｆ", "url": "https://www.kaigokensaku.mhlw.go.jp/23/index.php?action_kouhyou_detail_004_kani=true&JigyosyoCd=2361090323-00&ServiceCd=130&Type=search", "url2": "http://www.med-junseikai.or.jp" }, "geometry": { "type": "Point", "coordinates": [ 136.857459899999981, 35.1397612 ] } },
{ "type": "Feature", "properties": { "内容": "プレシア訪問看護ステーション中川【訪問看護】名古屋市中川区二女子町2丁目64番地医療対応型リハビリナーシングプレシア中川", "url": "https://www.kaigokensaku.mhlw.go.jp/23/index.php?action_kouhyou_detail_004_kani=true&JigyosyoCd=2361090893-00&ServiceCd=130&Type=search", "url2": "https://force-jp.co.jp/presia/" }, "geometry": { "type": "Point", "coordinates": [ 136.87964980000001, 35.1457829 ] } },
{ "type": "Feature", "properties": { "内容": "訪問看護ステーション和楽縁東春田【訪問看護】愛知県名古屋市中川区東春田二丁目260番地ナーシング和楽縁東春田1F", "url": "https://www.kaigokensaku.mhlw.go.jp/23/index.php?action_kouhyou_detail_004_kani=true&JigyosyoCd=2361090885-00&ServiceCd=130&Type=search", "url2": "https://www.gazelle-inc.com/" }, "geometry": { "type": "Point", "coordinates": [ 136.8189284, 35.1411356 ] } },
{ "type": "Feature", "properties": { "内容": "みなと医療生活協同組合　宝神生協診療所【訪問看護】名古屋市港区宝神３丁目2107-2", "url": "https://www.kaigokensaku.mhlw.go.jp/23/index.php?action_kouhyou_detail_004_kani=true&JigyosyoCd=2311100537-00&ServiceCd=130&Type=search", "url2": "http://" }, "geometry": { "type": "Point", "coordinates": [ 136.854340699999966, 35.0866935 ] } },
{ "type": "Feature", "properties": { "内容": "こはる訪問看護ステーション【訪問看護】愛知県名古屋市港区九番町5-3-1JFE名古屋東海通ビル4F東B", "url": "https://www.kaigokensaku.mhlw.go.jp/23/index.php?action_kouhyou_detail_004_kani=true&JigyosyoCd=2361190164-00&ServiceCd=130&Type=search", "url2": null }, "geometry": { "type": "Point", "coordinates": [ 136.8844038, 35.1143171 ] } },
{ "type": "Feature", "properties": { "内容": "ぬくケア名港訪問看護【訪問看護】愛知県名古屋市港区築盛町106番地の1", "url": "https://www.kaigokensaku.mhlw.go.jp/23/index.php?action_kouhyou_detail_004_kani=true&JigyosyoCd=2361190123-00&ServiceCd=130&Type=search", "url2": null }, "geometry": { "type": "Point", "coordinates": [ 136.8717186, 35.1048279 ] } },
{ "type": "Feature", "properties": { "内容": "アクア港訪問看護【訪問看護】港陽3丁目6番地3号", "url": "https://www.kaigokensaku.mhlw.go.jp/23/index.php?action_kouhyou_detail_004_kani=true&JigyosyoCd=2361190222-00&ServiceCd=130&Type=search", "url2": "http://www.syuei.biz/aqua/" }, "geometry": { "type": "Point", "coordinates": [ 136.8881356, 35.1006771 ] } },
{ "type": "Feature", "properties": { "内容": "訪問看護ステーション　南陽【訪問看護】愛知県名古屋市港区新茶屋一丁目1206番地の1", "url": "https://www.kaigokensaku.mhlw.go.jp/23/index.php?action_kouhyou_detail_004_kani=true&JigyosyoCd=2361190255-00&ServiceCd=130&Type=search", "url2": null }, "geometry": { "type": "Point", "coordinates": [ 136.8062468, 35.1119371 ] } },
{ "type": "Feature", "properties": { "内容": "パプリカこころのの訪問看護ステーション名古屋港【訪問看護】愛知県名古屋市港区名港1丁目8番9号丸二総合ビル2階北号室", "url": "https://www.kaigokensaku.mhlw.go.jp/23/index.php?action_kouhyou_detail_004_kani=true&JigyosyoCd=2361190263-00&ServiceCd=130&Type=search", "url2": null }, "geometry": { "type": "Point", "coordinates": [ 136.8843516, 35.0970617 ] } },
{ "type": "Feature", "properties": { "内容": "ア・レーズナースステーション【訪問看護】多加良浦町四丁目249番地の1", "url": "https://www.kaigokensaku.mhlw.go.jp/23/index.php?action_kouhyou_detail_004_kani=true&JigyosyoCd=2361190321-00&ServiceCd=130&Type=search", "url2": null }, "geometry": { "type": "Point", "coordinates": [ 136.8416896, 35.1005403 ] } },
{ "type": "Feature", "properties": { "内容": "訪問看護ステーションまたはり【訪問看護】寛政町2丁目4番地Popolare　MY　104号室", "url": "https://www.kaigokensaku.mhlw.go.jp/23/index.php?action_kouhyou_detail_004_kani=true&JigyosyoCd=2361190214-00&ServiceCd=130&Type=search", "url2": "https://www.nagoya-matahari.jp/" }, "geometry": { "type": "Point", "coordinates": [ 136.863152928889207, 35.10802153849891 ] } },
{ "type": "Feature", "properties": { "内容": "キョーワ訪問看護リハビリステーション　寄り添い屋名南店【訪問看護】愛知県名古屋市港区名港1丁目12-5ライフステージ2番館202号室", "url": "https://www.kaigokensaku.mhlw.go.jp/23/index.php?action_kouhyou_detail_004_kani=true&JigyosyoCd=2361190230-00&ServiceCd=130&Type=search", "url2": "https://www.yorisoiya.net/" }, "geometry": { "type": "Point", "coordinates": [ 136.884999315344231, 35.098883366872698 ] } },
{ "type": "Feature", "properties": { "内容": "訪問看護ステーション　アイリスみなと【訪問看護】愛知県名古屋市港区宝神３丁目３０５ガーデンヒルズ宝神１０３号", "url": "https://www.kaigokensaku.mhlw.go.jp/23/index.php?action_kouhyou_detail_004_kani=true&JigyosyoCd=2361190172-00&ServiceCd=130&Type=search", "url2": "http://houkan-iris.kyowa.or.jp" }, "geometry": { "type": "Point", "coordinates": [ 136.8514466, 35.0897961 ] } },
{ "type": "Feature", "properties": { "内容": "ホウモンカンゴステーション　ユウオン【訪問看護】愛知県名古屋市港区宝神五丁目412番地", "url": "https://www.kaigokensaku.mhlw.go.jp/23/index.php?action_kouhyou_detail_004_kani=true&JigyosyoCd=2361190180-00&ServiceCd=130&Type=search", "url2": "https://www.yuuon.com/" }, "geometry": { "type": "Point", "coordinates": [ 136.84626990000001, 35.0918595 ] } },
{ "type": "Feature", "properties": { "内容": "訪問看護ステーション　トラストケア港【訪問看護】愛知県名古屋市港区十一屋三丁目40番地の2", "url": "https://www.kaigokensaku.mhlw.go.jp/23/index.php?action_kouhyou_detail_004_kani=true&JigyosyoCd=2361190149-00&ServiceCd=130&Type=search", "url2": "https://trustcare-houmonkango.com/" }, "geometry": { "type": "Point", "coordinates": [ 136.856475539286748, 35.093506178493826 ] } },
{ "type": "Feature", "properties": { "内容": "訪問看護ステーション小碓【訪問看護】愛知県名古屋市港区土古町2丁目12番地", "url": "https://www.kaigokensaku.mhlw.go.jp/23/index.php?action_kouhyou_detail_004_kani=true&JigyosyoCd=2361190081-00&ServiceCd=130&Type=search", "url2": "https://www.shoumei.or.jp/f_osu.html" }, "geometry": { "type": "Point", "coordinates": [ 136.860931628588901, 35.111413797898393 ] } },
{ "type": "Feature", "properties": { "内容": "プレシア訪問看護ステーション港【訪問看護】名古屋市港区善進町2丁目21番地医療対応型リハビリナーシングプレシア港", "url": "https://www.kaigokensaku.mhlw.go.jp/23/index.php?action_kouhyou_detail_004_kani=true&JigyosyoCd=2361190313-00&ServiceCd=130&Type=search", "url2": "https://force-jp.co.jp/presia/" }, "geometry": { "type": "Point", "coordinates": [ 136.8539192, 35.1062466 ] } },
{ "type": "Feature", "properties": { "内容": "Linoステーション【訪問看護】名古屋市港区西蟹田1608番地", "url": "https://www.kaigokensaku.mhlw.go.jp/23/index.php?action_kouhyou_detail_004_kani=true&JigyosyoCd=2361190248-00&ServiceCd=130&Type=search", "url2": "https://www.linostation.com" }, "geometry": { "type": "Point", "coordinates": [ 136.815011519959995, 35.119937713013805 ] } },
{ "type": "Feature", "properties": { "内容": "訪問看護・リハビリステーションＡＩ－Ｒ【訪問看護】当知３丁目３５０４", "url": "https://www.kaigokensaku.mhlw.go.jp/23/index.php?action_kouhyou_detail_004_kani=true&JigyosyoCd=2361190099-00&ServiceCd=130&Type=search", "url2": "https://ai-r-ho-reha-recruit.com/" }, "geometry": { "type": "Point", "coordinates": [ 136.84045381534429, 35.111236464877337 ] } },
{ "type": "Feature", "properties": { "内容": "訪問看護ステーション　ボギー港【訪問看護】愛知県名古屋市港区入場1-502みなとメディカルステーション2階", "url": "https://www.kaigokensaku.mhlw.go.jp/23/index.php?action_kouhyou_detail_004_kani=true&JigyosyoCd=2361190107-00&ServiceCd=130&Type=search", "url2": "www.bogey0200.com" }, "geometry": { "type": "Point", "coordinates": [ 136.855306589603515, 35.110433669843275 ] } },
{ "type": "Feature", "properties": { "内容": "訪問看護ステーション　ほまれ【訪問看護】油屋町1-14-1", "url": "https://www.kaigokensaku.mhlw.go.jp/23/index.php?action_kouhyou_detail_004_kani=true&JigyosyoCd=2361190297-00&ServiceCd=130&Type=search", "url2": "https//area-support-japan.com" }, "geometry": { "type": "Point", "coordinates": [ 129.8810872, 32.7425979 ] } },
{ "type": "Feature", "properties": { "内容": "グレース訪問看護ステーション【訪問看護】当知三丁目3405番地プルミエコート206号", "url": "https://www.kaigokensaku.mhlw.go.jp/23/index.php?action_kouhyou_detail_004_kani=true&JigyosyoCd=2361190271-00&ServiceCd=130&Type=search", "url2": "https://caregrace.co.jp/" }, "geometry": { "type": "Point", "coordinates": [ 136.8430078, 35.1117032 ] } },
{ "type": "Feature", "properties": { "内容": "セントケア訪問看護ステーション港【訪問看護】愛知県名古屋市港区小碓一丁目38番地の2シルバーライフ月東101", "url": "https://www.kaigokensaku.mhlw.go.jp/23/index.php?action_kouhyou_detail_004_kani=true&JigyosyoCd=2361190289-00&ServiceCd=130&Type=search", "url2": "https://saint-care-chubu.com/" }, "geometry": { "type": "Point", "coordinates": [ 136.854565900000011, 35.1217517 ] } },
{ "type": "Feature", "properties": { "内容": "マイホーム訪問看護ステーション【訪問看護】愛知県名古屋市港区大手町5丁目60番地の１港クラシア104号", "url": "https://www.kaigokensaku.mhlw.go.jp/23/index.php?action_kouhyou_detail_004_kani=true&JigyosyoCd=2361190305-00&ServiceCd=130&Type=search", "url2": null }, "geometry": { "type": "Point", "coordinates": [ 136.868824100000012, 35.0945795 ] } },
{ "type": "Feature", "properties": { "内容": "名古屋市港・熱田訪問看護ステーション【訪問看護】愛知県名古屋市港区港楽二丁目6番32号港区在宅サービスセンター内", "url": "https://www.kaigokensaku.mhlw.go.jp/23/index.php?action_kouhyou_detail_004_kani=true&JigyosyoCd=2361190016-00&ServiceCd=130&Type=search", "url2": "https://www.nrs.or.jp" }, "geometry": { "type": "Point", "coordinates": [ 136.885511400000041, 35.1045895 ] } },
{ "type": "Feature", "properties": { "内容": "スマイルケア訪問看護ステーション【訪問看護】愛知県名古屋市港区正保町8丁目118番地３", "url": "https://www.kaigokensaku.mhlw.go.jp/23/index.php?action_kouhyou_detail_004_kani=true&JigyosyoCd=2361190206-00&ServiceCd=130&Type=search", "url2": "https://smile-holdings.co.jp" }, "geometry": { "type": "Point", "coordinates": [ 136.859379739811686, 35.114397396293334 ] } },
{ "type": "Feature", "properties": { "内容": "ホワイトケアスマイル訪問看護ステーション【訪問看護】秋葉二丁目１１５番地", "url": "https://www.kaigokensaku.mhlw.go.jp/23/index.php?action_kouhyou_detail_004_kani=true&JigyosyoCd=2361190339-00&ServiceCd=130&Type=search", "url2": "https://whitecaresmile.com/" }, "geometry": { "type": "Point", "coordinates": [ 136.8180429, 35.1061812 ] } },
{ "type": "Feature", "properties": { "内容": "訪問看護ステーションGRAND-颯-【訪問看護】東茶屋一丁目609番地の2", "url": "https://www.kaigokensaku.mhlw.go.jp/23/index.php?action_kouhyou_detail_004_kani=true&JigyosyoCd=2361190347-00&ServiceCd=130&Type=search", "url2": null }, "geometry": { "type": "Point", "coordinates": [ 136.83020350000001, 35.1089347 ] } },
{ "type": "Feature", "properties": { "内容": "医療法人心和会　北村病院【訪問看護】菊住二丁目4番12号", "url": "https://www.kaigokensaku.mhlw.go.jp/23/index.php?action_kouhyou_detail_004_kani=true&JigyosyoCd=2311202192-00&ServiceCd=130&Type=search", "url2": "http://www.kitamurabyouin.com/" }, "geometry": { "type": "Point", "coordinates": [ 136.936963800000058, 35.1127813 ] } },
{ "type": "Feature", "properties": { "内容": "医療法人笠寺病院【訪問看護】名古屋市南区松池町3-19", "url": "https://www.kaigokensaku.mhlw.go.jp/23/index.php?action_kouhyou_detail_004_kani=true&JigyosyoCd=2311200204-00&ServiceCd=130&Type=search", "url2": "http://www.kasadera.or.jp/" }, "geometry": { "type": "Point", "coordinates": [ 136.93060360000004, 35.0986908 ] } },
{ "type": "Feature", "properties": { "内容": "こども訪問看護ステーションてとめと【訪問看護】愛知県名古屋市南区鳥栖一丁目１番２５号ＦＵＪＩ　ＢＬＤ.　３Ｆ", "url": "https://www.kaigokensaku.mhlw.go.jp/23/index.php?action_kouhyou_detail_004_kani=true&JigyosyoCd=2361290352-00&ServiceCd=130&Type=search", "url2": "https://www.tetometo.co.jp/" }, "geometry": { "type": "Point", "coordinates": [ 136.937314680990085, 35.110530598596917 ] } },
{ "type": "Feature", "properties": { "内容": "訪問看護ステーションいんはぴ【訪問看護】愛知県名古屋市南区豊一丁目6番18号", "url": "https://www.kaigokensaku.mhlw.go.jp/23/index.php?action_kouhyou_detail_004_kani=true&JigyosyoCd=2361290337-00&ServiceCd=130&Type=search", "url2": "http://hp.kaipoke.biz/wga/" }, "geometry": { "type": "Point", "coordinates": [ 136.913279200000034, 35.1148183 ] } },
{ "type": "Feature", "properties": { "内容": "医療法人山和会　山口病院【訪問看護】愛知県名古屋市南区加福本通３丁目２８番地", "url": "https://www.kaigokensaku.mhlw.go.jp/23/index.php?action_kouhyou_detail_004_kani=true&JigyosyoCd=2311201616-00&ServiceCd=130&Type=search", "url2": "www.yamaguchi-hp.jp/" }, "geometry": { "type": "Point", "coordinates": [ 136.9130409, 35.091622 ] } },
{ "type": "Feature", "properties": { "内容": "訪問看護ステーションOHANA【訪問看護】名古屋市南区豊田５丁目13-48-1", "url": "https://www.kaigokensaku.mhlw.go.jp/23/index.php?action_kouhyou_detail_004_kani=true&JigyosyoCd=2361290410-00&ServiceCd=130&Type=search", "url2": null }, "geometry": { "type": "Point", "coordinates": [ 136.911799176440155, 35.100381504316495 ] } },
{ "type": "Feature", "properties": { "内容": "訪問看護ステーションNR【訪問看護】愛知県名古屋市南区明治２丁目１７番１号プレシャス明治C号", "url": "https://www.kaigokensaku.mhlw.go.jp/23/index.php?action_kouhyou_detail_004_kani=true&JigyosyoCd=2361290360-00&ServiceCd=130&Type=search", "url2": null }, "geometry": { "type": "Point", "coordinates": [ 136.9065965, 35.1113788 ] } },
{ "type": "Feature", "properties": { "内容": "こころの訪問看護ステーション【訪問看護】愛知県名古屋市南区曽池町２丁目１８番地の２", "url": "https://www.kaigokensaku.mhlw.go.jp/23/index.php?action_kouhyou_detail_004_kani=true&JigyosyoCd=2361290220-00&ServiceCd=130&Type=search", "url2": null }, "geometry": { "type": "Point", "coordinates": [ 136.927789199999978, 35.1061199 ] } },
{ "type": "Feature", "properties": { "内容": "訪問看護ステーション笑みる【訪問看護】鶴田一丁目11番28号シティライフ鶴田3F", "url": "https://www.kaigokensaku.mhlw.go.jp/23/index.php?action_kouhyou_detail_004_kani=true&JigyosyoCd=2361290451-00&ServiceCd=130&Type=search", "url2": "https://www.emiruhoukan.com" }, "geometry": { "type": "Point", "coordinates": [ 130.4084082, 33.5269382 ] } },
{ "type": "Feature", "properties": { "内容": "SOMPOケア名古屋さくら台訪問看護【訪問看護】桜台一丁目1番23号", "url": "https://www.kaigokensaku.mhlw.go.jp/23/index.php?action_kouhyou_detail_004_kani=true&JigyosyoCd=2361290477-00&ServiceCd=130&Type=search", "url2": null }, "geometry": { "type": "Point", "coordinates": [ 139.6657768, 35.7387314 ] } },
{ "type": "Feature", "properties": { "内容": "訪問看護ステーションかえで　名古屋【訪問看護】愛知県名古屋市南区内田橋2丁目37-4明治屋ビルディング4C", "url": "https://www.kaigokensaku.mhlw.go.jp/23/index.php?action_kouhyou_detail_004_kani=true&JigyosyoCd=2361290436-00&ServiceCd=130&Type=search", "url2": null }, "geometry": { "type": "Point", "coordinates": [ 136.9093183, 35.1122851 ] } },
{ "type": "Feature", "properties": { "内容": "訪問看護ステーションまさ【訪問看護】城下町3丁目17番地", "url": "https://www.kaigokensaku.mhlw.go.jp/23/index.php?action_kouhyou_detail_004_kani=true&JigyosyoCd=2361290501-00&ServiceCd=130&Type=search", "url2": null }, "geometry": { "type": "Point", "coordinates": [ 136.9280324, 35.1010196 ] } },
{ "type": "Feature", "properties": { "内容": "ＯＦＡ訪問看護【訪問看護】愛知県名古屋市南区内田橋二丁目19番3号", "url": "https://www.kaigokensaku.mhlw.go.jp/23/index.php?action_kouhyou_detail_004_kani=true&JigyosyoCd=2361290493-00&ServiceCd=130&Type=search", "url2": null }, "geometry": { "type": "Point", "coordinates": [ 136.908432964418012, 35.11470125242387 ] } },
{ "type": "Feature", "properties": { "内容": "訪問看護ステーション　ここのあ【訪問看護】愛知県名古屋市南区三条二丁目2番13号-1フリューゲル三条101号", "url": "https://www.kaigokensaku.mhlw.go.jp/23/index.php?action_kouhyou_detail_004_kani=true&JigyosyoCd=2361290469-00&ServiceCd=130&Type=search", "url2": "https://kokonoa.com/" }, "geometry": { "type": "Point", "coordinates": [ 136.904877699999986, 35.1093581 ] } },
{ "type": "Feature", "properties": { "内容": "訪問看護ステーション　空＆海新瑞橋【訪問看護】愛知県名古屋市南区駈上1丁目13番23号", "url": "https://www.kaigokensaku.mhlw.go.jp/23/index.php?action_kouhyou_detail_004_kani=true&JigyosyoCd=2361290519-00&ServiceCd=130&Type=search", "url2": "https://himawari-care-s.com/" }, "geometry": { "type": "Point", "coordinates": [ 136.939194500000013, 35.1135622 ] } },
{ "type": "Feature", "properties": { "内容": "arigato訪問看護ステーションありがとう【訪問看護】西又兵ヱ町2丁目51番地", "url": "https://www.kaigokensaku.mhlw.go.jp/23/index.php?action_kouhyou_detail_004_kani=true&JigyosyoCd=2361290485-00&ServiceCd=130&Type=search", "url2": "kodomohoumonkangoarigato.com" }, "geometry": { "type": "Point", "coordinates": [ 136.9155113, 35.0956199 ] } },
{ "type": "Feature", "properties": { "内容": "ナースコール南【訪問看護】名古屋市南区汐田町1番14号", "url": "https://www.kaigokensaku.mhlw.go.jp/23/index.php?action_kouhyou_detail_004_kani=true&JigyosyoCd=2361290378-00&ServiceCd=130&Type=search", "url2": "http://nc-service.net/" }, "geometry": { "type": "Point", "coordinates": [ 136.924708900000013, 35.110632 ] } },
{ "type": "Feature", "properties": { "内容": "笠てる訪問看護ステーション【訪問看護】愛知県名古屋市南区松池町三丁目5番地松池ハイツ105号室", "url": "https://www.kaigokensaku.mhlw.go.jp/23/index.php?action_kouhyou_detail_004_kani=true&JigyosyoCd=2361290253-00&ServiceCd=130&Type=search", "url2": null }, "geometry": { "type": "Point", "coordinates": [ 136.928695400000038, 35.0986129 ] } },
{ "type": "Feature", "properties": { "内容": "訪問看護ステ－ションさくら【訪問看護】愛知県名古屋市南区松池町2-14ミルキーハウス　１階", "url": "https://www.kaigokensaku.mhlw.go.jp/23/index.php?action_kouhyou_detail_004_kani=true&JigyosyoCd=2361290014-00&ServiceCd=130&Type=search", "url2": "http://www.zenjokai.jp" }, "geometry": { "type": "Point", "coordinates": [ 136.93008420000001, 35.0998823 ] } },
{ "type": "Feature", "properties": { "内容": "医療法人名南会　名南訪問看護ステーションきずな【訪問看護】愛知県名古屋市南区内田橋２丁目９ー３", "url": "https://www.kaigokensaku.mhlw.go.jp/23/index.php?action_kouhyou_detail_004_kani=true&JigyosyoCd=2361290055-00&ServiceCd=130&Type=search", "url2": "https://www.meinan.or.jp/clinic/kizuna-kango/" }, "geometry": { "type": "Point", "coordinates": [ 136.909649700000074, 35.115876869671844 ] } },
{ "type": "Feature", "properties": { "内容": "ナースステーション　笑和みなみ【訪問看護】豊田5-11-68", "url": "https://www.kaigokensaku.mhlw.go.jp/23/index.php?action_kouhyou_detail_004_kani=true&JigyosyoCd=2361290329-00&ServiceCd=130&Type=search", "url2": null }, "geometry": { "type": "Point", "coordinates": [ 136.91326242092282, 35.097204691288873 ] } },
{ "type": "Feature", "properties": { "内容": "訪問看護ステーションこもれび【訪問看護】愛知県名古屋市南区柵下町2-3", "url": "https://www.kaigokensaku.mhlw.go.jp/23/index.php?action_kouhyou_detail_004_kani=true&JigyosyoCd=2361290204-00&ServiceCd=130&Type=search", "url2": "http://grip88.info/" }, "geometry": { "type": "Point", "coordinates": [ 136.929430726510304, 35.097066993490742 ] } },
{ "type": "Feature", "properties": { "内容": "訪問看護ステーション燕子花【訪問看護】愛知県名古屋市南区呼続一丁目1番19号ｹｲｽﾞﾊｳｽ102", "url": "https://www.kaigokensaku.mhlw.go.jp/23/index.php?action_kouhyou_detail_004_kani=true&JigyosyoCd=2361290345-00&ServiceCd=130&Type=search", "url2": "https://kakitsubata.kswin.jp" }, "geometry": { "type": "Point", "coordinates": [ 136.930336399999987, 35.1144325 ] } },
{ "type": "Feature", "properties": { "内容": "訪問看護ミライプロジェクト【訪問看護】愛知県名古屋市南区平子一丁目２番３号", "url": "https://www.kaigokensaku.mhlw.go.jp/23/index.php?action_kouhyou_detail_004_kani=true&JigyosyoCd=2361290303-00&ServiceCd=130&Type=search", "url2": "https://miraiproject.co.jp" }, "geometry": { "type": "Point", "coordinates": [ 136.94075220000002, 35.1166422 ] } },
{ "type": "Feature", "properties": { "内容": "訪問看護ステーションみなみ【訪問看護】名古屋市南区三吉町六丁目25番地おたがいさまの家みなあん2階", "url": "https://www.kaigokensaku.mhlw.go.jp/23/index.php?action_kouhyou_detail_004_kani=true&JigyosyoCd=2361290048-00&ServiceCd=130&Type=search", "url2": "http://minami-nr@minami.or.jp" }, "geometry": { "type": "Point", "coordinates": [ 136.919671108279289, 35.071909599292731 ] } },
{ "type": "Feature", "properties": { "内容": "ナースステーション　一休【訪問看護】名古屋市南区松城町1-36グランドール松城1F", "url": "https://www.kaigokensaku.mhlw.go.jp/23/index.php?action_kouhyou_detail_004_kani=true&JigyosyoCd=2361290147-00&ServiceCd=130&Type=search", "url2": "http://www.talking-group.com/" }, "geometry": { "type": "Point", "coordinates": [ 136.92938666204077, 35.097275469574264 ] } },
{ "type": "Feature", "properties": { "内容": "ナースステーションAlbero【訪問看護】愛知県名古屋市南区桜本町50-2Balbero", "url": "https://www.kaigokensaku.mhlw.go.jp/23/index.php?action_kouhyou_detail_004_kani=true&JigyosyoCd=2361290402-00&ServiceCd=130&Type=search", "url2": null }, "geometry": { "type": "Point", "coordinates": [ 136.934700099999986, 35.1007178 ] } },
{ "type": "Feature", "properties": { "内容": "訪問看護ステーションあかり【訪問看護】愛知県名古屋市南区薬師通2丁目28-2あまのビル3F", "url": "https://www.kaigokensaku.mhlw.go.jp/23/index.php?action_kouhyou_detail_004_kani=true&JigyosyoCd=2361290311-00&ServiceCd=130&Type=search", "url2": null }, "geometry": { "type": "Point", "coordinates": [ 136.9272982, 35.1078119 ] } },
{ "type": "Feature", "properties": { "内容": "訪問看護ステーションさんとぴあ【訪問看護】愛知県名古屋市南区天白町1-15サントピアみなみ", "url": "https://www.kaigokensaku.mhlw.go.jp/23/index.php?action_kouhyou_detail_004_kani=true&JigyosyoCd=2361290170-00&ServiceCd=130&Type=search", "url2": "http://hanatabakaigo.ne.jp" }, "geometry": { "type": "Point", "coordinates": [ 136.920607300000029, 35.0721907 ] } },
{ "type": "Feature", "properties": { "内容": "名古屋市南区訪問看護ステーション【訪問看護】愛知県名古屋市南区前浜通３丁目10番地南区役所4階　南区在宅サービスセンター内", "url": "https://www.kaigokensaku.mhlw.go.jp/23/index.php?action_kouhyou_detail_004_kani=true&JigyosyoCd=2361290030-00&ServiceCd=130&Type=search", "url2": "https://www.nrs.or.jp/" }, "geometry": { "type": "Point", "coordinates": [ 136.931211800000028, 35.0951273 ] } },
{ "type": "Feature", "properties": { "内容": "大同訪問看護ステーション【訪問看護】愛知県名古屋市南区白水町8番地だいどうクリニック内", "url": "https://www.kaigokensaku.mhlw.go.jp/23/index.php?action_kouhyou_detail_004_kani=true&JigyosyoCd=2361290063-00&ServiceCd=130&Type=search", "url2": "https://houkan.daidohp.or.jp/" }, "geometry": { "type": "Point", "coordinates": [ 136.90825831838535, 35.074874805033446 ] } },
{ "type": "Feature", "properties": { "内容": "訪問看護ステ－ション　グレ－スケア【訪問看護】愛知県名古屋市南区南野三丁目２７０番地", "url": "https://www.kaigokensaku.mhlw.go.jp/23/index.php?action_kouhyou_detail_004_kani=true&JigyosyoCd=2361290238-00&ServiceCd=130&Type=search", "url2": "https://community-care.co.jp/grace-care/" }, "geometry": { "type": "Point", "coordinates": [ 136.932861700000018, 35.077643 ] } },
{ "type": "Feature", "properties": { "内容": "訪問看護事業所ダニエル【訪問看護】愛知県名古屋市南区元柴田東町1丁目18番地陽明ハイツ２０１", "url": "https://www.kaigokensaku.mhlw.go.jp/23/index.php?action_kouhyou_detail_004_kani=true&JigyosyoCd=2361290535-00&ServiceCd=130&Type=search", "url2": null }, "geometry": { "type": "Point", "coordinates": [ 136.90834, 35.07337260000002 ] } },
{ "type": "Feature", "properties": { "内容": "内田橋訪問看護ステーション【訪問看護】愛知県名古屋市南区内田橋二丁目10番8号", "url": "https://www.kaigokensaku.mhlw.go.jp/23/index.php?action_kouhyou_detail_004_kani=true&JigyosyoCd=2361290444-00&ServiceCd=130&Type=search", "url2": "rsc.uchidabashi.jp" }, "geometry": { "type": "Point", "coordinates": [ 136.910947599999986, 35.1157822 ] } },
{ "type": "Feature", "properties": { "内容": "訪問看護ステーション　家暖【訪問看護】下志段味字上東禅寺２５９２安田ハイツB1", "url": "https://www.kaigokensaku.mhlw.go.jp/23/index.php?action_kouhyou_detail_004_kani=true&JigyosyoCd=2361390251-00&ServiceCd=130&Type=search", "url2": "名古屋訪問看護.com" }, "geometry": { "type": "Point", "coordinates": [ 137.011396200000036, 35.240403399999977 ] } },
{ "type": "Feature", "properties": { "内容": "守山いつき病院　訪問看護ステーション【訪問看護】愛知県名古屋市守山区守山二丁目18番22号", "url": "https://www.kaigokensaku.mhlw.go.jp/23/index.php?action_kouhyou_detail_004_kani=true&JigyosyoCd=2311302125-00&ServiceCd=130&Type=search", "url2": "http://ituki.com/moriyama_hp/" }, "geometry": { "type": "Point", "coordinates": [ 136.959978699999965, 35.2005682 ] } },
{ "type": "Feature", "properties": { "内容": "訪問看護志水【訪問看護】大森１丁目１２０４番地", "url": "https://www.kaigokensaku.mhlw.go.jp/23/index.php?action_kouhyou_detail_004_kani=true&JigyosyoCd=2311301481-00&ServiceCd=130&Type=search", "url2": null }, "geometry": { "type": "Point", "coordinates": [ 136.994428699999958, 35.2048408 ] } },
{ "type": "Feature", "properties": { "内容": "訪問看護ステーションあやめ名古屋守山【訪問看護】愛知県名古屋市守山区瀬古3丁目-705メゾンローゼ302号室", "url": "https://www.kaigokensaku.mhlw.go.jp/23/index.php?action_kouhyou_detail_004_kani=true&JigyosyoCd=2361390467-00&ServiceCd=130&Type=search", "url2": "http://www.firstnurse.co.jp" }, "geometry": { "type": "Point", "coordinates": [ 136.940606399999979, 35.2131575 ] } },
{ "type": "Feature", "properties": { "内容": "独立行政法人国立病院機構東尾張病院　訪問看護ステーションまめなし【訪問看護】愛知県名古屋市大森北二丁目１３０１番地", "url": "https://www.kaigokensaku.mhlw.go.jp/23/index.php?action_kouhyou_detail_004_kani=true&JigyosyoCd=2361390475-00&ServiceCd=130&Type=search", "url2": "https://higashiowari.hosp.go.jp" }, "geometry": { "type": "Point", "coordinates": [ 137.0109215, 35.2242096 ] } },
{ "type": "Feature", "properties": { "内容": "訪問看護ステーションよつ葉　守山【訪問看護】愛知県名古屋市守山区新守西303番地", "url": "https://www.kaigokensaku.mhlw.go.jp/23/index.php?action_kouhyou_detail_004_kani=true&JigyosyoCd=2361390616-00&ServiceCd=130&Type=search", "url2": "https://www.mcare.co.jp/yotsuba/" }, "geometry": { "type": "Point", "coordinates": [ 136.9486546, 35.2077094 ] } },
{ "type": "Feature", "properties": { "内容": "訪問看護ステーション　たいむ【訪問看護】町北11番59号", "url": "https://www.kaigokensaku.mhlw.go.jp/23/index.php?action_kouhyou_detail_004_kani=true&JigyosyoCd=2361390533-00&ServiceCd=130&Type=search", "url2": null }, "geometry": { "type": "Point", "coordinates": [ 136.9552161, 35.1999673 ] } },
{ "type": "Feature", "properties": { "内容": "訪問看護ステーション　紅白なごや【訪問看護】川東山", "url": "https://www.kaigokensaku.mhlw.go.jp/23/index.php?action_kouhyou_detail_004_kani=true&JigyosyoCd=2361390731-00&ServiceCd=130&Type=search", "url2": null }, "geometry": { "type": "Point", "coordinates": [ 136.976866699999988, 35.2193154 ] } },
{ "type": "Feature", "properties": { "内容": "訪問看護ステーションやすらぎ瀬古【訪問看護】瀬古三丁目8330番地", "url": "https://www.kaigokensaku.mhlw.go.jp/23/index.php?action_kouhyou_detail_004_kani=true&JigyosyoCd=2361390749-00&ServiceCd=130&Type=search", "url2": null }, "geometry": { "type": "Point", "coordinates": [ 136.9422658, 35.2136348 ] } },
{ "type": "Feature", "properties": { "内容": "パプリカこころの訪問看護ステーション名古屋守山【訪問看護】愛知県名古屋市守山区小幡南2丁目18-12SJKビルⅧ小幡303", "url": "https://www.kaigokensaku.mhlw.go.jp/23/index.php?action_kouhyou_detail_004_kani=true&JigyosyoCd=2361390681-00&ServiceCd=130&Type=search", "url2": null }, "geometry": { "type": "Point", "coordinates": [ 136.97829, 35.2012555 ] } },
{ "type": "Feature", "properties": { "内容": "スパークル訪問看護ステーション守山【訪問看護】森孝東一丁目303番地トミタビル四軒家704", "url": "https://www.kaigokensaku.mhlw.go.jp/23/index.php?action_kouhyou_detail_004_kani=true&JigyosyoCd=2361390764-00&ServiceCd=130&Type=search", "url2": "https://www.sarst.co.jp/" }, "geometry": { "type": "Point", "coordinates": [ 137.022477813491832, 35.193334225866643 ] } },
{ "type": "Feature", "properties": { "内容": "訪問看護ステーションあんめ【訪問看護】愛知県名古屋市守山区廿軒家7-8プロビデンスHAST守山401号室", "url": "https://www.kaigokensaku.mhlw.go.jp/23/index.php?action_kouhyou_detail_004_kani=true&JigyosyoCd=2361390376-00&ServiceCd=130&Type=search", "url2": null }, "geometry": { "type": "Point", "coordinates": [ 136.957217899999932, 35.1965548 ] } },
{ "type": "Feature", "properties": { "内容": "訪問看護よつ笑【訪問看護】愛知県名古屋市守山区白山４丁目703番地の2コーポ・シオンB棟B101", "url": "https://www.kaigokensaku.mhlw.go.jp/23/index.php?action_kouhyou_detail_004_kani=true&JigyosyoCd=2361390756-00&ServiceCd=130&Type=search", "url2": "https://yotsuwa315.com/" }, "geometry": { "type": "Point", "coordinates": [ 137.025070199999988, 35.1925949 ] } },
{ "type": "Feature", "properties": { "内容": "オリーブ在宅クリニック【訪問看護】愛知県名古屋市守山区永森町292", "url": "https://www.kaigokensaku.mhlw.go.jp/23/index.php?action_kouhyou_detail_004_kani=true&JigyosyoCd=2311302497-00&ServiceCd=130&Type=search", "url2": "https://olive-homecare.com/" }, "geometry": { "type": "Point", "coordinates": [ 136.9616872, 35.207642 ] } },
{ "type": "Feature", "properties": { "内容": "ナースリハ・ヒカル【訪問看護】名古屋市守山区小幡一丁目2番16号グランドソレイユ306号室", "url": "https://www.kaigokensaku.mhlw.go.jp/23/index.php?action_kouhyou_detail_004_kani=true&JigyosyoCd=2361390780-00&ServiceCd=130&Type=search", "url2": "https://www.supportofsupporters-hikaru.com/" }, "geometry": { "type": "Point", "coordinates": [ 136.975709200000011, 35.2026828 ] } },
{ "type": "Feature", "properties": { "内容": "訪問看護ステーション　紙ふうせん【訪問看護】愛知県名古屋市守山区廿軒家１４番３２号", "url": "https://www.kaigokensaku.mhlw.go.jp/23/index.php?action_kouhyou_detail_004_kani=true&JigyosyoCd=2361390079-00&ServiceCd=130&Type=search", "url2": null }, "geometry": { "type": "Point", "coordinates": [ 136.95949829999995, 35.1945107 ] } },
{ "type": "Feature", "properties": { "内容": "ひょうたん山訪問看護ステーション【訪問看護】愛知県名古屋市守山区東山町10番2号", "url": "https://www.kaigokensaku.mhlw.go.jp/23/index.php?action_kouhyou_detail_004_kani=true&JigyosyoCd=2361390277-00&ServiceCd=130&Type=search", "url2": "http://hyoutanday.web.fc2.com" }, "geometry": { "type": "Point", "coordinates": [ 136.962975799999981, 35.199368400000012 ] } },
{ "type": "Feature", "properties": { "内容": "訪問看護ステーションすずらん【訪問看護】野萩町9-38住宅型有料老人ホームル・コンフォールすずらん喜多山", "url": "https://www.kaigokensaku.mhlw.go.jp/23/index.php?action_kouhyou_detail_004_kani=true&JigyosyoCd=2361390327-00&ServiceCd=130&Type=search", "url2": "https://w-suzuran.net/" }, "geometry": { "type": "Point", "coordinates": [ 136.98582075802085, 35.20194682655648 ] } },
{ "type": "Feature", "properties": { "内容": "訪問看護　人と季【訪問看護】愛知県名古屋市守山区桔梗平一丁目1502番地", "url": "https://www.kaigokensaku.mhlw.go.jp/23/index.php?action_kouhyou_detail_004_kani=true&JigyosyoCd=2361390517-00&ServiceCd=130&Type=search", "url2": "www.s2cn-hitotoki.com" }, "geometry": { "type": "Point", "coordinates": [ 136.9939292, 35.2311143 ] } },
{ "type": "Feature", "properties": { "内容": "れんげ訪問看護ステーション【訪問看護】愛知県名古屋市守山区苗代二丁目５番１６号", "url": "https://www.kaigokensaku.mhlw.go.jp/23/index.php?action_kouhyou_detail_004_kani=true&JigyosyoCd=2361390152-00&ServiceCd=130&Type=search", "url2": "http://www.renge-houmon.com/" }, "geometry": { "type": "Point", "coordinates": [ 136.982442966560626, 35.194169799362442 ] } },
{ "type": "Feature", "properties": { "内容": "ゆうあいライフ訪問看護ステーション【訪問看護】名古屋市守山区四軒家1-1536", "url": "https://www.kaigokensaku.mhlw.go.jp/23/index.php?action_kouhyou_detail_004_kani=true&JigyosyoCd=2361390491-00&ServiceCd=130&Type=search", "url2": null }, "geometry": { "type": "Point", "coordinates": [ 136.981610499999988, 35.1974248 ] } },
{ "type": "Feature", "properties": { "内容": "訪問看護ステーションまごころ【訪問看護】愛知県名古屋市守山区川村町３７番地", "url": "https://www.kaigokensaku.mhlw.go.jp/23/index.php?action_kouhyou_detail_004_kani=true&JigyosyoCd=2361390285-00&ServiceCd=130&Type=search", "url2": "http://care-net.biz/23/magokoroan/" }, "geometry": { "type": "Point", "coordinates": [ 136.963747600000033, 35.2105083 ] } },
{ "type": "Feature", "properties": { "内容": "訪問看護キープオン守山【訪問看護】愛知県名古屋市守山区小幡中1-35-16深河ビル2E", "url": "https://www.kaigokensaku.mhlw.go.jp/23/index.php?action_kouhyou_detail_004_kani=true&JigyosyoCd=2361390129-00&ServiceCd=130&Type=search", "url2": "http://keeepon7.com" }, "geometry": { "type": "Point", "coordinates": [ 136.975195534779346, 35.202163765070217 ] } },
{ "type": "Feature", "properties": { "内容": "すこやか訪問看護ステーション【訪問看護】愛知県名古屋市守山区大字中志段味字上寺林１０４－３コーポNODAX　１０１号室", "url": "https://www.kaigokensaku.mhlw.go.jp/23/index.php?action_kouhyou_detail_004_kani=true&JigyosyoCd=2361390343-00&ServiceCd=130&Type=search", "url2": null }, "geometry": { "type": "Point", "coordinates": [ 137.030047, 35.2492609 ] } },
{ "type": "Feature", "properties": { "内容": "訪問看護ココロ【訪問看護】愛知県名古屋市守山区大森北二丁目101番地", "url": "https://www.kaigokensaku.mhlw.go.jp/23/index.php?action_kouhyou_detail_004_kani=true&JigyosyoCd=2361390269-00&ServiceCd=130&Type=search", "url2": "support22.jp" }, "geometry": { "type": "Point", "coordinates": [ 137.009178165528851, 35.2202313855692 ] } },
{ "type": "Feature", "properties": { "内容": "訪問看護アモーレ・ラボ【訪問看護】愛知県名古屋市守山区小幡南三丁目21番地18号sai303号", "url": "https://www.kaigokensaku.mhlw.go.jp/23/index.php?action_kouhyou_detail_004_kani=true&JigyosyoCd=2361390400-00&ServiceCd=130&Type=search", "url2": null }, "geometry": { "type": "Point", "coordinates": [ 136.981796799999984, 35.2023352 ] } },
{ "type": "Feature", "properties": { "内容": "訪問看護つぼみ【訪問看護】名古屋市守山区向台3丁目1102番地1", "url": "https://www.kaigokensaku.mhlw.go.jp/23/index.php?action_kouhyou_detail_004_kani=true&JigyosyoCd=2361390558-00&ServiceCd=130&Type=search", "url2": "https://www.heartfulcare.co.jp/" }, "geometry": { "type": "Point", "coordinates": [ 137.0090606, 35.1980842 ] } },
{ "type": "Feature", "properties": { "内容": "ひまわり訪問看護リハビリステーション守山【訪問看護】桔梗平2丁目316カタルパーエ101", "url": "https://www.kaigokensaku.mhlw.go.jp/23/index.php?action_kouhyou_detail_004_kani=true&JigyosyoCd=2361390574-00&ServiceCd=130&Type=search", "url2": null }, "geometry": { "type": "Point", "coordinates": [ 136.99693, 35.231359 ] } },
{ "type": "Feature", "properties": { "内容": "訪問看護ステーションあおい【訪問看護】幸心三丁目1407番地グランシャリオ302", "url": "https://www.kaigokensaku.mhlw.go.jp/23/index.php?action_kouhyou_detail_004_kani=true&JigyosyoCd=2361390418-00&ServiceCd=130&Type=search", "url2": null }, "geometry": { "type": "Point", "coordinates": [ 136.949695799999972, 35.2122382 ] } },
{ "type": "Feature", "properties": { "内容": "訪問看護ステーションゆめの葉・杜山【訪問看護】愛知県名古屋市守山区下志段二丁目1305番地OntheHill103号", "url": "https://www.kaigokensaku.mhlw.go.jp/23/index.php?action_kouhyou_detail_004_kani=true&JigyosyoCd=2361390640-00&ServiceCd=130&Type=search", "url2": "http//www.sumikanoki.co.jp" }, "geometry": { "type": "Point", "coordinates": [ 137.018723523348228, 35.241520732056642 ] } },
{ "type": "Feature", "properties": { "内容": "ナースステーション夢紬【訪問看護】名古屋市守山区小幡4丁目11番7号コーポカトウ1号館101号コウポカトウ1号館101号", "url": "https://www.kaigokensaku.mhlw.go.jp/23/index.php?action_kouhyou_detail_004_kani=true&JigyosyoCd=2361390301-00&ServiceCd=130&Type=search", "url2": null }, "geometry": { "type": "Point", "coordinates": [ 136.982578900000021, 35.2058781 ] } },
{ "type": "Feature", "properties": { "内容": "訪問看護にじいろ【訪問看護】愛知県名古屋市守山区八剣1丁目303番地", "url": "https://www.kaigokensaku.mhlw.go.jp/23/index.php?action_kouhyou_detail_004_kani=true&JigyosyoCd=2361390624-00&ServiceCd=130&Type=search", "url2": "https://nijiiro815.jp/" }, "geometry": { "type": "Point", "coordinates": [ 137.002068229948009, 35.204938582995098 ] } },
{ "type": "Feature", "properties": { "内容": "リハビリフィットネス訪問看護ステーション守山【訪問看護】愛知県名古屋市守山区高島町45番地ﾊｲｸﾞﾚｰｼﾞｭM　203号", "url": "https://www.kaigokensaku.mhlw.go.jp/23/index.php?action_kouhyou_detail_004_kani=true&JigyosyoCd=2361390525-00&ServiceCd=130&Type=search", "url2": null }, "geometry": { "type": "Point", "coordinates": [ 136.968775458592631, 35.210317133271445 ] } },
{ "type": "Feature", "properties": { "内容": "訪問看護ステーション恵【訪問看護】小幡太田16-22ライムヴィラ205号", "url": "https://www.kaigokensaku.mhlw.go.jp/23/index.php?action_kouhyou_detail_004_kani=true&JigyosyoCd=2361390582-00&ServiceCd=130&Type=search", "url2": null }, "geometry": { "type": "Point", "coordinates": [ 136.977544599999987, 35.1960995 ] } },
{ "type": "Feature", "properties": { "内容": "愛の里名古屋訪問看護ステーション【訪問看護】上志段味字川原156", "url": "https://www.kaigokensaku.mhlw.go.jp/23/index.php?action_kouhyou_detail_004_kani=true&JigyosyoCd=2361390442-00&ServiceCd=130&Type=search", "url2": null }, "geometry": { "type": "Point", "coordinates": [ 137.0306014723526, 35.25617470236795 ] } },
{ "type": "Feature", "properties": { "内容": "訪問看護あおぞら【訪問看護】下志段味三丁目2907番地サンライズ志段味", "url": "https://www.kaigokensaku.mhlw.go.jp/23/index.php?action_kouhyou_detail_004_kani=true&JigyosyoCd=2361390673-00&ServiceCd=130&Type=search", "url2": null }, "geometry": { "type": "Point", "coordinates": [ 137.014548927379082, 35.2483238969224 ] } },
{ "type": "Feature", "properties": { "内容": "中部メディカル　訪問看護ステーション【訪問看護】愛知県名古屋市守山区小幡南3-17-31カーサ・ルーチェＢ-3", "url": "https://www.kaigokensaku.mhlw.go.jp/23/index.php?action_kouhyou_detail_004_kani=true&JigyosyoCd=2361390186-00&ServiceCd=130&Type=search", "url2": "http://chubu-med.com/" }, "geometry": { "type": "Point", "coordinates": [ 136.979933, 35.2008604 ] } },
{ "type": "Feature", "properties": { "内容": "Footage訪問看護ステーション守山【訪問看護】愛知県名古屋市守山区元郷二丁目501番地パークビルA棟1階101号室", "url": "https://www.kaigokensaku.mhlw.go.jp/23/index.php?action_kouhyou_detail_004_kani=true&JigyosyoCd=2361390483-00&ServiceCd=130&Type=search", "url2": "https://footage.nagoya/" }, "geometry": { "type": "Point", "coordinates": [ 136.9991695, 35.2016103 ] } },
{ "type": "Feature", "properties": { "内容": "愛知さわやかケアセンター【訪問看護】西新10番21号藤和瓢箪山コープ101号", "url": "https://www.kaigokensaku.mhlw.go.jp/23/index.php?action_kouhyou_detail_004_kani=true&JigyosyoCd=2361390160-00&ServiceCd=130&Type=search", "url2": "https://www.aichi-sawayaka.com/" }, "geometry": { "type": "Point", "coordinates": [ 136.965397899999971, 35.1981659 ] } },
{ "type": "Feature", "properties": { "内容": "ナハティガル【訪問看護】瀬古３丁目707番地アクセスヒル３C", "url": "https://www.kaigokensaku.mhlw.go.jp/23/index.php?action_kouhyou_detail_004_kani=true&JigyosyoCd=2361390707-00&ServiceCd=130&Type=search", "url2": "http://bunei-en.com/index.html" }, "geometry": { "type": "Point", "coordinates": [ 136.941041899999988, 35.2131847 ] } },
{ "type": "Feature", "properties": { "内容": "訪問看護ステーション　ナーシア【訪問看護】愛知県名古屋市守山区下志段二丁目1305番地OntheHill102", "url": "https://www.kaigokensaku.mhlw.go.jp/23/index.php?action_kouhyou_detail_004_kani=true&JigyosyoCd=2361390509-00&ServiceCd=130&Type=search", "url2": "http://sumika.nagoya/" }, "geometry": { "type": "Point", "coordinates": [ 137.018667196958916, 35.241503206995475 ] } },
{ "type": "Feature", "properties": { "内容": "訪問看護かえりえ小幡【訪問看護】愛知県名古屋市守山区小幡中1-33-2香林館1階", "url": "https://www.kaigokensaku.mhlw.go.jp/23/index.php?action_kouhyou_detail_004_kani=true&JigyosyoCd=2361390350-00&ServiceCd=130&Type=search", "url2": null }, "geometry": { "type": "Point", "coordinates": [ 136.974180502577667, 35.202123826624685 ] } },
{ "type": "Feature", "properties": { "内容": "訪問看護ステーション　ここ【訪問看護】愛知県名古屋市守山区大字上志段味字東谷2086番地の70BLADBERYG", "url": "https://www.kaigokensaku.mhlw.go.jp/23/index.php?action_kouhyou_detail_004_kani=true&JigyosyoCd=2361390657-00&ServiceCd=130&Type=search", "url2": null }, "geometry": { "type": "Point", "coordinates": [ 137.0462819, 35.2481738 ] } },
{ "type": "Feature", "properties": { "内容": "訪問看護ステーション幸和【訪問看護】愛知県名古屋市守山区小幡五丁目10番16号第2野村ビル101号室.", "url": "https://www.kaigokensaku.mhlw.go.jp/23/index.php?action_kouhyou_detail_004_kani=true&JigyosyoCd=2361390798-00&ServiceCd=130&Type=search", "url2": null }, "geometry": { "type": "Point", "coordinates": [ 136.983309, 35.2037452 ] } },
{ "type": "Feature", "properties": { "内容": "名古屋市守山区訪問看護ステーション【訪問看護】愛知県名古屋市守山区小幡南一丁目24-10守山区在宅サービスセンター内", "url": "https://www.kaigokensaku.mhlw.go.jp/23/index.php?action_kouhyou_detail_004_kani=true&JigyosyoCd=2361390020-00&ServiceCd=130&Type=search", "url2": "https://www.nrs.or.jp" }, "geometry": { "type": "Point", "coordinates": [ 136.975886100000025, 35.2007019 ] } },
{ "type": "Feature", "properties": { "内容": "あしたば訪問看護ステーション【訪問看護】中志段味字唐池462番地の66", "url": "https://www.kaigokensaku.mhlw.go.jp/23/index.php?action_kouhyou_detail_004_kani=true&JigyosyoCd=2361390665-00&ServiceCd=130&Type=search", "url2": null }, "geometry": { "type": "Point", "coordinates": [ 137.031191284655733, 35.252607261332045 ] } },
{ "type": "Feature", "properties": { "内容": "訪問看護のぞみ守山【訪問看護】愛知県名古屋市守山区森宮町173番地", "url": "https://www.kaigokensaku.mhlw.go.jp/23/index.php?action_kouhyou_detail_004_kani=true&JigyosyoCd=2361390566-00&ServiceCd=130&Type=search", "url2": "http://www.lamore.jp/" }, "geometry": { "type": "Point", "coordinates": [ 136.965634, 35.2096039 ] } },
{ "type": "Feature", "properties": { "内容": "訪問看護ステーションつむぐ【訪問看護】愛知県名古屋市守山区天子田一丁目１０１６番地スタジオ２６　３０７号室", "url": "https://www.kaigokensaku.mhlw.go.jp/23/index.php?action_kouhyou_detail_004_kani=true&JigyosyoCd=2361390830-00&ServiceCd=130&Type=search", "url2": "https://www.tsumugucare.net" }, "geometry": { "type": "Point", "coordinates": [ 136.9979831, 35.1961735 ] } },
{ "type": "Feature", "properties": { "内容": "ソフィアメディ訪問看護ステーション守山【訪問看護】愛知県名古屋市守山区小幡中3丁目2-5GIMUCOA", "url": "https://www.kaigokensaku.mhlw.go.jp/23/index.php?action_kouhyou_detail_004_kani=true&JigyosyoCd=2361390822-00&ServiceCd=130&Type=search", "url2": "https://www.sophiamedi.co.jp/station/moriyama/" }, "geometry": { "type": "Point", "coordinates": [ 136.969263500000011, 35.2061733 ] } },
{ "type": "Feature", "properties": { "内容": "訪問看護ステーション心結【訪問看護】愛知県名古屋市守山区東山町16番20号よってたも～れ・ひょうたん山", "url": "https://www.kaigokensaku.mhlw.go.jp/23/index.php?action_kouhyou_detail_004_kani=true&JigyosyoCd=2361390459-00&ServiceCd=130&Type=search", "url2": "http://www.kaigo-sakura.com" }, "geometry": { "type": "Point", "coordinates": [ 136.963102566270436, 35.200561962750854 ] } },
{ "type": "Feature", "properties": { "内容": "訪問看護くらしい【訪問看護】愛知県名古屋市茶臼前５－１０", "url": "https://www.kaigokensaku.mhlw.go.jp/23/index.php?action_kouhyou_detail_004_kani=true&JigyosyoCd=2361390814-00&ServiceCd=130&Type=search", "url2": null }, "geometry": { "type": "Point", "coordinates": [ 136.98537970000001, 35.2051853 ] } },
{ "type": "Feature", "properties": { "内容": "訪問看護ステーション安樹【訪問看護】愛知県名古屋市守山区桔梗平３丁目２００１番", "url": "https://www.kaigokensaku.mhlw.go.jp/23/index.php?action_kouhyou_detail_004_kani=true&JigyosyoCd=2361390772-00&ServiceCd=130&Type=search", "url2": "http://www.kaigo-yumean.co.jp/company.html" }, "geometry": { "type": "Point", "coordinates": [ 136.99505449507194, 35.238227937172077 ] } },
{ "type": "Feature", "properties": { "内容": "ハピネス訪問看護ステーション【訪問看護】愛知県名古屋市守山区上志段味字上島728番地の3Residence4　C棟", "url": "https://www.kaigokensaku.mhlw.go.jp/23/index.php?action_kouhyou_detail_004_kani=true&JigyosyoCd=2361390848-00&ServiceCd=130&Type=search", "url2": null }, "geometry": { "type": "Point", "coordinates": [ 137.0373094, 35.2565323 ] } },
{ "type": "Feature", "properties": { "内容": "ひなた訪問看護ステーションもりやま【訪問看護】愛知県名古屋市守山区大字上志段味字樹木1638番地の2", "url": "https://www.kaigokensaku.mhlw.go.jp/23/index.php?action_kouhyou_detail_004_kani=true&JigyosyoCd=2361390632-00&ServiceCd=130&Type=search", "url2": "https://juju-g.co.jp" }, "geometry": { "type": "Point", "coordinates": [ 137.0362781, 35.250522400000015 ] } },
{ "type": "Feature", "properties": { "内容": "阪野医院【訪問看護】愛知県名古屋市緑区青山2丁目１４７－２", "url": "https://www.kaigokensaku.mhlw.go.jp/23/index.php?action_kouhyou_detail_004_kani=true&JigyosyoCd=2311400887-00&ServiceCd=130&Type=search", "url2": "http://" }, "geometry": { "type": "Point", "coordinates": [ 136.951129499999979, 35.0708881 ] } },
{ "type": "Feature", "properties": { "内容": "ナラティブクリニックみどり診療所【訪問看護】愛知県名古屋市緑区滝ノ水一丁目902番地", "url": "https://www.kaigokensaku.mhlw.go.jp/23/index.php?action_kouhyou_detail_004_kani=true&JigyosyoCd=2311402867-00&ServiceCd=130&Type=search", "url2": null }, "geometry": { "type": "Point", "coordinates": [ 136.97723158280337, 35.091366151089161 ] } },
{ "type": "Feature", "properties": { "内容": "医療法人敬友会丹羽内科【訪問看護】名古屋市緑区大高町字鶴田２１３", "url": "https://www.kaigokensaku.mhlw.go.jp/23/index.php?action_kouhyou_detail_004_kani=true&JigyosyoCd=2311401877-00&ServiceCd=130&Type=search", "url2": "http://oodaka-niwanaika.jp/" }, "geometry": { "type": "Point", "coordinates": [ 136.938508400000046, 35.0663886 ] } },
{ "type": "Feature", "properties": { "内容": "アクア緑訪問看護【訪問看護】愛知県名古屋市緑区寅新田150番地の3", "url": "https://www.kaigokensaku.mhlw.go.jp/23/index.php?action_kouhyou_detail_004_kani=true&JigyosyoCd=2361490473-00&ServiceCd=130&Type=search", "url2": null }, "geometry": { "type": "Point", "coordinates": [ 136.9201405, 35.0634797 ] } },
{ "type": "Feature", "properties": { "内容": "FamilyNurse徳重【訪問看護】愛知県名古屋市緑区亀が洞3丁目117番地", "url": "https://www.kaigokensaku.mhlw.go.jp/23/index.php?action_kouhyou_detail_004_kani=true&JigyosyoCd=2361490606-00&ServiceCd=130&Type=search", "url2": null }, "geometry": { "type": "Point", "coordinates": [ 137.0102569, 35.0950401 ] } },
{ "type": "Feature", "properties": { "内容": "訪問看護ステーション　デューン緑【訪問看護】愛知県名古屋市緑区大将ケ根二丁目1043ベルメゾン鳴海F号室", "url": "https://www.kaigokensaku.mhlw.go.jp/23/index.php?action_kouhyou_detail_004_kani=true&JigyosyoCd=2361490614-00&ServiceCd=130&Type=search", "url2": null }, "geometry": { "type": "Point", "coordinates": [ 136.9812125, 35.061915 ] } },
{ "type": "Feature", "properties": { "内容": "訪問看護ステーションRe:Life【訪問看護】愛知県名古屋市緑区太子1-357太子マンション店舗3号", "url": "https://www.kaigokensaku.mhlw.go.jp/23/index.php?action_kouhyou_detail_004_kani=true&JigyosyoCd=2361490309-00&ServiceCd=130&Type=search", "url2": "http://www.reh-village.jp" }, "geometry": { "type": "Point", "coordinates": [ 136.977961100000016, 35.064274 ] } },
{ "type": "Feature", "properties": { "内容": "訪問看護ステーション　Juno【訪問看護】愛知県名古屋市緑区篭山2丁目104神谷ビル2階A", "url": "https://www.kaigokensaku.mhlw.go.jp/23/index.php?action_kouhyou_detail_004_kani=true&JigyosyoCd=2361490572-00&ServiceCd=130&Type=search", "url2": "https://junochild.com/" }, "geometry": { "type": "Point", "coordinates": [ 136.982104842431369, 35.082651859421098 ] } },
{ "type": "Feature", "properties": { "内容": "メリィナース有松【訪問看護】愛知県名古屋市緑区有松三丁山609番地サンコート有松103号室", "url": "https://www.kaigokensaku.mhlw.go.jp/23/index.php?action_kouhyou_detail_004_kani=true&JigyosyoCd=2361490671-00&ServiceCd=130&Type=search", "url2": "https://mei-mei.co.jp/" }, "geometry": { "type": "Point", "coordinates": [ 136.9674389, 35.0649545 ] } },
{ "type": "Feature", "properties": { "内容": "訪問看護ステーションぶらうんらっと【訪問看護】愛知県名古屋市緑区平子が丘2202-2ヴィーヴル平子が丘203", "url": "https://www.kaigokensaku.mhlw.go.jp/23/index.php?action_kouhyou_detail_004_kani=true&JigyosyoCd=2361490739-00&ServiceCd=130&Type=search", "url2": "https://brownrat.jp/" }, "geometry": { "type": "Point", "coordinates": [ 136.9648182, 35.0735907 ] } },
{ "type": "Feature", "properties": { "内容": "ブルーム訪問看護ステーション【訪問看護】愛知県名古屋市緑区西神の倉二丁目611番地シャンテセジュール201号", "url": "https://www.kaigokensaku.mhlw.go.jp/23/index.php?action_kouhyou_detail_004_kani=true&JigyosyoCd=2361490762-00&ServiceCd=130&Type=search", "url2": null }, "geometry": { "type": "Point", "coordinates": [ 137.004999199999986, 35.102136700000017 ] } },
{ "type": "Feature", "properties": { "内容": "訪問看護ステーション　栞【訪問看護】愛知県名古屋市緑区西神の倉一丁目126番地", "url": "https://www.kaigokensaku.mhlw.go.jp/23/index.php?action_kouhyou_detail_004_kani=true&JigyosyoCd=2361490705-00&ServiceCd=130&Type=search", "url2": "https://shiawasetsumugi.org/free/shiori" }, "geometry": { "type": "Point", "coordinates": [ 137.0031974, 35.1001268 ] } },
{ "type": "Feature", "properties": { "内容": "みなか訪問看護【訪問看護】名古屋市緑区尾崎山2-102", "url": "https://www.kaigokensaku.mhlw.go.jp/23/index.php?action_kouhyou_detail_004_kani=true&JigyosyoCd=2361490721-00&ServiceCd=130&Type=search", "url2": null }, "geometry": { "type": "Point", "coordinates": [ 136.976200300000016, 35.0767633 ] } },
{ "type": "Feature", "properties": { "内容": "季楽訪問看護ステーション春夏秋冬【訪問看護】名古屋市緑区平子が丘６０７番地", "url": "https://www.kaigokensaku.mhlw.go.jp/23/index.php?action_kouhyou_detail_004_kani=true&JigyosyoCd=2361490770-00&ServiceCd=130&Type=search", "url2": null }, "geometry": { "type": "Point", "coordinates": [ 136.961827699999986, 35.0751411 ] } },
{ "type": "Feature", "properties": { "内容": "看護クラーク大高【訪問看護】鳴海町字中汐田215番地の2第5菊屋ビル3E号室", "url": "https://www.kaigokensaku.mhlw.go.jp/23/index.php?action_kouhyou_detail_004_kani=true&JigyosyoCd=2361490796-00&ServiceCd=130&Type=search", "url2": "https://cuc-hospice.com/rehope/" }, "geometry": { "type": "Point", "coordinates": [ 136.9451219, 35.0757047 ] } },
{ "type": "Feature", "properties": { "内容": "訪問看護ステーションイノベル愛知【訪問看護】愛知県緑区鎌倉台1-211", "url": "https://www.kaigokensaku.mhlw.go.jp/23/index.php?action_kouhyou_detail_004_kani=true&JigyosyoCd=2361490804-00&ServiceCd=130&Type=search", "url2": null }, "geometry": { "type": "Point", "coordinates": [ 136.98137, 35.0768928 ] } },
{ "type": "Feature", "properties": { "内容": "訪問看護ステーションいち【訪問看護】愛知県名古屋市緑区青山2丁目198番地2C号2階", "url": "https://www.kaigokensaku.mhlw.go.jp/23/index.php?action_kouhyou_detail_004_kani=true&JigyosyoCd=2361490812-00&ServiceCd=130&Type=search", "url2": "https://www.minsa2024.com/kango.html" }, "geometry": { "type": "Point", "coordinates": [ 136.9518794, 35.0702869 ] } },
{ "type": "Feature", "properties": { "内容": "ナースステーションMayLily徳重【訪問看護】愛知県名古屋市緑区徳重三丁目221番地の1", "url": "https://www.kaigokensaku.mhlw.go.jp/23/index.php?action_kouhyou_detail_004_kani=true&JigyosyoCd=2361490820-00&ServiceCd=130&Type=search", "url2": "https://w-suzuran.net/" }, "geometry": { "type": "Point", "coordinates": [ 137.0041999, 35.0880434 ] } },
{ "type": "Feature", "properties": { "内容": "訪問看護ステーションＳｕｍｕ【訪問看護】愛知県名古屋市緑区池上台2-21エスポアール池上台205号室", "url": "https://www.kaigokensaku.mhlw.go.jp/23/index.php?action_kouhyou_detail_004_kani=true&JigyosyoCd=2361490374-00&ServiceCd=130&Type=search", "url2": null }, "geometry": { "type": "Point", "coordinates": [ 136.966492099999982, 35.0940956 ] } },
{ "type": "Feature", "properties": { "内容": "ナースステーションわごころ【訪問看護】愛知県名古屋市緑区諸の木二丁目２５０１番地ナーシング和楽縁みどり1F", "url": "https://www.kaigokensaku.mhlw.go.jp/23/index.php?action_kouhyou_detail_004_kani=true&JigyosyoCd=2361490317-00&ServiceCd=130&Type=search", "url2": "http://www.gazelle-inc.com" }, "geometry": { "type": "Point", "coordinates": [ 137.003958399999988, 35.0776685 ] } },
{ "type": "Feature", "properties": { "内容": "訪問クリニック大高亀原【訪問看護】愛知県名古屋市緑区大高町字亀原48番地の1", "url": "https://www.kaigokensaku.mhlw.go.jp/23/index.php?action_kouhyou_detail_004_kani=true&JigyosyoCd=2311403154-00&ServiceCd=130&Type=search", "url2": "ms-odaka.com" }, "geometry": { "type": "Point", "coordinates": [ 136.9476152, 35.06608 ] } },
{ "type": "Feature", "properties": { "内容": "訪問看護ステーション　なるみ【訪問看護】名古屋市緑区細口一丁目２１０", "url": "https://www.kaigokensaku.mhlw.go.jp/23/index.php?action_kouhyou_detail_004_kani=true&JigyosyoCd=2361490093-00&ServiceCd=130&Type=search", "url2": "http://www.narumikai.or.jp" }, "geometry": { "type": "Point", "coordinates": [ 136.987315599999988, 35.087314 ] } },
{ "type": "Feature", "properties": { "内容": "まつもとクリニック訪問看護センター【訪問看護】愛知県名古屋市緑区桶狭間森前1106番地", "url": "https://www.kaigokensaku.mhlw.go.jp/23/index.php?action_kouhyou_detail_004_kani=true&JigyosyoCd=2361490630-00&ServiceCd=130&Type=search", "url2": "https://shouseikai.jp.net/" }, "geometry": { "type": "Point", "coordinates": [ 136.967284444962388, 35.049844916876523 ] } },
{ "type": "Feature", "properties": { "内容": "名古屋市緑区訪問看護ステーション【訪問看護】愛知県名古屋市緑区鳴子町1丁目7番１緑区在宅サービスセンター", "url": "https://www.kaigokensaku.mhlw.go.jp/23/index.php?action_kouhyou_detail_004_kani=true&JigyosyoCd=2361490010-00&ServiceCd=130&Type=search", "url2": "https://www.nrs.or.jp" }, "geometry": { "type": "Point", "coordinates": [ 136.964313541926686, 35.098107226956472 ] } },
{ "type": "Feature", "properties": { "内容": "在宅看護センター名古屋【訪問看護】愛知県名古屋市緑区大清水二丁目１６２２番地", "url": "https://www.kaigokensaku.mhlw.go.jp/23/index.php?action_kouhyou_detail_004_kani=true&JigyosyoCd=2361490341-00&ServiceCd=130&Type=search", "url2": "http://towanoizumi.jp/" }, "geometry": { "type": "Point", "coordinates": [ 136.992754099999985, 35.0787153 ] } },
{ "type": "Feature", "properties": { "内容": "ナースステーションはな華【訪問看護】愛知県名古屋市緑区大高町字中ノ島46番地1", "url": "https://www.kaigokensaku.mhlw.go.jp/23/index.php?action_kouhyou_detail_004_kani=true&JigyosyoCd=2361490390-00&ServiceCd=130&Type=search", "url2": "http://www.careyuica.co.jp/" }, "geometry": { "type": "Point", "coordinates": [ 136.925966215424722, 35.063175232324042 ] } },
{ "type": "Feature", "properties": { "内容": "訪問看護　リアンジュ【訪問看護】徳重五丁目１００７番地プログレス幸１０１号", "url": "https://www.kaigokensaku.mhlw.go.jp/23/index.php?action_kouhyou_detail_004_kani=true&JigyosyoCd=2361490408-00&ServiceCd=130&Type=search", "url2": "https://inc-infirmiere.net" }, "geometry": { "type": "Point", "coordinates": [ 136.9945758, 35.0880837 ] } },
{ "type": "Feature", "properties": { "内容": "訪問看護ステーション左京山【訪問看護】愛知県名古屋市緑区左京山１０９－１ポラリス左京山１０１", "url": "https://www.kaigokensaku.mhlw.go.jp/23/index.php?action_kouhyou_detail_004_kani=true&JigyosyoCd=2361490168-00&ServiceCd=130&Type=search", "url2": "http://aro-co.jp" }, "geometry": { "type": "Point", "coordinates": [ 136.961179339824639, 35.070806637080864 ] } },
{ "type": "Feature", "properties": { "内容": "心笑ナースステーション【訪問看護】名古屋市緑区鹿山2丁目1番5号　ナーシングこえみ緑鹿山1F", "url": "https://www.kaigokensaku.mhlw.go.jp/23/index.php?action_kouhyou_detail_004_kani=true&JigyosyoCd=2361490598-00&ServiceCd=130&Type=search", "url2": "https://www.koemi.jp/" }, "geometry": { "type": "Point", "coordinates": [ 136.9636989, 35.0897703 ] } },
{ "type": "Feature", "properties": { "内容": "訪問看護ステーション　ライフケアナース名古屋【訪問看護】愛知県名古屋市緑区桶狭間神明3701", "url": "https://www.kaigokensaku.mhlw.go.jp/23/index.php?action_kouhyou_detail_004_kani=true&JigyosyoCd=2361490507-00&ServiceCd=130&Type=search", "url2": null }, "geometry": { "type": "Point", "coordinates": [ 136.962839800000012, 35.054247 ] } },
{ "type": "Feature", "properties": { "内容": "訪問看護キープオン【訪問看護】名古屋市緑区砂田2-116", "url": "https://www.kaigokensaku.mhlw.go.jp/23/index.php?action_kouhyou_detail_004_kani=true&JigyosyoCd=2361490101-00&ServiceCd=130&Type=search", "url2": "http://keepon.jp" }, "geometry": { "type": "Point", "coordinates": [ 136.982818370314021, 35.079825589384406 ] } },
{ "type": "Feature", "properties": { "内容": "株式会社クラーレ【訪問看護】愛知県名古屋市緑区徳重五丁目411番地メゾングリーンイースト３０５号", "url": "https://www.kaigokensaku.mhlw.go.jp/23/index.php?action_kouhyou_detail_004_kani=true&JigyosyoCd=2361490135-00&ServiceCd=130&Type=search", "url2": null }, "geometry": { "type": "Point", "coordinates": [ 136.9966061, 35.0888642 ] } },
{ "type": "Feature", "properties": { "内容": "訪問看護ステーション　レガート【訪問看護】愛知県名古屋市緑区定納山一丁目2004番地の5", "url": "https://www.kaigokensaku.mhlw.go.jp/23/index.php?action_kouhyou_detail_004_kani=true&JigyosyoCd=2361490622-00&ServiceCd=130&Type=search", "url2": "https://legatoandante.com/" }, "geometry": { "type": "Point", "coordinates": [ 136.934720616532871, 35.053226365656862 ] } },
{ "type": "Feature", "properties": { "内容": "訪問看護ステーションほたるみどり【訪問看護】愛知県名古屋市緑区八つ松1-604コンフォール大清水101", "url": "https://www.kaigokensaku.mhlw.go.jp/23/index.php?action_kouhyou_detail_004_kani=true&JigyosyoCd=2361490234-00&ServiceCd=130&Type=search", "url2": "www.generous.co.jp/" }, "geometry": { "type": "Point", "coordinates": [ 136.98593249632566, 35.078574441979207 ] } },
{ "type": "Feature", "properties": { "内容": "訪問看護ステーションスマイル【訪問看護】愛知県名古屋市緑区滝の水4-412-1", "url": "https://www.kaigokensaku.mhlw.go.jp/23/index.php?action_kouhyou_detail_004_kani=true&JigyosyoCd=2361490176-00&ServiceCd=130&Type=search", "url2": null }, "geometry": { "type": "Point", "coordinates": [ 136.976080699811831, 35.084740640132225 ] } },
{ "type": "Feature", "properties": { "内容": "みんなのかかりつけ訪問看護ステーション緑【訪問看護】潮見が丘1－77みどり市民病院本館3階", "url": "https://www.kaigokensaku.mhlw.go.jp/23/index.php?action_kouhyou_detail_004_kani=true&JigyosyoCd=2361490432-00&ServiceCd=130&Type=search", "url2": "https://kakaritsuke.co.jp/" }, "geometry": { "type": "Point", "coordinates": [ 136.959583015820186, 35.082568135216327 ] } },
{ "type": "Feature", "properties": { "内容": "訪問看護ステーション　ラ　フェリーチェ【訪問看護】ほら貝一丁目98番地オリエンタルビル202", "url": "https://www.kaigokensaku.mhlw.go.jp/23/index.php?action_kouhyou_detail_004_kani=true&JigyosyoCd=2361490523-00&ServiceCd=130&Type=search", "url2": null }, "geometry": { "type": "Point", "coordinates": [ 136.980596200000036, 35.102437 ] } },
{ "type": "Feature", "properties": { "内容": "訪問看護ステーション　ひまわり【訪問看護】西神の倉二丁目201番ローズガーデン301号", "url": "https://www.kaigokensaku.mhlw.go.jp/23/index.php?action_kouhyou_detail_004_kani=true&JigyosyoCd=2361490226-00&ServiceCd=130&Type=search", "url2": null }, "geometry": { "type": "Point", "coordinates": [ 137.004479800000013, 35.101324 ] } },
{ "type": "Feature", "properties": { "内容": "リベル有松【訪問看護】名古屋市緑区鎌倉台2-827NorthRiver102号室", "url": "https://www.kaigokensaku.mhlw.go.jp/23/index.php?action_kouhyou_detail_004_kani=true&JigyosyoCd=2361490648-00&ServiceCd=130&Type=search", "url2": null }, "geometry": { "type": "Point", "coordinates": [ 136.984249, 35.0722097 ] } },
{ "type": "Feature", "properties": { "内容": "訪問看護　ひより【訪問看護】愛知県名古屋市緑区細口三丁目531番地", "url": "https://www.kaigokensaku.mhlw.go.jp/23/index.php?action_kouhyou_detail_004_kani=true&JigyosyoCd=2361490267-00&ServiceCd=130&Type=search", "url2": null }, "geometry": { "type": "Point", "coordinates": [ 136.990280890707368, 35.088439586026048 ] } },
{ "type": "Feature", "properties": { "内容": "訪問看護ステーションゆめの葉・翠【訪問看護】愛知県名古屋市緑区鶴ヶ沢1丁目702番地フォーブルマイ103号", "url": "https://www.kaigokensaku.mhlw.go.jp/23/index.php?action_kouhyou_detail_004_kani=true&JigyosyoCd=2361490358-00&ServiceCd=130&Type=search", "url2": "www.sumikanoki.co.jp" }, "geometry": { "type": "Point", "coordinates": [ 137.004001628148558, 35.092733302089542 ] } },
{ "type": "Feature", "properties": { "内容": "ななおと訪問看護ステーション【訪問看護】愛知県名古屋市緑区倉坂1515番地第2KSビル208号室", "url": "https://www.kaigokensaku.mhlw.go.jp/23/index.php?action_kouhyou_detail_004_kani=true&JigyosyoCd=2361490499-00&ServiceCd=130&Type=search", "url2": null }, "geometry": { "type": "Point", "coordinates": [ 136.9476556, 35.0650166 ] } },
{ "type": "Feature", "properties": { "内容": "南生協よってって横丁　訪問看護ステーションよってって【訪問看護】愛知県名古屋市緑区南大高二丁目701番地", "url": "https://www.kaigokensaku.mhlw.go.jp/23/index.php?action_kouhyou_detail_004_kani=true&JigyosyoCd=2361490028-00&ServiceCd=130&Type=search", "url2": "http://www.minami.or.jp/" }, "geometry": { "type": "Point", "coordinates": [ 136.947333243347202, 35.055399905421844 ] } },
{ "type": "Feature", "properties": { "内容": "南医療生活協同組合訪問看護ステーションももやま【訪問看護】名古屋市緑区桃山1-54", "url": "https://www.kaigokensaku.mhlw.go.jp/23/index.php?action_kouhyou_detail_004_kani=true&JigyosyoCd=2361490036-00&ServiceCd=130&Type=search", "url2": null }, "geometry": { "type": "Point", "coordinates": [ 136.987803799999938, 35.1071562 ] } },
{ "type": "Feature", "properties": { "内容": "訪問看護ステーションゆうらぎの森【訪問看護】名古屋市緑区池上台3-6", "url": "https://www.kaigokensaku.mhlw.go.jp/23/index.php?action_kouhyou_detail_004_kani=true&JigyosyoCd=2361490127-00&ServiceCd=130&Type=search", "url2": "http://www.tomarigi.co.jp/" }, "geometry": { "type": "Point", "coordinates": [ 136.966189399999962, 35.0913097 ] } },
{ "type": "Feature", "properties": { "内容": "ゆうな訪問看護ステーション【訪問看護】名古屋市緑区神沢一丁目２４１２番地", "url": "https://www.kaigokensaku.mhlw.go.jp/23/index.php?action_kouhyou_detail_004_kani=true&JigyosyoCd=2361490077-00&ServiceCd=130&Type=search", "url2": "http://" }, "geometry": { "type": "Point", "coordinates": [ 136.986232, 35.0979461 ] } },
{ "type": "Feature", "properties": { "内容": "訪問看護ステーショントーマス【訪問看護】愛知県名古屋市緑区潮見が丘2丁目198番地1ユニーブル潮見が丘103", "url": "https://www.kaigokensaku.mhlw.go.jp/23/index.php?action_kouhyou_detail_004_kani=true&JigyosyoCd=2361490366-00&ServiceCd=130&Type=search", "url2": "http://lastrally.jp/" }, "geometry": { "type": "Point", "coordinates": [ 136.961311862076457, 35.083546256976163 ] } },
{ "type": "Feature", "properties": { "内容": "うえのやま訪問看護ステーション【訪問看護】愛知県名古屋市緑区鳴海町字上ノ山27番地の4プチエアーⅢ　２０１号", "url": "https://www.kaigokensaku.mhlw.go.jp/23/index.php?action_kouhyou_detail_004_kani=true&JigyosyoCd=2361490416-00&ServiceCd=130&Type=search", "url2": "https://fujikina.co.jp/pages/52/" }, "geometry": { "type": "Point", "coordinates": [ 136.953744550926217, 35.096735520213095 ] } },
{ "type": "Feature", "properties": { "内容": "訪問看護・リハビリステーション「リハス」名古屋緑【訪問看護】愛知県名古屋市緑区熊の前一丁目120番地2F", "url": "https://www.kaigokensaku.mhlw.go.jp/23/index.php?action_kouhyou_detail_004_kani=true&JigyosyoCd=2361490275-00&ServiceCd=130&Type=search", "url2": "https://rehas.co.jp/" }, "geometry": { "type": "Point", "coordinates": [ 137.004904550616374, 35.096862807553407 ] } },
{ "type": "Feature", "properties": { "内容": "かえるハピネス訪問看護ステーション【訪問看護】鳴海町字有松裏3番地１Grandma２F", "url": "https://www.kaigokensaku.mhlw.go.jp/23/index.php?action_kouhyou_detail_004_kani=true&JigyosyoCd=2361490564-00&ServiceCd=130&Type=search", "url2": "https://kaeru-happiness.com/" }, "geometry": { "type": "Point", "coordinates": [ 136.9702522, 35.0685323 ] } },
{ "type": "Feature", "properties": { "内容": "訪問看護ステーション神沢【訪問看護】愛知県名古屋市緑区ほら貝2－109フローラ103", "url": "https://www.kaigokensaku.mhlw.go.jp/23/index.php?action_kouhyou_detail_004_kani=true&JigyosyoCd=2361490333-00&ServiceCd=130&Type=search", "url2": "http://kamisawa.nagoya" }, "geometry": { "type": "Point", "coordinates": [ 136.985590300000013, 35.1015845 ] } },
{ "type": "Feature", "properties": { "内容": "訪問看護ステーション彩穏【訪問看護】愛知県名古屋市緑区鳴海町字前之輪176シャルム三郷1A", "url": "https://www.kaigokensaku.mhlw.go.jp/23/index.php?action_kouhyou_detail_004_kani=true&JigyosyoCd=2361490838-00&ServiceCd=130&Type=search", "url2": "https://houmonkangosaion07.studio.site/" }, "geometry": { "type": "Point", "coordinates": [ 136.9444087, 35.0736904 ] } },
{ "type": "Feature", "properties": { "内容": "訪問看護リハビリステーション松柏苑【訪問看護】有松1808", "url": "https://www.kaigokensaku.mhlw.go.jp/23/index.php?action_kouhyou_detail_004_kani=true&JigyosyoCd=2361490663-00&ServiceCd=130&Type=search", "url2": null }, "geometry": { "type": "Point", "coordinates": [ 136.9692478, 35.0676685 ] } },
{ "type": "Feature", "properties": { "内容": "訪問看護ステーション太陽・緑【訪問看護】愛知県名古屋市緑区六田一丁目250番地A号", "url": "https://www.kaigokensaku.mhlw.go.jp/23/index.php?action_kouhyou_detail_004_kani=true&JigyosyoCd=2361490192-00&ServiceCd=130&Type=search", "url2": "http://www.med-junseikai.or.jp" }, "geometry": { "type": "Point", "coordinates": [ 136.960854563880787, 35.07722662222438 ] } },
{ "type": "Feature", "properties": { "内容": "大同みどり訪問看護ステーション【訪問看護】愛知県名古屋市緑区鳴海町字矢切37番地大同みどりクリニック内2階", "url": "https://www.kaigokensaku.mhlw.go.jp/23/index.php?action_kouhyou_detail_004_kani=true&JigyosyoCd=2361490457-00&ServiceCd=130&Type=search", "url2": "https://midori.daidohp.or.jp/" }, "geometry": { "type": "Point", "coordinates": [ 136.952328599999987, 35.083178799999985 ] } },
{ "type": "Feature", "properties": { "内容": "訪問看護リハビリステーションcocoANGE【訪問看護】愛知県名古屋市緑区文久山459番地10santaW3", "url": "https://www.kaigokensaku.mhlw.go.jp/23/index.php?action_kouhyou_detail_004_kani=true&JigyosyoCd=2361490465-00&ServiceCd=130&Type=search", "url2": "cocoange.net" }, "geometry": { "type": "Point", "coordinates": [ 136.962930599999936, 35.0553761 ] } },
{ "type": "Feature", "properties": { "内容": "訪問看護ステーション　サムエルガーデン【訪問看護】鳴子町１丁目７２−１", "url": "https://www.kaigokensaku.mhlw.go.jp/23/index.php?action_kouhyou_detail_004_kani=true&JigyosyoCd=2361490846-00&ServiceCd=130&Type=search", "url2": null }, "geometry": { "type": "Point", "coordinates": [ 136.9672529, 35.0958364 ] } },
{ "type": "Feature", "properties": { "内容": "訪問看護ステーションありがとさん【訪問看護】愛知県名古屋市緑区大高町字儀長７８番地", "url": "https://www.kaigokensaku.mhlw.go.jp/23/index.php?action_kouhyou_detail_004_kani=true&JigyosyoCd=2361490861-00&ServiceCd=130&Type=search", "url2": null }, "geometry": { "type": "Point", "coordinates": [ 136.9312823, 35.0652459 ] } },
{ "type": "Feature", "properties": { "内容": "訪問看護ステーション　トップウェル【訪問看護】愛知県名古屋市緑区諸の木一丁目808番地", "url": "https://www.kaigokensaku.mhlw.go.jp/23/index.php?action_kouhyou_detail_004_kani=true&JigyosyoCd=2361490218-00&ServiceCd=130&Type=search", "url2": null }, "geometry": { "type": "Point", "coordinates": [ 137.005821467241844, 35.082947840239221 ] } },
{ "type": "Feature", "properties": { "内容": "訪問看護ステーションらくのたね【訪問看護】鳴海町字宿地29番地の2", "url": "https://www.kaigokensaku.mhlw.go.jp/23/index.php?action_kouhyou_detail_004_kani=true&JigyosyoCd=2361490689-00&ServiceCd=130&Type=search", "url2": null }, "geometry": { "type": "Point", "coordinates": [ 136.9602371, 35.0815393 ] } },
{ "type": "Feature", "properties": { "内容": "訪問看護ステーションきずな【訪問看護】愛知県名古屋市緑区大将ケ根二丁目730番地フォンティーヌⅡ203", "url": "https://www.kaigokensaku.mhlw.go.jp/23/index.php?action_kouhyou_detail_004_kani=true&JigyosyoCd=2361490754-00&ServiceCd=130&Type=search", "url2": null }, "geometry": { "type": "Point", "coordinates": [ 136.9819278, 35.0627958 ] } },
{ "type": "Feature", "properties": { "内容": "訪問看護NEXTHOPE・グリーンエール【訪問看護】神沢三丁目101番地グレイス神沢A棟102", "url": "https://www.kaigokensaku.mhlw.go.jp/23/index.php?action_kouhyou_detail_004_kani=true&JigyosyoCd=2361490853-00&ServiceCd=130&Type=search", "url2": "https://greenyell.co.jp" }, "geometry": { "type": "Point", "coordinates": [ 136.982395864418038, 35.095285924061855 ] } },
{ "type": "Feature", "properties": { "内容": "医療法人杉山会　すぎやま病院【訪問看護】愛知県名古屋市名東区社台３－１０すぎやま病院", "url": "https://www.kaigokensaku.mhlw.go.jp/23/index.php?action_kouhyou_detail_004_kani=true&JigyosyoCd=2311501874-00&ServiceCd=130&Type=search", "url2": "http://www.sugiyamahp.com/" }, "geometry": { "type": "Point", "coordinates": [ 137.00204830000007, 35.1749391 ] } },
{ "type": "Feature", "properties": { "内容": "訪問看護ステーション　虹心【訪問看護】愛知県名古屋市名東区一社二丁目6番地サニーヴェイル一社２Ｆ", "url": "https://www.kaigokensaku.mhlw.go.jp/23/index.php?action_kouhyou_detail_004_kani=true&JigyosyoCd=2361590538-00&ServiceCd=130&Type=search", "url2": null }, "geometry": { "type": "Point", "coordinates": [ 136.9968395, 35.1678539 ] } },
{ "type": "Feature", "properties": { "内容": "しろくま訪問看護リハステーション【訪問看護】貴船1-143", "url": "https://www.kaigokensaku.mhlw.go.jp/23/index.php?action_kouhyou_detail_004_kani=true&JigyosyoCd=2361590595-00&ServiceCd=130&Type=search", "url2": null }, "geometry": { "type": "Point", "coordinates": [ 137.0097992, 35.1683331 ] } },
{ "type": "Feature", "properties": { "内容": "かぶしきがいしゃなごみ【訪問看護】愛知県名古屋市名東区香坂1012", "url": "https://www.kaigokensaku.mhlw.go.jp/23/index.php?action_kouhyou_detail_004_kani=true&JigyosyoCd=2361590322-00&ServiceCd=130&Type=search", "url2": null }, "geometry": { "type": "Point", "coordinates": [ 136.988171800000032, 35.189187 ] } },
{ "type": "Feature", "properties": { "内容": "よろずや訪問看護【訪問看護】極楽2丁目132ベスティス201号", "url": "https://www.kaigokensaku.mhlw.go.jp/23/index.php?action_kouhyou_detail_004_kani=true&JigyosyoCd=2361590629-00&ServiceCd=130&Type=search", "url2": null }, "geometry": { "type": "Point", "coordinates": [ 137.01987410000001, 35.1574567 ] } },
{ "type": "Feature", "properties": { "内容": "訪問看護ステーション　らいふ【訪問看護】名古屋市名東区一社三丁目１０５番地ー２", "url": "https://www.kaigokensaku.mhlw.go.jp/23/index.php?action_kouhyou_detail_004_kani=true&JigyosyoCd=2361590074-00&ServiceCd=130&Type=search", "url2": null }, "geometry": { "type": "Point", "coordinates": [ 137.004076251173387, 35.170110162311545 ] } },
{ "type": "Feature", "properties": { "内容": "かざぐるま訪問看護事業所【訪問看護】愛知県名古屋市名東区猪高台２丁目１２０１番地", "url": "https://www.kaigokensaku.mhlw.go.jp/23/index.php?action_kouhyou_detail_004_kani=true&JigyosyoCd=2361590173-00&ServiceCd=130&Type=search", "url2": "http://kaza-socio.co.jp" }, "geometry": { "type": "Point", "coordinates": [ 137.0021564, 35.1805023 ] } },
{ "type": "Feature", "properties": { "内容": "訪問看護ステーションあやめ名古屋名東【訪問看護】愛知県名古屋市名東区貴船1-40三幸ビル106号室", "url": "https://www.kaigokensaku.mhlw.go.jp/23/index.php?action_kouhyou_detail_004_kani=true&JigyosyoCd=2361590686-00&ServiceCd=130&Type=search", "url2": "https://firstnurse.co.jp/" }, "geometry": { "type": "Point", "coordinates": [ 137.0070537, 35.1664786 ] } },
{ "type": "Feature", "properties": { "内容": "ゆい訪問看護ステーション【訪問看護】愛知県名古屋市名東区貴船1-143サンヒルズキフネ106", "url": "https://www.kaigokensaku.mhlw.go.jp/23/index.php?action_kouhyou_detail_004_kani=true&JigyosyoCd=2361590710-00&ServiceCd=130&Type=search", "url2": null }, "geometry": { "type": "Point", "coordinates": [ 137.0098012, 35.1683358 ] } },
{ "type": "Feature", "properties": { "内容": "サンウェルズ平和が丘看護ステーション【訪問看護】愛知県名古屋市名東区平和が丘4丁目12番", "url": "https://www.kaigokensaku.mhlw.go.jp/23/index.php?action_kouhyou_detail_004_kani=true&JigyosyoCd=2361590744-00&ServiceCd=130&Type=search", "url2": null }, "geometry": { "type": "Point", "coordinates": [ 136.9884726, 35.1723194 ] } },
{ "type": "Feature", "properties": { "内容": "訪問看護ステーション優寿【訪問看護】大針2丁目１７５番地カサフェリスB202", "url": "https://www.kaigokensaku.mhlw.go.jp/23/index.php?action_kouhyou_detail_004_kani=true&JigyosyoCd=2361590694-00&ServiceCd=130&Type=search", "url2": "yujyu.jp" }, "geometry": { "type": "Point", "coordinates": [ 137.020372900000012, 35.1508057 ] } },
{ "type": "Feature", "properties": { "内容": "aile訪問看護ステーション【訪問看護】愛知県名古屋市名東区猪子石原1丁目405マンション清美202", "url": "https://www.kaigokensaku.mhlw.go.jp/23/index.php?action_kouhyou_detail_004_kani=true&JigyosyoCd=2361590702-00&ServiceCd=130&Type=search", "url2": null }, "geometry": { "type": "Point", "coordinates": [ 136.9908352, 35.1923259 ] } },
{ "type": "Feature", "properties": { "内容": "TENDO訪問看護ステーション神丘【訪問看護】神丘町2-8-2パラッツオ神丘　101", "url": "https://www.kaigokensaku.mhlw.go.jp/23/index.php?action_kouhyou_detail_004_kani=true&JigyosyoCd=2361590777-00&ServiceCd=130&Type=search", "url2": null }, "geometry": { "type": "Point", "coordinates": [ 137.001876969728102, 35.158124446365044 ] } },
{ "type": "Feature", "properties": { "内容": "訪問看護ステーション　ボギー名東【訪問看護】愛知県名古屋市名東区よもぎ台2-901WING25302号室", "url": "https://www.kaigokensaku.mhlw.go.jp/23/index.php?action_kouhyou_detail_004_kani=true&JigyosyoCd=2361590819-00&ServiceCd=130&Type=search", "url2": "www.bogey0200.com" }, "geometry": { "type": "Point", "coordinates": [ 136.9905125, 35.1754566 ] } },
{ "type": "Feature", "properties": { "内容": "四季の華訪問看護センター【訪問看護】愛知県名古屋市名東区高間町64番地", "url": "https://www.kaigokensaku.mhlw.go.jp/23/index.php?action_kouhyou_detail_004_kani=true&JigyosyoCd=2361590843-00&ServiceCd=130&Type=search", "url2": null }, "geometry": { "type": "Point", "coordinates": [ 136.997072955819704, 35.16094130442962 ] } },
{ "type": "Feature", "properties": { "内容": "訪問看護ステーションマイスター【訪問看護】牧の原一丁目1509番地ユニーブル第2西山マンション102号室", "url": "https://www.kaigokensaku.mhlw.go.jp/23/index.php?action_kouhyou_detail_004_kani=true&JigyosyoCd=2361590868-00&ServiceCd=130&Type=search", "url2": "https://www.p-meister.com/" }, "geometry": { "type": "Point", "coordinates": [ 137.000515799999988, 35.1506043 ] } },
{ "type": "Feature", "properties": { "内容": "ナーシングステーション　ハートブリッジ【訪問看護】名古屋市名東区引山一丁目1005番地サンリバーK202号室", "url": "https://www.kaigokensaku.mhlw.go.jp/23/index.php?action_kouhyou_detail_004_kani=true&JigyosyoCd=2361590512-00&ServiceCd=130&Type=search", "url2": "https://smileheart-incorporated.online/" }, "geometry": { "type": "Point", "coordinates": [ 136.9992603, 35.1892643 ] } },
{ "type": "Feature", "properties": { "内容": "ナースコール藤が丘【訪問看護】愛知県名古屋市名東区明が丘79番地", "url": "https://www.kaigokensaku.mhlw.go.jp/23/index.php?action_kouhyou_detail_004_kani=true&JigyosyoCd=2361590561-00&ServiceCd=130&Type=search", "url2": "https://nc-service.net/" }, "geometry": { "type": "Point", "coordinates": [ 137.017715900000013, 35.1821835 ] } },
{ "type": "Feature", "properties": { "内容": "ナースステーションけやき【訪問看護】愛知県名古屋市名東区上社四丁目１３１番地牧春ビル２A", "url": "https://www.kaigokensaku.mhlw.go.jp/23/index.php?action_kouhyou_detail_004_kani=true&JigyosyoCd=2361590264-00&ServiceCd=130&Type=search", "url2": null }, "geometry": { "type": "Point", "coordinates": [ 137.006220195608421, 35.171020177481658 ] } },
{ "type": "Feature", "properties": { "内容": "医療法人香徳会かしのき訪問看護ステーション【訪問看護】愛知県名古屋市名東区上社４丁目160－1けやきビル2F", "url": "https://www.kaigokensaku.mhlw.go.jp/23/index.php?action_kouhyou_detail_004_kani=true&JigyosyoCd=2361590033-00&ServiceCd=130&Type=search", "url2": "http://www.meitoh-hsp.or.jp/" }, "geometry": { "type": "Point", "coordinates": [ 137.007408700000042, 35.1722722 ] } },
{ "type": "Feature", "properties": { "内容": "訪問看護ステーション　アリス【訪問看護】名古屋市名東区引山3丁目580番地パールレジデンスⅡ201号", "url": "https://www.kaigokensaku.mhlw.go.jp/23/index.php?action_kouhyou_detail_004_kani=true&JigyosyoCd=2361590355-00&ServiceCd=130&Type=search", "url2": null }, "geometry": { "type": "Point", "coordinates": [ 136.998659099999941, 35.1943506 ] } },
{ "type": "Feature", "properties": { "内容": "訪問看護ステーション　はーと【訪問看護】望が丘304-2", "url": "https://www.kaigokensaku.mhlw.go.jp/23/index.php?action_kouhyou_detail_004_kani=true&JigyosyoCd=2361590389-00&ServiceCd=130&Type=search", "url2": "https://www.e-life.nagoya/up/visit_nurs/" }, "geometry": { "type": "Point", "coordinates": [ 137.019246699999968, 35.178261400000011 ] } },
{ "type": "Feature", "properties": { "内容": "訪問看護ステーション　パウ【訪問看護】藤森2丁目277番地1メゾンタットル1階", "url": "https://www.kaigokensaku.mhlw.go.jp/23/index.php?action_kouhyou_detail_004_kani=true&JigyosyoCd=2361590132-00&ServiceCd=130&Type=search", "url2": "http://active-shift.co.jp/" }, "geometry": { "type": "Point", "coordinates": [ 137.0125736, 35.180228 ] } },
{ "type": "Feature", "properties": { "内容": "みんなのかかりつけ訪問看護ステーション藤が丘【訪問看護】愛知県名古屋市名東区宝が丘29１A", "url": "https://www.kaigokensaku.mhlw.go.jp/23/index.php?action_kouhyou_detail_004_kani=true&JigyosyoCd=2361590470-00&ServiceCd=130&Type=search", "url2": "https://kakaritsuke.co.jp/" }, "geometry": { "type": "Point", "coordinates": [ 137.024159200000014, 35.1786016 ] } },
{ "type": "Feature", "properties": { "内容": "トラストリー訪問看護ステーション名東【訪問看護】高針一丁目３１０番地エクセル高針１B", "url": "https://www.kaigokensaku.mhlw.go.jp/23/index.php?action_kouhyou_detail_004_kani=true&JigyosyoCd=2361590660-00&ServiceCd=130&Type=search", "url2": "https://trustree.info" }, "geometry": { "type": "Point", "coordinates": [ 137.007522599999987, 35.1582047 ] } },
{ "type": "Feature", "properties": { "内容": "ユウ訪問看護ステーション【訪問看護】愛知県名古屋市名東区勢子坊１丁目705", "url": "https://www.kaigokensaku.mhlw.go.jp/23/index.php?action_kouhyou_detail_004_kani=true&JigyosyoCd=2361590165-00&ServiceCd=130&Type=search", "url2": "https://www.you-houmon.com/" }, "geometry": { "type": "Point", "coordinates": [ 137.012499608598318, 35.162027208077383 ] } },
{ "type": "Feature", "properties": { "内容": "ピース訪問看護ステーション名東【訪問看護】名古屋市名東区本郷3-136アセンド・コア１階", "url": "https://www.kaigokensaku.mhlw.go.jp/23/index.php?action_kouhyou_detail_004_kani=true&JigyosyoCd=2361590272-00&ServiceCd=130&Type=search", "url2": "http://www.ns-peace.jp/" }, "geometry": { "type": "Point", "coordinates": [ 137.016046500000016, 35.17517010000001 ] } },
{ "type": "Feature", "properties": { "内容": "訪問看護ステーション　かりん【訪問看護】名古屋市名東区大針２丁目291番地サンヒルズ大針Ａ棟", "url": "https://www.kaigokensaku.mhlw.go.jp/23/index.php?action_kouhyou_detail_004_kani=true&JigyosyoCd=2361590215-00&ServiceCd=130&Type=search", "url2": "http://fine-m.com" }, "geometry": { "type": "Point", "coordinates": [ 137.021439584130832, 35.150275789852536 ] } },
{ "type": "Feature", "properties": { "内容": "訪問看護フリーウォーク【訪問看護】香南二丁目916番地", "url": "https://www.kaigokensaku.mhlw.go.jp/23/index.php?action_kouhyou_detail_004_kani=true&JigyosyoCd=2361590249-00&ServiceCd=130&Type=search", "url2": null }, "geometry": { "type": "Point", "coordinates": [ 137.007499812799779, 35.189055080595537 ] } },
{ "type": "Feature", "properties": { "内容": "ひまわり訪問看護リハビリステーション名東【訪問看護】愛知県名古屋市名東区文教台1丁目512番", "url": "https://www.kaigokensaku.mhlw.go.jp/23/index.php?action_kouhyou_detail_004_kani=true&JigyosyoCd=2361590587-00&ServiceCd=130&Type=search", "url2": "http://www.himawarikango.com" }, "geometry": { "type": "Point", "coordinates": [ 137.001048200000014, 35.1835069 ] } },
{ "type": "Feature", "properties": { "内容": "ナースステーションあんのん【訪問看護】高社2丁目229番地の1あんのんハウス一社", "url": "https://www.kaigokensaku.mhlw.go.jp/23/index.php?action_kouhyou_detail_004_kani=true&JigyosyoCd=2361590405-00&ServiceCd=130&Type=search", "url2": "http:///www.un-non-house.jp" }, "geometry": { "type": "Point", "coordinates": [ 136.998885, 35.170306199999985 ] } },
{ "type": "Feature", "properties": { "内容": "にじいろ訪問看護リハステーショ(小児・精神・認知症)【訪問看護】愛知県名古屋市名東区山の手1-601コーポ花屋敷1階", "url": "https://www.kaigokensaku.mhlw.go.jp/23/index.php?action_kouhyou_detail_004_kani=true&JigyosyoCd=2361590488-00&ServiceCd=130&Type=search", "url2": "https://nijiiro-houmon.com/" }, "geometry": { "type": "Point", "coordinates": [ 136.987397591401674, 35.185276938967831 ] } },
{ "type": "Feature", "properties": { "内容": "愛知ケア訪問看護ステーション【訪問看護】愛知県名古屋市名東区高社1-248三陽ドーリエビル4階", "url": "https://www.kaigokensaku.mhlw.go.jp/23/index.php?action_kouhyou_detail_004_kani=true&JigyosyoCd=2361590116-00&ServiceCd=130&Type=search", "url2": "http://aichicare.jp/" }, "geometry": { "type": "Point", "coordinates": [ 136.994405, 35.168195299999979 ] } },
{ "type": "Feature", "properties": { "内容": "看護ステーション　ノーブル【訪問看護】社が丘一丁目804番地", "url": "https://www.kaigokensaku.mhlw.go.jp/23/index.php?action_kouhyou_detail_004_kani=true&JigyosyoCd=2361590181-00&ServiceCd=130&Type=search", "url2": "http://nijiiro.hn-hd.com/noble.html" }, "geometry": { "type": "Point", "coordinates": [ 137.015794383081015, 35.172493410450109 ] } },
{ "type": "Feature", "properties": { "内容": "ナースステーション名東【訪問看護】名古屋市名東区名東本通3丁目31番地第６東洋ビル１Ｆ", "url": "https://www.kaigokensaku.mhlw.go.jp/23/index.php?action_kouhyou_detail_004_kani=true&JigyosyoCd=2361590439-00&ServiceCd=130&Type=search", "url2": null }, "geometry": { "type": "Point", "coordinates": [ 137.001407, 35.1588608 ] } },
{ "type": "Feature", "properties": { "内容": "メディカルケア名東訪問看護ステーション【訪問看護】愛知県名古屋市名東区大針3丁目140番地1メディカルケア名東", "url": "https://www.kaigokensaku.mhlw.go.jp/23/index.php?action_kouhyou_detail_004_kani=true&JigyosyoCd=2361590678-00&ServiceCd=130&Type=search", "url2": "http://www.kaiteki.ne.jp/index.html" }, "geometry": { "type": "Point", "coordinates": [ 137.016441572213779, 35.148475647406769 ] } },
{ "type": "Feature", "properties": { "内容": "訪問看護ステーション　メープルリング【訪問看護】愛知県名古屋市名東区猪高台一丁目1301番地タイコウビル3階", "url": "https://www.kaigokensaku.mhlw.go.jp/23/index.php?action_kouhyou_detail_004_kani=true&JigyosyoCd=2361590330-00&ServiceCd=130&Type=search", "url2": "www.maplering.com" }, "geometry": { "type": "Point", "coordinates": [ 137.002790307115561, 35.182129779483873 ] } },
{ "type": "Feature", "properties": { "内容": "北医療生協　東部訪問看護ステーション【訪問看護】愛知県名古屋市名東区香南２丁目1302番地高木ビル２C号室", "url": "https://www.kaigokensaku.mhlw.go.jp/23/index.php?action_kouhyou_detail_004_kani=true&JigyosyoCd=2361590231-00&ServiceCd=130&Type=search", "url2": "https://kita.coop/kaigo/toubu" }, "geometry": { "type": "Point", "coordinates": [ 137.004514, 35.1885153 ] } },
{ "type": "Feature", "properties": { "内容": "訪問看護ステーションピーチ【訪問看護】八前１丁目８０１番地ライオンビル603", "url": "https://www.kaigokensaku.mhlw.go.jp/23/index.php?action_kouhyou_detail_004_kani=true&JigyosyoCd=2361590314-00&ServiceCd=130&Type=search", "url2": null }, "geometry": { "type": "Point", "coordinates": [ 136.98592733068844, 35.183266897346286 ] } },
{ "type": "Feature", "properties": { "内容": "パプリカこころの訪問看護ステーション　名古屋名東【訪問看護】牧の原１－１２０３牧の原パークマンション３０１", "url": "https://www.kaigokensaku.mhlw.go.jp/23/index.php?action_kouhyou_detail_004_kani=true&JigyosyoCd=2361590835-00&ServiceCd=130&Type=search", "url2": "https://www.leseuletunique.com/papurikans" }, "geometry": { "type": "Point", "coordinates": [ 140.1639528, 35.8088548 ] } },
{ "type": "Feature", "properties": { "内容": "看護クラーク星ヶ丘【訪問看護】愛知県名古屋市名東区桜が丘１番地ライフメゾン瑞光園１B", "url": "https://www.kaigokensaku.mhlw.go.jp/23/index.php?action_kouhyou_detail_004_kani=true&JigyosyoCd=2361590504-00&ServiceCd=130&Type=search", "url2": "https://cuc-hospice.com/" }, "geometry": { "type": "Point", "coordinates": [ 136.9898518, 35.1693187 ] } },
{ "type": "Feature", "properties": { "内容": "訪問看護ステーション恕庵【訪問看護】愛知県名古屋市名東区高社一丁目89番地　第二東昭ビル３D", "url": "https://www.kaigokensaku.mhlw.go.jp/23/index.php?action_kouhyou_detail_004_kani=true&JigyosyoCd=2361590603-00&ServiceCd=130&Type=search", "url2": "https://joan.jp/" }, "geometry": { "type": "Point", "coordinates": [ 136.993189540330576, 35.168040642942451 ] } },
{ "type": "Feature", "properties": { "内容": "訪問看護ステーション　ｍｅｔｏｔｅ【訪問看護】愛知県名古屋市名東区扇町3丁目4番地の1", "url": "https://www.kaigokensaku.mhlw.go.jp/23/index.php?action_kouhyou_detail_004_kani=true&JigyosyoCd=2361590876-00&ServiceCd=130&Type=search", "url2": "https://lit.link/metotens" }, "geometry": { "type": "Point", "coordinates": [ 136.994258, 35.1549982 ] } },
{ "type": "Feature", "properties": { "内容": "ほうもんかんごすてーしょんひまり【訪問看護】愛知県名古屋市名東区牧の原３丁目502番地ソレーユ牧の原２０５号", "url": "https://www.kaigokensaku.mhlw.go.jp/23/index.php?action_kouhyou_detail_004_kani=true&JigyosyoCd=2361590736-00&ServiceCd=130&Type=search", "url2": null }, "geometry": { "type": "Point", "coordinates": [ 136.997257600000012, 35.1514307 ] } },
{ "type": "Feature", "properties": { "内容": "ソフィアメディ訪問看護ステーション名東【訪問看護】代万町一丁目49番地", "url": "https://www.kaigokensaku.mhlw.go.jp/23/index.php?action_kouhyou_detail_004_kani=true&JigyosyoCd=2361590421-00&ServiceCd=130&Type=search", "url2": null }, "geometry": { "type": "Point", "coordinates": [ 136.992702399999985, 35.1592105 ] } },
{ "type": "Feature", "properties": { "内容": "愛恩訪問看護ステーション【訪問看護】愛知県名古屋市名東区極楽四丁目904番地サンライズ極楽105号", "url": "https://www.kaigokensaku.mhlw.go.jp/23/index.php?action_kouhyou_detail_004_kani=true&JigyosyoCd=2361590462-00&ServiceCd=130&Type=search", "url2": "http://aion-care.jp" }, "geometry": { "type": "Point", "coordinates": [ 137.016994, 35.1553509 ] } },
{ "type": "Feature", "properties": { "内容": "医療法人杉山会　訪問看護ステーション上社【訪問看護】愛知県名古屋市名東区社台三丁目51番地1ピアネーズ上社103号室", "url": "https://www.kaigokensaku.mhlw.go.jp/23/index.php?action_kouhyou_detail_004_kani=true&JigyosyoCd=2361590256-00&ServiceCd=130&Type=search", "url2": "http://www.sugiyamahp.com/kanren/homon.html" }, "geometry": { "type": "Point", "coordinates": [ 137.002927799999952, 35.173992 ] } },
{ "type": "Feature", "properties": { "内容": "ナースステーション優々【訪問看護】愛知県名古屋市名東区つつじが丘102番地つつじが丘パークマンション203号", "url": "https://www.kaigokensaku.mhlw.go.jp/23/index.php?action_kouhyou_detail_004_kani=true&JigyosyoCd=2361590223-00&ServiceCd=130&Type=search", "url2": null }, "geometry": { "type": "Point", "coordinates": [ 136.988913599999933, 35.1829961 ] } },
{ "type": "Feature", "properties": { "内容": "訪問看護ステーション琴葉【訪問看護】愛知県名古屋市名東区香流2丁目601番地レジオン香流102号室", "url": "https://www.kaigokensaku.mhlw.go.jp/23/index.php?action_kouhyou_detail_004_kani=true&JigyosyoCd=2361590090-00&ServiceCd=130&Type=search", "url2": "http://www.kotoha2007.co.jp/homehelp.html" }, "geometry": { "type": "Point", "coordinates": [ 136.989499499999965, 35.1861791 ] } },
{ "type": "Feature", "properties": { "内容": "りゅうじん訪問看護ステーション名古屋【訪問看護】本郷3-171ハイツラミアール202号", "url": "https://www.kaigokensaku.mhlw.go.jp/23/index.php?action_kouhyou_detail_004_kani=true&JigyosyoCd=2361590371-00&ServiceCd=130&Type=search", "url2": "https://www.ryujin-ns.com/" }, "geometry": { "type": "Point", "coordinates": [ 137.017661842648153, 35.177784140381377 ] } },
{ "type": "Feature", "properties": { "内容": "BESTAID訪問看護ステーション【訪問看護】愛知県名古屋市名東区平和が丘4−275藤和マンション201", "url": "https://www.kaigokensaku.mhlw.go.jp/23/index.php?action_kouhyou_detail_004_kani=true&JigyosyoCd=2361590728-00&ServiceCd=130&Type=search", "url2": null }, "geometry": { "type": "Point", "coordinates": [ 136.9906506, 35.1693203 ] } },
{ "type": "Feature", "properties": { "内容": "訪問看護ステーション　エミサン【訪問看護】愛知県名古屋市名東区一社一丁目79番地第6名昭ビル3階B号", "url": "https://www.kaigokensaku.mhlw.go.jp/23/index.php?action_kouhyou_detail_004_kani=true&JigyosyoCd=2361590397-00&ServiceCd=130&Type=search", "url2": "http://www.nurse.innovel.co.jp" }, "geometry": { "type": "Point", "coordinates": [ 136.994666100000018, 35.167403800000017 ] } },
{ "type": "Feature", "properties": { "内容": "いのこし訪問看護ステーション【訪問看護】愛知県名古屋市名東区猪子石原一丁目1501番地", "url": "https://www.kaigokensaku.mhlw.go.jp/23/index.php?action_kouhyou_detail_004_kani=true&JigyosyoCd=2361590058-00&ServiceCd=130&Type=search", "url2": "https://www.hakuhoukai-hp.or.jp/" }, "geometry": { "type": "Point", "coordinates": [ 136.991029600000047, 35.1932116 ] } },
{ "type": "Feature", "properties": { "内容": "名古屋市名東区訪問看護ステーション【訪問看護】愛知県名古屋市名東区上社一丁目８０２番地上社ターミナルビル２階", "url": "https://www.kaigokensaku.mhlw.go.jp/23/index.php?action_kouhyou_detail_004_kani=true&JigyosyoCd=2361590041-00&ServiceCd=130&Type=search", "url2": "https://www.nrs.or.jp" }, "geometry": { "type": "Point", "coordinates": [ 137.006120099999947, 35.173595 ] } },
{ "type": "Feature", "properties": { "内容": "ナースファクトリー　リアン【訪問看護】名古屋市名東区極楽2丁目136番地", "url": "https://www.kaigokensaku.mhlw.go.jp/23/index.php?action_kouhyou_detail_004_kani=true&JigyosyoCd=2361590108-00&ServiceCd=130&Type=search", "url2": null }, "geometry": { "type": "Point", "coordinates": [ 137.019744, 35.1570116 ] } },
{ "type": "Feature", "properties": { "内容": "訪問看護ステーション愛【訪問看護】名古屋市名東区八前2-1820", "url": "https://www.kaigokensaku.mhlw.go.jp/23/index.php?action_kouhyou_detail_004_kani=true&JigyosyoCd=2361590066-00&ServiceCd=130&Type=search", "url2": "http://kango-ai.co.jp/" }, "geometry": { "type": "Point", "coordinates": [ 136.984827799999948, 35.1802797 ] } },
{ "type": "Feature", "properties": { "内容": "Footage訪問看護ステーション名東【訪問看護】愛知県名古屋市名東区名東本通5丁目14番地FixSunAge名東102号室", "url": "https://www.kaigokensaku.mhlw.go.jp/23/index.php?action_kouhyou_detail_004_kani=true&JigyosyoCd=2361590785-00&ServiceCd=130&Type=search", "url2": "https://footage-nursing.jp" }, "geometry": { "type": "Point", "coordinates": [ 137.001447493254091, 35.159181514641247 ] } },
{ "type": "Feature", "properties": { "内容": "訪問看護ステーションよいかん名古屋名東【訪問看護】名古屋市名東区極楽4-904サンライズ極楽303", "url": "https://www.kaigokensaku.mhlw.go.jp/23/index.php?action_kouhyou_detail_004_kani=true&JigyosyoCd=2361590769-00&ServiceCd=130&Type=search", "url2": "https://bond-ym.co.jp/" }, "geometry": { "type": "Point", "coordinates": [ 137.0169793, 35.155365 ] } },
{ "type": "Feature", "properties": { "内容": "ドリーム訪問看護ステーション【訪問看護】愛知県名古屋市名東区一社四丁目223番地", "url": "https://www.kaigokensaku.mhlw.go.jp/23/index.php?action_kouhyou_detail_004_kani=true&JigyosyoCd=2361590801-00&ServiceCd=130&Type=search", "url2": null }, "geometry": { "type": "Point", "coordinates": [ 137.00426010000001, 35.1659941 ] } },
{ "type": "Feature", "properties": { "内容": "ナースケアまほろ【訪問看護】名古屋市名東区上社4-131", "url": "https://www.kaigokensaku.mhlw.go.jp/23/index.php?action_kouhyou_detail_004_kani=true&JigyosyoCd=2361590751-00&ServiceCd=130&Type=search", "url2": null }, "geometry": { "type": "Point", "coordinates": [ 137.006209500000011, 35.1711285 ] } },
{ "type": "Feature", "properties": { "内容": "ここはーと訪問看護ステーション【訪問看護】愛知県名古屋市名東区引山三丁目583番地パールレジデンスⅠ2D", "url": "https://www.kaigokensaku.mhlw.go.jp/23/index.php?action_kouhyou_detail_004_kani=true&JigyosyoCd=2361590793-00&ServiceCd=130&Type=search", "url2": "https://wingleva.jp/" }, "geometry": { "type": "Point", "coordinates": [ 136.998682, 35.1939588 ] } },
{ "type": "Feature", "properties": { "内容": "医療法人資生会八事訪問看護ステーション虹【訪問看護】名古屋市天白区大坪2-109", "url": "https://www.kaigokensaku.mhlw.go.jp/23/index.php?action_kouhyou_detail_004_kani=true&JigyosyoCd=2361690031-00&ServiceCd=130&Type=search", "url2": "http://" }, "geometry": { "type": "Point", "coordinates": [ 136.978931500000044, 35.1362635 ] } },
{ "type": "Feature", "properties": { "内容": "訪問看護ステーションあやめ名古屋天白【訪問看護】愛知県名古屋市天白区池場3-1216BIRTH30ビル　5A号室", "url": "https://www.kaigokensaku.mhlw.go.jp/23/index.php?action_kouhyou_detail_004_kani=true&JigyosyoCd=2361690452-00&ServiceCd=130&Type=search", "url2": "http://www.firstnurse.co.jp/" }, "geometry": { "type": "Point", "coordinates": [ 136.985981199999969, 35.1219989 ] } },
{ "type": "Feature", "properties": { "内容": "こころの訪問看護ステーション和音【訪問看護】愛知県名古屋市天白区大坪二丁目1801番地ロイヤルプラザヤマダ206号", "url": "https://www.kaigokensaku.mhlw.go.jp/23/index.php?action_kouhyou_detail_004_kani=true&JigyosyoCd=2361690528-00&ServiceCd=130&Type=search", "url2": null }, "geometry": { "type": "Point", "coordinates": [ 136.9803334, 35.1356333 ] } },
{ "type": "Feature", "properties": { "内容": "エイトカラーズ訪問看護ステーション【訪問看護】愛知県名古屋市天白区平針三丁目2211番地大林ビル２A号室", "url": "https://www.kaigokensaku.mhlw.go.jp/23/index.php?action_kouhyou_detail_004_kani=true&JigyosyoCd=2361690510-00&ServiceCd=130&Type=search", "url2": "https://www.eightcolors.co.jp/" }, "geometry": { "type": "Point", "coordinates": [ 137.006953, 35.120649 ] } },
{ "type": "Feature", "properties": { "内容": "パプリカこころの訪問看護ステーション名古屋八事【訪問看護】愛知県天白区元八事３丁目6番地ハートイン元八事1階", "url": "https://www.kaigokensaku.mhlw.go.jp/23/index.php?action_kouhyou_detail_004_kani=true&JigyosyoCd=2361690569-00&ServiceCd=130&Type=search", "url2": "https://paprika-heart.com" }, "geometry": { "type": "Point", "coordinates": [ 136.9699125, 35.1267148 ] } },
{ "type": "Feature", "properties": { "内容": "リブイン名古屋訪問看護ステーション【訪問看護】愛知県名古屋市天白区一丁目6番地第3元八事ビル302", "url": "https://www.kaigokensaku.mhlw.go.jp/23/index.php?action_kouhyou_detail_004_kani=true&JigyosyoCd=2361690684-00&ServiceCd=130&Type=search", "url2": null }, "geometry": { "type": "Point", "coordinates": [ 136.961974700000013, 35.1234508 ] } },
{ "type": "Feature", "properties": { "内容": "訪問看護ステーション一つ山【訪問看護】愛知県名古屋市天白区一つ山3丁目2番地の1CH一ツ山305号", "url": "https://www.kaigokensaku.mhlw.go.jp/23/index.php?action_kouhyou_detail_004_kani=true&JigyosyoCd=2361690700-00&ServiceCd=130&Type=search", "url2": null }, "geometry": { "type": "Point", "coordinates": [ 136.9772989, 35.1102348 ] } },
{ "type": "Feature", "properties": { "内容": "訪問看護ステーションLight天白【訪問看護】愛知県名古屋市天白区塩釜口2丁目1104NTビル塩釜405号", "url": "https://www.kaigokensaku.mhlw.go.jp/23/index.php?action_kouhyou_detail_004_kani=true&JigyosyoCd=2361690718-00&ServiceCd=130&Type=search", "url2": "https://nine-earth.com/nurse/index.html" }, "geometry": { "type": "Point", "coordinates": [ 136.9790779, 35.132619 ] } },
{ "type": "Feature", "properties": { "内容": "訪問看護ステーション和来　のなみ【訪問看護】愛知県名古屋市天白区野並3-418ダイトウビル303", "url": "https://www.kaigokensaku.mhlw.go.jp/23/index.php?action_kouhyou_detail_004_kani=true&JigyosyoCd=2361690288-00&ServiceCd=130&Type=search", "url2": null }, "geometry": { "type": "Point", "coordinates": [ 136.956981700000028, 35.1013697 ] } },
{ "type": "Feature", "properties": { "内容": "ホウモンカンゴステーションセルククナ【訪問看護】愛知県名古屋市天白区井口二丁目406", "url": "https://www.kaigokensaku.mhlw.go.jp/23/index.php?action_kouhyou_detail_004_kani=true&JigyosyoCd=2361690734-00&ServiceCd=130&Type=search", "url2": "https://cerstudio.my.canva.site/cer-kukuna" }, "geometry": { "type": "Point", "coordinates": [ 136.99822660000001, 35.129412 ] } },
{ "type": "Feature", "properties": { "内容": "訪問看護・リハビリステーション「リハス」名古屋天白【訪問看護】愛知県名古屋市天白区原3丁目705コーポ原２A号室", "url": "https://www.kaigokensaku.mhlw.go.jp/23/index.php?action_kouhyou_detail_004_kani=true&JigyosyoCd=2361690759-00&ServiceCd=130&Type=search", "url2": "rehas.co.jp" }, "geometry": { "type": "Point", "coordinates": [ 136.9924849, 35.1210366 ] } },
{ "type": "Feature", "properties": { "内容": "PACIFIC訪問看護ステーション【訪問看護】愛知県名古屋市天白区平針二丁目１８１２番地新・村瀬ビル２階２０１号室", "url": "https://www.kaigokensaku.mhlw.go.jp/23/index.php?action_kouhyou_detail_004_kani=true&JigyosyoCd=2361690551-00&ServiceCd=130&Type=search", "url2": "https://pacific-wf.jp/" }, "geometry": { "type": "Point", "coordinates": [ 137.0046494, 35.1230988 ] } },
{ "type": "Feature", "properties": { "内容": "のなみ訪問看護ステーション【訪問看護】愛知県名古屋市天白区福池2丁目362-2", "url": "https://www.kaigokensaku.mhlw.go.jp/23/index.php?action_kouhyou_detail_004_kani=true&JigyosyoCd=2361690015-00&ServiceCd=130&Type=search", "url2": "http://www.aichisin.jp/establishments/nonami_homonkango" }, "geometry": { "type": "Point", "coordinates": [ 136.95982570000001, 35.1102633 ] } },
{ "type": "Feature", "properties": { "内容": "訪問看護ステーション平針なみき【訪問看護】愛知県名古屋市天白区荒池二丁目1101番地", "url": "https://www.kaigokensaku.mhlw.go.jp/23/index.php?action_kouhyou_detail_004_kani=true&JigyosyoCd=2361690478-00&ServiceCd=130&Type=search", "url2": "https://www.namiki.or.jp" }, "geometry": { "type": "Point", "coordinates": [ 137.013876399999958, 35.1172887 ] } },
{ "type": "Feature", "properties": { "内容": "訪問看護ステーション　Ｆｌｏｒｅｎｃｅ【訪問看護】愛知県名古屋市天白区植田西1丁目409番地", "url": "https://www.kaigokensaku.mhlw.go.jp/23/index.php?action_kouhyou_detail_004_kani=true&JigyosyoCd=2361690239-00&ServiceCd=130&Type=search", "url2": "http://www.nin-clinic.com" }, "geometry": { "type": "Point", "coordinates": [ 136.9833784, 35.1354665 ] } },
{ "type": "Feature", "properties": { "内容": "ホームケアナース暁月【訪問看護】名古屋市天白区原二丁目405番地福井ハイツ1B", "url": "https://www.kaigokensaku.mhlw.go.jp/23/index.php?action_kouhyou_detail_004_kani=true&JigyosyoCd=2361690627-00&ServiceCd=130&Type=search", "url2": "https://akatsuki.work" }, "geometry": { "type": "Point", "coordinates": [ 136.9925747, 35.124513199999981 ] } },
{ "type": "Feature", "properties": { "内容": "訪問看護ステーションえくぼ【訪問看護】愛知県名古屋市天白区野並二丁目431番地YKﾋﾞﾙ２階", "url": "https://www.kaigokensaku.mhlw.go.jp/23/index.php?action_kouhyou_detail_004_kani=true&JigyosyoCd=2361690262-00&ServiceCd=130&Type=search", "url2": "http://ekubo-care.com" }, "geometry": { "type": "Point", "coordinates": [ 136.955929, 35.1028029 ] } },
{ "type": "Feature", "properties": { "内容": "訪問看護ステーションすずらん天白【訪問看護】愛知県名古屋市天白区高宮町1301-1ナーシングホームすずらん名古屋天白", "url": "https://www.kaigokensaku.mhlw.go.jp/23/index.php?action_kouhyou_detail_004_kani=true&JigyosyoCd=2361690445-00&ServiceCd=130&Type=search", "url2": "https://w-suzuran.net/" }, "geometry": { "type": "Point", "coordinates": [ 136.97576373041079, 35.114593033658437 ] } },
{ "type": "Feature", "properties": { "内容": "アリスナースステーション【訪問看護】愛知県名古屋市天白区平針1-1901　佐久間ﾏﾝｼｮﾝ205佐久間ﾏﾝｼｮﾝ205", "url": "https://www.kaigokensaku.mhlw.go.jp/23/index.php?action_kouhyou_detail_004_kani=true&JigyosyoCd=2361690221-00&ServiceCd=130&Type=search", "url2": "https://alicecare.net/" }, "geometry": { "type": "Point", "coordinates": [ 137.002257422775187, 35.124640124860385 ] } },
{ "type": "Feature", "properties": { "内容": "訪問看護のぞみ天白医療モール【訪問看護】愛知県名古屋市天白区高宮町1305番地-1", "url": "https://www.kaigokensaku.mhlw.go.jp/23/index.php?action_kouhyou_detail_004_kani=true&JigyosyoCd=2361690437-00&ServiceCd=130&Type=search", "url2": "http://www.lamore.jp" }, "geometry": { "type": "Point", "coordinates": [ 136.977426700000024, 35.1152688 ] } },
{ "type": "Feature", "properties": { "内容": "訪問看護クレド【訪問看護】名古屋市天白区鴻の巣1丁目1807ルミエールヒラヤマ102", "url": "https://www.kaigokensaku.mhlw.go.jp/23/index.php?action_kouhyou_detail_004_kani=true&JigyosyoCd=2361690395-00&ServiceCd=130&Type=search", "url2": "https://kango-credo.com" }, "geometry": { "type": "Point", "coordinates": [ 136.997141779972083, 35.141807144875457 ] } },
{ "type": "Feature", "properties": { "内容": "ひかり訪問看護ステーション天白【訪問看護】愛知県名古屋市天白区鴻の巣二丁目502番地", "url": "https://www.kaigokensaku.mhlw.go.jp/23/index.php?action_kouhyou_detail_004_kani=true&JigyosyoCd=2361690171-00&ServiceCd=130&Type=search", "url2": "https://www.shine0309.jp" }, "geometry": { "type": "Point", "coordinates": [ 136.99926126969217, 35.140351293438883 ] } },
{ "type": "Feature", "properties": { "内容": "みんなのかかりつけ訪問看護ステーション植田【訪問看護】植田1-1801302号", "url": "https://www.kaigokensaku.mhlw.go.jp/23/index.php?action_kouhyou_detail_004_kani=true&JigyosyoCd=2361690502-00&ServiceCd=130&Type=search", "url2": "https://kakaritsuke.co.jp/" }, "geometry": { "type": "Point", "coordinates": [ 136.986088, 35.1283243 ] } },
{ "type": "Feature", "properties": { "内容": "あいおいナースステーション【訪問看護】愛知県名古屋市天白区境根町１６８番地サンライフ相生２０５号", "url": "https://www.kaigokensaku.mhlw.go.jp/23/index.php?action_kouhyou_detail_004_kani=true&JigyosyoCd=2361690387-00&ServiceCd=130&Type=search", "url2": null }, "geometry": { "type": "Point", "coordinates": [ 136.9731997, 35.1027729 ] } },
{ "type": "Feature", "properties": { "内容": "訪問看護ステーション　つばき【訪問看護】愛知県名古屋市天白区高島１丁目１２１６サンビレッジ高島Ｃ棟　２０２号", "url": "https://www.kaigokensaku.mhlw.go.jp/23/index.php?action_kouhyou_detail_004_kani=true&JigyosyoCd=2361690155-00&ServiceCd=130&Type=search", "url2": null }, "geometry": { "type": "Point", "coordinates": [ 136.999180300000035, 35.1067399 ] } },
{ "type": "Feature", "properties": { "内容": "訪問看護ステーション　パラソル【訪問看護】愛知県名古屋市天白区五丁目1401番地はらたビル2階G203号", "url": "https://www.kaigokensaku.mhlw.go.jp/23/index.php?action_kouhyou_detail_004_kani=true&JigyosyoCd=2361690361-00&ServiceCd=130&Type=search", "url2": null }, "geometry": { "type": "Point", "coordinates": [ 136.993467339919505, 35.117857260254127 ] } },
{ "type": "Feature", "properties": { "内容": "ファミリア訪問看護ステーション【訪問看護】愛知県名古屋市天白区植田1丁目2116番地", "url": "https://www.kaigokensaku.mhlw.go.jp/23/index.php?action_kouhyou_detail_004_kani=true&JigyosyoCd=2361690353-00&ServiceCd=130&Type=search", "url2": null }, "geometry": { "type": "Point", "coordinates": [ 136.98609, 35.1277753 ] } },
{ "type": "Feature", "properties": { "内容": "訪問看護ステーション　ホープス【訪問看護】愛知県名古屋市天白区植田山２-５０７-１タウン植田山F号室", "url": "https://www.kaigokensaku.mhlw.go.jp/23/index.php?action_kouhyou_detail_004_kani=true&JigyosyoCd=2361690072-00&ServiceCd=130&Type=search", "url2": "http://www.hopes-kango.co.jp" }, "geometry": { "type": "Point", "coordinates": [ 136.985800299999937, 35.1452346 ] } },
{ "type": "Feature", "properties": { "内容": "植田西訪問ステーション【訪問看護】植田西二丁目804番地", "url": "https://www.kaigokensaku.mhlw.go.jp/23/index.php?action_kouhyou_detail_004_kani=true&JigyosyoCd=2361690460-00&ServiceCd=130&Type=search", "url2": null }, "geometry": { "type": "Point", "coordinates": [ 136.982632104124605, 35.133095561740355 ] } },
{ "type": "Feature", "properties": { "内容": "ライフアップ訪問看護ステーション平針【訪問看護】平針２丁目１１１１A2ビル４１１", "url": "https://www.kaigokensaku.mhlw.go.jp/23/index.php?action_kouhyou_detail_004_kani=true&JigyosyoCd=2361690775-00&ServiceCd=130&Type=search", "url2": "https://medical-lifeup.jp/" }, "geometry": { "type": "Point", "coordinates": [ 137.005684800000012, 35.1240788 ] } },
{ "type": "Feature", "properties": { "内容": "こま訪問看護ステーション【訪問看護】愛知県名古屋市天白区島田2-408", "url": "https://www.kaigokensaku.mhlw.go.jp/23/index.php?action_kouhyou_detail_004_kani=true&JigyosyoCd=2361690197-00&ServiceCd=130&Type=search", "url2": null }, "geometry": { "type": "Point", "coordinates": [ 136.978238723728197, 35.123721674436986 ] } },
{ "type": "Feature", "properties": { "内容": "訪問看護ティユール【訪問看護】愛知県名古屋市天白区島田黒石503番地サンライトガーデン", "url": "https://www.kaigokensaku.mhlw.go.jp/23/index.php?action_kouhyou_detail_004_kani=true&JigyosyoCd=2361690379-00&ServiceCd=130&Type=search", "url2": null }, "geometry": { "type": "Point", "coordinates": [ 136.990453500000058, 35.1098281 ] } },
{ "type": "Feature", "properties": { "内容": "ナースコール野並【訪問看護】愛知県名古屋市天白区野並3丁目250番地ナーシングホームOASIS天白野並", "url": "https://www.kaigokensaku.mhlw.go.jp/23/index.php?action_kouhyou_detail_004_kani=true&JigyosyoCd=2361690601-00&ServiceCd=130&Type=search", "url2": "https://nc-service.net/" }, "geometry": { "type": "Point", "coordinates": [ 136.957793599999974, 35.10162660000001 ] } },
{ "type": "Feature", "properties": { "内容": "ナースケアハース名古屋東【訪問看護】愛知県名古屋市天白区植田三丁目505番地2F", "url": "https://www.kaigokensaku.mhlw.go.jp/23/index.php?action_kouhyou_detail_004_kani=true&JigyosyoCd=2361690544-00&ServiceCd=130&Type=search", "url2": "http://www.hearth-natural.com" }, "geometry": { "type": "Point", "coordinates": [ 136.9917389, 35.1294291 ] } },
{ "type": "Feature", "properties": { "内容": "訪問看護　ありがとう【訪問看護】向が丘三丁目1306サンライフひまわり101", "url": "https://www.kaigokensaku.mhlw.go.jp/23/index.php?action_kouhyou_detail_004_kani=true&JigyosyoCd=2361690619-00&ServiceCd=130&Type=search", "url2": "https;//arigato-kango.com" }, "geometry": { "type": "Point", "coordinates": [ 137.005531600000012, 35.1144881 ] } },
{ "type": "Feature", "properties": { "内容": "みのり訪問看護ステーション【訪問看護】愛知県名古屋市天白区海老山町１０２番地の２", "url": "https://www.kaigokensaku.mhlw.go.jp/23/index.php?action_kouhyou_detail_004_kani=true&JigyosyoCd=2361690650-00&ServiceCd=130&Type=search", "url2": null }, "geometry": { "type": "Point", "coordinates": [ 136.9700621, 35.1155315 ] } },
{ "type": "Feature", "properties": { "内容": "プレシア訪問看護ステーション天白【訪問看護】愛知県名古屋市天白区池見２丁目６６番地医療対応型リハビリナーシングプレシア天白", "url": "https://www.kaigokensaku.mhlw.go.jp/23/index.php?action_kouhyou_detail_004_kani=true&JigyosyoCd=2361690585-00&ServiceCd=130&Type=search", "url2": "https://force-jp.co.jp/presia/" }, "geometry": { "type": "Point", "coordinates": [ 136.9836082, 35.1229928 ] } },
{ "type": "Feature", "properties": { "内容": "訪問看護ステーションラソ【訪問看護】平針3丁目1215番地", "url": "https://www.kaigokensaku.mhlw.go.jp/23/index.php?action_kouhyou_detail_004_kani=true&JigyosyoCd=2361690668-00&ServiceCd=130&Type=search", "url2": "legame-k.co.jp" }, "geometry": { "type": "Point", "coordinates": [ 137.0096493, 35.1199697 ] } },
{ "type": "Feature", "properties": { "内容": "訪問看護ステーション　ボギー天白【訪問看護】愛知県名古屋市天白区元八事二丁目107番地ひまわりビル1階A号室", "url": "https://www.kaigokensaku.mhlw.go.jp/23/index.php?action_kouhyou_detail_004_kani=true&JigyosyoCd=2361690494-00&ServiceCd=130&Type=search", "url2": null }, "geometry": { "type": "Point", "coordinates": [ 136.968837, 35.1232849 ] } },
{ "type": "Feature", "properties": { "内容": "名古屋市天白区訪問看護ステーション【訪問看護】愛知県名古屋市天白区原1丁目301番地天白区在宅サービスセンター内", "url": "https://www.kaigokensaku.mhlw.go.jp/23/index.php?action_kouhyou_detail_004_kani=true&JigyosyoCd=2361690023-00&ServiceCd=130&Type=search", "url2": "https://www.nrs.or.jp" }, "geometry": { "type": "Point", "coordinates": [ 136.996205199999963, 35.1259986 ] } },
{ "type": "Feature", "properties": { "内容": "もん訪問看護ステーション天白【訪問看護】愛知県名古屋市天白区原1-1410サンモール原303", "url": "https://www.kaigokensaku.mhlw.go.jp/23/index.php?action_kouhyou_detail_004_kani=true&JigyosyoCd=2361690726-00&ServiceCd=130&Type=search", "url2": "https://mon-0801.com/" }, "geometry": { "type": "Point", "coordinates": [ 136.9994345, 35.1254306 ] } },
{ "type": "Feature", "properties": { "内容": "訪問看護ステーション楽人【訪問看護】愛知県名古屋市天白区土原一丁目336番地", "url": "https://www.kaigokensaku.mhlw.go.jp/23/index.php?action_kouhyou_detail_004_kani=true&JigyosyoCd=2361690296-00&ServiceCd=130&Type=search", "url2": "www.rakuto-tsuchihara.com/" }, "geometry": { "type": "Point", "coordinates": [ 136.980359799999974, 35.1172603 ] } },
{ "type": "Feature", "properties": { "内容": "訪問看護ステーションかんな【訪問看護】愛知県名古屋市天白区中平三丁目２０６番地タウンハウス中平B２号室", "url": "https://www.kaigokensaku.mhlw.go.jp/23/index.php?action_kouhyou_detail_004_kani=true&JigyosyoCd=2361690692-00&ServiceCd=130&Type=search", "url2": "https://houkan-kanna.com" }, "geometry": { "type": "Point", "coordinates": [ 137.001705164418041, 35.120066229454793 ] } },
{ "type": "Feature", "properties": { "内容": "訪問看護ステーション　瑞月【訪問看護】愛知県名古屋市天白区中平4丁目311パークサイド中平101号", "url": "https://www.kaigokensaku.mhlw.go.jp/23/index.php?action_kouhyou_detail_004_kani=true&JigyosyoCd=2361690148-00&ServiceCd=130&Type=search", "url2": null }, "geometry": { "type": "Point", "coordinates": [ 137.001553464001518, 35.114146828889659 ] } },
{ "type": "Feature", "properties": { "内容": "訪問看護ステーションオハナ【訪問看護】愛知県名古屋市天白区元八事3-18", "url": "https://www.kaigokensaku.mhlw.go.jp/23/index.php?action_kouhyou_detail_004_kani=true&JigyosyoCd=2361690783-00&ServiceCd=130&Type=search", "url2": null }, "geometry": { "type": "Point", "coordinates": [ 136.970477100000011, 35.12587 ] } },
{ "type": "Feature", "properties": { "内容": "ソフィアメディ訪問看護ステーション天白【訪問看護】愛知県名古屋市天白区向ヶ丘1丁目1301グリーンヒルズ303号", "url": "https://www.kaigokensaku.mhlw.go.jp/23/index.php?action_kouhyou_detail_004_kani=true&JigyosyoCd=2361690593-00&ServiceCd=130&Type=search", "url2": "https://www.sophiamedi.co.jp/station/tenpaku/" }, "geometry": { "type": "Point", "coordinates": [ 137.002752, 35.1171959 ] } },
{ "type": "Feature", "properties": { "内容": "訪問看護ステーションゆるり【訪問看護】土原四丁目１８８番地ラカーサ土原２０５", "url": "https://www.kaigokensaku.mhlw.go.jp/23/index.php?action_kouhyou_detail_004_kani=true&JigyosyoCd=2361690791-00&ServiceCd=130&Type=search", "url2": null }, "geometry": { "type": "Point", "coordinates": [ 136.9826045, 35.1102222 ] } },
{ "type": "Feature", "properties": { "内容": "訪問看護ステーションゆめの葉・天箔【訪問看護】鴻の巣二丁目1512番地エスポアール鴻ノ巣105号室", "url": "https://www.kaigokensaku.mhlw.go.jp/23/index.php?action_kouhyou_detail_004_kani=true&JigyosyoCd=2361690809-00&ServiceCd=130&Type=search", "url2": null }, "geometry": { "type": "Point", "coordinates": [ 136.9954242, 35.1384304 ] } },
{ "type": "Feature", "properties": { "内容": "訪問看護ほほえみ【訪問看護】愛知県名古屋市天白区向ヶ丘四丁目922番地ソートフルベース1B号室", "url": "https://www.kaigokensaku.mhlw.go.jp/23/index.php?action_kouhyou_detail_004_kani=true&JigyosyoCd=2361690254-00&ServiceCd=130&Type=search", "url2": "http://hohoemi333.jp/" }, "geometry": { "type": "Point", "coordinates": [ 137.009447101562387, 35.11201573776539 ] } },
{ "type": "Feature", "properties": { "内容": "訪問看護なかひら【訪問看護】名古屋市天白区向が丘四丁目922番地ソートフルベース1A号室", "url": "https://www.kaigokensaku.mhlw.go.jp/23/index.php?action_kouhyou_detail_004_kani=true&JigyosyoCd=2361690635-00&ServiceCd=130&Type=search", "url2": "https://hohoemi33.co.jp" }, "geometry": { "type": "Point", "coordinates": [ 137.00945054907379, 35.112090047219525 ] } },
{ "type": "Feature", "properties": { "内容": "芳賀クリニック【訪問看護】愛知県豊橋市西幸町浜池58-1", "url": "https://www.kaigokensaku.mhlw.go.jp/23/index.php?action_kouhyou_detail_004_kani=true&JigyosyoCd=2312004746-00&ServiceCd=130&Type=search", "url2": null }, "geometry": { "type": "Point", "coordinates": [ 137.4060108, 34.7257135 ] } },
{ "type": "Feature", "properties": { "内容": "医療法人さわらび会福祉村病院【訪問看護】愛知県豊橋市野依町字山中19番地の14", "url": "https://www.kaigokensaku.mhlw.go.jp/23/index.php?action_kouhyou_detail_004_kani=true&JigyosyoCd=2312002732-00&ServiceCd=130&Type=search", "url2": "http://www.fukushimura.net/hp/" }, "geometry": { "type": "Point", "coordinates": [ 137.401292600000033, 34.7000831 ] } },
{ "type": "Feature", "properties": { "内容": "はないろ訪問看護ステーション【訪問看護】愛知県豊橋市宮下町１３８番地コーポカジムラ101", "url": "https://www.kaigokensaku.mhlw.go.jp/23/index.php?action_kouhyou_detail_004_kani=true&JigyosyoCd=2362090249-00&ServiceCd=130&Type=search", "url2": null }, "geometry": { "type": "Point", "coordinates": [ 137.4169776, 34.7599903 ] } },
{ "type": "Feature", "properties": { "内容": "鈴木整形外科　訪問看護ステーション【訪問看護】愛知県豊橋市東田町字井原４８番地の３", "url": "https://www.kaigokensaku.mhlw.go.jp/23/index.php?action_kouhyou_detail_004_kani=true&JigyosyoCd=2362090348-00&ServiceCd=130&Type=search", "url2": null }, "geometry": { "type": "Point", "coordinates": [ 137.4293393, 34.7623956 ] } },
{ "type": "Feature", "properties": { "内容": "訪問看護ステーションゆうみ【訪問看護】愛知県豊橋市草間町二本松40-6", "url": "https://www.kaigokensaku.mhlw.go.jp/23/index.php?action_kouhyou_detail_004_kani=true&JigyosyoCd=2362090363-00&ServiceCd=130&Type=search", "url2": null }, "geometry": { "type": "Point", "coordinates": [ 137.3753884, 34.7340875 ] } },
{ "type": "Feature", "properties": { "内容": "まっくびーナースケア豊橋【訪問看護】愛知県豊橋市飯村町南池上1－29ミラノヴィレッジC2", "url": "https://www.kaigokensaku.mhlw.go.jp/23/index.php?action_kouhyou_detail_004_kani=true&JigyosyoCd=2362090413-00&ServiceCd=130&Type=search", "url2": null }, "geometry": { "type": "Point", "coordinates": [ 137.424576300000012, 34.7394005 ] } },
{ "type": "Feature", "properties": { "内容": "こども訪問看護ステーションwith【訪問看護】愛知県豊橋市佐藤２丁目３番地の１４セザンヌ佐藤１０６号", "url": "https://www.kaigokensaku.mhlw.go.jp/23/index.php?action_kouhyou_detail_004_kani=true&JigyosyoCd=2362090439-00&ServiceCd=130&Type=search", "url2": "https://kodomo215.wixsite.com/website" }, "geometry": { "type": "Point", "coordinates": [ 137.7466741, 34.710712 ] } },
{ "type": "Feature", "properties": { "内容": "ひがし循環器クリニック【訪問看護】愛知県豊橋市飯村町字浜道上1-1", "url": "https://www.kaigokensaku.mhlw.go.jp/23/index.php?action_kouhyou_detail_004_kani=true&JigyosyoCd=2312005792-00&ServiceCd=130&Type=search", "url2": "http://higashi-hc.jp/" }, "geometry": { "type": "Point", "coordinates": [ 137.4330549, 34.7464761 ] } },
{ "type": "Feature", "properties": { "内容": "訪問看護ステーションricco【訪問看護】愛知県豊橋市菰口町5丁目100－1第2豊生ライフビル西側2階", "url": "https://www.kaigokensaku.mhlw.go.jp/23/index.php?action_kouhyou_detail_004_kani=true&JigyosyoCd=2362090496-00&ServiceCd=130&Type=search", "url2": null }, "geometry": { "type": "Point", "coordinates": [ 137.37200390000001, 34.7696059 ] } },
{ "type": "Feature", "properties": { "内容": "訪問看護ステーション　ラヴィータ【訪問看護】愛知県豊橋市東田町字井原３８番地の４エバーグリーン赤岩ハイツＢ棟１０1号室", "url": "https://www.kaigokensaku.mhlw.go.jp/23/index.php?action_kouhyou_detail_004_kani=true&JigyosyoCd=2362090462-00&ServiceCd=130&Type=search", "url2": null }, "geometry": { "type": "Point", "coordinates": [ 137.42949, 34.763042 ] } },
{ "type": "Feature", "properties": { "内容": "訪問看護ステーション　尽誠苑【訪問看護】愛知県豊橋市大脇町大脇ノ谷74番54", "url": "https://www.kaigokensaku.mhlw.go.jp/23/index.php?action_kouhyou_detail_004_kani=true&JigyosyoCd=2362090058-00&ServiceCd=130&Type=search", "url2": "http://www.jinsei-kai.or.jp/" }, "geometry": { "type": "Point", "coordinates": [ 137.4545925, 34.730431 ] } },
{ "type": "Feature", "properties": { "内容": "豊橋市医師会訪問看護ステーション【訪問看護】愛知県豊橋市中野町字中原100-3豊橋市医師会館内", "url": "https://www.kaigokensaku.mhlw.go.jp/23/index.php?action_kouhyou_detail_004_kani=true&JigyosyoCd=2362090017-00&ServiceCd=130&Type=search", "url2": "http://www.toyohashi-ishikai.or.jp/nursing-st/index.html" }, "geometry": { "type": "Point", "coordinates": [ 137.372163600000022, 34.7338198 ] } },
{ "type": "Feature", "properties": { "内容": "エミシア訪問看護ステーション【訪問看護】愛知県豊橋市野田町字野田297番地1", "url": "https://www.kaigokensaku.mhlw.go.jp/23/index.php?action_kouhyou_detail_004_kani=true&JigyosyoCd=2362090231-00&ServiceCd=130&Type=search", "url2": "http://www.emicia.jp" }, "geometry": { "type": "Point", "coordinates": [ 137.3739637, 34.7751703 ] } },
{ "type": "Feature", "properties": { "内容": "訪問看護ステーション　リリーフナース【訪問看護】愛知県豊橋市下地町字操穴４５プラザビル太和マンション　２階　Q-2号室", "url": "https://www.kaigokensaku.mhlw.go.jp/23/index.php?action_kouhyou_detail_004_kani=true&JigyosyoCd=2362090512-00&ServiceCd=130&Type=search", "url2": null }, "geometry": { "type": "Point", "coordinates": [ 137.3871493, 34.7858152 ] } },
{ "type": "Feature", "properties": { "内容": "訪問看護ステーションあやめ二川【訪問看護】愛知県豊橋市大岩町字東郷内56-7ヴィラシャルマン101号室", "url": "https://www.kaigokensaku.mhlw.go.jp/23/index.php?action_kouhyou_detail_004_kani=true&JigyosyoCd=2362090520-00&ServiceCd=130&Type=search", "url2": "https://firstnurse.co.jp" }, "geometry": { "type": "Point", "coordinates": [ 137.4482893, 34.7251456 ] } },
{ "type": "Feature", "properties": { "内容": "訪問看護ステーション　絆【訪問看護】愛知県豊橋市佐藤四丁目34-26", "url": "https://www.kaigokensaku.mhlw.go.jp/23/index.php?action_kouhyou_detail_004_kani=true&JigyosyoCd=2362090173-00&ServiceCd=130&Type=search", "url2": null }, "geometry": { "type": "Point", "coordinates": [ 137.409073799999987, 34.7409034 ] } },
{ "type": "Feature", "properties": { "内容": "リハトケア訪問看護ステーション【訪問看護】愛知県豊橋市中岩田２丁目１４－１０Aー１号", "url": "https://www.kaigokensaku.mhlw.go.jp/23/index.php?action_kouhyou_detail_004_kani=true&JigyosyoCd=2362090447-00&ServiceCd=130&Type=search", "url2": "https://at-kamar.com/rihato/" }, "geometry": { "type": "Point", "coordinates": [ 137.426435599999962, 34.7518039 ] } },
{ "type": "Feature", "properties": { "内容": "豊橋ハートセンター【訪問看護】愛知県豊橋市大山町字五分取21－1", "url": "https://www.kaigokensaku.mhlw.go.jp/23/index.php?action_kouhyou_detail_004_kani=true&JigyosyoCd=2312004563-00&ServiceCd=130&Type=search", "url2": "heart-center.or.jp" }, "geometry": { "type": "Point", "coordinates": [ 137.355723, 34.7263097 ] } },
{ "type": "Feature", "properties": { "内容": "訪問看護スマイルナーシング豊橋三ノ輪【訪問看護】愛知県豊橋市三ノ輪町字本興寺２７番４", "url": "https://www.kaigokensaku.mhlw.go.jp/23/index.php?action_kouhyou_detail_004_kani=true&JigyosyoCd=2362090397-00&ServiceCd=130&Type=search", "url2": null }, "geometry": { "type": "Point", "coordinates": [ 137.407409699999988, 34.7485534 ] } },
{ "type": "Feature", "properties": { "内容": "訪問看護ステーションひかり【訪問看護】東幸町字大山116-1ユトリロ東幸111号室", "url": "https://www.kaigokensaku.mhlw.go.jp/23/index.php?action_kouhyou_detail_004_kani=true&JigyosyoCd=2362090553-00&ServiceCd=130&Type=search", "url2": null }, "geometry": { "type": "Point", "coordinates": [ 137.4171538, 34.7351084 ] } },
{ "type": "Feature", "properties": { "内容": "訪問看護ステーションRAHA+【訪問看護】愛知県豊橋市前芝町字東堤32flatsB202", "url": "https://www.kaigokensaku.mhlw.go.jp/23/index.php?action_kouhyou_detail_004_kani=true&JigyosyoCd=2362090595-00&ServiceCd=130&Type=search", "url2": "https://www.raha-plus.com/" }, "geometry": { "type": "Point", "coordinates": [ 137.3432525, 34.7839854 ] } },
{ "type": "Feature", "properties": { "内容": "訪問看護ステーションなないろ【訪問看護】愛知県豊橋市花田二番町132番地1階", "url": "https://www.kaigokensaku.mhlw.go.jp/23/index.php?action_kouhyou_detail_004_kani=true&JigyosyoCd=2362090611-00&ServiceCd=130&Type=search", "url2": null }, "geometry": { "type": "Point", "coordinates": [ 137.3774666, 34.7629765 ] } },
{ "type": "Feature", "properties": { "内容": "アクア豊橋訪問看護【訪問看護】愛知県豊橋市菰口町2丁目20番地", "url": "https://www.kaigokensaku.mhlw.go.jp/23/index.php?action_kouhyou_detail_004_kani=true&JigyosyoCd=2362090637-00&ServiceCd=130&Type=search", "url2": null }, "geometry": { "type": "Point", "coordinates": [ 137.372677399999986, 34.7709677 ] } },
{ "type": "Feature", "properties": { "内容": "医心館訪問看護ステーション豊橋【訪問看護】愛知県豊橋市牟呂町字南汐田１－３", "url": "https://www.kaigokensaku.mhlw.go.jp/23/index.php?action_kouhyou_detail_004_kani=true&JigyosyoCd=2362090660-00&ServiceCd=130&Type=search", "url2": null }, "geometry": { "type": "Point", "coordinates": [ 137.3639248, 34.7455485 ] } },
{ "type": "Feature", "properties": { "内容": "みんなのかかりつけ訪問看護ステーション豊橋【訪問看護】愛知県豊橋市東幸町字大山120-2ルミエールA5号室", "url": "https://www.kaigokensaku.mhlw.go.jp/23/index.php?action_kouhyou_detail_004_kani=true&JigyosyoCd=2362090470-00&ServiceCd=130&Type=search", "url2": "https://kakaritsuke.co.jp/" }, "geometry": { "type": "Point", "coordinates": [ 137.416971300000029, 34.7348071 ] } },
{ "type": "Feature", "properties": { "内容": "blancmagnolia訪問看護ステーション豊橋【訪問看護】愛知県豊橋市浜道町字桜35番地17", "url": "https://www.kaigokensaku.mhlw.go.jp/23/index.php?action_kouhyou_detail_004_kani=true&JigyosyoCd=2362090678-00&ServiceCd=130&Type=search", "url2": "https//www.blancmagnolia.com/" }, "geometry": { "type": "Point", "coordinates": [ 137.4016387, 34.7196196 ] } },
{ "type": "Feature", "properties": { "内容": "医療法人緑ヶ丘医院【訪問看護】愛知県豊橋市忠興２丁目１４番地の５", "url": "https://www.kaigokensaku.mhlw.go.jp/23/index.php?action_kouhyou_detail_004_kani=true&JigyosyoCd=2312003615-00&ServiceCd=130&Type=search", "url2": "https://midorigaokaiin.localinfo.jp/" }, "geometry": { "type": "Point", "coordinates": [ 137.4317682, 34.7777823 ] } },
{ "type": "Feature", "properties": { "内容": "訪問看護ステーションさわらび【訪問看護】豊橋市野依町字山中19番地1", "url": "https://www.kaigokensaku.mhlw.go.jp/23/index.php?action_kouhyou_detail_004_kani=true&JigyosyoCd=2362090264-00&ServiceCd=130&Type=search", "url2": "http://www.fukushimura.net/hp/" }, "geometry": { "type": "Point", "coordinates": [ 137.400987554404992, 34.70017060717251 ] } },
{ "type": "Feature", "properties": { "内容": "穂の国訪問看護ステーションみゆき【訪問看護】愛知県豊橋市西幸町字笠松85番地", "url": "https://www.kaigokensaku.mhlw.go.jp/23/index.php?action_kouhyou_detail_004_kani=true&JigyosyoCd=2362090223-00&ServiceCd=130&Type=search", "url2": "http://www.shinaikai1936med.or.jp" }, "geometry": { "type": "Point", "coordinates": [ 137.407797531105103, 34.730540652206734 ] } },
{ "type": "Feature", "properties": { "内容": "愛知クリニック訪問看護ステーション【訪問看護】愛知県豊橋市松村町51", "url": "https://www.kaigokensaku.mhlw.go.jp/23/index.php?action_kouhyou_detail_004_kani=true&JigyosyoCd=2362090041-00&ServiceCd=130&Type=search", "url2": "http://www.aichiclinic.or.jp/" }, "geometry": { "type": "Point", "coordinates": [ 137.382339075115965, 34.751441836490841 ] } },
{ "type": "Feature", "properties": { "内容": "訪問看護フラワーサーチ【訪問看護】愛知県豊橋市東高田町665住宅型有料老人ホーム　フラワーサーチ　ラヴィアン", "url": "https://www.kaigokensaku.mhlw.go.jp/23/index.php?action_kouhyou_detail_004_kani=true&JigyosyoCd=2362090157-00&ServiceCd=130&Type=search", "url2": "http://flower-s.co.jp" }, "geometry": { "type": "Point", "coordinates": [ 137.4326089, 34.7147823 ] } },
{ "type": "Feature", "properties": { "内容": "ナースステーションさつき【訪問看護】愛知県豊橋市佐藤1丁目5-3", "url": "https://www.kaigokensaku.mhlw.go.jp/23/index.php?action_kouhyou_detail_004_kani=true&JigyosyoCd=2362090645-00&ServiceCd=130&Type=search", "url2": "https://ライフサポート.com" }, "geometry": { "type": "Point", "coordinates": [ 137.4014607, 34.7496131 ] } },
{ "type": "Feature", "properties": { "内容": "訪問看護ステーション向日葵【訪問看護】豊橋市大村町字大ノ前８９－２ピープルタウン大ノ前１０２", "url": "https://www.kaigokensaku.mhlw.go.jp/23/index.php?action_kouhyou_detail_004_kani=true&JigyosyoCd=2362090207-00&ServiceCd=130&Type=search", "url2": "himawari-houmonn.com" }, "geometry": { "type": "Point", "coordinates": [ 137.390621399999986, 34.7862025 ] } },
{ "type": "Feature", "properties": { "内容": "訪問看護ステーション　明陽苑【訪問看護】愛知県豊橋市八通町64-3老人保健施設　明陽苑", "url": "https://www.kaigokensaku.mhlw.go.jp/23/index.php?action_kouhyou_detail_004_kani=true&JigyosyoCd=2362090025-00&ServiceCd=130&Type=search", "url2": "http://www.meiyokai.or.jp/houmon/service04" }, "geometry": { "type": "Point", "coordinates": [ 137.379548536770727, 34.759997115095764 ] } },
{ "type": "Feature", "properties": { "内容": "コープあいち福祉サービス豊橋北【訪問看護】豊橋市朝丘町132番地", "url": "https://www.kaigokensaku.mhlw.go.jp/23/index.php?action_kouhyou_detail_004_kani=true&JigyosyoCd=2362090199-00&ServiceCd=130&Type=search", "url2": "http://coopaichi.tcoop.or.jp/" }, "geometry": { "type": "Point", "coordinates": [ 137.419765051057396, 34.761054694167555 ] } },
{ "type": "Feature", "properties": { "内容": "訪問看護ステーション　さわやか【訪問看護】愛知県豊橋市岩崎町字山神165番地", "url": "https://www.kaigokensaku.mhlw.go.jp/23/index.php?action_kouhyou_detail_004_kani=true&JigyosyoCd=2362090074-00&ServiceCd=130&Type=search", "url2": "https://hkss.co.jp" }, "geometry": { "type": "Point", "coordinates": [ 137.44512850000001, 34.753203 ] } },
{ "type": "Feature", "properties": { "内容": "アクア豊橋西浜訪問看護【訪問看護】愛知県豊橋市西浜町8番地1", "url": "https://www.kaigokensaku.mhlw.go.jp/23/index.php?action_kouhyou_detail_004_kani=true&JigyosyoCd=2362090686-00&ServiceCd=130&Type=search", "url2": null }, "geometry": { "type": "Point", "coordinates": [ 137.3296733, 34.7851264 ] } },
{ "type": "Feature", "properties": { "内容": "はる訪問看護ステーション【訪問看護】大橋通一丁目26番地1DroomKume1階", "url": "https://www.kaigokensaku.mhlw.go.jp/23/index.php?action_kouhyou_detail_004_kani=true&JigyosyoCd=2362090694-00&ServiceCd=130&Type=search", "url2": "https://haru-houkan.com/" }, "geometry": { "type": "Point", "coordinates": [ 137.381201793254121, 34.765257423216617 ] } },
{ "type": "Feature", "properties": { "内容": "セラヴィ豊橋訪問看護ステーション【訪問看護】愛知県豊橋市多米西町１丁目５-１", "url": "https://www.kaigokensaku.mhlw.go.jp/23/index.php?action_kouhyou_detail_004_kani=true&JigyosyoCd=2362090728-00&ServiceCd=130&Type=search", "url2": null }, "geometry": { "type": "Point", "coordinates": [ 137.433191, 34.7633119 ] } },
{ "type": "Feature", "properties": { "内容": "ひなた訪問看護ステーションとよはし【訪問看護】愛知県豊橋市潮崎町36マンションきらら401号室", "url": "https://www.kaigokensaku.mhlw.go.jp/23/index.php?action_kouhyou_detail_004_kani=true&JigyosyoCd=2362090538-00&ServiceCd=130&Type=search", "url2": "https://juju-g.co.jp/" }, "geometry": { "type": "Point", "coordinates": [ 137.370085499999988, 34.7454056 ] } },
{ "type": "Feature", "properties": { "内容": "訪問看護ステーション　みらい【訪問看護】二川町字西向山１７４番２", "url": "https://www.kaigokensaku.mhlw.go.jp/23/index.php?action_kouhyou_detail_004_kani=true&JigyosyoCd=2362090504-00&ServiceCd=130&Type=search", "url2": "https://www.homenurse-station-mirai.jp/" }, "geometry": { "type": "Point", "coordinates": [ 137.44793320591279, 34.720356760788 ] } },
{ "type": "Feature", "properties": { "内容": "ソエルガーデン豊橋訪問看護【訪問看護】佐藤２丁目２５−５", "url": "https://www.kaigokensaku.mhlw.go.jp/23/index.php?action_kouhyou_detail_004_kani=true&JigyosyoCd=2362090744-00&ServiceCd=130&Type=search", "url2": "https://www.care-partner.com/place/sg-toyohashi/" }, "geometry": { "type": "Point", "coordinates": [ 137.407319, 34.745998 ] } },
{ "type": "Feature", "properties": { "内容": "メイカーズ訪問看護【訪問看護】愛知県豊橋市新栄町字東小向45アプローズA棟　1階　102号室", "url": "https://www.kaigokensaku.mhlw.go.jp/23/index.php?action_kouhyou_detail_004_kani=true&JigyosyoCd=2362090587-00&ServiceCd=130&Type=search", "url2": "http://makers-co.com" }, "geometry": { "type": "Point", "coordinates": [ 137.3669093, 34.7684723 ] } },
{ "type": "Feature", "properties": { "内容": "訪問看護ステーション　ＰａｎｄＡ【訪問看護】向山東町160番地", "url": "https://www.kaigokensaku.mhlw.go.jp/23/index.php?action_kouhyou_detail_004_kani=true&JigyosyoCd=2362090314-00&ServiceCd=130&Type=search", "url2": "http://houkan-panda.com/" }, "geometry": { "type": "Point", "coordinates": [ 137.406192688169682, 34.752647122940992 ] } },
{ "type": "Feature", "properties": { "内容": "ジョイライフ訪問看護ステーション【訪問看護】南大清水町字藤ヶ谷132-4", "url": "https://www.kaigokensaku.mhlw.go.jp/23/index.php?action_kouhyou_detail_004_kani=true&JigyosyoCd=2362090579-00&ServiceCd=130&Type=search", "url2": "https://joylife2024.jp/" }, "geometry": { "type": "Point", "coordinates": [ 137.371470078851303, 34.690665382616515 ] } },
{ "type": "Feature", "properties": { "内容": "訪問看護ステーション　Alley-oop　TOYOHASHI【訪問看護】愛知県豊橋市上野町字上野99番地1", "url": "https://www.kaigokensaku.mhlw.go.jp/23/index.php?action_kouhyou_detail_004_kani=true&JigyosyoCd=2362090751-00&ServiceCd=130&Type=search", "url2": null }, "geometry": { "type": "Point", "coordinates": [ 137.3874858, 34.7236897 ] } },
{ "type": "Feature", "properties": { "内容": "訪問看護スマイルナーシング豊橋吉田方【訪問看護】愛知県豊橋市小向町字北小向20番スマイルナーシング豊橋吉田方", "url": "https://www.kaigokensaku.mhlw.go.jp/23/index.php?action_kouhyou_detail_004_kani=true&JigyosyoCd=2362090355-00&ServiceCd=130&Type=search", "url2": "https://smile-nursing.jp" }, "geometry": { "type": "Point", "coordinates": [ 137.36270110000001, 34.7688089 ] } },
{ "type": "Feature", "properties": { "内容": "訪問看護ステーション尽誠苑【訪問看護】愛知県豊橋市大脇町大脇ノ谷74番54", "url": "https://www.kaigokensaku.mhlw.go.jp/23/index.php?action_kouhyou_detail_004_kani=true&JigyosyoCd=2362090546-00&ServiceCd=130&Type=search", "url2": "https://www.jinseien.jp" }, "geometry": { "type": "Point", "coordinates": [ 137.4544326, 34.730328 ] } },
{ "type": "Feature", "properties": { "内容": "訪問看護ステーションつばさ【訪問看護】愛知県豊橋市三ノ輪町３丁目９２山中壮A303", "url": "https://www.kaigokensaku.mhlw.go.jp/23/index.php?action_kouhyou_detail_004_kani=true&JigyosyoCd=2362090454-00&ServiceCd=130&Type=search", "url2": null }, "geometry": { "type": "Point", "coordinates": [ 137.4145981, 34.7525243 ] } },
{ "type": "Feature", "properties": { "内容": "ハピリス訪問看護リハビリステーション【訪問看護】新栄町字大溝39番地サンライズフジB棟101号室", "url": "https://www.kaigokensaku.mhlw.go.jp/23/index.php?action_kouhyou_detail_004_kani=true&JigyosyoCd=2362090405-00&ServiceCd=130&Type=search", "url2": "https://hapilis.com/" }, "geometry": { "type": "Point", "coordinates": [ 137.363670399999961, 34.763156199999983 ] } },
{ "type": "Feature", "properties": { "内容": "指定訪問看護ステーションまちケアスマイル【訪問看護】愛知県豊橋市前田町2丁目17－18サンライズヒルカワイ店舗A", "url": "https://www.kaigokensaku.mhlw.go.jp/23/index.php?action_kouhyou_detail_004_kani=true&JigyosyoCd=2362090561-00&ServiceCd=130&Type=search", "url2": "https://machicare-smile.co.jp/" }, "geometry": { "type": "Point", "coordinates": [ 137.3976265, 34.7600443 ] } },
{ "type": "Feature", "properties": { "内容": "気の里訪問看護ステーション　ノウタス【訪問看護】愛知県豊橋市雲谷町字上ノ山１１３番地の２", "url": "https://www.kaigokensaku.mhlw.go.jp/23/index.php?action_kouhyou_detail_004_kani=true&JigyosyoCd=2362090124-00&ServiceCd=130&Type=search", "url2": "http://www.kinosato-nh.com/" }, "geometry": { "type": "Point", "coordinates": [ 137.456747362565579, 34.734666050766826 ] } },
{ "type": "Feature", "properties": { "内容": "二川病院訪問看護ステーション【訪問看護】豊橋市大岩町字北元屋敷36番地の3", "url": "https://www.kaigokensaku.mhlw.go.jp/23/index.php?action_kouhyou_detail_004_kani=true&JigyosyoCd=2362090140-00&ServiceCd=130&Type=search", "url2": "futagawa-hp.or.jp" }, "geometry": { "type": "Point", "coordinates": [ 137.440649399999984, 34.7267672 ] } },
{ "type": "Feature", "properties": { "内容": "株式会社ミトリ【訪問看護】愛知県豊橋市柱四番町59番地", "url": "https://www.kaigokensaku.mhlw.go.jp/23/index.php?action_kouhyou_detail_004_kani=true&JigyosyoCd=2362090488-00&ServiceCd=130&Type=search", "url2": "https://www.mitori.care" }, "geometry": { "type": "Point", "coordinates": [ 137.3744418, 34.7506844 ] } },
{ "type": "Feature", "properties": { "内容": "訪問看護ステーションCoccoLo【訪問看護】羽根井西町１１番地５", "url": "https://www.kaigokensaku.mhlw.go.jp/23/index.php?action_kouhyou_detail_004_kani=true&JigyosyoCd=2362090389-00&ServiceCd=130&Type=search", "url2": "https://nikluce.com/" }, "geometry": { "type": "Point", "coordinates": [ 137.373194832495727, 34.756248233816599 ] } },
{ "type": "Feature", "properties": { "内容": "ツインズ訪問ステーション【訪問看護】弥生町字中原58-1エスティーム中原B102", "url": "https://www.kaigokensaku.mhlw.go.jp/23/index.php?action_kouhyou_detail_004_kani=true&JigyosyoCd=2362090736-00&ServiceCd=130&Type=search", "url2": "https://twins-visitingstation.com" }, "geometry": { "type": "Point", "coordinates": [ 137.394585799999987, 34.7326 ] } },
{ "type": "Feature", "properties": { "内容": "こども訪問看護ステーションじんおかざき【訪問看護】愛知県岡崎市大西町字棚田36ヤマカワビル3F-B", "url": "https://www.kaigokensaku.mhlw.go.jp/23/index.php?action_kouhyou_detail_004_kani=true&JigyosyoCd=2362190239-00&ServiceCd=130&Type=search", "url2": "http://lovinglook-llc.com/" }, "geometry": { "type": "Point", "coordinates": [ 137.1782462, 34.9343667 ] } },
{ "type": "Feature", "properties": { "内容": "訪問看護ステーション　光ハーネス【訪問看護】愛知県岡崎市法性寺町字郷前24番地１", "url": "https://www.kaigokensaku.mhlw.go.jp/23/index.php?action_kouhyou_detail_004_kani=true&JigyosyoCd=2362190304-00&ServiceCd=130&Type=search", "url2": null }, "geometry": { "type": "Point", "coordinates": [ 137.142980500000021, 34.9266414 ] } },
{ "type": "Feature", "properties": { "内容": "アクア岡崎訪問看護【訪問看護】愛知県岡崎市宇頭北町2丁目1番3", "url": "https://www.kaigokensaku.mhlw.go.jp/23/index.php?action_kouhyou_detail_004_kani=true&JigyosyoCd=2362190429-00&ServiceCd=130&Type=search", "url2": null }, "geometry": { "type": "Point", "coordinates": [ 137.1219949, 34.972253 ] } },
{ "type": "Feature", "properties": { "内容": "訪問看護ステーションファーストナースあやめ岡崎【訪問看護】愛知県岡崎市上和田町字城前５ラフォーレ城南107号", "url": "https://www.kaigokensaku.mhlw.go.jp/23/index.php?action_kouhyou_detail_004_kani=true&JigyosyoCd=2362190411-00&ServiceCd=130&Type=search", "url2": "http://www.firstnurse.co.jp" }, "geometry": { "type": "Point", "coordinates": [ 137.150205199999988, 34.9332455 ] } },
{ "type": "Feature", "properties": { "内容": "寺岡クリニック【訪問看護】岡崎市井内町風見53", "url": "https://www.kaigokensaku.mhlw.go.jp/23/index.php?action_kouhyou_detail_004_kani=true&JigyosyoCd=2312102896-00&ServiceCd=130&Type=search", "url2": null }, "geometry": { "type": "Point", "coordinates": [ 137.144027899999969, 34.9213003 ] } },
{ "type": "Feature", "properties": { "内容": "訪問看護ステーション　プロサポート【訪問看護】愛知県岡崎市大門３丁目３番地８", "url": "https://www.kaigokensaku.mhlw.go.jp/23/index.php?action_kouhyou_detail_004_kani=true&JigyosyoCd=2362190437-00&ServiceCd=130&Type=search", "url2": null }, "geometry": { "type": "Point", "coordinates": [ 137.1555373, 34.9897637 ] } },
{ "type": "Feature", "properties": { "内容": "こころの訪問看護ステーションai【訪問看護】愛知県岡崎市北本郷町神明11-2ハイツ岩瀬308号", "url": "https://www.kaigokensaku.mhlw.go.jp/23/index.php?action_kouhyou_detail_004_kani=true&JigyosyoCd=2362190486-00&ServiceCd=130&Type=search", "url2": null }, "geometry": { "type": "Point", "coordinates": [ 137.133761, 34.963239 ] } },
{ "type": "Feature", "properties": { "内容": "あんず訪問看護ステーション竜美【訪問看護】岡崎市竜美西1-9-1岡崎市医師会公衆衛生センター内２階", "url": "https://www.kaigokensaku.mhlw.go.jp/23/index.php?action_kouhyou_detail_004_kani=true&JigyosyoCd=2362190130-00&ServiceCd=130&Type=search", "url2": "http://www.kyoufukutasumi@m4.catvmics.ne.jp" }, "geometry": { "type": "Point", "coordinates": [ 137.168380299999967, 34.9399881 ] } },
{ "type": "Feature", "properties": { "内容": "看護クラーク岡崎【訪問看護】愛知県岡崎市明大寺町字仲ヶ入29-1", "url": "https://www.kaigokensaku.mhlw.go.jp/23/index.php?action_kouhyou_detail_004_kani=true&JigyosyoCd=2362190601-00&ServiceCd=130&Type=search", "url2": "https://cuc-hospice.com/rehope/" }, "geometry": { "type": "Point", "coordinates": [ 137.1736883, 34.9477729 ] } },
{ "type": "Feature", "properties": { "内容": "訪問看護ステーションあやめ岡崎北【訪問看護】井田町字4丁目182番地1三陽荘201号室", "url": "https://www.kaigokensaku.mhlw.go.jp/23/index.php?action_kouhyou_detail_004_kani=true&JigyosyoCd=2362190528-00&ServiceCd=130&Type=search", "url2": "https://firstnurse.co.jp/" }, "geometry": { "type": "Point", "coordinates": [ 137.1749044, 34.9809324 ] } },
{ "type": "Feature", "properties": { "内容": "アクア鴨田訪問看護【訪問看護】愛知県岡崎市鴨田町字向山58-1", "url": "https://www.kaigokensaku.mhlw.go.jp/23/index.php?action_kouhyou_detail_004_kani=true&JigyosyoCd=2362190536-00&ServiceCd=130&Type=search", "url2": "http://www.staff-syuei.biz/" }, "geometry": { "type": "Point", "coordinates": [ 137.167605410450733, 34.977336697448202 ] } },
{ "type": "Feature", "properties": { "内容": "医療法人　加藤医院【訪問看護】岡崎市東蔵前町犬飼21", "url": "https://www.kaigokensaku.mhlw.go.jp/23/index.php?action_kouhyou_detail_004_kani=true&JigyosyoCd=2312102995-00&ServiceCd=130&Type=search", "url2": "http://" }, "geometry": { "type": "Point", "coordinates": [ 137.171979, 35.0005712 ] } },
{ "type": "Feature", "properties": { "内容": "訪問看護ステーション楽えん【訪問看護】愛知県岡崎市羽根町字小豆坂114番地1", "url": "https://www.kaigokensaku.mhlw.go.jp/23/index.php?action_kouhyou_detail_004_kani=true&JigyosyoCd=2362190619-00&ServiceCd=130&Type=search", "url2": null }, "geometry": { "type": "Point", "coordinates": [ 137.177568301155247, 34.923713556335109 ] } },
{ "type": "Feature", "properties": { "内容": "アクアホーム岡崎インター【訪問看護】愛知県岡崎市大平町字天神前8番地１", "url": "https://www.kaigokensaku.mhlw.go.jp/23/index.php?action_kouhyou_detail_004_kani=true&JigyosyoCd=2362190635-00&ServiceCd=130&Type=search", "url2": "http://aqua-nurse.jp" }, "geometry": { "type": "Point", "coordinates": [ 137.19074040000001, 34.9445949 ] } },
{ "type": "Feature", "properties": { "内容": "訪問看護ステーション　なぎの木【訪問看護】愛知県岡崎市緑丘2丁目6番地4ACCESS　STREET　702", "url": "https://www.kaigokensaku.mhlw.go.jp/23/index.php?action_kouhyou_detail_004_kani=true&JigyosyoCd=2362190668-00&ServiceCd=130&Type=search", "url2": "http：//hp.kaipoke.biz/zt2/info.html" }, "geometry": { "type": "Point", "coordinates": [ 137.181817099999989, 34.9187682 ] } },
{ "type": "Feature", "properties": { "内容": "haruharu訪問看護リハビリステーション【訪問看護】愛知県岡崎市百々西町6-6107ビル602号室", "url": "https://www.kaigokensaku.mhlw.go.jp/23/index.php?action_kouhyou_detail_004_kani=true&JigyosyoCd=2362190650-00&ServiceCd=130&Type=search", "url2": null }, "geometry": { "type": "Point", "coordinates": [ 137.1686271, 34.9907969 ] } },
{ "type": "Feature", "properties": { "内容": "ケアパートナー岡崎北　訪問看護ステーション【訪問看護】愛知県岡崎市葵町1番地2サンライズ深津206", "url": "https://www.kaigokensaku.mhlw.go.jp/23/index.php?action_kouhyou_detail_004_kani=true&JigyosyoCd=2362190387-00&ServiceCd=130&Type=search", "url2": "https://www.care-partner.com/place/okazakikita-smile/" }, "geometry": { "type": "Point", "coordinates": [ 137.157197099999962, 34.9685268 ] } },
{ "type": "Feature", "properties": { "内容": "あおぞら訪問看護リハステーション【訪問看護】愛知県岡崎市小呂町1丁目9番地1", "url": "https://www.kaigokensaku.mhlw.go.jp/23/index.php?action_kouhyou_detail_004_kani=true&JigyosyoCd=2362190254-00&ServiceCd=130&Type=search", "url2": "http://www.aozora-zaitaku-cl.com" }, "geometry": { "type": "Point", "coordinates": [ 137.184533699999946, 34.9629448 ] } },
{ "type": "Feature", "properties": { "内容": "うちぼり訪問看護ステーション桜乃【訪問看護】愛知県岡崎市岡町字方便1番地22うちぼり医院　2階", "url": "https://www.kaigokensaku.mhlw.go.jp/23/index.php?action_kouhyou_detail_004_kani=true&JigyosyoCd=2362190452-00&ServiceCd=130&Type=search", "url2": "https://u-sakurano.com" }, "geometry": { "type": "Point", "coordinates": [ 137.2059859, 34.9305827 ] } },
{ "type": "Feature", "properties": { "内容": "訪問看護ステーション　結び【訪問看護】愛知県岡崎市梅園町3-6-2", "url": "https://www.kaigokensaku.mhlw.go.jp/23/index.php?action_kouhyou_detail_004_kani=true&JigyosyoCd=2362190403-00&ServiceCd=130&Type=search", "url2": "http://musubi-kango.com/" }, "geometry": { "type": "Point", "coordinates": [ 137.171901286508216, 34.962661585114738 ] } },
{ "type": "Feature", "properties": { "内容": "三嶋内科病院【訪問看護】愛知県岡崎市六供町3-8-2", "url": "https://www.kaigokensaku.mhlw.go.jp/23/index.php?action_kouhyou_detail_004_kani=true&JigyosyoCd=2312101872-00&ServiceCd=130&Type=search", "url2": "http://www.mishimanaika.jp" }, "geometry": { "type": "Point", "coordinates": [ 137.1716348, 34.9654637 ] } },
{ "type": "Feature", "properties": { "内容": "医療法人大朋会岡崎訪問看護ステーション　ひまわり【訪問看護】愛知県岡崎市羽根町中田34", "url": "https://www.kaigokensaku.mhlw.go.jp/23/index.php?action_kouhyou_detail_004_kani=true&JigyosyoCd=2362190023-00&ServiceCd=130&Type=search", "url2": "http://www.taihoukai.or.jp/" }, "geometry": { "type": "Point", "coordinates": [ 137.158951, 34.930274800000014 ] } },
{ "type": "Feature", "properties": { "内容": "愛知医科大学メディカルセンター訪問看護ステーション【訪問看護】愛知県岡崎市仁木町字川越17番地33", "url": "https://www.kaigokensaku.mhlw.go.jp/23/index.php?action_kouhyou_detail_004_kani=true&JigyosyoCd=2362190445-00&ServiceCd=130&Type=search", "url2": "https://www.aichi-med-u.ac.jp/medicalcenter/sb04/sb0402/sb040212/index.html" }, "geometry": { "type": "Point", "coordinates": [ 137.168992399999979, 35.0203142 ] } },
{ "type": "Feature", "properties": { "内容": "向日葵のこころ岡崎【訪問看護】愛知県岡崎市岩津町二丁目6-4", "url": "https://www.kaigokensaku.mhlw.go.jp/23/index.php?action_kouhyou_detail_004_kani=true&JigyosyoCd=2362190478-00&ServiceCd=130&Type=search", "url2": "http://himawarinohizashi.com/" }, "geometry": { "type": "Point", "coordinates": [ 137.168591858860765, 35.002213533001509 ] } },
{ "type": "Feature", "properties": { "内容": "あやめ　訪問看護【訪問看護】愛知県岡崎市上和田町字城前5ラフォーレ城南208", "url": "https://www.kaigokensaku.mhlw.go.jp/23/index.php?action_kouhyou_detail_004_kani=true&JigyosyoCd=2362190262-00&ServiceCd=130&Type=search", "url2": null }, "geometry": { "type": "Point", "coordinates": [ 137.150145903275074, 34.93312410708895 ] } },
{ "type": "Feature", "properties": { "内容": "訪問看護ステーション仁岡崎【訪問看護】愛知県岡崎市緑丘1丁目27-7　2階", "url": "https://www.kaigokensaku.mhlw.go.jp/23/index.php?action_kouhyou_detail_004_kani=true&JigyosyoCd=2362190189-00&ServiceCd=130&Type=search", "url2": "http://www.gene-llc.jp" }, "geometry": { "type": "Point", "coordinates": [ 137.177058745316714, 34.916747026153274 ] } },
{ "type": "Feature", "properties": { "内容": "訪問看護キープオン岡崎【訪問看護】愛知県岡崎市葵町1-10　ＳＩＦセンタービル202", "url": "https://www.kaigokensaku.mhlw.go.jp/23/index.php?action_kouhyou_detail_004_kani=true&JigyosyoCd=2362190155-00&ServiceCd=130&Type=search", "url2": "http://keepon7.com/" }, "geometry": { "type": "Point", "coordinates": [ 137.1577082, 34.9693176 ] } },
{ "type": "Feature", "properties": { "内容": "アストレ訪問看護ステーション岡崎【訪問看護】愛知県岡崎市美合新町１９－４カサ・トゥルネ　２A", "url": "https://www.kaigokensaku.mhlw.go.jp/23/index.php?action_kouhyou_detail_004_kani=true&JigyosyoCd=2362190213-00&ServiceCd=130&Type=search", "url2": "http://niceman-care.com/" }, "geometry": { "type": "Point", "coordinates": [ 137.198904184655703, 34.923668808156755 ] } },
{ "type": "Feature", "properties": { "内容": "訪問看護ステーション　ナンブ【訪問看護】愛知県岡崎市戸崎町字牛転10-91", "url": "https://www.kaigokensaku.mhlw.go.jp/23/index.php?action_kouhyou_detail_004_kani=true&JigyosyoCd=2362190064-00&ServiceCd=130&Type=search", "url2": "http://nambu-y.jp" }, "geometry": { "type": "Point", "coordinates": [ 137.176055552444666, 34.931915466932431 ] } },
{ "type": "Feature", "properties": { "内容": "ハートフルナース【訪問看護】愛知県岡崎市八帖北町14番地5ハートケアメゾンみなみの風八帖", "url": "https://www.kaigokensaku.mhlw.go.jp/23/index.php?action_kouhyou_detail_004_kani=true&JigyosyoCd=2362190338-00&ServiceCd=130&Type=search", "url2": "http://www.minaminokaze.tv/" }, "geometry": { "type": "Point", "coordinates": [ 137.154769699999946, 34.9625495 ] } },
{ "type": "Feature", "properties": { "内容": "株式会社ミライデアル【訪問看護】愛知県岡崎市明大寺町大圦63-2竜美丘コートビレジROOM1", "url": "https://www.kaigokensaku.mhlw.go.jp/23/index.php?action_kouhyou_detail_004_kani=true&JigyosyoCd=2362190510-00&ServiceCd=130&Type=search", "url2": "https://miraipalette.com/" }, "geometry": { "type": "Point", "coordinates": [ 137.172074317932129, 34.933364972533283 ] } },
{ "type": "Feature", "properties": { "内容": "ナースステーション永遠【訪問看護】愛知県岡崎市上地２丁目１５番地３田中ビルＡ１階", "url": "https://www.kaigokensaku.mhlw.go.jp/23/index.php?action_kouhyou_detail_004_kani=true&JigyosyoCd=2362190627-00&ServiceCd=130&Type=search", "url2": "http://hp.kaipoke.biz/1u3/" }, "geometry": { "type": "Point", "coordinates": [ 137.16727130000001, 34.9127307 ] } },
{ "type": "Feature", "properties": { "内容": "ポッジョ・デル・アルジェント　訪問看護ステーション【訪問看護】愛知県岡崎市真伝町荒戸２１番地５", "url": "https://www.kaigokensaku.mhlw.go.jp/23/index.php?action_kouhyou_detail_004_kani=true&JigyosyoCd=2362190569-00&ServiceCd=130&Type=search", "url2": "http://argento.shuei-sangyo.com/" }, "geometry": { "type": "Point", "coordinates": [ 137.182217799999989, 34.9826501 ] } },
{ "type": "Feature", "properties": { "内容": "葵訪問看護ステーション【訪問看護】愛知県岡崎市福岡町字御堂山29番1", "url": "https://www.kaigokensaku.mhlw.go.jp/23/index.php?action_kouhyou_detail_004_kani=true&JigyosyoCd=2362190148-00&ServiceCd=130&Type=search", "url2": "https://aoi-houkan.jp" }, "geometry": { "type": "Point", "coordinates": [ 137.152916517968748, 34.907311824922623 ] } },
{ "type": "Feature", "properties": { "内容": "医心館訪問看護ステーション岡崎【訪問看護】愛知県岡崎市欠町字網笠5番地1", "url": "https://www.kaigokensaku.mhlw.go.jp/23/index.php?action_kouhyou_detail_004_kani=true&JigyosyoCd=2362190726-00&ServiceCd=130&Type=search", "url2": null }, "geometry": { "type": "Point", "coordinates": [ 137.1905628, 34.9508574 ] } },
{ "type": "Feature", "properties": { "内容": "訪問看護ステーション　レリーフ岡崎【訪問看護】大和町字鳥ヶ城24-1", "url": "https://www.kaigokensaku.mhlw.go.jp/23/index.php?action_kouhyou_detail_004_kani=true&JigyosyoCd=2362190734-00&ServiceCd=130&Type=search", "url2": "https://www.couleurcourt-okazaki.com/" }, "geometry": { "type": "Point", "coordinates": [ 137.1306449, 34.9471199 ] } },
{ "type": "Feature", "properties": { "内容": "ケアリール訪問看護ステーション　真福寺【訪問看護】真福寺町字中ノ坂94-5", "url": "https://www.kaigokensaku.mhlw.go.jp/23/index.php?action_kouhyou_detail_004_kani=true&JigyosyoCd=2362190718-00&ServiceCd=130&Type=search", "url2": "https://www.niceman-care.com" }, "geometry": { "type": "Point", "coordinates": [ 137.177032357008386, 35.000061294932479 ] } },
{ "type": "Feature", "properties": { "内容": "訪問看護ステーション　ローブ【訪問看護】愛知県岡崎市不吹町1-174ソリッドビル201", "url": "https://www.kaigokensaku.mhlw.go.jp/23/index.php?action_kouhyou_detail_004_kani=true&JigyosyoCd=2362190692-00&ServiceCd=130&Type=search", "url2": "https://www.instagram.com/robe.private.22/" }, "geometry": { "type": "Point", "coordinates": [ 137.175318228836062, 34.926521087520243 ] } },
{ "type": "Feature", "properties": { "内容": "あづま家訪問看護ステーション【訪問看護】愛知県岡崎市明大寺町大圦1番地37", "url": "https://www.kaigokensaku.mhlw.go.jp/23/index.php?action_kouhyou_detail_004_kani=true&JigyosyoCd=2362190700-00&ServiceCd=130&Type=search", "url2": "https://azumaya-houkan.com/" }, "geometry": { "type": "Point", "coordinates": [ 137.174180850262445, 34.934492124334895 ] } },
{ "type": "Feature", "properties": { "内容": "株式会社岡崎訪問看護ステーション【訪問看護】愛知県岡崎市赤渋町字下池16コーポむつみI　102号室", "url": "https://www.kaigokensaku.mhlw.go.jp/23/index.php?action_kouhyou_detail_004_kani=true&JigyosyoCd=2362190684-00&ServiceCd=130&Type=search", "url2": null }, "geometry": { "type": "Point", "coordinates": [ 137.1415967, 34.9308564 ] } },
{ "type": "Feature", "properties": { "内容": "ソフィアメディ訪問看護ステーション岡崎北【訪問看護】愛知県岡崎市井田町字寺前15-31号", "url": "https://www.kaigokensaku.mhlw.go.jp/23/index.php?action_kouhyou_detail_004_kani=true&JigyosyoCd=2362190544-00&ServiceCd=130&Type=search", "url2": "https://www.sophiamedi.co.jp/" }, "geometry": { "type": "Point", "coordinates": [ 137.165829, 34.9728625 ] } },
{ "type": "Feature", "properties": { "内容": "訪問看護ステーション虹【訪問看護】愛知県岡崎市洞町字向山13番地14", "url": "https://www.kaigokensaku.mhlw.go.jp/23/index.php?action_kouhyou_detail_004_kani=true&JigyosyoCd=2362190056-00&ServiceCd=130&Type=search", "url2": "http://www.hakuhoukai-hp.or.jp" }, "geometry": { "type": "Point", "coordinates": [ 137.19976859999997, 34.9461609 ] } },
{ "type": "Feature", "properties": { "内容": "ソフィアメディ訪問看護ステーション岡崎南【訪問看護】愛知県岡崎市柱1丁目2-1HAKビル401号室", "url": "https://www.kaigokensaku.mhlw.go.jp/23/index.php?action_kouhyou_detail_004_kani=true&JigyosyoCd=2362190577-00&ServiceCd=130&Type=search", "url2": "https://www.sophiamedi.co.jp" }, "geometry": { "type": "Point", "coordinates": [ 137.156556779762269, 34.925044793183837 ] } },
{ "type": "Feature", "properties": { "内容": "訪問看護ステーション　さくらの里【訪問看護】愛知県岡崎市中岡崎町11番地2", "url": "https://www.kaigokensaku.mhlw.go.jp/23/index.php?action_kouhyou_detail_004_kani=true&JigyosyoCd=2362190031-00&ServiceCd=130&Type=search", "url2": "http://www.sakuranosato.com" }, "geometry": { "type": "Point", "coordinates": [ 137.154521348410071, 34.957604179301462 ] } },
{ "type": "Feature", "properties": { "内容": "訪問看護ステーション　ファミリー【訪問看護】愛知県岡崎市中園町字前河原12番地8", "url": "https://www.kaigokensaku.mhlw.go.jp/23/index.php?action_kouhyou_detail_004_kani=true&JigyosyoCd=2362190312-00&ServiceCd=130&Type=search", "url2": "http://hp.kaipoke.biz/uza/" }, "geometry": { "type": "Point", "coordinates": [ 137.137404400000037, 34.9692817 ] } },
{ "type": "Feature", "properties": { "内容": "訪問看護ステーションアップ【訪問看護】愛知県岡崎市柱2丁目5－1鳥ビル２C", "url": "https://www.kaigokensaku.mhlw.go.jp/23/index.php?action_kouhyou_detail_004_kani=true&JigyosyoCd=2362190551-00&ServiceCd=130&Type=search", "url2": "https://zaitakucareservice.lacrie.biz/%e8%a8%aa%e5%95%8f%e7%9c%8b%e8%ad%b7%e3%82%b9%e3%83%86%e3%83%bc%e3%82%b7%e3%83%a7%e3%83%b3-%e3%82%a2%e3%83%83%e3%83%97" }, "geometry": { "type": "Point", "coordinates": [ 137.154547099999974, 34.9249667 ] } },
{ "type": "Feature", "properties": { "内容": "訪問看護ステーションライズ【訪問看護】愛知県岡崎市福岡町字藤六北藤六18-7", "url": "https://www.kaigokensaku.mhlw.go.jp/23/index.php?action_kouhyou_detail_004_kani=true&JigyosyoCd=2362190759-00&ServiceCd=130&Type=search", "url2": "http://www.kota-u.jp" }, "geometry": { "type": "Point", "coordinates": [ 137.160839106575594, 34.908774479859957 ] } },
{ "type": "Feature", "properties": { "内容": "訪問看護ステーション　スカイトレイン【訪問看護】愛知県岡崎市百々西町6番地6107ビル7階", "url": "https://www.kaigokensaku.mhlw.go.jp/23/index.php?action_kouhyou_detail_004_kani=true&JigyosyoCd=2362190502-00&ServiceCd=130&Type=search", "url2": "https://petyt.jp/" }, "geometry": { "type": "Point", "coordinates": [ 137.168633157672133, 34.990774047085026 ] } },
{ "type": "Feature", "properties": { "内容": "訪問看護ステーション　つむぐ【訪問看護】愛知県岡崎市竜美中2丁目1-2", "url": "https://www.kaigokensaku.mhlw.go.jp/23/index.php?action_kouhyou_detail_004_kani=true&JigyosyoCd=2362190379-00&ServiceCd=130&Type=search", "url2": "https://www.tsumugu.best/about/" }, "geometry": { "type": "Point", "coordinates": [ 137.173097800104614, 34.94076466812114 ] } },
{ "type": "Feature", "properties": { "内容": "訪問看護ステーション　ユーワン【訪問看護】愛知県岡崎市井内町字上堤30番地住宅型有料老人ホーム　ユーワン", "url": "https://www.kaigokensaku.mhlw.go.jp/23/index.php?action_kouhyou_detail_004_kani=true&JigyosyoCd=2362190353-00&ServiceCd=130&Type=search", "url2": "https://www.you1-one.com/" }, "geometry": { "type": "Point", "coordinates": [ 137.145733692269005, 34.918103200542774 ] } },
{ "type": "Feature", "properties": { "内容": "アバンセ訪問看護ステーション城北【訪問看護】愛知県岡崎市末広町8番地5", "url": "https://www.kaigokensaku.mhlw.go.jp/23/index.php?action_kouhyou_detail_004_kani=true&JigyosyoCd=2362190494-00&ServiceCd=130&Type=search", "url2": null }, "geometry": { "type": "Point", "coordinates": [ 137.156318, 34.9675666 ] } },
{ "type": "Feature", "properties": { "内容": "訪問看護ステーションよいかん岡崎【訪問看護】愛知県岡崎市美合新町10－４ビルカネヒチ1階D号室", "url": "https://www.kaigokensaku.mhlw.go.jp/23/index.php?action_kouhyou_detail_004_kani=true&JigyosyoCd=2362190221-00&ServiceCd=130&Type=search", "url2": "https://bond-ym.co.jp" }, "geometry": { "type": "Point", "coordinates": [ 137.198773622508583, 34.926022744745886 ] } },
{ "type": "Feature", "properties": { "内容": "在宅看護センター岡崎　氣楽里【訪問看護】愛知県岡崎市宮地町郷西30番地2", "url": "https://www.kaigokensaku.mhlw.go.jp/23/index.php?action_kouhyou_detail_004_kani=true&JigyosyoCd=2362190395-00&ServiceCd=130&Type=search", "url2": "https://z-kirari.jimdofree.com/" }, "geometry": { "type": "Point", "coordinates": [ 137.1465215, 34.9289977 ] } },
{ "type": "Feature", "properties": { "内容": "おかざき訪問看護【訪問看護】愛知県岡崎市能見町95番地1", "url": "https://www.kaigokensaku.mhlw.go.jp/23/index.php?action_kouhyou_detail_004_kani=true&JigyosyoCd=2362190676-00&ServiceCd=130&Type=search", "url2": "https://nurse-houmon.com/" }, "geometry": { "type": "Point", "coordinates": [ 137.16380860000001, 34.9665349 ] } },
{ "type": "Feature", "properties": { "内容": "訪問看護　さらい【訪問看護】稲熊町字8丁目130番地", "url": "https://www.kaigokensaku.mhlw.go.jp/23/index.php?action_kouhyou_detail_004_kani=true&JigyosyoCd=2362190585-00&ServiceCd=130&Type=search", "url2": "https：//goodlife-okazaki.com" }, "geometry": { "type": "Point", "coordinates": [ 137.1831377, 34.9657063 ] } },
{ "type": "Feature", "properties": { "内容": "訪問看護ステーション　デューン西三河【訪問看護】愛知県岡崎市明大寺町字諸神10-10明大ビル3階", "url": "https://www.kaigokensaku.mhlw.go.jp/23/index.php?action_kouhyou_detail_004_kani=true&JigyosyoCd=2362190270-00&ServiceCd=130&Type=search", "url2": null }, "geometry": { "type": "Point", "coordinates": [ 137.163169299999936, 34.9499759 ] } },
{ "type": "Feature", "properties": { "内容": "医療法人　井上内科クリニック【訪問看護】一宮市開明字東沼８５", "url": "https://www.kaigokensaku.mhlw.go.jp/23/index.php?action_kouhyou_detail_004_kani=true&JigyosyoCd=2312203835-00&ServiceCd=130&Type=search", "url2": "http://www.myclinic.ne.jp/inouenaikacl/" }, "geometry": { "type": "Point", "coordinates": [ 136.759870299999989, 35.3188354 ] } },
{ "type": "Feature", "properties": { "内容": "ＵＭＳ【訪問看護】愛知県一宮市開明字畑添４２番地４", "url": "https://www.kaigokensaku.mhlw.go.jp/23/index.php?action_kouhyou_detail_004_kani=true&JigyosyoCd=2362290252-00&ServiceCd=130&Type=search", "url2": null }, "geometry": { "type": "Point", "coordinates": [ 136.754765005696044, 35.316139793833287 ] } },
{ "type": "Feature", "properties": { "内容": "訪問看護ステーションライム【訪問看護】今伊勢町馬寄西流39-1メゾンシルク202", "url": "https://www.kaigokensaku.mhlw.go.jp/23/index.php?action_kouhyou_detail_004_kani=true&JigyosyoCd=2362290427-00&ServiceCd=130&Type=search", "url2": null }, "geometry": { "type": "Point", "coordinates": [ 136.7846045, 35.3276151 ] } },
{ "type": "Feature", "properties": { "内容": "でゅーん　いちのみや【訪問看護】愛知県一宮市真清田1-3-18グロリアス本町ビル1階", "url": "https://www.kaigokensaku.mhlw.go.jp/23/index.php?action_kouhyou_detail_004_kani=true&JigyosyoCd=2362290419-00&ServiceCd=130&Type=search", "url2": null }, "geometry": { "type": "Point", "coordinates": [ 136.802504900000031, 35.3061119 ] } },
{ "type": "Feature", "properties": { "内容": "あさいクリニック【訪問看護】愛知県一宮市今伊勢町宮後字宮代１８番地１", "url": "https://www.kaigokensaku.mhlw.go.jp/23/index.php?action_kouhyou_detail_004_kani=true&JigyosyoCd=2312203264-00&ServiceCd=130&Type=search", "url2": "http://m-oasis.co.jp/" }, "geometry": { "type": "Point", "coordinates": [ 136.782554299999987, 35.3139247 ] } },
{ "type": "Feature", "properties": { "内容": "一宮市立市民病院【訪問看護】一宮市文京２丁目２番２２号", "url": "https://www.kaigokensaku.mhlw.go.jp/23/index.php?action_kouhyou_detail_004_kani=true&JigyosyoCd=2312200369-00&ServiceCd=130&Type=search", "url2": "http://municipal-hospital.ichinomiya.aichi.jp/" }, "geometry": { "type": "Point", "coordinates": [ 136.805479500000047, 35.3128281 ] } },
{ "type": "Feature", "properties": { "内容": "訪問看護ステーション　アリウープ【訪問看護】三条字新15-1レインボー103", "url": "https://www.kaigokensaku.mhlw.go.jp/23/index.php?action_kouhyou_detail_004_kani=true&JigyosyoCd=2362290567-00&ServiceCd=130&Type=search", "url2": "hidamarigroup.com" }, "geometry": { "type": "Point", "coordinates": [ 136.75983610000003, 35.3073707 ] } },
{ "type": "Feature", "properties": { "内容": "訪問看護ステーションあやめ一宮【訪問看護】愛知県一宮市相生1丁目7番1号エスポワールヴァン205号室", "url": "https://www.kaigokensaku.mhlw.go.jp/23/index.php?action_kouhyou_detail_004_kani=true&JigyosyoCd=2362290666-00&ServiceCd=130&Type=search", "url2": "http://www.firstnurse.co.jp" }, "geometry": { "type": "Point", "coordinates": [ 136.8164151, 35.2949656 ] } },
{ "type": "Feature", "properties": { "内容": "医療法人　岸内科【訪問看護】一宮市浅野字古屋敷49", "url": "https://www.kaigokensaku.mhlw.go.jp/23/index.php?action_kouhyou_detail_004_kani=true&JigyosyoCd=2312203181-00&ServiceCd=130&Type=search", "url2": null }, "geometry": { "type": "Point", "coordinates": [ 136.832832599999961, 35.2965167 ] } },
{ "type": "Feature", "properties": { "内容": "磯村医院【訪問看護】愛知県一宮市千秋町佐野字五反田２１番地", "url": "https://www.kaigokensaku.mhlw.go.jp/23/index.php?action_kouhyou_detail_004_kani=true&JigyosyoCd=2312202977-00&ServiceCd=130&Type=search", "url2": "http://www.ikutokukai.com" }, "geometry": { "type": "Point", "coordinates": [ 136.854691300000013, 35.3026305 ] } },
{ "type": "Feature", "properties": { "内容": "訪問看護ステーション煌煌【訪問看護】愛知県一宮市新生３丁目６－２６レジデンス川上５０３号", "url": "https://www.kaigokensaku.mhlw.go.jp/23/index.php?action_kouhyou_detail_004_kani=true&JigyosyoCd=2362290740-00&ServiceCd=130&Type=search", "url2": "http://kousei138.co.jp" }, "geometry": { "type": "Point", "coordinates": [ 136.794473399999987, 35.298859 ] } },
{ "type": "Feature", "properties": { "内容": "訪問看護ステーション夢眠いちのみやにし【訪問看護】愛知県一宮市東五城字東備前22番地１", "url": "https://www.kaigokensaku.mhlw.go.jp/23/index.php?action_kouhyou_detail_004_kani=true&JigyosyoCd=2362290732-00&ServiceCd=130&Type=search", "url2": null }, "geometry": { "type": "Point", "coordinates": [ 136.7564358, 35.3089518 ] } },
{ "type": "Feature", "properties": { "内容": "フクシア訪問看護ステーション【訪問看護】愛知県一宮市松山町26番地１", "url": "https://www.kaigokensaku.mhlw.go.jp/23/index.php?action_kouhyou_detail_004_kani=true&JigyosyoCd=2362290633-00&ServiceCd=130&Type=search", "url2": null }, "geometry": { "type": "Point", "coordinates": [ 136.823306699999989, 35.318353100000017 ] } },
{ "type": "Feature", "properties": { "内容": "せせらぎ訪問看護ステーション【訪問看護】愛知県一宮市神山1-10-1神山ビル701号", "url": "https://www.kaigokensaku.mhlw.go.jp/23/index.php?action_kouhyou_detail_004_kani=true&JigyosyoCd=2362290401-00&ServiceCd=130&Type=search", "url2": null }, "geometry": { "type": "Point", "coordinates": [ 136.794294799999989, 35.3037036 ] } },
{ "type": "Feature", "properties": { "内容": "社会医療法人　杏嶺会　訪問看護ステーションあんず【訪問看護】奥町字下口西89-1上林記念病院内", "url": "https://www.kaigokensaku.mhlw.go.jp/23/index.php?action_kouhyou_detail_004_kani=true&JigyosyoCd=2362290310-00&ServiceCd=130&Type=search", "url2": "www.anzu.or.jp/" }, "geometry": { "type": "Point", "coordinates": [ 136.75663654552676, 35.32788717643782 ] } },
{ "type": "Feature", "properties": { "内容": "ふくふく訪問看護ステーション【訪問看護】愛知県一宮市多加木4-29-38アンテプリマ101", "url": "https://www.kaigokensaku.mhlw.go.jp/23/index.php?action_kouhyou_detail_004_kani=true&JigyosyoCd=2362290864-00&ServiceCd=130&Type=search", "url2": null }, "geometry": { "type": "Point", "coordinates": [ 136.817774899999989, 35.2787259 ] } },
{ "type": "Feature", "properties": { "内容": "訪問看護ステーションロングライフ【訪問看護】奥町字蘇東64-1", "url": "https://www.kaigokensaku.mhlw.go.jp/23/index.php?action_kouhyou_detail_004_kani=true&JigyosyoCd=2362290807-00&ServiceCd=130&Type=search", "url2": null }, "geometry": { "type": "Point", "coordinates": [ 136.750951674205027, 35.323510476830975 ] } },
{ "type": "Feature", "properties": { "内容": "まるふく訪問看護ステーション【訪問看護】愛知県一宮市大和町毛受字西池田92番地まるふく介護", "url": "https://www.kaigokensaku.mhlw.go.jp/23/index.php?action_kouhyou_detail_004_kani=true&JigyosyoCd=2362290617-00&ServiceCd=130&Type=search", "url2": null }, "geometry": { "type": "Point", "coordinates": [ 136.771567415344151, 35.296937843462736 ] } },
{ "type": "Feature", "properties": { "内容": "リードユー訪問看護ステーション【訪問看護】愛知県一宮市猿海道2-9-19", "url": "https://www.kaigokensaku.mhlw.go.jp/23/index.php?action_kouhyou_detail_004_kani=true&JigyosyoCd=2362290781-00&ServiceCd=130&Type=search", "url2": "https://lead-u.co.jp/kango/" }, "geometry": { "type": "Point", "coordinates": [ 136.819434, 35.2849462 ] } },
{ "type": "Feature", "properties": { "内容": "訪問看護ステーション・つばめ【訪問看護】一宮市篭屋4丁目13番22号平松ビル1Ｆ", "url": "https://www.kaigokensaku.mhlw.go.jp/23/index.php?action_kouhyou_detail_004_kani=true&JigyosyoCd=2362290187-00&ServiceCd=130&Type=search", "url2": "http://vif-love.com" }, "geometry": { "type": "Point", "coordinates": [ 136.772673639578187, 35.305391596011127 ] } },
{ "type": "Feature", "properties": { "内容": "訪問看護アイサポート一宮【訪問看護】愛知県一宮市小信中島字北東山39番地胡蝶", "url": "https://www.kaigokensaku.mhlw.go.jp/23/index.php?action_kouhyou_detail_004_kani=true&JigyosyoCd=2362290708-00&ServiceCd=130&Type=search", "url2": "i-supportgifu.com" }, "geometry": { "type": "Point", "coordinates": [ 136.746688515647008, 35.320270129606399 ] } },
{ "type": "Feature", "properties": { "内容": "訪問看護ステーション夢眠いちのみやきた【訪問看護】愛知県一宮市今伊勢町本神戸字寺前10番", "url": "https://www.kaigokensaku.mhlw.go.jp/23/index.php?action_kouhyou_detail_004_kani=true&JigyosyoCd=2362290872-00&ServiceCd=130&Type=search", "url2": null }, "geometry": { "type": "Point", "coordinates": [ 136.8013978, 35.3145585 ] } },
{ "type": "Feature", "properties": { "内容": "訪問看護ステーション　ハッピーライフ【訪問看護】愛知県一宮市三ツ井一丁目12番12号ファミーユK・Y2B号室", "url": "https://www.kaigokensaku.mhlw.go.jp/23/index.php?action_kouhyou_detail_004_kani=true&JigyosyoCd=2362290534-00&ServiceCd=130&Type=search", "url2": "http://happy-d-life.com" }, "geometry": { "type": "Point", "coordinates": [ 136.836258500000014, 35.2799327 ] } },
{ "type": "Feature", "properties": { "内容": "訪問看護　幸の鳥2【訪問看護】愛知県一宮市木曽川町里小牧野方170", "url": "https://www.kaigokensaku.mhlw.go.jp/23/index.php?action_kouhyou_detail_004_kani=true&JigyosyoCd=2372205712-00&ServiceCd=130&Type=search", "url2": "http://gotoiin138.com/houmon_kango/index.html" }, "geometry": { "type": "Point", "coordinates": [ 136.770494500000012, 35.3497698 ] } },
{ "type": "Feature", "properties": { "内容": "訪問看護ステーション　ライム【訪問看護】愛知県一宮市今伊勢町馬寄西流39-1メゾンシルク202", "url": "https://www.kaigokensaku.mhlw.go.jp/23/index.php?action_kouhyou_detail_004_kani=true&JigyosyoCd=2362290468-00&ServiceCd=130&Type=search", "url2": null }, "geometry": { "type": "Point", "coordinates": [ 136.7846045, 35.3276151 ] } },
{ "type": "Feature", "properties": { "内容": "リアン一宮ナースステーション【訪問看護】愛知県一宮市牛野通2-50-1リアン一宮", "url": "https://www.kaigokensaku.mhlw.go.jp/23/index.php?action_kouhyou_detail_004_kani=true&JigyosyoCd=2362290484-00&ServiceCd=130&Type=search", "url2": null }, "geometry": { "type": "Point", "coordinates": [ 136.807348237924543, 35.289371729808245 ] } },
{ "type": "Feature", "properties": { "内容": "訪問看護ステーションASAHI　萩原【訪問看護】愛知県一宮市萩原町富田方字西出14番地", "url": "https://www.kaigokensaku.mhlw.go.jp/23/index.php?action_kouhyou_detail_004_kani=true&JigyosyoCd=2362290955-00&ServiceCd=130&Type=search", "url2": "https://asahi77.co.jp" }, "geometry": { "type": "Point", "coordinates": [ 136.763639399999988, 35.2902972 ] } },
{ "type": "Feature", "properties": { "内容": "訪問看護事業所JOY【訪問看護】愛知県一宮市両郷町3丁目25番地2ケアホームななつぼし", "url": "https://www.kaigokensaku.mhlw.go.jp/23/index.php?action_kouhyou_detail_004_kani=true&JigyosyoCd=2362290849-00&ServiceCd=130&Type=search", "url2": "https://cross-talk.jp" }, "geometry": { "type": "Point", "coordinates": [ 136.8199488, 35.3126412 ] } },
{ "type": "Feature", "properties": { "内容": "訪問看護ステーション　幸の鳥【訪問看護】木曽川町里小牧野方170メディカルケアホーム　ひだまり内１F", "url": "https://www.kaigokensaku.mhlw.go.jp/23/index.php?action_kouhyou_detail_004_kani=true&JigyosyoCd=2362290815-00&ServiceCd=130&Type=search", "url2": "https://hidamari138.com/" }, "geometry": { "type": "Point", "coordinates": [ 136.7705293, 35.349745700000014 ] } },
{ "type": "Feature", "properties": { "内容": "医心館訪問看護ステーション一宮【訪問看護】愛知県一宮市緑５丁目１番14号", "url": "https://www.kaigokensaku.mhlw.go.jp/23/index.php?action_kouhyou_detail_004_kani=true&JigyosyoCd=2362291029-00&ServiceCd=130&Type=search", "url2": null }, "geometry": { "type": "Point", "coordinates": [ 136.820329922753928, 35.298716092550741 ] } },
{ "type": "Feature", "properties": { "内容": "株式会社一宮訪問看護ステーション【訪問看護】宮西通7丁目3番地3クリーンハイツ宮西202", "url": "https://www.kaigokensaku.mhlw.go.jp/23/index.php?action_kouhyou_detail_004_kani=true&JigyosyoCd=2362291060-00&ServiceCd=130&Type=search", "url2": null }, "geometry": { "type": "Point", "coordinates": [ 136.8034744, 35.3154418 ] } },
{ "type": "Feature", "properties": { "内容": "ほまれ訪問看護一宮店【訪問看護】愛知県一宮市丹陽町九日市場字高砂2606スイートアリッサムB棟　G1号", "url": "https://www.kaigokensaku.mhlw.go.jp/23/index.php?action_kouhyou_detail_004_kani=true&JigyosyoCd=2362291078-00&ServiceCd=130&Type=search", "url2": "https://fairplan.co.jp/" }, "geometry": { "type": "Point", "coordinates": [ 136.835766299999989, 35.2641881 ] } },
{ "type": "Feature", "properties": { "内容": "訪問看護ステーション　いっぽ【訪問看護】愛知県一宮市相生1丁目6番20号シャインY", "url": "https://www.kaigokensaku.mhlw.go.jp/23/index.php?action_kouhyou_detail_004_kani=true&JigyosyoCd=2362291086-00&ServiceCd=130&Type=search", "url2": null }, "geometry": { "type": "Point", "coordinates": [ 136.8163902, 35.295201 ] } },
{ "type": "Feature", "properties": { "内容": "一宮市立木曽川市民病院【訪問看護】愛知県一宮市木曽川町黒田字北野黒１６５番地", "url": "https://www.kaigokensaku.mhlw.go.jp/23/index.php?action_kouhyou_detail_004_kani=true&JigyosyoCd=2312204098-00&ServiceCd=130&Type=search", "url2": "http://municipal-hospital.ichinomiya.aichi.jp/kisogawa/" }, "geometry": { "type": "Point", "coordinates": [ 136.784687100000042, 35.351924 ] } },
{ "type": "Feature", "properties": { "内容": "あいなす訪問看護ステーション【訪問看護】愛知県一宮市大和町妙興寺字坊ヶ池19-1", "url": "https://www.kaigokensaku.mhlw.go.jp/23/index.php?action_kouhyou_detail_004_kani=true&JigyosyoCd=2362291052-00&ServiceCd=130&Type=search", "url2": null }, "geometry": { "type": "Point", "coordinates": [ 136.80624, 35.2812063 ] } },
{ "type": "Feature", "properties": { "内容": "訪問看護ステーションぐらんで一宮【訪問看護】愛知県一宮市長島町1丁目3HIBISU一宮", "url": "https://www.kaigokensaku.mhlw.go.jp/23/index.php?action_kouhyou_detail_004_kani=true&JigyosyoCd=2362291045-00&ServiceCd=130&Type=search", "url2": null }, "geometry": { "type": "Point", "coordinates": [ 136.804249700000014, 35.3064255 ] } },
{ "type": "Feature", "properties": { "内容": "訪問看護ステーション　かえで【訪問看護】愛知県一宮市開明名古羅14-1", "url": "https://www.kaigokensaku.mhlw.go.jp/23/index.php?action_kouhyou_detail_004_kani=true&JigyosyoCd=2362290773-00&ServiceCd=130&Type=search", "url2": null }, "geometry": { "type": "Point", "coordinates": [ 136.771887066208933, 35.318429356670471 ] } },
{ "type": "Feature", "properties": { "内容": "医療法人愛礼会　まつまえ訪問看護ステーション【訪問看護】愛知県一宮市大江2-9-11", "url": "https://www.kaigokensaku.mhlw.go.jp/23/index.php?action_kouhyou_detail_004_kani=true&JigyosyoCd=2362290096-00&ServiceCd=130&Type=search", "url2": "http://www.aireikai.jp" }, "geometry": { "type": "Point", "coordinates": [ 136.830908637989722, 35.300827813723217 ] } },
{ "type": "Feature", "properties": { "内容": "医療法人泰玄会　訪問看護ステーションみなみ【訪問看護】上祖父江字小稲葉1番地", "url": "https://www.kaigokensaku.mhlw.go.jp/23/index.php?action_kouhyou_detail_004_kani=true&JigyosyoCd=2362290724-00&ServiceCd=130&Type=search", "url2": "http://www.taigenkai.or.jp" }, "geometry": { "type": "Point", "coordinates": [ 136.718547312828065, 35.27449812051762 ] } },
{ "type": "Feature", "properties": { "内容": "医療法人泰玄会　泰玄会訪問看護ステーション【訪問看護】愛知県一宮市小信中島字仁井西25番地１", "url": "https://www.kaigokensaku.mhlw.go.jp/23/index.php?action_kouhyou_detail_004_kani=true&JigyosyoCd=2363790011-00&ServiceCd=130&Type=search", "url2": "http://www.taigenkai.or.jp" }, "geometry": { "type": "Point", "coordinates": [ 136.751987699999972, 35.3099806 ] } },
{ "type": "Feature", "properties": { "内容": "訪問看護ステーションほほえみ【訪問看護】愛知県一宮市西五城字中川田18番1", "url": "https://www.kaigokensaku.mhlw.go.jp/23/index.php?action_kouhyou_detail_004_kani=true&JigyosyoCd=2362290195-00&ServiceCd=130&Type=search", "url2": "http://www.myclinic.ne.jp/inouenaikacl/" }, "geometry": { "type": "Point", "coordinates": [ 136.742655882542408, 35.303592957628169 ] } },
{ "type": "Feature", "properties": { "内容": "一宮市立木曽川市民病院　訪問看護ステーション【訪問看護】愛知県一宮市木曽川町黒田字北野黒165番地", "url": "https://www.kaigokensaku.mhlw.go.jp/23/index.php?action_kouhyou_detail_004_kani=true&JigyosyoCd=2362290898-00&ServiceCd=130&Type=search", "url2": "httpｓ://municipal-hospital.ichinomiya.aichi.jp/kisogawa/" }, "geometry": { "type": "Point", "coordinates": [ 136.784685700000011, 35.3519519 ] } },
{ "type": "Feature", "properties": { "内容": "訪問看護ステーションまりも【訪問看護】愛知県一宮市浅井町黒岩字郷西４３", "url": "https://www.kaigokensaku.mhlw.go.jp/23/index.php?action_kouhyou_detail_004_kani=true&JigyosyoCd=2362290146-00&ServiceCd=130&Type=search", "url2": "https://www.marimo-nurse.com/" }, "geometry": { "type": "Point", "coordinates": [ 136.8321065, 35.3537945 ] } },
{ "type": "Feature", "properties": { "内容": "なないろ訪問看護ステーション【訪問看護】光明寺字千馬２１１番地１５", "url": "https://www.kaigokensaku.mhlw.go.jp/23/index.php?action_kouhyou_detail_004_kani=true&JigyosyoCd=2362290286-00&ServiceCd=130&Type=search", "url2": "http://www.nanairo-st.com" }, "geometry": { "type": "Point", "coordinates": [ 136.80760192811988, 35.35322288123438 ] } },
{ "type": "Feature", "properties": { "内容": "オアシスいちのみや訪問看護ステーション【訪問看護】愛知県一宮市今伊勢町宮後字宮代9番地1オアシスいちのみや", "url": "https://www.kaigokensaku.mhlw.go.jp/23/index.php?action_kouhyou_detail_004_kani=true&JigyosyoCd=2362290518-00&ServiceCd=130&Type=search", "url2": "info@m-oasis.co.jp" }, "geometry": { "type": "Point", "coordinates": [ 136.782009900000048, 35.3137275 ] } },
{ "type": "Feature", "properties": { "内容": "緑の家　訪問看護ステーション一宮【訪問看護】愛知県一宮市緑四丁目10番25号", "url": "https://www.kaigokensaku.mhlw.go.jp/23/index.php?action_kouhyou_detail_004_kani=true&JigyosyoCd=2362290229-00&ServiceCd=130&Type=search", "url2": "https://midorinoie.com/" }, "geometry": { "type": "Point", "coordinates": [ 136.821294461953954, 35.2994801848603 ] } },
{ "type": "Feature", "properties": { "内容": "訪問看護ステーション　サポート【訪問看護】愛知県一宮市深坪町３２番２サポートテラス深坪", "url": "https://www.kaigokensaku.mhlw.go.jp/23/index.php?action_kouhyou_detail_004_kani=true&JigyosyoCd=2362290591-00&ServiceCd=130&Type=search", "url2": "https://terasu-kaimei.com/" }, "geometry": { "type": "Point", "coordinates": [ 136.780303436245703, 35.311650954064937 ] } },
{ "type": "Feature", "properties": { "内容": "ピコグラム訪問看護ステーション【訪問看護】愛知県一宮市中島通五丁目11番2", "url": "https://www.kaigokensaku.mhlw.go.jp/23/index.php?action_kouhyou_detail_004_kani=true&JigyosyoCd=2362290062-00&ServiceCd=130&Type=search", "url2": "https://www.pikogrm.com/" }, "geometry": { "type": "Point", "coordinates": [ 136.811972564906426, 35.324449803701334 ] } },
{ "type": "Feature", "properties": { "内容": "訪問看護の青空一宮【訪問看護】愛知県一宮市東五城字北作野４５－１ナーシングホーム青空一宮", "url": "https://www.kaigokensaku.mhlw.go.jp/23/index.php?action_kouhyou_detail_004_kani=true&JigyosyoCd=2362290526-00&ServiceCd=130&Type=search", "url2": "http://aozora-home.jp" }, "geometry": { "type": "Point", "coordinates": [ 136.749827, 35.3012231 ] } },
{ "type": "Feature", "properties": { "内容": "訪問看護ステーションつくし【訪問看護】愛知県一宮市末広３丁目１１番地１５号", "url": "https://www.kaigokensaku.mhlw.go.jp/23/index.php?action_kouhyou_detail_004_kani=true&JigyosyoCd=2362290120-00&ServiceCd=130&Type=search", "url2": null }, "geometry": { "type": "Point", "coordinates": [ 136.784564577912874, 35.292483086990501 ] } },
{ "type": "Feature", "properties": { "内容": "訪問看護　末広ナースステーション【訪問看護】愛知県一宮市末広1-5-23末広パークハイツ１０３号", "url": "https://www.kaigokensaku.mhlw.go.jp/23/index.php?action_kouhyou_detail_004_kani=true&JigyosyoCd=2362290351-00&ServiceCd=130&Type=search", "url2": "https://www.tttllc.co.jp/" }, "geometry": { "type": "Point", "coordinates": [ 136.790421446032724, 35.296684864733642 ] } },
{ "type": "Feature", "properties": { "内容": "訪問看護ステーション・アウン【訪問看護】愛知県一宮市浅井町尾関字同者165", "url": "https://www.kaigokensaku.mhlw.go.jp/23/index.php?action_kouhyou_detail_004_kani=true&JigyosyoCd=2362290013-00&ServiceCd=130&Type=search", "url2": "http://www.daiyukai.or.jp" }, "geometry": { "type": "Point", "coordinates": [ 136.832467700000052, 35.349731 ] } },
{ "type": "Feature", "properties": { "内容": "新生訪問看護ステーション・アウン【訪問看護】一宮市羽衣一丁目6番12号", "url": "https://www.kaigokensaku.mhlw.go.jp/23/index.php?action_kouhyou_detail_004_kani=true&JigyosyoCd=2362290021-00&ServiceCd=130&Type=search", "url2": "http://www.daiyukai.or.jp" }, "geometry": { "type": "Point", "coordinates": [ 136.809093994296973, 35.305363648386482 ] } },
{ "type": "Feature", "properties": { "内容": "愛恵訪問看護ステーション【訪問看護】愛知県一宮市浅井町東浅井字森下105番地1", "url": "https://www.kaigokensaku.mhlw.go.jp/23/index.php?action_kouhyou_detail_004_kani=true&JigyosyoCd=2362290294-00&ServiceCd=130&Type=search", "url2": "https://www.iful-jikeikai.com" }, "geometry": { "type": "Point", "coordinates": [ 136.82602831385239, 35.332881025450249 ] } },
{ "type": "Feature", "properties": { "内容": "社会福祉法人杏嶺会　訪問看護ステーションびさい【訪問看護】冨田字宮東1718番地1", "url": "https://www.kaigokensaku.mhlw.go.jp/23/index.php?action_kouhyou_detail_004_kani=true&JigyosyoCd=2362290914-00&ServiceCd=130&Type=search", "url2": "http://www.anzu．or．jp" }, "geometry": { "type": "Point", "coordinates": [ 136.7411247, 35.2943242 ] } },
{ "type": "Feature", "properties": { "内容": "イリス訪問看護ステーション【訪問看護】愛知県一宮市花池三丁目19番20号ハイム木村202号", "url": "https://www.kaigokensaku.mhlw.go.jp/23/index.php?action_kouhyou_detail_004_kani=true&JigyosyoCd=2362290278-00&ServiceCd=130&Type=search", "url2": null }, "geometry": { "type": "Point", "coordinates": [ 136.79720569999995, 35.2901574 ] } },
{ "type": "Feature", "properties": { "内容": "さくら訪問看護ステーション【訪問看護】愛知県一宮市大江2-9-11", "url": "https://www.kaigokensaku.mhlw.go.jp/23/index.php?action_kouhyou_detail_004_kani=true&JigyosyoCd=2362291003-00&ServiceCd=130&Type=search", "url2": null }, "geometry": { "type": "Point", "coordinates": [ 136.803862, 35.3030259 ] } },
{ "type": "Feature", "properties": { "内容": "ウェルホーム+ナースステーション一宮【訪問看護】新生1丁目8-12Coted'Azur3C号室", "url": "https://www.kaigokensaku.mhlw.go.jp/23/index.php?action_kouhyou_detail_004_kani=true&JigyosyoCd=2362291128-00&ServiceCd=130&Type=search", "url2": null }, "geometry": { "type": "Point", "coordinates": [ 136.7948327, 35.30117 ] } },
{ "type": "Feature", "properties": { "内容": "訪問看護ステーションルーチェ一宮【訪問看護】愛知県一宮市相生1-4-9インデンスフォーラム103", "url": "https://www.kaigokensaku.mhlw.go.jp/23/index.php?action_kouhyou_detail_004_kani=true&JigyosyoCd=2362291094-00&ServiceCd=130&Type=search", "url2": null }, "geometry": { "type": "Point", "coordinates": [ 136.8175632, 35.2956018 ] } },
{ "type": "Feature", "properties": { "内容": "さん・さんガーデン訪問看護ステーション【訪問看護】愛知県一宮市北方町曽根字村前東262", "url": "https://www.kaigokensaku.mhlw.go.jp/23/index.php?action_kouhyou_detail_004_kani=true&JigyosyoCd=2362291144-00&ServiceCd=130&Type=search", "url2": null }, "geometry": { "type": "Point", "coordinates": [ 136.783224499999989, 35.352654500000014 ] } },
{ "type": "Feature", "properties": { "内容": "訪問看護ステーション　まぁとと一宮【訪問看護】浜町５丁目13番ことぶき住宅ビル２階", "url": "https://www.kaigokensaku.mhlw.go.jp/23/index.php?action_kouhyou_detail_004_kani=true&JigyosyoCd=2362290922-00&ServiceCd=130&Type=search", "url2": null }, "geometry": { "type": "Point", "coordinates": [ 136.8134624, 35.3103138 ] } },
{ "type": "Feature", "properties": { "内容": "社会医療法人杏嶺会　訪問看護ステーションもりもと【訪問看護】愛知県一宮市森本2丁目21－5", "url": "https://www.kaigokensaku.mhlw.go.jp/23/index.php?action_kouhyou_detail_004_kani=true&JigyosyoCd=2362290948-00&ServiceCd=130&Type=search", "url2": "http://www.anzu.or.jp" }, "geometry": { "type": "Point", "coordinates": [ 136.8139841, 35.2922146 ] } },
{ "type": "Feature", "properties": { "内容": "訪問看護ぼちぼち一宮【訪問看護】愛知県一宮市大和町馬引焼野105-1メゾン焼野１０３", "url": "https://www.kaigokensaku.mhlw.go.jp/23/index.php?action_kouhyou_detail_004_kani=true&JigyosyoCd=2362290823-00&ServiceCd=130&Type=search", "url2": null }, "geometry": { "type": "Point", "coordinates": [ 136.7782531, 35.3081371 ] } },
{ "type": "Feature", "properties": { "内容": "ライフケア訪問看護ステーション【訪問看護】愛知県一宮市大和町毛受字浜田50番地", "url": "https://www.kaigokensaku.mhlw.go.jp/23/index.php?action_kouhyou_detail_004_kani=true&JigyosyoCd=2362290237-00&ServiceCd=130&Type=search", "url2": null }, "geometry": { "type": "Point", "coordinates": [ 136.780399187415185, 35.297836861946713 ] } },
{ "type": "Feature", "properties": { "内容": "えくぼ訪問看護ステーション【訪問看護】愛知県一宮市平和三丁目4番地の8", "url": "https://www.kaigokensaku.mhlw.go.jp/23/index.php?action_kouhyou_detail_004_kani=true&JigyosyoCd=2362290211-00&ServiceCd=130&Type=search", "url2": "http://hp.kaipoke.biz/bvr/" }, "geometry": { "type": "Point", "coordinates": [ 136.78252939999993, 35.3021924 ] } },
{ "type": "Feature", "properties": { "内容": "訪問看護ステーション幸せの和【訪問看護】愛知県一宮市本町４-18-4愛和ビル402", "url": "https://www.kaigokensaku.mhlw.go.jp/23/index.php?action_kouhyou_detail_004_kani=true&JigyosyoCd=2362291169-00&ServiceCd=130&Type=search", "url2": "http://fureai-egao.com/" }, "geometry": { "type": "Point", "coordinates": [ 136.802687600000013, 35.2992314 ] } },
{ "type": "Feature", "properties": { "内容": "そふぃあめでぃほうもんかんごすてーしょんいちのみや【訪問看護】愛知県一宮市神山３丁目３−９", "url": "https://www.kaigokensaku.mhlw.go.jp/23/index.php?action_kouhyou_detail_004_kani=true&JigyosyoCd=2362291177-00&ServiceCd=130&Type=search", "url2": "https://www.sophiamedi.co.jp/station/ichinomiya/" }, "geometry": { "type": "Point", "coordinates": [ 136.7827122, 35.3033455 ] } },
{ "type": "Feature", "properties": { "内容": "ベストリハ訪問看護ステーション一宮【訪問看護】愛知県一宮市木曽川町里小牧字野方29番地", "url": "https://www.kaigokensaku.mhlw.go.jp/23/index.php?action_kouhyou_detail_004_kani=true&JigyosyoCd=2362290963-00&ServiceCd=130&Type=search", "url2": "https://bestreha.com/" }, "geometry": { "type": "Point", "coordinates": [ 136.7671288, 35.350525900000036 ] } },
{ "type": "Feature", "properties": { "内容": "訪問看護メドタウン【訪問看護】愛知県一宮市奥町字宮前44番地１メドタウンいちのみや", "url": "https://www.kaigokensaku.mhlw.go.jp/23/index.php?action_kouhyou_detail_004_kani=true&JigyosyoCd=2362290658-00&ServiceCd=130&Type=search", "url2": null }, "geometry": { "type": "Point", "coordinates": [ 136.7697964, 35.3296335 ] } },
{ "type": "Feature", "properties": { "内容": "訪問看護ステーション温【訪問看護】愛知県一宮市馬見塚西ノ山２６－１", "url": "https://www.kaigokensaku.mhlw.go.jp/23/index.php?action_kouhyou_detail_004_kani=true&JigyosyoCd=2362290609-00&ServiceCd=130&Type=search", "url2": "http://www.inm-tanicli.com/" }, "geometry": { "type": "Point", "coordinates": [ 136.818389043105327, 35.290128434678557 ] } },
{ "type": "Feature", "properties": { "内容": "訪問看護ステーション　える【訪問看護】愛知県一宮市開明字馬保里59-1メゾンマイルド105号", "url": "https://www.kaigokensaku.mhlw.go.jp/23/index.php?action_kouhyou_detail_004_kani=true&JigyosyoCd=2362290559-00&ServiceCd=130&Type=search", "url2": "www.kei-group.co.jp" }, "geometry": { "type": "Point", "coordinates": [ 136.77132759999995, 35.3167078 ] } },
{ "type": "Feature", "properties": { "内容": "ほくと訪問看護ステーション【訪問看護】一宮市泉一丁目15番2号", "url": "https://www.kaigokensaku.mhlw.go.jp/23/index.php?action_kouhyou_detail_004_kani=true&JigyosyoCd=2362290450-00&ServiceCd=130&Type=search", "url2": "https://nh.hokuto7s.co.jp" }, "geometry": { "type": "Point", "coordinates": [ 136.807355875929687, 35.301226383011617 ] } },
{ "type": "Feature", "properties": { "内容": "訪問看護ステーションつむぎ【訪問看護】愛知県一宮市三条墓北12-7", "url": "https://www.kaigokensaku.mhlw.go.jp/23/index.php?action_kouhyou_detail_004_kani=true&JigyosyoCd=2362291185-00&ServiceCd=130&Type=search", "url2": null }, "geometry": { "type": "Point", "coordinates": [ 136.752427805530147, 35.305802364419463 ] } },
{ "type": "Feature", "properties": { "内容": "ゆず訪問看護ステーション【訪問看護】愛知県一宮市猿海道３丁目1-44コーポ三和Ⅱ　2A", "url": "https://www.kaigokensaku.mhlw.go.jp/23/index.php?action_kouhyou_detail_004_kani=true&JigyosyoCd=2362290765-00&ServiceCd=130&Type=search", "url2": "https://www.yuzuhoumon.com/" }, "geometry": { "type": "Point", "coordinates": [ 136.816457899999989, 35.2829354 ] } },
{ "type": "Feature", "properties": { "内容": "訪問看護ステーション・ちあき【訪問看護】愛知県一宮市千秋町塩尻山王１", "url": "https://www.kaigokensaku.mhlw.go.jp/23/index.php?action_kouhyou_detail_004_kani=true&JigyosyoCd=2362290039-00&ServiceCd=130&Type=search", "url2": "http://www.chiaki.com/" }, "geometry": { "type": "Point", "coordinates": [ 136.847695899999962, 35.2889347 ] } },
{ "type": "Feature", "properties": { "内容": "おだいじに訪問看護リハビリステーション一宮【訪問看護】愛知県一宮市住吉一丁目9-9ドリームシティ住吉A101号", "url": "https://www.kaigokensaku.mhlw.go.jp/23/index.php?action_kouhyou_detail_004_kani=true&JigyosyoCd=2362290674-00&ServiceCd=130&Type=search", "url2": null }, "geometry": { "type": "Point", "coordinates": [ 136.789727699999986, 35.2985937 ] } },
{ "type": "Feature", "properties": { "内容": "松原クリニック訪問看護ステーション【訪問看護】愛知県一宮市木曽川町玉ノ井字吉原西119番松原クリニック訪問看護ステーション", "url": "https://www.kaigokensaku.mhlw.go.jp/23/index.php?action_kouhyou_detail_004_kani=true&JigyosyoCd=2362290757-00&ServiceCd=130&Type=search", "url2": "matsubara-cl.net" }, "geometry": { "type": "Point", "coordinates": [ 136.7637197, 35.3337937 ] } },
{ "type": "Feature", "properties": { "内容": "訪問看護ステーション　和み【訪問看護】愛知県一宮市浅井町前野字薬師裏53番地", "url": "https://www.kaigokensaku.mhlw.go.jp/23/index.php?action_kouhyou_detail_004_kani=true&JigyosyoCd=2362290054-00&ServiceCd=130&Type=search", "url2": "raikoukai.or.jp" }, "geometry": { "type": "Point", "coordinates": [ 136.833997964859009, 35.345309687824425 ] } },
{ "type": "Feature", "properties": { "内容": "訪問看護ｽﾃｰｼｮﾝ　想～sou～【訪問看護】木曽川町黒田七ノ通り268番地1ｸﾞﾗﾝﾃﾞｨｰ木曽川G号室", "url": "https://www.kaigokensaku.mhlw.go.jp/23/index.php?action_kouhyou_detail_004_kani=true&JigyosyoCd=2362290336-00&ServiceCd=130&Type=search", "url2": "http://zeal-sou.com" }, "geometry": { "type": "Point", "coordinates": [ 136.787373032540927, 35.339960848120207 ] } },
{ "type": "Feature", "properties": { "内容": "訪問看護ステーション・くりた【訪問看護】愛知県一宮市昭和二丁目２番８号アメニティパーク柳下103号", "url": "https://www.kaigokensaku.mhlw.go.jp/23/index.php?action_kouhyou_detail_004_kani=true&JigyosyoCd=2362290369-00&ServiceCd=130&Type=search", "url2": null }, "geometry": { "type": "Point", "coordinates": [ 136.789117900000065, 35.2934046 ] } },
{ "type": "Feature", "properties": { "内容": "訪問看護ステーション　やすらぎ【訪問看護】愛知県一宮市奥町字下口西72番地１", "url": "https://www.kaigokensaku.mhlw.go.jp/23/index.php?action_kouhyou_detail_004_kani=true&JigyosyoCd=2362290047-00&ServiceCd=130&Type=search", "url2": "http://www.anzu.or.jp/" }, "geometry": { "type": "Point", "coordinates": [ 136.756450153967279, 35.328616575147755 ] } },
{ "type": "Feature", "properties": { "内容": "訪問看護ステーション　カラン【訪問看護】愛知県一宮市小信中島字東鵯平31番地サンハイツⅠ103号", "url": "https://www.kaigokensaku.mhlw.go.jp/23/index.php?action_kouhyou_detail_004_kani=true&JigyosyoCd=2362290880-00&ServiceCd=130&Type=search", "url2": null }, "geometry": { "type": "Point", "coordinates": [ 136.7486428, 35.3168587 ] } },
{ "type": "Feature", "properties": { "内容": "ミント訪問看護ステーション【訪問看護】愛知県一宮市常願通八丁目１６番地アレフⅢ　１０６号", "url": "https://www.kaigokensaku.mhlw.go.jp/23/index.php?action_kouhyou_detail_004_kani=true&JigyosyoCd=2362290161-00&ServiceCd=130&Type=search", "url2": "https://mint138.com/" }, "geometry": { "type": "Point", "coordinates": [ 136.818711300000018, 35.31452 ] } },
{ "type": "Feature", "properties": { "内容": "株式会社　虹のひかり【訪問看護】真清田二丁目４番１９号真清田クリニック　2階", "url": "https://www.kaigokensaku.mhlw.go.jp/23/index.php?action_kouhyou_detail_004_kani=true&JigyosyoCd=2362290799-00&ServiceCd=130&Type=search", "url2": "m-inoue@nijinohikari.co.jp" }, "geometry": { "type": "Point", "coordinates": [ 136.8030205, 35.3087329 ] } },
{ "type": "Feature", "properties": { "内容": "訪問看護ステーションうさぎとかめ【訪問看護】一宮市馬見塚字郷内744メゾン・ド・エヴァン201号", "url": "https://www.kaigokensaku.mhlw.go.jp/23/index.php?action_kouhyou_detail_004_kani=true&JigyosyoCd=2362290930-00&ServiceCd=130&Type=search", "url2": "https://usakame0710.com/" }, "geometry": { "type": "Point", "coordinates": [ 136.820104400000019, 35.294787099999986 ] } },
{ "type": "Feature", "properties": { "内容": "訪問看護リライブ【訪問看護】愛知県胡蝶", "url": "https://www.kaigokensaku.mhlw.go.jp/23/index.php?action_kouhyou_detail_004_kani=true&JigyosyoCd=2362290971-00&ServiceCd=130&Type=search", "url2": "https://re-live-web.com/" }, "geometry": { "type": "Point", "coordinates": [ 137.2923893, 35.0182505 ] } },
{ "type": "Feature", "properties": { "内容": "いちご介護訪問看護ステーション【訪問看護】愛知県一宮市今伊勢町馬寄北塚本19-1ルナエマーレ103", "url": "https://www.kaigokensaku.mhlw.go.jp/23/index.php?action_kouhyou_detail_004_kani=true&JigyosyoCd=2362291102-00&ServiceCd=130&Type=search", "url2": null }, "geometry": { "type": "Point", "coordinates": [ 136.7889481, 35.3310875 ] } },
{ "type": "Feature", "properties": { "内容": "訪問看護ステーションふじのはな【訪問看護】愛知県一宮市森本5丁目28番12号", "url": "https://www.kaigokensaku.mhlw.go.jp/23/index.php?action_kouhyou_detail_004_kani=true&JigyosyoCd=2362291037-00&ServiceCd=130&Type=search", "url2": "https://fujinohana.or.jp/" }, "geometry": { "type": "Point", "coordinates": [ 136.815146, 35.285201162489834 ] } },
{ "type": "Feature", "properties": { "内容": "フクシア7S訪問看護事業所【訪問看護】松降2丁目5-14グレイス松降217号室", "url": "https://www.kaigokensaku.mhlw.go.jp/23/index.php?action_kouhyou_detail_004_kani=true&JigyosyoCd=2362291011-00&ServiceCd=130&Type=search", "url2": null }, "geometry": { "type": "Point", "coordinates": [ 136.8041751, 35.3097039 ] } },
{ "type": "Feature", "properties": { "内容": "訪問看護ステーションあやめ瀬戸【訪問看護】愛知県瀬戸市福元町85番1号イトウビル七番館201号室", "url": "https://www.kaigokensaku.mhlw.go.jp/23/index.php?action_kouhyou_detail_004_kani=true&JigyosyoCd=2362390250-00&ServiceCd=130&Type=search", "url2": "https://firstnurse.co.jp/" }, "geometry": { "type": "Point", "coordinates": [ 137.0790314, 35.2043302 ] } },
{ "type": "Feature", "properties": { "内容": "訪問看護ステーション　うららか【訪問看護】愛知県瀬戸市坂上町５８５番地", "url": "https://www.kaigokensaku.mhlw.go.jp/23/index.php?action_kouhyou_detail_004_kani=true&JigyosyoCd=2362390268-00&ServiceCd=130&Type=search", "url2": "https://urraka-peace.com" }, "geometry": { "type": "Point", "coordinates": [ 137.052775353689583, 35.201917835385665 ] } },
{ "type": "Feature", "properties": { "内容": "訪問看護ステーション　まつりか【訪問看護】愛知県瀬戸市今林町392番地", "url": "https://www.kaigokensaku.mhlw.go.jp/23/index.php?action_kouhyou_detail_004_kani=true&JigyosyoCd=2362390235-00&ServiceCd=130&Type=search", "url2": "http://matsurika-shinsei.jp/" }, "geometry": { "type": "Point", "coordinates": [ 137.092777399999989, 35.2006046 ] } },
{ "type": "Feature", "properties": { "内容": "ほうもんかんごステーション【訪問看護】愛知県瀬戸市東長根町126番地エステート長根102号室", "url": "https://www.kaigokensaku.mhlw.go.jp/23/index.php?action_kouhyou_detail_004_kani=true&JigyosyoCd=2362390326-00&ServiceCd=130&Type=search", "url2": null }, "geometry": { "type": "Point", "coordinates": [ 137.0760779, 35.2146969 ] } },
{ "type": "Feature", "properties": { "内容": "あおば訪問看護ステーション【訪問看護】愛知県瀬戸市北浦町4丁目36番", "url": "https://www.kaigokensaku.mhlw.go.jp/23/index.php?action_kouhyou_detail_004_kani=true&JigyosyoCd=2362390110-00&ServiceCd=130&Type=search", "url2": "www.fuji-ls.com/company.html" }, "geometry": { "type": "Point", "coordinates": [ 137.0700534, 35.2194664 ] } },
{ "type": "Feature", "properties": { "内容": "訪問看護ステーション　まい【訪問看護】愛知県瀬戸市緑町二丁目１１４番地の１医療法人　宏和会　コミュニティセンター", "url": "https://www.kaigokensaku.mhlw.go.jp/23/index.php?action_kouhyou_detail_004_kani=true&JigyosyoCd=2362390045-00&ServiceCd=130&Type=search", "url2": "http://www.gctv.ne.jp/~kowa-yhp/kouwakai/kaigo/02hou_mai/02hou_mai.html" }, "geometry": { "type": "Point", "coordinates": [ 137.088760150309781, 35.20468804002396 ] } },
{ "type": "Feature", "properties": { "内容": "訪問看護ステーションなごみ【訪問看護】愛知県瀬戸市川北町２丁目１１番地", "url": "https://www.kaigokensaku.mhlw.go.jp/23/index.php?action_kouhyou_detail_004_kani=true&JigyosyoCd=2362390029-00&ServiceCd=130&Type=search", "url2": "http://www.aichi-iic.or.jp/cop/i-hospit/houmon_nagomi_top.html" }, "geometry": { "type": "Point", "coordinates": [ 137.061287583714261, 35.218513594936695 ] } },
{ "type": "Feature", "properties": { "内容": "訪問看護ステーションあや【訪問看護】愛知県瀬戸市西米泉町147OMレジデンス瀬戸Ⅱ　203号", "url": "https://www.kaigokensaku.mhlw.go.jp/23/index.php?action_kouhyou_detail_004_kani=true&JigyosyoCd=2362390276-00&ServiceCd=130&Type=search", "url2": "info@seva.co.jp" }, "geometry": { "type": "Point", "coordinates": [ 137.0856982, 35.200944 ] } },
{ "type": "Feature", "properties": { "内容": "訪問看護ステーションゆず【訪問看護】愛知県瀬戸市松原町三丁目２６３番地", "url": "https://www.kaigokensaku.mhlw.go.jp/23/index.php?action_kouhyou_detail_004_kani=true&JigyosyoCd=2362390151-00&ServiceCd=130&Type=search", "url2": null }, "geometry": { "type": "Point", "coordinates": [ 137.069764500000019, 35.2267016 ] } },
{ "type": "Feature", "properties": { "内容": "訪問看護ナーシングプラス土屋　瀬戸【訪問看護】愛知県瀬戸市萩殿町3－39", "url": "https://www.kaigokensaku.mhlw.go.jp/23/index.php?action_kouhyou_detail_004_kani=true&JigyosyoCd=2362390284-00&ServiceCd=130&Type=search", "url2": "https://tcy.co.jp/" }, "geometry": { "type": "Point", "coordinates": [ 137.1034013, 35.2166945 ] } },
{ "type": "Feature", "properties": { "内容": "株式会社訪問看護ステーション山品【訪問看護】愛知県瀬戸市品野町5丁目65番地", "url": "https://www.kaigokensaku.mhlw.go.jp/23/index.php?action_kouhyou_detail_004_kani=true&JigyosyoCd=2362390201-00&ServiceCd=130&Type=search", "url2": null }, "geometry": { "type": "Point", "coordinates": [ 137.124983771163897, 35.247816572366759 ] } },
{ "type": "Feature", "properties": { "内容": "リハビリ訪問看護ステーショントライ【訪問看護】山口町34-2", "url": "https://www.kaigokensaku.mhlw.go.jp/23/index.php?action_kouhyou_detail_004_kani=true&JigyosyoCd=2362390185-00&ServiceCd=130&Type=search", "url2": "https://r.goope.jp/daytrystudio3/" }, "geometry": { "type": "Point", "coordinates": [ 137.10304177523517, 35.199371330976618 ] } },
{ "type": "Feature", "properties": { "内容": "アンバーナースステーション瀬戸【訪問看護】愛知県瀬戸市上本町467アンバー瀬戸", "url": "https://www.kaigokensaku.mhlw.go.jp/23/index.php?action_kouhyou_detail_004_kani=true&JigyosyoCd=2362390342-00&ServiceCd=130&Type=search", "url2": "https://amberseto.com/" }, "geometry": { "type": "Point", "coordinates": [ 137.086462542327894, 35.244550629919722 ] } },
{ "type": "Feature", "properties": { "内容": "訪問看護ステーション咲桜【訪問看護】愛知県瀬戸市瘤木町73番地1", "url": "https://www.kaigokensaku.mhlw.go.jp/23/index.php?action_kouhyou_detail_004_kani=true&JigyosyoCd=2362390359-00&ServiceCd=130&Type=search", "url2": "https://www.shine-stella.net/" }, "geometry": { "type": "Point", "coordinates": [ 137.08357860000001, 35.2148279 ] } },
{ "type": "Feature", "properties": { "内容": "公立陶生病院【訪問看護】愛知県瀬戸市西追分町１６０番地", "url": "https://www.kaigokensaku.mhlw.go.jp/23/index.php?action_kouhyou_detail_004_kani=true&JigyosyoCd=2312300243-00&ServiceCd=130&Type=search", "url2": "http://www.tosei.or.jp" }, "geometry": { "type": "Point", "coordinates": [ 137.082068700000036, 35.2261243 ] } },
{ "type": "Feature", "properties": { "内容": "訪問看護ステーション医大前【訪問看護】愛知県瀬戸市井戸金町373番地", "url": "https://www.kaigokensaku.mhlw.go.jp/23/index.php?action_kouhyou_detail_004_kani=true&JigyosyoCd=2362390177-00&ServiceCd=130&Type=search", "url2": null }, "geometry": { "type": "Point", "coordinates": [ 137.052536, 35.1963103 ] } },
{ "type": "Feature", "properties": { "内容": "ひのてり訪問看護ステーション【訪問看護】川北町一丁目７２番地", "url": "https://www.kaigokensaku.mhlw.go.jp/23/index.php?action_kouhyou_detail_004_kani=true&JigyosyoCd=2362390318-00&ServiceCd=130&Type=search", "url2": "https://hinoteri.com" }, "geometry": { "type": "Point", "coordinates": [ 137.061968920434282, 35.218650136851949 ] } },
{ "type": "Feature", "properties": { "内容": "アシスト訪問看護ステーション【訪問看護】西長根町24番地122", "url": "https://www.kaigokensaku.mhlw.go.jp/23/index.php?action_kouhyou_detail_004_kani=true&JigyosyoCd=2362390136-00&ServiceCd=130&Type=search", "url2": null }, "geometry": { "type": "Point", "coordinates": [ 137.0749614, 35.2126257 ] } },
{ "type": "Feature", "properties": { "内容": "瀬戸中央訪問看護ステーション【訪問看護】愛知県瀬戸市陶原町３－１２", "url": "https://www.kaigokensaku.mhlw.go.jp/23/index.php?action_kouhyou_detail_004_kani=true&JigyosyoCd=2362390219-00&ServiceCd=130&Type=search", "url2": "http://setochuo.com/" }, "geometry": { "type": "Point", "coordinates": [ 137.089646553942003, 35.223910737498024 ] } },
{ "type": "Feature", "properties": { "内容": "訪問看護ステーション　楽雅堂【訪問看護】愛知県瀬戸市高根町一丁目９６番地", "url": "https://www.kaigokensaku.mhlw.go.jp/23/index.php?action_kouhyou_detail_004_kani=true&JigyosyoCd=2362390128-00&ServiceCd=130&Type=search", "url2": "www.rakugado.co.jp" }, "geometry": { "type": "Point", "coordinates": [ 137.070084100000031, 35.2103786 ] } },
{ "type": "Feature", "properties": { "内容": "訪問看護ステーションゆず【訪問看護】愛知県瀬戸市松原町三丁目263番地", "url": "https://www.kaigokensaku.mhlw.go.jp/23/index.php?action_kouhyou_detail_004_kani=true&JigyosyoCd=2362390375-00&ServiceCd=130&Type=search", "url2": "houmon-yuzu.jimdofree.com" }, "geometry": { "type": "Point", "coordinates": [ 137.0692459, 35.226829800000012 ] } },
{ "type": "Feature", "properties": { "内容": "柊訪問看護ステーション【訪問看護】愛知県瀬戸市上松山町1-69", "url": "https://www.kaigokensaku.mhlw.go.jp/23/index.php?action_kouhyou_detail_004_kani=true&JigyosyoCd=2362390094-00&ServiceCd=130&Type=search", "url2": "https://hiiragist.com/" }, "geometry": { "type": "Point", "coordinates": [ 137.082581743562173, 35.233027697952274 ] } },
{ "type": "Feature", "properties": { "内容": "元気はつらつ訪問看護【訪問看護】愛知県半田市栄町三丁目１４７番地", "url": "https://www.kaigokensaku.mhlw.go.jp/23/index.php?action_kouhyou_detail_004_kani=true&JigyosyoCd=2362490159-00&ServiceCd=130&Type=search", "url2": "http://www.genki-ha2ra2.co.jp" }, "geometry": { "type": "Point", "coordinates": [ 136.923931900000071, 34.8849177 ] } },
{ "type": "Feature", "properties": { "内容": "ベタニア訪問看護ステーション【訪問看護】愛知県半田市桐ケ丘四丁目２０８番地の14", "url": "https://www.kaigokensaku.mhlw.go.jp/23/index.php?action_kouhyou_detail_004_kani=true&JigyosyoCd=2362490084-00&ServiceCd=130&Type=search", "url2": "http://betaniahome.themedia.jp" }, "geometry": { "type": "Point", "coordinates": [ 136.914790529499754, 34.891599380964252 ] } },
{ "type": "Feature", "properties": { "内容": "訪問看護ステーション　ともいき【訪問看護】愛知県半田市雁宿町1丁目12番地1", "url": "https://www.kaigokensaku.mhlw.go.jp/23/index.php?action_kouhyou_detail_004_kani=true&JigyosyoCd=2362490241-00&ServiceCd=130&Type=search", "url2": null }, "geometry": { "type": "Point", "coordinates": [ 136.924083299999978, 34.8959995 ] } },
{ "type": "Feature", "properties": { "内容": "訪問看護ステーション　空＆海半田【訪問看護】愛知県半田市新栄町24-1", "url": "https://www.kaigokensaku.mhlw.go.jp/23/index.php?action_kouhyou_detail_004_kani=true&JigyosyoCd=2362490225-00&ServiceCd=130&Type=search", "url2": "http://www.himawari-care-s.com" }, "geometry": { "type": "Point", "coordinates": [ 136.936947300000014, 34.8924781 ] } },
{ "type": "Feature", "properties": { "内容": "訪問看護ステーション　アイリス半田【訪問看護】愛知県半田市宮本町5丁目313番地7メゾンシャトル101号室", "url": "https://www.kaigokensaku.mhlw.go.jp/23/index.php?action_kouhyou_detail_004_kani=true&JigyosyoCd=2362490191-00&ServiceCd=130&Type=search", "url2": "http://www.kyowa.or.jp/" }, "geometry": { "type": "Point", "coordinates": [ 136.908341299999989, 34.8868667 ] } },
{ "type": "Feature", "properties": { "内容": "訪問看護ステーション　はぐくみ【訪問看護】愛知県半田市向山町1丁目110番地", "url": "https://www.kaigokensaku.mhlw.go.jp/23/index.php?action_kouhyou_detail_004_kani=true&JigyosyoCd=2362490258-00&ServiceCd=130&Type=search", "url2": "https://hug-kumi.com/" }, "geometry": { "type": "Point", "coordinates": [ 136.950572, 34.909889900000017 ] } },
{ "type": "Feature", "properties": { "内容": "訪問看護ステーション　コスモス【訪問看護】愛知県半田市稲穂町一丁目１４２番地１", "url": "https://www.kaigokensaku.mhlw.go.jp/23/index.php?action_kouhyou_detail_004_kani=true&JigyosyoCd=2362490035-00&ServiceCd=130&Type=search", "url2": "http://www.i-koyu.or.jp/index.html" }, "geometry": { "type": "Point", "coordinates": [ 136.958598700000039, 34.9330121 ] } },
{ "type": "Feature", "properties": { "内容": "青山訪問看護ステーション【訪問看護】愛知県半田市青山2－22－3", "url": "https://www.kaigokensaku.mhlw.go.jp/23/index.php?action_kouhyou_detail_004_kani=true&JigyosyoCd=2362490027-00&ServiceCd=130&Type=search", "url2": "aogehk@yahoo.co.jp" }, "geometry": { "type": "Point", "coordinates": [ 136.914552599999979, 34.8780623 ] } },
{ "type": "Feature", "properties": { "内容": "なちゅらる訪問看護リハビリステーション【訪問看護】愛知県半田市阿原町18", "url": "https://www.kaigokensaku.mhlw.go.jp/23/index.php?action_kouhyou_detail_004_kani=true&JigyosyoCd=2362490167-00&ServiceCd=130&Type=search", "url2": "http://www.natural-no1.jp" }, "geometry": { "type": "Point", "coordinates": [ 136.960066302516253, 34.913659672739762 ] } },
{ "type": "Feature", "properties": { "内容": "知多訪問看護リハビリステーション【訪問看護】愛知県半田市星崎町三丁目20番地住吉ビル1階", "url": "https://www.kaigokensaku.mhlw.go.jp/23/index.php?action_kouhyou_detail_004_kani=true&JigyosyoCd=2362490142-00&ServiceCd=130&Type=search", "url2": "http://chita-houmon0901.com/index.html" }, "geometry": { "type": "Point", "coordinates": [ 136.9220044, 34.8807124 ] } },
{ "type": "Feature", "properties": { "内容": "指定訪問看護事業所ままん【訪問看護】愛知県半田市桐ヶ丘四丁目214番地の2アートヒルズ桐ヶ丘南館・201号室", "url": "https://www.kaigokensaku.mhlw.go.jp/23/index.php?action_kouhyou_detail_004_kani=true&JigyosyoCd=2362490100-00&ServiceCd=130&Type=search", "url2": "https://maman-kaigo.com" }, "geometry": { "type": "Point", "coordinates": [ 136.914974400000034, 34.890528300000014 ] } },
{ "type": "Feature", "properties": { "内容": "すみれ訪問看護ステーション【訪問看護】愛知県半田市岩滑高山町6丁目16番地1", "url": "https://www.kaigokensaku.mhlw.go.jp/23/index.php?action_kouhyou_detail_004_kani=true&JigyosyoCd=2362490092-00&ServiceCd=130&Type=search", "url2": "https://sumire-ns-home.amebaownd.com/" }, "geometry": { "type": "Point", "coordinates": [ 136.91485398967211, 34.909995819457365 ] } },
{ "type": "Feature", "properties": { "内容": "訪問看護ステーション　ひだまりの郷半田【訪問看護】愛知県半田市更生町一丁目122番地の18", "url": "https://www.kaigokensaku.mhlw.go.jp/23/index.php?action_kouhyou_detail_004_kani=true&JigyosyoCd=2362490134-00&ServiceCd=130&Type=search", "url2": "http://hidamari-sato.jp" }, "geometry": { "type": "Point", "coordinates": [ 136.927108807492516, 34.892672621413361 ] } },
{ "type": "Feature", "properties": { "内容": "訪問看護ステーション和来　はんだ【訪問看護】愛知県半田市青山４丁目２－１コートスクエアBLD１０４", "url": "https://www.kaigokensaku.mhlw.go.jp/23/index.php?action_kouhyou_detail_004_kani=true&JigyosyoCd=2362490183-00&ServiceCd=130&Type=search", "url2": "http://www.warai.life/" }, "geometry": { "type": "Point", "coordinates": [ 136.906028500000048, 34.881881400000019 ] } },
{ "type": "Feature", "properties": { "内容": "訪問看護ステーション345半田【訪問看護】北二ツ坂町1丁目2-15COM'S二ツ坂3B", "url": "https://www.kaigokensaku.mhlw.go.jp/23/index.php?action_kouhyou_detail_004_kani=true&JigyosyoCd=2362490290-00&ServiceCd=130&Type=search", "url2": "https://345-ns.com/" }, "geometry": { "type": "Point", "coordinates": [ 136.91394440000002, 34.8953493 ] } },
{ "type": "Feature", "properties": { "内容": "訪問看護リハビリステーションそえる【訪問看護】愛知県半田市仲田町1-44ハイツアボカド302号室", "url": "https://www.kaigokensaku.mhlw.go.jp/23/index.php?action_kouhyou_detail_004_kani=true&JigyosyoCd=2362490282-00&ServiceCd=130&Type=search", "url2": null }, "geometry": { "type": "Point", "coordinates": [ 136.9188895, 34.8873162 ] } },
{ "type": "Feature", "properties": { "内容": "こども訪問看護ステーション　Hugme【訪問看護】愛知県半田市青山一丁目9番地８classworkAOYAMAB2階", "url": "https://www.kaigokensaku.mhlw.go.jp/23/index.php?action_kouhyou_detail_004_kani=true&JigyosyoCd=2362490308-00&ServiceCd=130&Type=search", "url2": "https://aichihoumonkango.com" }, "geometry": { "type": "Point", "coordinates": [ 136.9158758, 34.8779526 ] } },
{ "type": "Feature", "properties": { "内容": "訪問看護ステーション空＆海亀崎【訪問看護】愛知県半田市亀崎町5-4-1", "url": "https://www.kaigokensaku.mhlw.go.jp/23/index.php?action_kouhyou_detail_004_kani=true&JigyosyoCd=2362490274-00&ServiceCd=130&Type=search", "url2": "https://himawari-care-s.com/" }, "geometry": { "type": "Point", "coordinates": [ 136.9642565, 34.9158272 ] } },
{ "type": "Feature", "properties": { "内容": "訪問看護ステーション　メイメイ半田【訪問看護】美原町1-2-1キャッスルグランデ101号室", "url": "https://www.kaigokensaku.mhlw.go.jp/23/index.php?action_kouhyou_detail_004_kani=true&JigyosyoCd=2362490209-00&ServiceCd=130&Type=search", "url2": "https://mei-mei.co.jp/" }, "geometry": { "type": "Point", "coordinates": [ 136.945678461600096, 34.918392685063303 ] } },
{ "type": "Feature", "properties": { "内容": "訪問看護スマイルナーシング半田【訪問看護】愛知県半田市板山町二丁目58番地4", "url": "https://www.kaigokensaku.mhlw.go.jp/23/index.php?action_kouhyou_detail_004_kani=true&JigyosyoCd=2362490233-00&ServiceCd=130&Type=search", "url2": "https：//smile-nursing.jp" }, "geometry": { "type": "Point", "coordinates": [ 136.8906627, 34.8888489 ] } },
{ "type": "Feature", "properties": { "内容": "訪問看護ステーション琴葉はんだ【訪問看護】愛知県半田市東生見町15-4", "url": "https://www.kaigokensaku.mhlw.go.jp/23/index.php?action_kouhyou_detail_004_kani=true&JigyosyoCd=2362490126-00&ServiceCd=130&Type=search", "url2": "http://www.kotoha2007.co.jp/business_7.html" }, "geometry": { "type": "Point", "coordinates": [ 136.954174500000022, 34.926696 ] } },
{ "type": "Feature", "properties": { "内容": "東春訪問看護ステーション【訪問看護】愛知県春日井市西高山町3丁目5番地の1", "url": "https://www.kaigokensaku.mhlw.go.jp/23/index.php?action_kouhyou_detail_004_kani=true&JigyosyoCd=2362590115-00&ServiceCd=130&Type=search", "url2": "http://toushun-st@me.ccnw.ne..jp" }, "geometry": { "type": "Point", "coordinates": [ 136.9492444, 35.2556173 ] } },
{ "type": "Feature", "properties": { "内容": "ポムケアサービス　訪問看護ステーション【訪問看護】愛知県春日井市如意申町6丁目1番9号メゾン・ド・シルバー　101号", "url": "https://www.kaigokensaku.mhlw.go.jp/23/index.php?action_kouhyou_detail_004_kani=true&JigyosyoCd=2362590255-00&ServiceCd=130&Type=search", "url2": "http://www.pomnet.jp" }, "geometry": { "type": "Point", "coordinates": [ 136.95090289999996, 35.2461964 ] } },
{ "type": "Feature", "properties": { "内容": "くらしケア春日井訪問看護ステーション【訪問看護】愛知県春日井市上条町1丁目218番地ファレノプシス601号室", "url": "https://www.kaigokensaku.mhlw.go.jp/23/index.php?action_kouhyou_detail_004_kani=true&JigyosyoCd=2362590362-00&ServiceCd=130&Type=search", "url2": "http://www.kurashicare.co.jp/" }, "geometry": { "type": "Point", "coordinates": [ 136.98299529999997, 35.2443245 ] } },
{ "type": "Feature", "properties": { "内容": "久保田脳神経外科クリニック【訪問看護】大留町9丁目3番地2", "url": "https://www.kaigokensaku.mhlw.go.jp/23/index.php?action_kouhyou_detail_004_kani=true&JigyosyoCd=2312503374-00&ServiceCd=130&Type=search", "url2": "http://www.kubota-bc.jp" }, "geometry": { "type": "Point", "coordinates": [ 137.025967291401685, 35.260537982623497 ] } },
{ "type": "Feature", "properties": { "内容": "訪問看護ステーションあやめ春日井【訪問看護】愛知県春日井市東野町１０丁目14-4コアビル３D", "url": "https://www.kaigokensaku.mhlw.go.jp/23/index.php?action_kouhyou_detail_004_kani=true&JigyosyoCd=2362590396-00&ServiceCd=130&Type=search", "url2": "http://www.firstnurse.co.jp" }, "geometry": { "type": "Point", "coordinates": [ 136.982351099999988, 35.2641203 ] } },
{ "type": "Feature", "properties": { "内容": "訪問看護ステーション　サポートひだまり【訪問看護】愛知県春日井市瑞穂通1-171マンション柏東201", "url": "https://www.kaigokensaku.mhlw.go.jp/23/index.php?action_kouhyou_detail_004_kani=true&JigyosyoCd=2362590420-00&ServiceCd=130&Type=search", "url2": "http://saport7hidamari.web.fc2.com/" }, "geometry": { "type": "Point", "coordinates": [ 136.96508185463108, 35.243783633783607 ] } },
{ "type": "Feature", "properties": { "内容": "春日井整形外科訪問看護ステーション【訪問看護】愛知県春日井市東野町３丁目１５番地１春日井整形外科", "url": "https://www.kaigokensaku.mhlw.go.jp/23/index.php?action_kouhyou_detail_004_kani=true&JigyosyoCd=2362590180-00&ServiceCd=130&Type=search", "url2": "http://www.asahibyouin.or.jp/rehabili-houmon.htm" }, "geometry": { "type": "Point", "coordinates": [ 136.985302, 35.269163640458821 ] } },
{ "type": "Feature", "properties": { "内容": "訪問看護ステーション勝川【訪問看護】春日井市若草通1丁目12番地", "url": "https://www.kaigokensaku.mhlw.go.jp/23/index.php?action_kouhyou_detail_004_kani=true&JigyosyoCd=2362590024-00&ServiceCd=130&Type=search", "url2": "https://www.kachigawa-iin.jp" }, "geometry": { "type": "Point", "coordinates": [ 136.956150100000059, 35.2340955 ] } },
{ "type": "Feature", "properties": { "内容": "医療法人勝川医院　訪問看護ステーション六軒屋【訪問看護】愛知県春日井市六軒屋町西3丁目13-20", "url": "https://www.kaigokensaku.mhlw.go.jp/23/index.php?action_kouhyou_detail_004_kani=true&JigyosyoCd=2362590354-00&ServiceCd=130&Type=search", "url2": "https://www.kachigawa-iin.jp" }, "geometry": { "type": "Point", "coordinates": [ 136.970339400000057, 35.2622126 ] } },
{ "type": "Feature", "properties": { "内容": "医療法人徳洲会　高蔵寺訪問看護ステーション　のぞみ【訪問看護】愛知県春日井市高蔵寺町北2丁目52番地名古屋徳洲会総合病院", "url": "https://www.kaigokensaku.mhlw.go.jp/23/index.php?action_kouhyou_detail_004_kani=true&JigyosyoCd=2362590032-00&ServiceCd=130&Type=search", "url2": "http://www.tokushukai.or.jp/hsp/k_nozomi/index.html" }, "geometry": { "type": "Point", "coordinates": [ 137.039643310867291, 35.265080899928002 ] } },
{ "type": "Feature", "properties": { "内容": "しんまちクリニック【訪問看護】東野新町２－１６－１", "url": "https://www.kaigokensaku.mhlw.go.jp/23/index.php?action_kouhyou_detail_004_kani=true&JigyosyoCd=2312503796-00&ServiceCd=130&Type=search", "url2": "http://www.shinmachicc.com/" }, "geometry": { "type": "Point", "coordinates": [ 136.989429800000039, 35.261971 ] } },
{ "type": "Feature", "properties": { "内容": "訪問看護ステーション桜の喜【訪問看護】愛知県春日井市如意申町５丁目10-8ファミール如意申202", "url": "https://www.kaigokensaku.mhlw.go.jp/23/index.php?action_kouhyou_detail_004_kani=true&JigyosyoCd=2362590537-00&ServiceCd=130&Type=search", "url2": "https://sakuranoki-houkan.com/" }, "geometry": { "type": "Point", "coordinates": [ 136.9530192, 35.2508971 ] } },
{ "type": "Feature", "properties": { "内容": "訪問看護ステーションIF【訪問看護】愛知県春日井市不二ガ丘3-57-5", "url": "https://www.kaigokensaku.mhlw.go.jp/23/index.php?action_kouhyou_detail_004_kani=true&JigyosyoCd=2362590503-00&ServiceCd=130&Type=search", "url2": null }, "geometry": { "type": "Point", "coordinates": [ 137.01059810000001, 35.2703974 ] } },
{ "type": "Feature", "properties": { "内容": "訪問看護ステーションベル【訪問看護】愛知県春日井市鳥居松町2丁目330番地4Azalea鳥居松101", "url": "https://www.kaigokensaku.mhlw.go.jp/23/index.php?action_kouhyou_detail_004_kani=true&JigyosyoCd=2362590529-00&ServiceCd=130&Type=search", "url2": "https://timbre-bell.jp/" }, "geometry": { "type": "Point", "coordinates": [ 136.970358299999987, 35.2401504 ] } },
{ "type": "Feature", "properties": { "内容": "訪問看護ステーション　てって【訪問看護】出川町8丁目17-１", "url": "https://www.kaigokensaku.mhlw.go.jp/23/index.php?action_kouhyou_detail_004_kani=true&JigyosyoCd=2362590511-00&ServiceCd=130&Type=search", "url2": "https://tette-nurse-station.com/" }, "geometry": { "type": "Point", "coordinates": [ 137.01644479999996, 35.2651362 ] } },
{ "type": "Feature", "properties": { "内容": "あおいろ訪問看護ステーション高蔵寺【訪問看護】春日井市高蔵寺町3丁目3番地11ハーモニアス高蔵寺301号", "url": "https://www.kaigokensaku.mhlw.go.jp/23/index.php?action_kouhyou_detail_004_kani=true&JigyosyoCd=2362590438-00&ServiceCd=130&Type=search", "url2": "http://iroiro.icu/" }, "geometry": { "type": "Point", "coordinates": [ 137.042584799999986, 35.2629854 ] } },
{ "type": "Feature", "properties": { "内容": "春日井こころの訪問看護ステーション【訪問看護】愛知県春日井市気噴町2-5-8", "url": "https://www.kaigokensaku.mhlw.go.jp/23/index.php?action_kouhyou_detail_004_kani=true&JigyosyoCd=2362590545-00&ServiceCd=130&Type=search", "url2": null }, "geometry": { "type": "Point", "coordinates": [ 137.027551, 35.2635178 ] } },
{ "type": "Feature", "properties": { "内容": "ナーシングケア　あいびぃ～【訪問看護】愛知県春日井市柏原町3-240", "url": "https://www.kaigokensaku.mhlw.go.jp/23/index.php?action_kouhyou_detail_004_kani=true&JigyosyoCd=2362590578-00&ServiceCd=130&Type=search", "url2": "https://nys-ivy.com" }, "geometry": { "type": "Point", "coordinates": [ 136.9610944, 35.2450427 ] } },
{ "type": "Feature", "properties": { "内容": "訪問看護ステーションGrandTree【訪問看護】愛知県春日井市松新町5-5-24", "url": "https://www.kaigokensaku.mhlw.go.jp/23/index.php?action_kouhyou_detail_004_kani=true&JigyosyoCd=2362590586-00&ServiceCd=130&Type=search", "url2": null }, "geometry": { "type": "Point", "coordinates": [ 136.9578249, 35.2287658 ] } },
{ "type": "Feature", "properties": { "内容": "訪問看護ステーションよいかん春日井【訪問看護】愛知県春日井市白山町5丁目５－６ジョヴィアルⅢ　２０３号", "url": "https://www.kaigokensaku.mhlw.go.jp/23/index.php?action_kouhyou_detail_004_kani=true&JigyosyoCd=2362590412-00&ServiceCd=130&Type=search", "url2": "https://bond-ym.co.jp" }, "geometry": { "type": "Point", "coordinates": [ 137.0290635, 35.2731542 ] } },
{ "type": "Feature", "properties": { "内容": "訪問看護ステーションパリアティブケアナース尾張【訪問看護】愛知県春日井市松河戸町3丁目9番地7ルミエール松河戸205号室", "url": "https://www.kaigokensaku.mhlw.go.jp/23/index.php?action_kouhyou_detail_004_kani=true&JigyosyoCd=2362590321-00&ServiceCd=130&Type=search", "url2": null }, "geometry": { "type": "Point", "coordinates": [ 136.967366399999946, 35.2252698 ] } },
{ "type": "Feature", "properties": { "内容": "みすず訪問看護リハビリステーション春日井【訪問看護】西高山町1-7-3", "url": "https://www.kaigokensaku.mhlw.go.jp/23/index.php?action_kouhyou_detail_004_kani=true&JigyosyoCd=2362590552-00&ServiceCd=130&Type=search", "url2": "https://misuzu-st.com/" }, "geometry": { "type": "Point", "coordinates": [ 136.9475402, 35.2559086 ] } },
{ "type": "Feature", "properties": { "内容": "訪問看護ステーション　シアラス【訪問看護】愛知県春日井市篠木町6丁目2491-11ナーシングシアラス1F", "url": "https://www.kaigokensaku.mhlw.go.jp/23/index.php?action_kouhyou_detail_004_kani=true&JigyosyoCd=2362590495-00&ServiceCd=130&Type=search", "url2": "http://shiarasu.com" }, "geometry": { "type": "Point", "coordinates": [ 136.9897254, 35.2583466 ] } },
{ "type": "Feature", "properties": { "内容": "訪問看護ステーションあすなろ【訪問看護】愛知県春日井市坂下町5丁目1215-48", "url": "https://www.kaigokensaku.mhlw.go.jp/23/index.php?action_kouhyou_detail_004_kani=true&JigyosyoCd=2362590057-00&ServiceCd=130&Type=search", "url2": "http://www.t-m-h.jp/" }, "geometry": { "type": "Point", "coordinates": [ 137.028603496668012, 35.292341457911135 ] } },
{ "type": "Feature", "properties": { "内容": "白山訪問看護ステーションこころ【訪問看護】愛知県春日井市庄名町1011-25", "url": "https://www.kaigokensaku.mhlw.go.jp/23/index.php?action_kouhyou_detail_004_kani=true&JigyosyoCd=2362590198-00&ServiceCd=130&Type=search", "url2": "http://www.shirayamakai.org/" }, "geometry": { "type": "Point", "coordinates": [ 137.028834042348393, 35.281339648172029 ] } },
{ "type": "Feature", "properties": { "内容": "春日井市医師会訪問看護ステーション【訪問看護】柏原町5丁目387番地春日井市医師会在宅療養センター", "url": "https://www.kaigokensaku.mhlw.go.jp/23/index.php?action_kouhyou_detail_004_kani=true&JigyosyoCd=2362590016-00&ServiceCd=130&Type=search", "url2": "http://" }, "geometry": { "type": "Point", "coordinates": [ 136.967984900000033, 35.2491744 ] } },
{ "type": "Feature", "properties": { "内容": "訪問看護ステーション　仁　春日井【訪問看護】愛知県春日井市篠木町５丁目２４－１伊藤信ビル１階", "url": "https://www.kaigokensaku.mhlw.go.jp/23/index.php?action_kouhyou_detail_004_kani=true&JigyosyoCd=2362590149-00&ServiceCd=130&Type=search", "url2": "http://www.gene-llc.jp" }, "geometry": { "type": "Point", "coordinates": [ 136.989321633204668, 35.254842625372042 ] } },
{ "type": "Feature", "properties": { "内容": "あいゆう訪問看護【訪問看護】愛知県春日井市如意申町八丁目8番地2", "url": "https://www.kaigokensaku.mhlw.go.jp/23/index.php?action_kouhyou_detail_004_kani=true&JigyosyoCd=2362590339-00&ServiceCd=130&Type=search", "url2": "http://s-aiyu.site/" }, "geometry": { "type": "Point", "coordinates": [ 136.956124500000016, 35.246505400000011 ] } },
{ "type": "Feature", "properties": { "内容": "わかばリハビリ訪問看護ステーション【訪問看護】愛知県春日井市勝川町西2-22", "url": "https://www.kaigokensaku.mhlw.go.jp/23/index.php?action_kouhyou_detail_004_kani=true&JigyosyoCd=2362590073-00&ServiceCd=130&Type=search", "url2": "http://saimon169796.studio.site" }, "geometry": { "type": "Point", "coordinates": [ 136.945477339136914, 35.222508111720686 ] } },
{ "type": "Feature", "properties": { "内容": "訪問看護リベル　春日井【訪問看護】愛知県春日井市気噴町北2-132アーバンハウス気噴１０２号", "url": "https://www.kaigokensaku.mhlw.go.jp/23/index.php?action_kouhyou_detail_004_kani=true&JigyosyoCd=2362590461-00&ServiceCd=130&Type=search", "url2": "https://libercare.jp/index.html" }, "geometry": { "type": "Point", "coordinates": [ 137.0315066, 35.2684512 ] } },
{ "type": "Feature", "properties": { "内容": "訪問看護ステーション　いきいき【訪問看護】出川町2-2-7", "url": "https://www.kaigokensaku.mhlw.go.jp/23/index.php?action_kouhyou_detail_004_kani=true&JigyosyoCd=2362590172-00&ServiceCd=130&Type=search", "url2": "https://ikiiki-foryou.co.jp/" }, "geometry": { "type": "Point", "coordinates": [ 137.016939482803338, 35.267249818264439 ] } },
{ "type": "Feature", "properties": { "内容": "訪問看護ステーションどんぐりの森【訪問看護】愛知県春日井市高森台5丁目6番地7", "url": "https://www.kaigokensaku.mhlw.go.jp/23/index.php?action_kouhyou_detail_004_kani=true&JigyosyoCd=2362590289-00&ServiceCd=130&Type=search", "url2": "http://www.me.ccnw.ne.jp/donguri/index.html" }, "geometry": { "type": "Point", "coordinates": [ 137.055563483744777, 35.297665351702804 ] } },
{ "type": "Feature", "properties": { "内容": "訪問看護ステーション　えん【訪問看護】愛知県春日井市東山町字東山2343番10", "url": "https://www.kaigokensaku.mhlw.go.jp/23/index.php?action_kouhyou_detail_004_kani=true&JigyosyoCd=2362590164-00&ServiceCd=130&Type=search", "url2": null }, "geometry": { "type": "Point", "coordinates": [ 136.996391805800727, 35.278858580810819 ] } },
{ "type": "Feature", "properties": { "内容": "カペラナースステーション【訪問看護】愛知県春日井市花長町２丁目１２番地の１第２アダチコーポ１０３", "url": "https://www.kaigokensaku.mhlw.go.jp/23/index.php?action_kouhyou_detail_004_kani=true&JigyosyoCd=2362590594-00&ServiceCd=130&Type=search", "url2": null }, "geometry": { "type": "Point", "coordinates": [ 136.9384996, 35.2335431 ] } },
{ "type": "Feature", "properties": { "内容": "いぶき訪問看護ステーション【訪問看護】愛知県春日井市東野町9丁目7-4巴ビル2F", "url": "https://www.kaigokensaku.mhlw.go.jp/23/index.php?action_kouhyou_detail_004_kani=true&JigyosyoCd=2362590602-00&ServiceCd=130&Type=search", "url2": "ibuki-houkan.com" }, "geometry": { "type": "Point", "coordinates": [ 136.9835658, 35.2626203 ] } },
{ "type": "Feature", "properties": { "内容": "ミドリ訪問看護ステーション【訪問看護】愛知県春日井市松本町2丁目13番13号エコール松本101号室", "url": "https://www.kaigokensaku.mhlw.go.jp/23/index.php?action_kouhyou_detail_004_kani=true&JigyosyoCd=2362590370-00&ServiceCd=130&Type=search", "url2": "https://midorikaihatsu.com/" }, "geometry": { "type": "Point", "coordinates": [ 137.0227089, 35.272012100000033 ] } },
{ "type": "Feature", "properties": { "内容": "訪問看護ステーション高蔵寺【訪問看護】高座台1丁目2-8", "url": "https://www.kaigokensaku.mhlw.go.jp/23/index.php?action_kouhyou_detail_004_kani=true&JigyosyoCd=2362590628-00&ServiceCd=130&Type=search", "url2": "http://www.jfrontier.nagoya" }, "geometry": { "type": "Point", "coordinates": [ 137.0391089, 35.2681711 ] } },
{ "type": "Feature", "properties": { "内容": "訪問看護　桜ｄａファミリー【訪問看護】愛知県春日井市下屋敷町字下屋敷68番地4", "url": "https://www.kaigokensaku.mhlw.go.jp/23/index.php?action_kouhyou_detail_004_kani=true&JigyosyoCd=2362590446-00&ServiceCd=130&Type=search", "url2": null }, "geometry": { "type": "Point", "coordinates": [ 136.938573857672083, 35.248435342674789 ] } },
{ "type": "Feature", "properties": { "内容": "訪問看護リハビリステーションゆうゆう【訪問看護】愛知県春日井市鳥居松町６丁目５－１丸十ビル２Ｆ", "url": "https://www.kaigokensaku.mhlw.go.jp/23/index.php?action_kouhyou_detail_004_kani=true&JigyosyoCd=2362590271-00&ServiceCd=130&Type=search", "url2": "https://team-yuyu.amebaownd.com/" }, "geometry": { "type": "Point", "coordinates": [ 136.97629722082354, 35.246846097939091 ] } },
{ "type": "Feature", "properties": { "内容": "訪問看護ステーション太陽・高蔵寺【訪問看護】愛知県春日井市藤山台三丁目1番地の3", "url": "https://www.kaigokensaku.mhlw.go.jp/23/index.php?action_kouhyou_detail_004_kani=true&JigyosyoCd=2362590081-00&ServiceCd=130&Type=search", "url2": "https://www.med-junseikai.or.jp" }, "geometry": { "type": "Point", "coordinates": [ 137.038494622229024, 35.284074323724589 ] } },
{ "type": "Feature", "properties": { "内容": "みんなのかかりつけ訪問看護ステーション春日井【訪問看護】春日井市割塚町152番地ラトゥール割塚503", "url": "https://www.kaigokensaku.mhlw.go.jp/23/index.php?action_kouhyou_detail_004_kani=true&JigyosyoCd=2362590560-00&ServiceCd=130&Type=search", "url2": "https://kakaritsuke.co.jp/" }, "geometry": { "type": "Point", "coordinates": [ 136.986109, 35.2452536 ] } },
{ "type": "Feature", "properties": { "内容": "3POU＋訪問看護ステーション【訪問看護】愛知県春日井市田楽町１４９９番地１５", "url": "https://www.kaigokensaku.mhlw.go.jp/23/index.php?action_kouhyou_detail_004_kani=true&JigyosyoCd=2362590453-00&ServiceCd=130&Type=search", "url2": "https://3pouplus.com/" }, "geometry": { "type": "Point", "coordinates": [ 136.952298399999989, 35.271862200000022 ] } },
{ "type": "Feature", "properties": { "内容": "訪問看護ステーション　ヘアカットプラス【訪問看護】愛知県春日井市鳥居松町1丁目97番地KIコーポ403号室", "url": "https://www.kaigokensaku.mhlw.go.jp/23/index.php?action_kouhyou_detail_004_kani=true&JigyosyoCd=2362590388-00&ServiceCd=130&Type=search", "url2": "https://www.hair-cut-plus-nursing.com/" }, "geometry": { "type": "Point", "coordinates": [ 136.968328099999979, 35.240292 ] } },
{ "type": "Feature", "properties": { "内容": "にこにこ顔訪問看護ステーション【訪問看護】旭町２丁目８番地２", "url": "https://www.kaigokensaku.mhlw.go.jp/23/index.php?action_kouhyou_detail_004_kani=true&JigyosyoCd=2362590479-00&ServiceCd=130&Type=search", "url2": "https://www.nikonikogao.jp/" }, "geometry": { "type": "Point", "coordinates": [ 139.965551799999986, 35.8585477 ] } },
{ "type": "Feature", "properties": { "内容": "ナースステーション　くろしお【訪問看護】鳥居松町4-114ナーシングホーム　くろしお", "url": "https://www.kaigokensaku.mhlw.go.jp/23/index.php?action_kouhyou_detail_004_kani=true&JigyosyoCd=2362590487-00&ServiceCd=130&Type=search", "url2": "https://nursing-kuroshio.com/" }, "geometry": { "type": "Point", "coordinates": [ 136.972047, 35.24634750000002 ] } },
{ "type": "Feature", "properties": { "内容": "訪問看護ステーションくまの郷【訪問看護】西屋町中新田22−2", "url": "https://www.kaigokensaku.mhlw.go.jp/23/index.php?action_kouhyou_detail_004_kani=true&JigyosyoCd=2362590610-00&ServiceCd=130&Type=search", "url2": "https://gakufuku.com/kumanosato/" }, "geometry": { "type": "Point", "coordinates": [ 136.936928702377287, 35.260200323690952 ] } },
{ "type": "Feature", "properties": { "内容": "訪問看護ステーションケアライフ２４豊川【訪問看護】愛知県豊川市牛久保駅通３丁目１４－１Ｃの２階", "url": "https://www.kaigokensaku.mhlw.go.jp/23/index.php?action_kouhyou_detail_004_kani=true&JigyosyoCd=2362690113-00&ServiceCd=130&Type=search", "url2": null }, "geometry": { "type": "Point", "coordinates": [ 137.378345699999954, 34.8153793 ] } },
{ "type": "Feature", "properties": { "内容": "ベリー訪問看護ステーション【訪問看護】愛知県豊川市諏訪三丁目78番地諏訪駅前ビル1階西側", "url": "https://www.kaigokensaku.mhlw.go.jp/23/index.php?action_kouhyou_detail_004_kani=true&JigyosyoCd=2362690170-00&ServiceCd=130&Type=search", "url2": null }, "geometry": { "type": "Point", "coordinates": [ 137.368309700000026, 34.8246476 ] } },
{ "type": "Feature", "properties": { "内容": "医療法人堀内クリニック【訪問看護】愛知県豊川市長沢町向谷84", "url": "https://www.kaigokensaku.mhlw.go.jp/23/index.php?action_kouhyou_detail_004_kani=true&JigyosyoCd=2312601863-00&ServiceCd=130&Type=search", "url2": null }, "geometry": { "type": "Point", "coordinates": [ 137.298869700000068, 34.8642602 ] } },
{ "type": "Feature", "properties": { "内容": "ハッピー訪問看護【訪問看護】愛知県豊川市下長山町北側34", "url": "https://www.kaigokensaku.mhlw.go.jp/23/index.php?action_kouhyou_detail_004_kani=true&JigyosyoCd=2362690261-00&ServiceCd=130&Type=search", "url2": null }, "geometry": { "type": "Point", "coordinates": [ 137.3778193, 34.8105456 ] } },
{ "type": "Feature", "properties": { "内容": "訪問看護ステーション　クリア【訪問看護】愛知県豊川市弥生町2丁目34番地カナディアンガーデン105", "url": "https://www.kaigokensaku.mhlw.go.jp/23/index.php?action_kouhyou_detail_004_kani=true&JigyosyoCd=2362690295-00&ServiceCd=130&Type=search", "url2": null }, "geometry": { "type": "Point", "coordinates": [ 137.373619499999961, 34.809557367179565 ] } },
{ "type": "Feature", "properties": { "内容": "訪問看護ステーションあやめ豊川【訪問看護】愛知県豊川市下野川町１丁目３６番地ライフイン・ジェネシス103号室", "url": "https://www.kaigokensaku.mhlw.go.jp/23/index.php?action_kouhyou_detail_004_kani=true&JigyosyoCd=2362690279-00&ServiceCd=130&Type=search", "url2": "https://firstnurse.co.jp/" }, "geometry": { "type": "Point", "coordinates": [ 137.363492900000011, 34.8185323 ] } },
{ "type": "Feature", "properties": { "内容": "あがた訪問看護ステーション【訪問看護】愛知県豊川市一宮町上新切７８番地５あがたメディカルホーム", "url": "https://www.kaigokensaku.mhlw.go.jp/23/index.php?action_kouhyou_detail_004_kani=true&JigyosyoCd=2362690238-00&ServiceCd=130&Type=search", "url2": "http://www.agata-home.jp/" }, "geometry": { "type": "Point", "coordinates": [ 137.425203199999942, 34.8553717 ] } },
{ "type": "Feature", "properties": { "内容": "医療法人ユタカ医院【訪問看護】愛知県豊川市大木町鑓水402番地1", "url": "https://www.kaigokensaku.mhlw.go.jp/23/index.php?action_kouhyou_detail_004_kani=true&JigyosyoCd=2312601764-00&ServiceCd=130&Type=search", "url2": "http://yutaka-iin.com" }, "geometry": { "type": "Point", "coordinates": [ 137.41723449999995, 34.8535523 ] } },
{ "type": "Feature", "properties": { "内容": "訪問看護ステーションライフガーデン【訪問看護】愛知県豊川市八幡町足洗４６番地", "url": "https://www.kaigokensaku.mhlw.go.jp/23/index.php?action_kouhyou_detail_004_kani=true&JigyosyoCd=2362690048-00&ServiceCd=130&Type=search", "url2": "http://" }, "geometry": { "type": "Point", "coordinates": [ 137.34465307486883, 34.833763972955659 ] } },
{ "type": "Feature", "properties": { "内容": "アクア豊川訪問看護【訪問看護】愛知県豊川市小田渕町5丁目7-1", "url": "https://www.kaigokensaku.mhlw.go.jp/23/index.php?action_kouhyou_detail_004_kani=true&JigyosyoCd=2362690337-00&ServiceCd=130&Type=search", "url2": null }, "geometry": { "type": "Point", "coordinates": [ 137.3376983, 34.8264083 ] } },
{ "type": "Feature", "properties": { "内容": "訪問看護ステーションよいかん豊川【訪問看護】愛知県豊川市蔵子2丁目9-5丸喜マンション302号", "url": "https://www.kaigokensaku.mhlw.go.jp/23/index.php?action_kouhyou_detail_004_kani=true&JigyosyoCd=2362690303-00&ServiceCd=130&Type=search", "url2": null }, "geometry": { "type": "Point", "coordinates": [ 137.3532683, 34.8188648 ] } },
{ "type": "Feature", "properties": { "内容": "訪問看護ステーションともに【訪問看護】愛知県豊川市伊奈町南山新田62-1", "url": "https://www.kaigokensaku.mhlw.go.jp/23/index.php?action_kouhyou_detail_004_kani=true&JigyosyoCd=2362690311-00&ServiceCd=130&Type=search", "url2": "https://tomoninurse.biz/" }, "geometry": { "type": "Point", "coordinates": [ 137.352193, 34.8110967 ] } },
{ "type": "Feature", "properties": { "内容": "訪問看護ステーション　ききょう【訪問看護】愛知県豊川市光陽町40番地成田ビル4階", "url": "https://www.kaigokensaku.mhlw.go.jp/23/index.php?action_kouhyou_detail_004_kani=true&JigyosyoCd=2362690360-00&ServiceCd=130&Type=search", "url2": null }, "geometry": { "type": "Point", "coordinates": [ 137.4059566, 34.8247492 ] } },
{ "type": "Feature", "properties": { "内容": "訪問看護ステーション　スカイトレイン豊川【訪問看護】愛知県豊川市御油町西井領11-3ユトリロ御油町205号", "url": "https://www.kaigokensaku.mhlw.go.jp/23/index.php?action_kouhyou_detail_004_kani=true&JigyosyoCd=2362690378-00&ServiceCd=130&Type=search", "url2": "https://petyt.jp" }, "geometry": { "type": "Point", "coordinates": [ 137.321228499999961, 34.844743 ] } },
{ "type": "Feature", "properties": { "内容": "穂の国訪問看護ステーション【訪問看護】愛知県豊川市森4丁目85番地の4", "url": "https://www.kaigokensaku.mhlw.go.jp/23/index.php?action_kouhyou_detail_004_kani=true&JigyosyoCd=2362690014-00&ServiceCd=130&Type=search", "url2": "http://www.shinaikai1936med.or.jp/" }, "geometry": { "type": "Point", "coordinates": [ 137.334742600000027, 34.8258657 ] } },
{ "type": "Feature", "properties": { "内容": "穂の国訪問看護ステーションマチニワ【訪問看護】愛知県豊川市光明町一丁目19番地の10在宅総合ケアセンターマチニワ1階", "url": "https://www.kaigokensaku.mhlw.go.jp/23/index.php?action_kouhyou_detail_004_kani=true&JigyosyoCd=2362690105-00&ServiceCd=130&Type=search", "url2": "http://www.shinaikai1936med.or.jp" }, "geometry": { "type": "Point", "coordinates": [ 137.373232121890283, 34.814841597758104 ] } },
{ "type": "Feature", "properties": { "内容": "訪問看護ステーション輝楽苑【訪問看護】愛知県豊川市御津町御馬浜田148番地", "url": "https://www.kaigokensaku.mhlw.go.jp/23/index.php?action_kouhyou_detail_004_kani=true&JigyosyoCd=2362690212-00&ServiceCd=130&Type=search", "url2": "ghkirakuen@snow.ocn.ne.jp" }, "geometry": { "type": "Point", "coordinates": [ 137.312594200000035, 34.8048751 ] } },
{ "type": "Feature", "properties": { "内容": "訪問看護リハビリステーションＹＯＵ【訪問看護】愛知県豊川市蔵子六丁目11-2", "url": "https://www.kaigokensaku.mhlw.go.jp/23/index.php?action_kouhyou_detail_004_kani=true&JigyosyoCd=2362690394-00&ServiceCd=130&Type=search", "url2": "http://shinme-fukushi.com" }, "geometry": { "type": "Point", "coordinates": [ 137.3583141, 34.8217229 ] } },
{ "type": "Feature", "properties": { "内容": "医療法人啓仁会　訪問看護ステーション　豊川さくら【訪問看護】市田町中社１番地", "url": "https://www.kaigokensaku.mhlw.go.jp/23/index.php?action_kouhyou_detail_004_kani=true&JigyosyoCd=2362690204-00&ServiceCd=130&Type=search", "url2": "https://www.toyokawasakura-hp.jp/about/group/station" }, "geometry": { "type": "Point", "coordinates": [ 137.358497099999965, 34.830232200000019 ] } },
{ "type": "Feature", "properties": { "内容": "訪問看護ステ-ションさつき【訪問看護】愛知県豊川市小坂井町門並５番地1日本アグネス本社ビル2階", "url": "https://www.kaigokensaku.mhlw.go.jp/23/index.php?action_kouhyou_detail_004_kani=true&JigyosyoCd=2366590012-00&ServiceCd=130&Type=search", "url2": "http://www.aoyama-hp.or.jp" }, "geometry": { "type": "Point", "coordinates": [ 137.361325906684868, 34.799405486466561 ] } },
{ "type": "Feature", "properties": { "内容": "訪問看護ステ－ションさながわ【訪問看護】愛知県豊川市萩山町1-32", "url": "https://www.kaigokensaku.mhlw.go.jp/23/index.php?action_kouhyou_detail_004_kani=true&JigyosyoCd=2362690352-00&ServiceCd=130&Type=search", "url2": "https://10all-sanagawa.com/facilities/#kango-anchor" }, "geometry": { "type": "Point", "coordinates": [ 137.3687732, 34.8219081 ] } },
{ "type": "Feature", "properties": { "内容": "訪問看護ステーションnalu【訪問看護】愛知県豊川市伊奈町茶屋１５番地３プラチナムⅡ１Ｆ", "url": "https://www.kaigokensaku.mhlw.go.jp/23/index.php?action_kouhyou_detail_004_kani=true&JigyosyoCd=2362690345-00&ServiceCd=130&Type=search", "url2": "https://nalu-station.com/" }, "geometry": { "type": "Point", "coordinates": [ 137.357197554036702, 34.806933626560479 ] } },
{ "type": "Feature", "properties": { "内容": "PD豊川看護ステーション【訪問看護】愛知県豊川市宿町光道寺39番地1", "url": "https://www.kaigokensaku.mhlw.go.jp/23/index.php?action_kouhyou_detail_004_kani=true&JigyosyoCd=2362690402-00&ServiceCd=130&Type=search", "url2": null }, "geometry": { "type": "Point", "coordinates": [ 137.359948, 34.8024425 ] } },
{ "type": "Feature", "properties": { "内容": "ソエルガーデン豊川訪問看護【訪問看護】愛知県豊川市大崎町野中67番地3", "url": "https://www.kaigokensaku.mhlw.go.jp/23/index.php?action_kouhyou_detail_004_kani=true&JigyosyoCd=2362690410-00&ServiceCd=130&Type=search", "url2": null }, "geometry": { "type": "Point", "coordinates": [ 137.373316799938721, 34.842993100665005 ] } },
{ "type": "Feature", "properties": { "内容": "きらく豊川訪問看護ステーション【訪問看護】愛知県豊川市豊が丘町79番地", "url": "https://www.kaigokensaku.mhlw.go.jp/23/index.php?action_kouhyou_detail_004_kani=true&JigyosyoCd=2362690428-00&ServiceCd=130&Type=search", "url2": "https://pandp-welfare.com/" }, "geometry": { "type": "Point", "coordinates": [ 137.409322300000014, 34.8365794 ] } },
{ "type": "Feature", "properties": { "内容": "訪問看護ステーションかえで【訪問看護】愛知県豊川市宿町白山56番地フレンズクラウン101", "url": "https://www.kaigokensaku.mhlw.go.jp/23/index.php?action_kouhyou_detail_004_kani=true&JigyosyoCd=2362690188-00&ServiceCd=130&Type=search", "url2": "http://accept10.com" }, "geometry": { "type": "Point", "coordinates": [ 137.359988970766011, 34.813021783871832 ] } },
{ "type": "Feature", "properties": { "内容": "アンバー訪問看護ステーション【訪問看護】愛知県豊川市大崎町下金居場141番地4", "url": "https://www.kaigokensaku.mhlw.go.jp/23/index.php?action_kouhyou_detail_004_kani=true&JigyosyoCd=2362690063-00&ServiceCd=130&Type=search", "url2": "https://www.kk-coral.jp/" }, "geometry": { "type": "Point", "coordinates": [ 137.38124629999993, 34.843916 ] } },
{ "type": "Feature", "properties": { "内容": "まちかど訪問看護ステーション【訪問看護】豊川仲町120-1", "url": "https://www.kaigokensaku.mhlw.go.jp/23/index.php?action_kouhyou_detail_004_kani=true&JigyosyoCd=2362690196-00&ServiceCd=130&Type=search", "url2": "takara-yutaka.com" }, "geometry": { "type": "Point", "coordinates": [ 137.397995900000069, 34.8254795 ] } },
{ "type": "Feature", "properties": { "内容": "クレハ訪問看護ステーション（リハビリ対応型）【訪問看護】愛知県豊川市御津町大草新田34-3スカイエクセル御津A308", "url": "https://www.kaigokensaku.mhlw.go.jp/23/index.php?action_kouhyou_detail_004_kani=true&JigyosyoCd=2362690220-00&ServiceCd=130&Type=search", "url2": "http://kureha.biz/" }, "geometry": { "type": "Point", "coordinates": [ 137.3032796, 34.8097684 ] } },
{ "type": "Feature", "properties": { "内容": "訪問看護ステーションまほろば【訪問看護】東愛宕町１丁目５４番地１", "url": "https://www.kaigokensaku.mhlw.go.jp/23/index.php?action_kouhyou_detail_004_kani=true&JigyosyoCd=2362790053-00&ServiceCd=130&Type=search", "url2": "http://www.mahoroba-kaigo.jp" }, "geometry": { "type": "Point", "coordinates": [ 136.733250799999951, 35.170902 ] } },
{ "type": "Feature", "properties": { "内容": "訪問看護ステーションよいかん津島【訪問看護】愛知県津島市唐臼町囲外87番地7サービス付き高齢者向け住宅よい館津島唐臼", "url": "https://www.kaigokensaku.mhlw.go.jp/23/index.php?action_kouhyou_detail_004_kani=true&JigyosyoCd=2362790046-00&ServiceCd=130&Type=search", "url2": null }, "geometry": { "type": "Point", "coordinates": [ 136.747912498159081, 35.160852090648206 ] } },
{ "type": "Feature", "properties": { "内容": "訪問看護ステーション煌煌津島【訪問看護】愛知県津島市立込町１丁目２６番２号若実大マンション４C", "url": "https://www.kaigokensaku.mhlw.go.jp/23/index.php?action_kouhyou_detail_004_kani=true&JigyosyoCd=2362790129-00&ServiceCd=130&Type=search", "url2": "https;//www.kousei138.co.jp" }, "geometry": { "type": "Point", "coordinates": [ 136.738749399999989, 35.1777509 ] } },
{ "type": "Feature", "properties": { "内容": "訪問看護ステーション　スローハート【訪問看護】又吉町2-1　コーポワシノⅡ102", "url": "https://www.kaigokensaku.mhlw.go.jp/23/index.php?action_kouhyou_detail_004_kani=true&JigyosyoCd=2362790079-00&ServiceCd=130&Type=search", "url2": null }, "geometry": { "type": "Point", "coordinates": [ 136.7227292, 35.1824888 ] } },
{ "type": "Feature", "properties": { "内容": "訪問看護ステーションゆいまーる【訪問看護】新開町1丁目62番地", "url": "https://www.kaigokensaku.mhlw.go.jp/23/index.php?action_kouhyou_detail_004_kani=true&JigyosyoCd=2362790095-00&ServiceCd=130&Type=search", "url2": "hazimeno-ippo.com" }, "geometry": { "type": "Point", "coordinates": [ 136.748797502444546, 35.172979822195749 ] } },
{ "type": "Feature", "properties": { "内容": "訪問看護ゆらいと【訪問看護】愛知県津島市寿町36番地1ベルタウンエルムD-201", "url": "https://www.kaigokensaku.mhlw.go.jp/23/index.php?action_kouhyou_detail_004_kani=true&JigyosyoCd=2362790061-00&ServiceCd=130&Type=search", "url2": null }, "geometry": { "type": "Point", "coordinates": [ 136.7218947, 35.1804551 ] } },
{ "type": "Feature", "properties": { "内容": "訪問看護ステーションぽんず【訪問看護】橘町三丁目67番地1", "url": "https://www.kaigokensaku.mhlw.go.jp/23/index.php?action_kouhyou_detail_004_kani=true&JigyosyoCd=2362790137-00&ServiceCd=130&Type=search", "url2": "https://ponzu2025.com" }, "geometry": { "type": "Point", "coordinates": [ 136.7368004, 35.1738813 ] } },
{ "type": "Feature", "properties": { "内容": "訪問看護ステーションふたば【訪問看護】愛知県津島市愛宕町4-7-1", "url": "https://www.kaigokensaku.mhlw.go.jp/23/index.php?action_kouhyou_detail_004_kani=true&JigyosyoCd=2362790145-00&ServiceCd=130&Type=search", "url2": "https://kango-futaba.com/" }, "geometry": { "type": "Point", "coordinates": [ 136.7368634, 35.1701321 ] } },
{ "type": "Feature", "properties": { "内容": "リアンひなた【訪問看護】愛知県津島市柳原町１丁目26番地", "url": "https://www.kaigokensaku.mhlw.go.jp/23/index.php?action_kouhyou_detail_004_kani=true&JigyosyoCd=2362790111-00&ServiceCd=130&Type=search", "url2": "https://www.kyousei-hinata.jp/cont13/main.html" }, "geometry": { "type": "Point", "coordinates": [ 136.7358587, 35.1803865 ] } },
{ "type": "Feature", "properties": { "内容": "訪問看護ステーション　あいさん・津島【訪問看護】江西町1-3-2在宅総合センター2F", "url": "https://www.kaigokensaku.mhlw.go.jp/23/index.php?action_kouhyou_detail_004_kani=true&JigyosyoCd=2362790038-00&ServiceCd=130&Type=search", "url2": "http://www.aisankai.jp/" }, "geometry": { "type": "Point", "coordinates": [ 136.712912484586468, 35.178639313560318 ] } },
{ "type": "Feature", "properties": { "内容": "津島市訪問看護ステーション【訪問看護】愛知県津島市橘町３丁目７３番地津島市民病院内", "url": "https://www.kaigokensaku.mhlw.go.jp/23/index.php?action_kouhyou_detail_004_kani=true&JigyosyoCd=2362790012-00&ServiceCd=130&Type=search", "url2": "http://www.tsushimacity-hp.jp//" }, "geometry": { "type": "Point", "coordinates": [ 136.733784, 35.1742793 ] } },
{ "type": "Feature", "properties": { "内容": "訪問看護ステーションクルール津島【訪問看護】愛知県津島市下新田町5-191-1", "url": "https://www.kaigokensaku.mhlw.go.jp/23/index.php?action_kouhyou_detail_004_kani=true&JigyosyoCd=2362790152-00&ServiceCd=130&Type=search", "url2": "https://couleurcourt-okazaki.com/" }, "geometry": { "type": "Point", "coordinates": [ 136.713779, 35.1706823 ] } },
{ "type": "Feature", "properties": { "内容": "成精会　訪問看護ステーションH.E.J.碧南【訪問看護】愛知県碧南市松江町3丁目3番地3パークサイド2A", "url": "https://www.kaigokensaku.mhlw.go.jp/23/index.php?action_kouhyou_detail_004_kani=true&JigyosyoCd=2362890093-00&ServiceCd=130&Type=search", "url2": "www.kariya-hp.or.jp" }, "geometry": { "type": "Point", "coordinates": [ 136.986184900000012, 34.9062864 ] } },
{ "type": "Feature", "properties": { "内容": "訪問看護ステーション仁碧南【訪問看護】愛知県碧南市羽根町4丁目30番地", "url": "https://www.kaigokensaku.mhlw.go.jp/23/index.php?action_kouhyou_detail_004_kani=true&JigyosyoCd=2362890069-00&ServiceCd=130&Type=search", "url2": "www.gene-llc.jp" }, "geometry": { "type": "Point", "coordinates": [ 136.986348799999973, 34.8761515 ] } },
{ "type": "Feature", "properties": { "内容": "碧南市訪問看護ステーション【訪問看護】愛知県碧南市平和町３丁目６番地", "url": "https://www.kaigokensaku.mhlw.go.jp/23/index.php?action_kouhyou_detail_004_kani=true&JigyosyoCd=2362890010-00&ServiceCd=130&Type=search", "url2": "http://hospital.city.hekinan.aichi.jp" }, "geometry": { "type": "Point", "coordinates": [ 137.01277286443181, 34.90155921343657 ] } },
{ "type": "Feature", "properties": { "内容": "ひなた訪問看護ステーション【訪問看護】愛知県碧南市日進町２丁目３番地", "url": "https://www.kaigokensaku.mhlw.go.jp/23/index.php?action_kouhyou_detail_004_kani=true&JigyosyoCd=2362890036-00&ServiceCd=130&Type=search", "url2": "http://" }, "geometry": { "type": "Point", "coordinates": [ 137.003293900000017, 34.880113 ] } },
{ "type": "Feature", "properties": { "内容": "訪問看護ステーション笑福【訪問看護】愛知県碧南市野田町13番地", "url": "https://www.kaigokensaku.mhlw.go.jp/23/index.php?action_kouhyou_detail_004_kani=true&JigyosyoCd=2362890101-00&ServiceCd=130&Type=search", "url2": "https://efuku.net/" }, "geometry": { "type": "Point", "coordinates": [ 136.989607400000011, 34.8857405 ] } },
{ "type": "Feature", "properties": { "内容": "しんかわ訪問看護ステーション【訪問看護】愛知県碧南市篭田町1丁目17番地2", "url": "https://www.kaigokensaku.mhlw.go.jp/23/index.php?action_kouhyou_detail_004_kani=true&JigyosyoCd=2362890028-00&ServiceCd=130&Type=search", "url2": "http://www.aiseikan.or.jp" }, "geometry": { "type": "Point", "coordinates": [ 136.990708770638946, 34.896628156471778 ] } },
{ "type": "Feature", "properties": { "内容": "訪問看護リベル碧南【訪問看護】愛知県碧南市新川町3丁目15番地", "url": "https://www.kaigokensaku.mhlw.go.jp/23/index.php?action_kouhyou_detail_004_kani=true&JigyosyoCd=2362890077-00&ServiceCd=130&Type=search", "url2": "https://www.libercare.jp/" }, "geometry": { "type": "Point", "coordinates": [ 136.988042518608069, 34.897174969874769 ] } },
{ "type": "Feature", "properties": { "内容": "成精会訪問看護ステーションH.E.J.【訪問看護】愛知県刈谷市神田町二丁目30番地", "url": "https://www.kaigokensaku.mhlw.go.jp/23/index.php?action_kouhyou_detail_004_kani=true&JigyosyoCd=2362990034-00&ServiceCd=130&Type=search", "url2": "http://www.kariya‐hp.or.ｊｐ/" }, "geometry": { "type": "Point", "coordinates": [ 137.013350400000036, 34.9869473 ] } },
{ "type": "Feature", "properties": { "内容": "訪問看護ステーションあやめ刈谷【訪問看護】愛知県刈谷市野田町一本木19-1　グランドメゾン依佐美D棟　105号室", "url": "https://www.kaigokensaku.mhlw.go.jp/23/index.php?action_kouhyou_detail_004_kani=true&JigyosyoCd=2362990158-00&ServiceCd=130&Type=search", "url2": "http://www.firstnurse.co.jp" }, "geometry": { "type": "Point", "coordinates": [ 137.0231149, 34.9843537 ] } },
{ "type": "Feature", "properties": { "内容": "訪問看護ステーションきのめ【訪問看護】愛知県刈谷市松栄町1丁目2-3フェリス松栄101号室", "url": "https://www.kaigokensaku.mhlw.go.jp/23/index.php?action_kouhyou_detail_004_kani=true&JigyosyoCd=2362990232-00&ServiceCd=130&Type=search", "url2": "http://kinomekango.wixsite.com/kinome" }, "geometry": { "type": "Point", "coordinates": [ 137.0309208, 34.982154800000018 ] } },
{ "type": "Feature", "properties": { "内容": "かいごタウンあいちナースステーション【訪問看護】愛知県刈谷市泉田町向畑７９番地", "url": "https://www.kaigokensaku.mhlw.go.jp/23/index.php?action_kouhyou_detail_004_kani=true&JigyosyoCd=2362990067-00&ServiceCd=130&Type=search", "url2": "htp://kaigotown.web.fc2.com/" }, "geometry": { "type": "Point", "coordinates": [ 137.002214800000047, 35.0241676 ] } },
{ "type": "Feature", "properties": { "内容": "東刈谷訪問看護ステーションゆらり【訪問看護】愛知県刈谷市板倉町1丁目6番地６エンゼルハイム203号", "url": "https://www.kaigokensaku.mhlw.go.jp/23/index.php?action_kouhyou_detail_004_kani=true&JigyosyoCd=2362990190-00&ServiceCd=130&Type=search", "url2": null }, "geometry": { "type": "Point", "coordinates": [ 137.044001400000013, 34.9780709 ] } },
{ "type": "Feature", "properties": { "内容": "JAあいち中央訪問看護ステーション刈谷【訪問看護】愛知県刈谷市小垣江町八角151", "url": "https://www.kaigokensaku.mhlw.go.jp/23/index.php?action_kouhyou_detail_004_kani=true&JigyosyoCd=2362990182-00&ServiceCd=130&Type=search", "url2": "http：//www.jaac.or.jp/" }, "geometry": { "type": "Point", "coordinates": [ 137.0095543, 34.9676118 ] } },
{ "type": "Feature", "properties": { "内容": "訪問看護スマイルナーシング刈谷【訪問看護】愛知県刈谷市築地町３丁目5-5スマイルナーシング刈谷", "url": "https://www.kaigokensaku.mhlw.go.jp/23/index.php?action_kouhyou_detail_004_kani=true&JigyosyoCd=2362990141-00&ServiceCd=130&Type=search", "url2": null }, "geometry": { "type": "Point", "coordinates": [ 137.016109300000011, 35.0171952 ] } },
{ "type": "Feature", "properties": { "内容": "医療法人　九友会　さかきばら訪問看護ステーション【訪問看護】愛知県刈谷市寺横町5-78榊原医院内2階", "url": "https://www.kaigokensaku.mhlw.go.jp/23/index.php?action_kouhyou_detail_004_kani=true&JigyosyoCd=2362990026-00&ServiceCd=130&Type=search", "url2": "http://sakakibara-iin.com/" }, "geometry": { "type": "Point", "coordinates": [ 136.990994, 34.9883273 ] } },
{ "type": "Feature", "properties": { "内容": "すぎうら訪問看護ステーション【訪問看護】愛知県刈谷市東境町児山105番地", "url": "https://www.kaigokensaku.mhlw.go.jp/23/index.php?action_kouhyou_detail_004_kani=true&JigyosyoCd=2362990059-00&ServiceCd=130&Type=search", "url2": "https://sugiura-iin.jp" }, "geometry": { "type": "Point", "coordinates": [ 137.035822099999962, 35.0398231 ] } },
{ "type": "Feature", "properties": { "内容": "訪問看護ステーション仁刈谷【訪問看護】刈谷市築地町2-8-14", "url": "https://www.kaigokensaku.mhlw.go.jp/23/index.php?action_kouhyou_detail_004_kani=true&JigyosyoCd=2362990208-00&ServiceCd=130&Type=search", "url2": "https://houkan-jin-kariya.jimdofree.com/" }, "geometry": { "type": "Point", "coordinates": [ 137.0163052, 35.0157374 ] } },
{ "type": "Feature", "properties": { "内容": "三河訪問看護ステーションちあい【訪問看護】愛知県刈谷市末広町1丁目12-11請村店舗2号室", "url": "https://www.kaigokensaku.mhlw.go.jp/23/index.php?action_kouhyou_detail_004_kani=true&JigyosyoCd=2362990042-00&ServiceCd=130&Type=search", "url2": "https://www.chiai-care.com/" }, "geometry": { "type": "Point", "coordinates": [ 137.046924900000022, 34.974400202176518 ] } },
{ "type": "Feature", "properties": { "内容": "訪問看護ステーション　麦【訪問看護】刈谷市寿町4丁目605", "url": "https://www.kaigokensaku.mhlw.go.jp/23/index.php?action_kouhyou_detail_004_kani=true&JigyosyoCd=2362990091-00&ServiceCd=130&Type=search", "url2": "mugi.life" }, "geometry": { "type": "Point", "coordinates": [ 136.9992072, 34.9851695 ] } },
{ "type": "Feature", "properties": { "内容": "リハビリガーデン訪問看護ステーション【訪問看護】愛知県刈谷市半城土西町2-14-5", "url": "https://www.kaigokensaku.mhlw.go.jp/23/index.php?action_kouhyou_detail_004_kani=true&JigyosyoCd=2362990166-00&ServiceCd=130&Type=search", "url2": null }, "geometry": { "type": "Point", "coordinates": [ 137.014244700000035, 34.978656800000024 ] } },
{ "type": "Feature", "properties": { "内容": "みらい訪問看護ステーション【訪問看護】愛知県刈谷市池田町1丁目601番地住宅型有料老人ホームみらいの里", "url": "https://www.kaigokensaku.mhlw.go.jp/23/index.php?action_kouhyou_detail_004_kani=true&JigyosyoCd=2362990133-00&ServiceCd=130&Type=search", "url2": "https;//miraipalette.com" }, "geometry": { "type": "Point", "coordinates": [ 137.008977292204236, 35.003848774228523 ] } },
{ "type": "Feature", "properties": { "内容": "訪問看護リベル　刈谷【訪問看護】愛知県刈谷市山池町4丁目105番地フカヤテラスハウス2号室", "url": "https://www.kaigokensaku.mhlw.go.jp/23/index.php?action_kouhyou_detail_004_kani=true&JigyosyoCd=2362990257-00&ServiceCd=130&Type=search", "url2": "https://www.libercare.jp" }, "geometry": { "type": "Point", "coordinates": [ 136.992220800000013, 34.9990562 ] } },
{ "type": "Feature", "properties": { "内容": "きらら訪問看護ステーション【訪問看護】刈谷市荒井町1-4-16シャイン荒井205", "url": "https://www.kaigokensaku.mhlw.go.jp/23/index.php?action_kouhyou_detail_004_kani=true&JigyosyoCd=2362990174-00&ServiceCd=130&Type=search", "url2": "https://nomurabldg.com/?page_id=24" }, "geometry": { "type": "Point", "coordinates": [ 136.9970678, 34.956698199999984 ] } },
{ "type": "Feature", "properties": { "内容": "愛と感謝の訪問看護リハビリステーションかりや【訪問看護】愛知県刈谷市半城土中町2丁目9番地7", "url": "https://www.kaigokensaku.mhlw.go.jp/23/index.php?action_kouhyou_detail_004_kani=true&JigyosyoCd=2362990075-00&ServiceCd=130&Type=search", "url2": "http://aikan-group.jp/" }, "geometry": { "type": "Point", "coordinates": [ 137.022243222806679, 34.978538231024153 ] } },
{ "type": "Feature", "properties": { "内容": "訪問看護からふる【訪問看護】東境町緑ケ丘63番地4", "url": "https://www.kaigokensaku.mhlw.go.jp/23/index.php?action_kouhyou_detail_004_kani=true&JigyosyoCd=2362990273-00&ServiceCd=130&Type=search", "url2": "https://www.colorful-care.org" }, "geometry": { "type": "Point", "coordinates": [ 137.0450619, 35.0331873 ] } },
{ "type": "Feature", "properties": { "内容": "刈谷訪問看護ステーション【訪問看護】愛知県刈谷市野田新町1丁目101番地", "url": "https://www.kaigokensaku.mhlw.go.jp/23/index.php?action_kouhyou_detail_004_kani=true&JigyosyoCd=2362990018-00&ServiceCd=130&Type=search", "url2": "http://www.toyota-kai.or.jp" }, "geometry": { "type": "Point", "coordinates": [ 137.026479295387134, 34.986620136996855 ] } },
{ "type": "Feature", "properties": { "内容": "訪問看護ステーションいるか【訪問看護】愛知県刈谷市中山町2-37-1YOULUCK5SQUARE－A", "url": "https://www.kaigokensaku.mhlw.go.jp/23/index.php?action_kouhyou_detail_004_kani=true&JigyosyoCd=2362990216-00&ServiceCd=130&Type=search", "url2": "http://houkan-ilka.localinfo.jp" }, "geometry": { "type": "Point", "coordinates": [ 137.012762866270464, 34.992093044348017 ] } },
{ "type": "Feature", "properties": { "内容": "在宅看護エイト【訪問看護】愛知県刈谷市新富町3丁目205加藤マンション1−5", "url": "https://www.kaigokensaku.mhlw.go.jp/23/index.php?action_kouhyou_detail_004_kani=true&JigyosyoCd=2362990265-00&ServiceCd=130&Type=search", "url2": null }, "geometry": { "type": "Point", "coordinates": [ 137.0039137, 35.0069385 ] } },
{ "type": "Feature", "properties": { "内容": "訪問看護ステーションサンハートライフヨサミ【訪問看護】愛知県刈谷市半城土西町２丁目３番地６訪問看護ステーションサンハートライフヨサミ", "url": "https://www.kaigokensaku.mhlw.go.jp/23/index.php?action_kouhyou_detail_004_kani=true&JigyosyoCd=2362990281-00&ServiceCd=130&Type=search", "url2": "https://sunheartlife.com/facility/sunheartlife-yosami/" }, "geometry": { "type": "Point", "coordinates": [ 137.0120593, 34.9812056 ] } },
{ "type": "Feature", "properties": { "内容": "訪問看護ステーションあやめ豊田【訪問看護】愛知県豊田市朝日町3-58-1ファミール朝日1202号室", "url": "https://www.kaigokensaku.mhlw.go.jp/23/index.php?action_kouhyou_detail_004_kani=true&JigyosyoCd=2363090297-00&ServiceCd=130&Type=search", "url2": "http://www.firstnurse.co.jp/" }, "geometry": { "type": "Point", "coordinates": [ 137.145674699999972, 35.0929038 ] } },
{ "type": "Feature", "properties": { "内容": "豊田東リハビリテーション病院【訪問看護】愛知県豊田市野見山町三丁目88－26", "url": "https://www.kaigokensaku.mhlw.go.jp/23/index.php?action_kouhyou_detail_004_kani=true&JigyosyoCd=2313004349-00&ServiceCd=130&Type=search", "url2": "https://toyotaeast-rh.com/" }, "geometry": { "type": "Point", "coordinates": [ 137.189578, 35.0698199 ] } },
{ "type": "Feature", "properties": { "内容": "訪問看護ステーション　ウェルビー【訪問看護】愛知県豊田市四郷町宮下河原38番地3", "url": "https://www.kaigokensaku.mhlw.go.jp/23/index.php?action_kouhyou_detail_004_kani=true&JigyosyoCd=2363090396-00&ServiceCd=130&Type=search", "url2": null }, "geometry": { "type": "Point", "coordinates": [ 137.162158895245369, 35.127178917328273 ] } },
{ "type": "Feature", "properties": { "内容": "訪問看護ステーション凛空～りんく～【訪問看護】豊田市山之手8丁目89グランディール田口1E", "url": "https://www.kaigokensaku.mhlw.go.jp/23/index.php?action_kouhyou_detail_004_kani=true&JigyosyoCd=2363090263-00&ServiceCd=130&Type=search", "url2": null }, "geometry": { "type": "Point", "coordinates": [ 137.146220699999958, 35.0534195 ] } },
{ "type": "Feature", "properties": { "内容": "ヘルパーステーションCarmia【訪問看護】愛知県豊田市山之手9丁目83-１キャトルフィーユB105", "url": "https://www.kaigokensaku.mhlw.go.jp/23/index.php?action_kouhyou_detail_004_kani=true&JigyosyoCd=2363090321-00&ServiceCd=130&Type=search", "url2": null }, "geometry": { "type": "Point", "coordinates": [ 137.145204147065556, 35.053860368565445 ] } },
{ "type": "Feature", "properties": { "内容": "訪問看護ステーション　なかの【訪問看護】愛知県豊田市駒新町金山１－１２", "url": "https://www.kaigokensaku.mhlw.go.jp/23/index.php?action_kouhyou_detail_004_kani=true&JigyosyoCd=2363090073-00&ServiceCd=130&Type=search", "url2": "http://www.nakanohp.com" }, "geometry": { "type": "Point", "coordinates": [ 137.047615732540862, 35.019089543617682 ] } },
{ "type": "Feature", "properties": { "内容": "訪問看護ステ－ション愛心【訪問看護】愛知県豊田市丸山町10-72-2", "url": "https://www.kaigokensaku.mhlw.go.jp/23/index.php?action_kouhyou_detail_004_kani=true&JigyosyoCd=2363090164-00&ServiceCd=130&Type=search", "url2": "なし" }, "geometry": { "type": "Point", "coordinates": [ 137.150054793528739, 35.058993208102976 ] } },
{ "type": "Feature", "properties": { "内容": "訪問看護ｽﾃｰｼｮﾝﾌﾞﾙｰﾑ【訪問看護】愛知県豊田市大林町10丁目20番地5Kスクエア102号室", "url": "https://www.kaigokensaku.mhlw.go.jp/23/index.php?action_kouhyou_detail_004_kani=true&JigyosyoCd=2363090206-00&ServiceCd=130&Type=search", "url2": "https://www.vns-bloom.com/" }, "geometry": { "type": "Point", "coordinates": [ 137.139527245537778, 35.042699451882591 ] } },
{ "type": "Feature", "properties": { "内容": "訪問看護ステーションあやめ豊田若林【訪問看護】愛知県豊田市吉原町鶴喰11-5ファミーユ102号室", "url": "https://www.kaigokensaku.mhlw.go.jp/23/index.php?action_kouhyou_detail_004_kani=true&JigyosyoCd=2363090412-00&ServiceCd=130&Type=search", "url2": "https://firstnurse.co.jp" }, "geometry": { "type": "Point", "coordinates": [ 137.093512, 35.0226048 ] } },
{ "type": "Feature", "properties": { "内容": "とよた美里訪問看護ステーション【訪問看護】愛知県豊田市美里2丁目14番地12", "url": "https://www.kaigokensaku.mhlw.go.jp/23/index.php?action_kouhyou_detail_004_kani=true&JigyosyoCd=2363090222-00&ServiceCd=130&Type=search", "url2": null }, "geometry": { "type": "Point", "coordinates": [ 137.185352249085554, 35.083809064290946 ] } },
{ "type": "Feature", "properties": { "内容": "訪問看護ステーションties（タイズ）【訪問看護】愛知県豊田市美山町１丁目４５番地１", "url": "https://www.kaigokensaku.mhlw.go.jp/23/index.php?action_kouhyou_detail_004_kani=true&JigyosyoCd=2363090354-00&ServiceCd=130&Type=search", "url2": "http://ties.nagoya" }, "geometry": { "type": "Point", "coordinates": [ 137.1156201, 35.0703019 ] } },
{ "type": "Feature", "properties": { "内容": "医心館訪問看護ステーション豊田【訪問看護】愛知県豊田市浄水町原山２７７番", "url": "https://www.kaigokensaku.mhlw.go.jp/23/index.php?action_kouhyou_detail_004_kani=true&JigyosyoCd=2363090438-00&ServiceCd=130&Type=search", "url2": null }, "geometry": { "type": "Point", "coordinates": [ 137.1447412, 35.1219719 ] } },
{ "type": "Feature", "properties": { "内容": "訪問看護ステーションよいかん豊田【訪問看護】愛知県豊田市土橋町八丁目11番地１旭Bldg.201号室", "url": "https://www.kaigokensaku.mhlw.go.jp/23/index.php?action_kouhyou_detail_004_kani=true&JigyosyoCd=2363090149-00&ServiceCd=130&Type=search", "url2": "www.bond-ym.co.jp" }, "geometry": { "type": "Point", "coordinates": [ 137.130034973324314, 35.059638702656848 ] } },
{ "type": "Feature", "properties": { "内容": "さち訪問看護ステーション【訪問看護】愛知県豊田市朝日町７丁目４３-１松岡店舗２号室", "url": "https://www.kaigokensaku.mhlw.go.jp/23/index.php?action_kouhyou_detail_004_kani=true&JigyosyoCd=2363090115-00&ServiceCd=130&Type=search", "url2": "http://www.e-sachi.co.jp/" }, "geometry": { "type": "Point", "coordinates": [ 137.148748188655674, 35.097282117575055 ] } },
{ "type": "Feature", "properties": { "内容": "訪問看護ステーションハロー【訪問看護】愛知県豊田市梅坪町９丁目4-5FESTA80216号室", "url": "https://www.kaigokensaku.mhlw.go.jp/23/index.php?action_kouhyou_detail_004_kani=true&JigyosyoCd=2363090362-00&ServiceCd=130&Type=search", "url2": "https://hk-hello.com/" }, "geometry": { "type": "Point", "coordinates": [ 137.1611002, 35.0982873 ] } },
{ "type": "Feature", "properties": { "内容": "訪問看護ステーション　ひなた【訪問看護】愛知県豊田市井上町9丁目56-1", "url": "https://www.kaigokensaku.mhlw.go.jp/23/index.php?action_kouhyou_detail_004_kani=true&JigyosyoCd=2363090347-00&ServiceCd=130&Type=search", "url2": "https://hinata-kango.com" }, "geometry": { "type": "Point", "coordinates": [ 137.176450499999959, 35.1256568 ] } },
{ "type": "Feature", "properties": { "内容": "ツクイ・ポピルスガーデン豊田訪問看護看護ステーション【訪問看護】金谷町7丁目４番", "url": "https://www.kaigokensaku.mhlw.go.jp/23/index.php?action_kouhyou_detail_004_kani=true&JigyosyoCd=2363090487-00&ServiceCd=130&Type=search", "url2": "https://www.tsukui.net/sunshine/toyota/" }, "geometry": { "type": "Point", "coordinates": [ 135.515915, 34.6721746 ] } },
{ "type": "Feature", "properties": { "内容": "訪問看護　イコール【訪問看護】愛知県豊田市日之出町2-17-2", "url": "https://www.kaigokensaku.mhlw.go.jp/23/index.php?action_kouhyou_detail_004_kani=true&JigyosyoCd=2363090495-00&ServiceCd=130&Type=search", "url2": null }, "geometry": { "type": "Point", "coordinates": [ 137.1626023, 35.0878278 ] } },
{ "type": "Feature", "properties": { "内容": "斉藤病院訪問看護ステーション【訪問看護】愛知県豊田市四郷町森前南３３番地１０医療法人豊寿会　斉藤病院内", "url": "https://www.kaigokensaku.mhlw.go.jp/23/index.php?action_kouhyou_detail_004_kani=true&JigyosyoCd=2363090511-00&ServiceCd=130&Type=search", "url2": "https://www.saitou-hp.or.jp" }, "geometry": { "type": "Point", "coordinates": [ 137.1678078, 35.1214855 ] } },
{ "type": "Feature", "properties": { "内容": "Ｔ－グランシア水源　訪問看護ステーション【訪問看護】愛知県豊田市水源町5丁目3番地1Ｔ－グランシア水源", "url": "https://www.kaigokensaku.mhlw.go.jp/23/index.php?action_kouhyou_detail_004_kani=true&JigyosyoCd=2363090255-00&ServiceCd=130&Type=search", "url2": "https://www.toyotasmile.co.jp/senior/suigen/" }, "geometry": { "type": "Point", "coordinates": [ 137.175555199999962, 35.0465225 ] } },
{ "type": "Feature", "properties": { "内容": "トヨタ記念訪問看護ステーション【訪問看護】愛知県豊田市平和町1丁目1番地", "url": "https://www.kaigokensaku.mhlw.go.jp/23/index.php?action_kouhyou_detail_004_kani=true&JigyosyoCd=2363090248-00&ServiceCd=130&Type=search", "url2": "https://www.toyota-mh.jp/" }, "geometry": { "type": "Point", "coordinates": [ 137.17677, 35.0579176 ] } },
{ "type": "Feature", "properties": { "内容": "豊田厚生訪問看護ステーション【訪問看護】愛知県豊田市浄水町伊保原500-1豊田厚生病院　地域医療福祉連携部内", "url": "https://www.kaigokensaku.mhlw.go.jp/23/index.php?action_kouhyou_detail_004_kani=true&JigyosyoCd=2363090016-00&ServiceCd=130&Type=search", "url2": "https://toyota.jaaikosei.or.jp/" }, "geometry": { "type": "Point", "coordinates": [ 137.134225, 35.1202503 ] } },
{ "type": "Feature", "properties": { "内容": "足助訪問看護ステーション【訪問看護】愛知県豊田市岩神町仲田20番地足助病院内", "url": "https://www.kaigokensaku.mhlw.go.jp/23/index.php?action_kouhyou_detail_004_kani=true&JigyosyoCd=2366290019-00&ServiceCd=130&Type=search", "url2": "http://www.jaaikosei.or.jp/asuke" }, "geometry": { "type": "Point", "coordinates": [ 137.30551202090146, 35.129739742569029 ] } },
{ "type": "Feature", "properties": { "内容": "三九朗病院訪問看護ステーション【訪問看護】小坂町7丁目80番地ｃ棟", "url": "https://www.kaigokensaku.mhlw.go.jp/23/index.php?action_kouhyou_detail_004_kani=true&JigyosyoCd=2363090180-00&ServiceCd=130&Type=search", "url2": "https://www.sankuro.or.jp" }, "geometry": { "type": "Point", "coordinates": [ 137.1437511, 35.086982900000017 ] } },
{ "type": "Feature", "properties": { "内容": "向日葵のこころ【訪問看護】愛知県豊田市朝日町六丁目３１", "url": "https://www.kaigokensaku.mhlw.go.jp/23/index.php?action_kouhyou_detail_004_kani=true&JigyosyoCd=2363090131-00&ServiceCd=130&Type=search", "url2": null }, "geometry": { "type": "Point", "coordinates": [ 137.145794880426024, 35.095861758889377 ] } },
{ "type": "Feature", "properties": { "内容": "訪問看護ステーションサライ【訪問看護】愛知県豊田市元城町2－40スギサン元城ビル202", "url": "https://www.kaigokensaku.mhlw.go.jp/23/index.php?action_kouhyou_detail_004_kani=true&JigyosyoCd=2363090313-00&ServiceCd=130&Type=search", "url2": null }, "geometry": { "type": "Point", "coordinates": [ 137.147164967157636, 35.059605414368463 ] } },
{ "type": "Feature", "properties": { "内容": "西三河訪問看護ステーション【訪問看護】愛知県豊田市渋谷町１丁目２－１３サンヒルズ東山１０４号", "url": "https://www.kaigokensaku.mhlw.go.jp/23/index.php?action_kouhyou_detail_004_kani=true&JigyosyoCd=2363090107-00&ServiceCd=130&Type=search", "url2": null }, "geometry": { "type": "Point", "coordinates": [ 137.182778797766787, 35.085420204503798 ] } },
{ "type": "Feature", "properties": { "内容": "訪問看護ステーションみらい【訪問看護】愛知県豊田市金谷町5-50アイフラッツ503", "url": "https://www.kaigokensaku.mhlw.go.jp/23/index.php?action_kouhyou_detail_004_kani=true&JigyosyoCd=2363090289-00&ServiceCd=130&Type=search", "url2": "http://hp.kaipoke.biz/nxb/" }, "geometry": { "type": "Point", "coordinates": [ 137.15833520000001, 35.0700815 ] } },
{ "type": "Feature", "properties": { "内容": "P－BASE　訪問看護ステーション【訪問看護】愛知県豊田市清水町7-4-1", "url": "https://www.kaigokensaku.mhlw.go.jp/23/index.php?action_kouhyou_detail_004_kani=true&JigyosyoCd=2363090156-00&ServiceCd=130&Type=search", "url2": "http://www.p-base.co.jp/" }, "geometry": { "type": "Point", "coordinates": [ 137.116628799999944, 35.0576233 ] } },
{ "type": "Feature", "properties": { "内容": "ケアリール訪問看護ステーション　広久手【訪問看護】広久手町5-27-3-2", "url": "https://www.kaigokensaku.mhlw.go.jp/23/index.php?action_kouhyou_detail_004_kani=true&JigyosyoCd=2363090552-00&ServiceCd=130&Type=search", "url2": null }, "geometry": { "type": "Point", "coordinates": [ 137.130889251959161, 35.081382213640964 ] } },
{ "type": "Feature", "properties": { "内容": "ひなた訪問看護ステーションとよた【訪問看護】愛知県豊田市美里2丁目7-4ハイランド加納102号室", "url": "https://www.kaigokensaku.mhlw.go.jp/23/index.php?action_kouhyou_detail_004_kani=true&JigyosyoCd=2363090586-00&ServiceCd=130&Type=search", "url2": "https;//juju-g.co.jp" }, "geometry": { "type": "Point", "coordinates": [ 137.1875669, 35.0831079 ] } },
{ "type": "Feature", "properties": { "内容": "訪問看護ステーション太陽・豊田【訪問看護】豊田市竹元町荒子15番地名豊病院1階", "url": "https://www.kaigokensaku.mhlw.go.jp/23/index.php?action_kouhyou_detail_004_kani=true&JigyosyoCd=2363090420-00&ServiceCd=130&Type=search", "url2": "http://www.med-junseikai.or.jp" }, "geometry": { "type": "Point", "coordinates": [ 137.1086693, 35.0303456 ] } },
{ "type": "Feature", "properties": { "内容": "スマイリング　SPINCステーション【訪問看護】愛知県豊田市中垣内町中道20-1", "url": "https://www.kaigokensaku.mhlw.go.jp/23/index.php?action_kouhyou_detail_004_kani=true&JigyosyoCd=2363090305-00&ServiceCd=130&Type=search", "url2": "https://smiring.info/" }, "geometry": { "type": "Point", "coordinates": [ 137.205842770608541, 35.048757229846856 ] } },
{ "type": "Feature", "properties": { "内容": "豊田地域訪問看護ステーション【訪問看護】愛知県豊田市西山町3丁目30番地１公益財団法人豊田地域医療センター内", "url": "https://www.kaigokensaku.mhlw.go.jp/23/index.php?action_kouhyou_detail_004_kani=true&JigyosyoCd=2363090057-00&ServiceCd=130&Type=search", "url2": "http://www.toyotachiiki-mc.or.jp" }, "geometry": { "type": "Point", "coordinates": [ 137.153807945230142, 35.107591848583354 ] } },
{ "type": "Feature", "properties": { "内容": "ネクスト在宅リハビリセンター訪問看護ステーション【訪問看護】愛知県豊田市亀首町町屋洞39-1オフィスU　1F", "url": "https://www.kaigokensaku.mhlw.go.jp/23/index.php?action_kouhyou_detail_004_kani=true&JigyosyoCd=2363090065-00&ServiceCd=130&Type=search", "url2": "http://www.rehanext.net/" }, "geometry": { "type": "Point", "coordinates": [ 137.169891157607964, 35.13975625343393 ] } },
{ "type": "Feature", "properties": { "内容": "訪問看護ステーションかえるの家【訪問看護】愛知県豊田市築和合3046番地2", "url": "https://www.kaigokensaku.mhlw.go.jp/23/index.php?action_kouhyou_detail_004_kani=true&JigyosyoCd=2363090388-00&ServiceCd=130&Type=search", "url2": "https://www.kikumusubi.co.jp/" }, "geometry": { "type": "Point", "coordinates": [ 137.361563148183365, 35.234223007195638 ] } },
{ "type": "Feature", "properties": { "内容": "訪問看護ステーションともに【訪問看護】愛知県豊田市高上2丁目25-4アヴニールY・M201", "url": "https://www.kaigokensaku.mhlw.go.jp/23/index.php?action_kouhyou_detail_004_kani=true&JigyosyoCd=2363090560-00&ServiceCd=130&Type=search", "url2": "https://tomoni-houkan.studio.site" }, "geometry": { "type": "Point", "coordinates": [ 137.186316, 35.090152700000012 ] } },
{ "type": "Feature", "properties": { "内容": "にゃー訪問看護ステーション【訪問看護】愛知県豊田市東梅坪町3-2-20鈴木ビル403号", "url": "https://www.kaigokensaku.mhlw.go.jp/23/index.php?action_kouhyou_detail_004_kani=true&JigyosyoCd=2363090453-00&ServiceCd=130&Type=search", "url2": "https://www.nyans829.com/" }, "geometry": { "type": "Point", "coordinates": [ 137.166608, 35.1045931 ] } },
{ "type": "Feature", "properties": { "内容": "笑み訪問看護ステーション【訪問看護】梅坪町1丁目18-8YSビル101", "url": "https://www.kaigokensaku.mhlw.go.jp/23/index.php?action_kouhyou_detail_004_kani=true&JigyosyoCd=2363090370-00&ServiceCd=130&Type=search", "url2": "https://life-nurse.jimdofree.com" }, "geometry": { "type": "Point", "coordinates": [ 137.158771699999988, 35.1049364 ] } },
{ "type": "Feature", "properties": { "内容": "中日本訪問看護ステーション【訪問看護】愛知県豊田市駒場町南34-5", "url": "https://www.kaigokensaku.mhlw.go.jp/23/index.php?action_kouhyou_detail_004_kani=true&JigyosyoCd=2363090461-00&ServiceCd=130&Type=search", "url2": "https://nakanihon.nurse-pro.co.jp/" }, "geometry": { "type": "Point", "coordinates": [ 137.0560022, 35.01544 ] } },
{ "type": "Feature", "properties": { "内容": "あいナーシングステーション【訪問看護】愛知県豊田市本地町３丁目２９番地1あいケアホーム本地", "url": "https://www.kaigokensaku.mhlw.go.jp/23/index.php?action_kouhyou_detail_004_kani=true&JigyosyoCd=2363090172-00&ServiceCd=130&Type=search", "url2": "http://ⅰ-carehome.net/" }, "geometry": { "type": "Point", "coordinates": [ 137.117441384960699, 35.075411953181096 ] } },
{ "type": "Feature", "properties": { "内容": "訪問看護ステーション　アクポ【訪問看護】丸山町5丁目21番地コーポラス丸山公園105号", "url": "https://www.kaigokensaku.mhlw.go.jp/23/index.php?action_kouhyou_detail_004_kani=true&JigyosyoCd=2363090123-00&ServiceCd=130&Type=search", "url2": "http://www.kotoha2007.co.jp/homehelp.html" }, "geometry": { "type": "Point", "coordinates": [ 137.147463799999969, 35.063768 ] } },
{ "type": "Feature", "properties": { "内容": "訪問看護ステーション彩【訪問看護】四郷町東畑300番地2階", "url": "https://www.kaigokensaku.mhlw.go.jp/23/index.php?action_kouhyou_detail_004_kani=true&JigyosyoCd=2363090271-00&ServiceCd=130&Type=search", "url2": "https://aya-care2011.com" }, "geometry": { "type": "Point", "coordinates": [ 137.168466476134142, 35.123680651734411 ] } },
{ "type": "Feature", "properties": { "内容": "訪問看護ステーション「オリーブ」【訪問看護】愛知県豊田市高町東山4番地621", "url": "https://www.kaigokensaku.mhlw.go.jp/23/index.php?action_kouhyou_detail_004_kani=true&JigyosyoCd=2363090529-00&ServiceCd=130&Type=search", "url2": "https://care-net.biz/23/clover.makiba/" }, "geometry": { "type": "Point", "coordinates": [ 137.1828687, 35.1382286 ] } },
{ "type": "Feature", "properties": { "内容": "訪問看護ステーション　iPeaceThanks【訪問看護】前山町2丁目2－45メゾンプティオラージュ202", "url": "https://www.kaigokensaku.mhlw.go.jp/23/index.php?action_kouhyou_detail_004_kani=true&JigyosyoCd=2363090545-00&ServiceCd=130&Type=search", "url2": "https://mahal.co.jp/" }, "geometry": { "type": "Point", "coordinates": [ 137.1641656, 35.0491064 ] } },
{ "type": "Feature", "properties": { "内容": "さち訪問看護ステーション【訪問看護】愛知県豊田市栄生町3丁目56番地1", "url": "https://www.kaigokensaku.mhlw.go.jp/23/index.php?action_kouhyou_detail_004_kani=true&JigyosyoCd=2363090537-00&ServiceCd=130&Type=search", "url2": "https://sachi-life.co.jp/" }, "geometry": { "type": "Point", "coordinates": [ 137.151808391401687, 35.101416082367287 ] } },
{ "type": "Feature", "properties": { "内容": "ツクイ豊田訪問看護ステーション【訪問看護】愛知県豊田市若宮町7-3-1T.S-front4階", "url": "https://www.kaigokensaku.mhlw.go.jp/23/index.php?action_kouhyou_detail_004_kani=true&JigyosyoCd=2363090503-00&ServiceCd=130&Type=search", "url2": "https://www.tsukui.net/" }, "geometry": { "type": "Point", "coordinates": [ 137.1551461, 35.0891773 ] } },
{ "type": "Feature", "properties": { "内容": "つぼいセントラルクリニック【訪問看護】三河安城東町1-7-3", "url": "https://www.kaigokensaku.mhlw.go.jp/23/index.php?action_kouhyou_detail_004_kani=true&JigyosyoCd=2313101749-00&ServiceCd=130&Type=search", "url2": "http://www.myclinic.ne.jp/tsuboi/pc/" }, "geometry": { "type": "Point", "coordinates": [ 137.066659100000038, 34.9648319 ] } },
{ "type": "Feature", "properties": { "内容": "訪問看護ステーション夢ら咲【訪問看護】愛知県安城市福釜町猿町21番地猿町ハイツ110号室", "url": "https://www.kaigokensaku.mhlw.go.jp/23/index.php?action_kouhyou_detail_004_kani=true&JigyosyoCd=2363190147-00&ServiceCd=130&Type=search", "url2": "http://murasaki-ks.info" }, "geometry": { "type": "Point", "coordinates": [ 137.059993599999984, 34.9431104 ] } },
{ "type": "Feature", "properties": { "内容": "訪問看護こころくばり【訪問看護】愛知県安城市篠目町竜田155番介護複合施設こころくばり", "url": "https://www.kaigokensaku.mhlw.go.jp/23/index.php?action_kouhyou_detail_004_kani=true&JigyosyoCd=2363190188-00&ServiceCd=130&Type=search", "url2": "http://www.kokorokubari.or.jp" }, "geometry": { "type": "Point", "coordinates": [ 137.066497900000059, 34.9816296 ] } },
{ "type": "Feature", "properties": { "内容": "訪問看護ステーション　和来あんじょう【訪問看護】井杭山町高見アクティス安城2F-B", "url": "https://www.kaigokensaku.mhlw.go.jp/23/index.php?action_kouhyou_detail_004_kani=true&JigyosyoCd=2363190196-00&ServiceCd=130&Type=search", "url2": "https://warai.life" }, "geometry": { "type": "Point", "coordinates": [ 137.061039, 34.9741868 ] } },
{ "type": "Feature", "properties": { "内容": "えんがわナースすてーしょん【訪問看護】愛知県安城市三河安城南町1丁目15−8サンテラス三河安城ビル6階", "url": "https://www.kaigokensaku.mhlw.go.jp/23/index.php?action_kouhyou_detail_004_kani=true&JigyosyoCd=2363190204-00&ServiceCd=130&Type=search", "url2": null }, "geometry": { "type": "Point", "coordinates": [ 137.060126700000012, 34.9661825 ] } },
{ "type": "Feature", "properties": { "内容": "アクア安城訪問看護【訪問看護】愛知県安城市堀内町屋敷43番6号アクアホーム安城堀内", "url": "https://www.kaigokensaku.mhlw.go.jp/23/index.php?action_kouhyou_detail_004_kani=true&JigyosyoCd=2363190162-00&ServiceCd=130&Type=search", "url2": "https://www.syueiaqua-kaigo-recruit.com/" }, "geometry": { "type": "Point", "coordinates": [ 137.09085170000003, 34.9257754 ] } },
{ "type": "Feature", "properties": { "内容": "訪問看護　Lien　Care【訪問看護】愛知県安城市御幸本町3‐3マンションコーシン駅前201", "url": "https://www.kaigokensaku.mhlw.go.jp/23/index.php?action_kouhyou_detail_004_kani=true&JigyosyoCd=2363190253-00&ServiceCd=130&Type=search", "url2": null }, "geometry": { "type": "Point", "coordinates": [ 137.0865329, 34.960019100000011 ] } },
{ "type": "Feature", "properties": { "内容": "訪問看護ステーション　オレンジ【訪問看護】愛知県安城市安城町名広85番地5", "url": "https://www.kaigokensaku.mhlw.go.jp/23/index.php?action_kouhyou_detail_004_kani=true&JigyosyoCd=2363190105-00&ServiceCd=130&Type=search", "url2": "http://www.oss-kk.com/" }, "geometry": { "type": "Point", "coordinates": [ 137.096852500000068, 34.9500193 ] } },
{ "type": "Feature", "properties": { "内容": "ＪＡあいち中央訪問看護ステーション【訪問看護】愛知県安城市和泉町南家下6-1", "url": "https://www.kaigokensaku.mhlw.go.jp/23/index.php?action_kouhyou_detail_004_kani=true&JigyosyoCd=2363190097-00&ServiceCd=130&Type=search", "url2": "http://www.jaac.or.jp/" }, "geometry": { "type": "Point", "coordinates": [ 137.045252299999987, 34.9132244 ] } },
{ "type": "Feature", "properties": { "内容": "更生訪問看護ステーション【訪問看護】愛知県安城市安城町東広畔28番地介護老人保健施設あおみ内", "url": "https://www.kaigokensaku.mhlw.go.jp/23/index.php?action_kouhyou_detail_004_kani=true&JigyosyoCd=2363190014-00&ServiceCd=130&Type=search", "url2": "http://www.jaaikosei.or.jp/" }, "geometry": { "type": "Point", "coordinates": [ 137.076982039147879, 34.939444579152884 ] } },
{ "type": "Feature", "properties": { "内容": "松井整形外科【訪問看護】安城市法連町8番地11", "url": "https://www.kaigokensaku.mhlw.go.jp/23/index.php?action_kouhyou_detail_004_kani=true&JigyosyoCd=2313100659-00&ServiceCd=130&Type=search", "url2": "https://matsuiseikei.ansyokai.or.jp" }, "geometry": { "type": "Point", "coordinates": [ 137.093787, 34.9554169 ] } },
{ "type": "Feature", "properties": { "内容": "松井訪問看護ステーション【訪問看護】愛知県安城市法連町8番地1", "url": "https://www.kaigokensaku.mhlw.go.jp/23/index.php?action_kouhyou_detail_004_kani=true&JigyosyoCd=2363190030-00&ServiceCd=130&Type=search", "url2": "http://matsui-houkan@ansyokai.or.jp" }, "geometry": { "type": "Point", "coordinates": [ 137.093306900000016, 34.9551979 ] } },
{ "type": "Feature", "properties": { "内容": "医療法人仁泉会池浦訪問看護ステーション【訪問看護】愛知県安城市池浦町丸田302番地5", "url": "https://www.kaigokensaku.mhlw.go.jp/23/index.php?action_kouhyou_detail_004_kani=true&JigyosyoCd=2363190055-00&ServiceCd=130&Type=search", "url2": "https://nisenkai.or.jp/" }, "geometry": { "type": "Point", "coordinates": [ 137.08162429999993, 34.9706067 ] } },
{ "type": "Feature", "properties": { "内容": "訪問看護ステーションおおた【訪問看護】愛知県安城市赤松町的場１４５番地", "url": "https://www.kaigokensaku.mhlw.go.jp/23/index.php?action_kouhyou_detail_004_kani=true&JigyosyoCd=2363190063-00&ServiceCd=130&Type=search", "url2": "lib-s.com" }, "geometry": { "type": "Point", "coordinates": [ 137.061783980876157, 34.93443065117814 ] } },
{ "type": "Feature", "properties": { "内容": "訪問看護ステーション仁安城【訪問看護】愛知県安城市相生町18-17ドミールSUGIURA2-A", "url": "https://www.kaigokensaku.mhlw.go.jp/23/index.php?action_kouhyou_detail_004_kani=true&JigyosyoCd=2363190261-00&ServiceCd=130&Type=search", "url2": "https://www.gene-llc.jp/" }, "geometry": { "type": "Point", "coordinates": [ 137.08644910000001, 34.9539158 ] } },
{ "type": "Feature", "properties": { "内容": "訪問看護ステーション　ミリー【訪問看護】住吉町二丁目1番30号", "url": "https://www.kaigokensaku.mhlw.go.jp/23/index.php?action_kouhyou_detail_004_kani=true&JigyosyoCd=2363190238-00&ServiceCd=130&Type=search", "url2": "https://www.houkan-milly.com/" }, "geometry": { "type": "Point", "coordinates": [ 139.5486058, 35.7450807 ] } },
{ "type": "Feature", "properties": { "内容": "Footage訪問看護ステーション咲の樹安城【訪問看護】愛知県安城市赤松町堀切14番地3", "url": "https://www.kaigokensaku.mhlw.go.jp/23/index.php?action_kouhyou_detail_004_kani=true&JigyosyoCd=2363190246-00&ServiceCd=130&Type=search", "url2": "https://footage.nagoya/" }, "geometry": { "type": "Point", "coordinates": [ 137.058776838799503, 34.936179088495876 ] } },
{ "type": "Feature", "properties": { "内容": "医心館訪問看護ステーション安城【訪問看護】愛知県安城市今池町３丁目２番31号", "url": "https://www.kaigokensaku.mhlw.go.jp/23/index.php?action_kouhyou_detail_004_kani=true&JigyosyoCd=2363190279-00&ServiceCd=130&Type=search", "url2": null }, "geometry": { "type": "Point", "coordinates": [ 137.084785100000033, 34.9771487 ] } },
{ "type": "Feature", "properties": { "内容": "日だまり訪問看護ステーション【訪問看護】愛知県安城市古井町芝崎5番地6", "url": "https://www.kaigokensaku.mhlw.go.jp/23/index.php?action_kouhyou_detail_004_kani=true&JigyosyoCd=2363190154-00&ServiceCd=130&Type=search", "url2": "https://hidamari0925.com/" }, "geometry": { "type": "Point", "coordinates": [ 137.089509099999987, 34.9341538 ] } },
{ "type": "Feature", "properties": { "内容": "グレイシャスビラ安城ナースステーション【訪問看護】愛知県安城市三河安城東町1-7-3", "url": "https://www.kaigokensaku.mhlw.go.jp/23/index.php?action_kouhyou_detail_004_kani=true&JigyosyoCd=2363190212-00&ServiceCd=130&Type=search", "url2": "https://gracious-villa.jp" }, "geometry": { "type": "Point", "coordinates": [ 137.0666645, 34.96491789807861 ] } },
{ "type": "Feature", "properties": { "内容": "株式会社　ライフサポート訪問看護ステーション【訪問看護】愛知県安城市三河安城南町一丁目13番地4", "url": "https://www.kaigokensaku.mhlw.go.jp/23/index.php?action_kouhyou_detail_004_kani=true&JigyosyoCd=2363190048-00&ServiceCd=130&Type=search", "url2": "http://www.kk-life-support.jp" }, "geometry": { "type": "Point", "coordinates": [ 137.06052909999994, 34.9650206 ] } },
{ "type": "Feature", "properties": { "内容": "八千代訪問看護ステーション【訪問看護】愛知県安城市東栄町１丁目１０番１八千代在宅ケアセンター３階", "url": "https://www.kaigokensaku.mhlw.go.jp/23/index.php?action_kouhyou_detail_004_kani=true&JigyosyoCd=2363190022-00&ServiceCd=130&Type=search", "url2": "http://www.yachiyo-hosp.or.jp" }, "geometry": { "type": "Point", "coordinates": [ 137.083401900000013, 34.9891735 ] } },
{ "type": "Feature", "properties": { "内容": "つくし訪問看護ステーション【訪問看護】愛知県安城市朝日町14番11号", "url": "https://www.kaigokensaku.mhlw.go.jp/23/index.php?action_kouhyou_detail_004_kani=true&JigyosyoCd=2363190170-00&ServiceCd=130&Type=search", "url2": "https://tsukushi.pc-ex.net/" }, "geometry": { "type": "Point", "coordinates": [ 137.087653105522577, 34.958419773800003 ] } },
{ "type": "Feature", "properties": { "内容": "よいかん安城【訪問看護】愛知県安城市日の出町2-20杉浦ビル1階", "url": "https://www.kaigokensaku.mhlw.go.jp/23/index.php?action_kouhyou_detail_004_kani=true&JigyosyoCd=2363190220-00&ServiceCd=130&Type=search", "url2": null }, "geometry": { "type": "Point", "coordinates": [ 137.0918217, 34.9538039 ] } },
{ "type": "Feature", "properties": { "内容": "訪問看護ステーション　メディケアジャパン西尾【訪問看護】愛知県西尾市楠村町寺下1-2", "url": "https://www.kaigokensaku.mhlw.go.jp/23/index.php?action_kouhyou_detail_004_kani=true&JigyosyoCd=2363290103-00&ServiceCd=130&Type=search", "url2": "medicare-j.com/company/" }, "geometry": { "type": "Point", "coordinates": [ 137.015156599999955, 34.8557887 ] } },
{ "type": "Feature", "properties": { "内容": "訪問看護ステーションあやめ西尾【訪問看護】愛知県西尾市戸ヶ崎3-21-8サンライズ21", "url": "https://www.kaigokensaku.mhlw.go.jp/23/index.php?action_kouhyou_detail_004_kani=true&JigyosyoCd=2363290160-00&ServiceCd=130&Type=search", "url2": "http://www.firstnurse.co.jp" }, "geometry": { "type": "Point", "coordinates": [ 137.0645862, 34.882381 ] } },
{ "type": "Feature", "properties": { "内容": "三河すみれ訪問看護ステーション【訪問看護】愛知県西尾市大和田町下新田28-5", "url": "https://www.kaigokensaku.mhlw.go.jp/23/index.php?action_kouhyou_detail_004_kani=true&JigyosyoCd=2363290210-00&ServiceCd=130&Type=search", "url2": "ivymedical-tokai.jp" }, "geometry": { "type": "Point", "coordinates": [ 137.0777712, 34.8590789 ] } },
{ "type": "Feature", "properties": { "内容": "訪問看護ステーションケアル【訪問看護】愛知県西尾市満全町26番地1", "url": "https://www.kaigokensaku.mhlw.go.jp/23/index.php?action_kouhyou_detail_004_kani=true&JigyosyoCd=2363290228-00&ServiceCd=130&Type=search", "url2": "https://kearu.co.jp" }, "geometry": { "type": "Point", "coordinates": [ 137.053515036211024, 34.867454488621341 ] } },
{ "type": "Feature", "properties": { "内容": "訪問看護ステーションあかり【訪問看護】愛知県西尾市熊味町大道北４６番地", "url": "https://www.kaigokensaku.mhlw.go.jp/23/index.php?action_kouhyou_detail_004_kani=true&JigyosyoCd=2363290046-00&ServiceCd=130&Type=search", "url2": "http://www.tokai-aid.com" }, "geometry": { "type": "Point", "coordinates": [ 137.072191828482801, 34.87105406840675 ] } },
{ "type": "Feature", "properties": { "内容": "訪問看護ステーション　シャイン【訪問看護】愛知県西尾市吉良町上横須賀元屋敷107番地ハイツセラA棟　201号室", "url": "https://www.kaigokensaku.mhlw.go.jp/23/index.php?action_kouhyou_detail_004_kani=true&JigyosyoCd=2363290194-00&ServiceCd=130&Type=search", "url2": "https://shine-kango.com/" }, "geometry": { "type": "Point", "coordinates": [ 137.06758055767213, 34.827738733356711 ] } },
{ "type": "Feature", "properties": { "内容": "訪問看護ステーション　いちえ事業所【訪問看護】愛知県西尾市寄住町若宮25番2若宮事務所2F", "url": "https://www.kaigokensaku.mhlw.go.jp/23/index.php?action_kouhyou_detail_004_kani=true&JigyosyoCd=2363290251-00&ServiceCd=130&Type=search", "url2": "https://ichiehoumon.com" }, "geometry": { "type": "Point", "coordinates": [ 137.0636824, 34.865828 ] } },
{ "type": "Feature", "properties": { "内容": "はず訪問看護ステーション【訪問看護】愛知県西尾市一色町赤羽上郷中113番地1", "url": "https://www.kaigokensaku.mhlw.go.jp/23/index.php?action_kouhyou_detail_004_kani=true&JigyosyoCd=2365990023-00&ServiceCd=130&Type=search", "url2": "https://takasu-hp.or.jp" }, "geometry": { "type": "Point", "coordinates": [ 137.018778900000029, 34.8187184 ] } },
{ "type": "Feature", "properties": { "内容": "やまお訪問看護ステーション【訪問看護】愛知県西尾市徳次町明大寺144番地5介護老人保健施設　やまお", "url": "https://www.kaigokensaku.mhlw.go.jp/23/index.php?action_kouhyou_detail_004_kani=true&JigyosyoCd=2363290137-00&ServiceCd=130&Type=search", "url2": "yamaohospital.or.jp/" }, "geometry": { "type": "Point", "coordinates": [ 137.072663179526302, 34.864103036921925 ] } },
{ "type": "Feature", "properties": { "内容": "リハビリ訪問看護ステーション西尾【訪問看護】愛知県西尾市江原町西柄1-1", "url": "https://www.kaigokensaku.mhlw.go.jp/23/index.php?action_kouhyou_detail_004_kani=true&JigyosyoCd=2363290012-00&ServiceCd=130&Type=search", "url2": "https://www.jhn.or.jp/" }, "geometry": { "type": "Point", "coordinates": [ 137.091625764909395, 34.868463420593237 ] } },
{ "type": "Feature", "properties": { "内容": "西尾病院訪問看護ステーション【訪問看護】愛知県西尾市和泉町22番地", "url": "https://www.kaigokensaku.mhlw.go.jp/23/index.php?action_kouhyou_detail_004_kani=true&JigyosyoCd=2363290020-00&ServiceCd=130&Type=search", "url2": "http://www.nishio-hp.or.jp/" }, "geometry": { "type": "Point", "coordinates": [ 137.0556252, 34.8672971 ] } },
{ "type": "Feature", "properties": { "内容": "訪問看護ステーションこむぎ【訪問看護】愛知県西尾市田貫3丁目55-4田貫D-houseA棟", "url": "https://www.kaigokensaku.mhlw.go.jp/23/index.php?action_kouhyou_detail_004_kani=true&JigyosyoCd=2363290095-00&ServiceCd=130&Type=search", "url2": "https://mugi.life" }, "geometry": { "type": "Point", "coordinates": [ 137.025973044180347, 34.867319262673391 ] } },
{ "type": "Feature", "properties": { "内容": "幸の森訪問看護ステーション【訪問看護】愛知県西尾市城崎町4丁目26番地", "url": "https://www.kaigokensaku.mhlw.go.jp/23/index.php?action_kouhyou_detail_004_kani=true&JigyosyoCd=2363290087-00&ServiceCd=130&Type=search", "url2": "http://www.sachi-mori.jp" }, "geometry": { "type": "Point", "coordinates": [ 137.057674799999972, 34.8629593 ] } },
{ "type": "Feature", "properties": { "内容": "訪問看護ステーション　ラルゴ【訪問看護】愛知県西尾市駒場町東山39-1", "url": "https://www.kaigokensaku.mhlw.go.jp/23/index.php?action_kouhyou_detail_004_kani=true&JigyosyoCd=2363290053-00&ServiceCd=130&Type=search", "url2": "https://fureai-npo.com" }, "geometry": { "type": "Point", "coordinates": [ 137.105767499999956, 34.8657673 ] } },
{ "type": "Feature", "properties": { "内容": "中畑すみれ訪問看護ステーション【訪問看護】中畑町矢無3-1", "url": "https://www.kaigokensaku.mhlw.go.jp/23/index.php?action_kouhyou_detail_004_kani=true&JigyosyoCd=2363290186-00&ServiceCd=130&Type=search", "url2": null }, "geometry": { "type": "Point", "coordinates": [ 137.02162940540552, 34.869600723128585 ] } },
{ "type": "Feature", "properties": { "内容": "訪問看護ステーションアイナス【訪問看護】愛知県西尾市徳次町小藪36", "url": "https://www.kaigokensaku.mhlw.go.jp/23/index.php?action_kouhyou_detail_004_kani=true&JigyosyoCd=2363290129-00&ServiceCd=130&Type=search", "url2": "http://actead.com" }, "geometry": { "type": "Point", "coordinates": [ 137.071285200000034, 34.8652326 ] } },
{ "type": "Feature", "properties": { "内容": "訪問看護ステーションａｉ【訪問看護】愛知県西尾市下羽角町字郷内61-2", "url": "https://www.kaigokensaku.mhlw.go.jp/23/index.php?action_kouhyou_detail_004_kani=true&JigyosyoCd=2363290277-00&ServiceCd=130&Type=search", "url2": null }, "geometry": { "type": "Point", "coordinates": [ 137.1211343, 34.8832339 ] } },
{ "type": "Feature", "properties": { "内容": "西尾市民病院訪問看護ステーション【訪問看護】愛知県西尾市熊味町上泡原６番地", "url": "https://www.kaigokensaku.mhlw.go.jp/23/index.php?action_kouhyou_detail_004_kani=true&JigyosyoCd=2363290269-00&ServiceCd=130&Type=search", "url2": "https://hospital.city.nishio.aichi.jp/department/houmonkango.php" }, "geometry": { "type": "Point", "coordinates": [ 137.06833850000001, 34.8736587 ] } },
{ "type": "Feature", "properties": { "内容": "訪問看護ステーション高宮城2【訪問看護】愛知県西尾市中町75番地1", "url": "https://www.kaigokensaku.mhlw.go.jp/23/index.php?action_kouhyou_detail_004_kani=true&JigyosyoCd=2363290293-00&ServiceCd=130&Type=search", "url2": null }, "geometry": { "type": "Point", "coordinates": [ 137.05262475396728, 34.870093516126218 ] } },
{ "type": "Feature", "properties": { "内容": "西尾すみれ訪問看護ステーション【訪問看護】今川町御堂東62西尾すみれハイムA館", "url": "https://www.kaigokensaku.mhlw.go.jp/23/index.php?action_kouhyou_detail_004_kani=true&JigyosyoCd=2363290178-00&ServiceCd=130&Type=search", "url2": null }, "geometry": { "type": "Point", "coordinates": [ 137.0612291, 34.8550102 ] } },
{ "type": "Feature", "properties": { "内容": "訪問看護ステーションいこいの里【訪問看護】愛知県西尾市丁田町杢左51-1", "url": "https://www.kaigokensaku.mhlw.go.jp/23/index.php?action_kouhyou_detail_004_kani=true&JigyosyoCd=2363290079-00&ServiceCd=130&Type=search", "url2": "http://www.ikoinosato.com/" }, "geometry": { "type": "Point", "coordinates": [ 137.064952299999959, 34.8596509 ] } },
{ "type": "Feature", "properties": { "内容": "訪問看護ステーション　幸【訪問看護】愛知県蒲郡市鹿島町深田22-1", "url": "https://www.kaigokensaku.mhlw.go.jp/23/index.php?action_kouhyou_detail_004_kani=true&JigyosyoCd=2363390044-00&ServiceCd=130&Type=search", "url2": "http://" }, "geometry": { "type": "Point", "coordinates": [ 137.194566399999985, 34.8162766 ] } },
{ "type": "Feature", "properties": { "内容": "医療法人北辰会訪問看護ステーション　みらいあ【訪問看護】愛知県蒲郡市栄町１１番50号", "url": "https://www.kaigokensaku.mhlw.go.jp/23/index.php?action_kouhyou_detail_004_kani=true&JigyosyoCd=2363390010-00&ServiceCd=130&Type=search", "url2": "http://www.miraia.or.jp" }, "geometry": { "type": "Point", "coordinates": [ 137.217561, 34.8231147 ] } },
{ "type": "Feature", "properties": { "内容": "訪問看護ステーションあやめ蒲郡【訪問看護】愛知県蒲郡市拾石町五反田6-1ハイステージ五反田101号室", "url": "https://www.kaigokensaku.mhlw.go.jp/23/index.php?action_kouhyou_detail_004_kani=true&JigyosyoCd=2363390101-00&ServiceCd=130&Type=search", "url2": "https://firstnurse.co.jp" }, "geometry": { "type": "Point", "coordinates": [ 137.197677199999987, 34.8206299 ] } },
{ "type": "Feature", "properties": { "内容": "訪問看護ステーション　青い空【訪問看護】愛知県蒲郡市三谷町東３丁目２０番地プリンセスハイツ１０２号室", "url": "https://www.kaigokensaku.mhlw.go.jp/23/index.php?action_kouhyou_detail_004_kani=true&JigyosyoCd=2363390135-00&ServiceCd=130&Type=search", "url2": "https://aoisora-ho-kan.jp/" }, "geometry": { "type": "Point", "coordinates": [ 137.256487, 34.8148682 ] } },
{ "type": "Feature", "properties": { "内容": "竹谷すみれ訪問看護ステーション【訪問看護】愛知県蒲郡市竹谷町犬飼港７番地１", "url": "https://www.kaigokensaku.mhlw.go.jp/23/index.php?action_kouhyou_detail_004_kani=true&JigyosyoCd=2363390093-00&ServiceCd=130&Type=search", "url2": "http://ivymedical-tokai.jp/takenoya/" }, "geometry": { "type": "Point", "coordinates": [ 137.2127165, 34.8235724 ] } },
{ "type": "Feature", "properties": { "内容": "訪問看護ステーションオレンジクラブ【訪問看護】愛知県蒲郡市丸山町１番５号", "url": "https://www.kaigokensaku.mhlw.go.jp/23/index.php?action_kouhyou_detail_004_kani=true&JigyosyoCd=2363390028-00&ServiceCd=130&Type=search", "url2": "http://kawai-geka.com" }, "geometry": { "type": "Point", "coordinates": [ 137.234426, 34.820678900000011 ] } },
{ "type": "Feature", "properties": { "内容": "訪問看護ステーションともに蒲郡【訪問看護】愛知県蒲郡市緑町24-2", "url": "https://www.kaigokensaku.mhlw.go.jp/23/index.php?action_kouhyou_detail_004_kani=true&JigyosyoCd=2363390150-00&ServiceCd=130&Type=search", "url2": "https://tomoninurse.biz/" }, "geometry": { "type": "Point", "coordinates": [ 137.2197516, 34.8323642 ] } },
{ "type": "Feature", "properties": { "内容": "蒲郡訪問看護ステーション【訪問看護】大塚町山ノ沢7-27蒲郡すみれハイム", "url": "https://www.kaigokensaku.mhlw.go.jp/23/index.php?action_kouhyou_detail_004_kani=true&JigyosyoCd=2363390127-00&ServiceCd=130&Type=search", "url2": "https://ivymedical-tokai.jp/gamagori_sumire/index.html" }, "geometry": { "type": "Point", "coordinates": [ 137.266047100000037, 34.808741799999986 ] } },
{ "type": "Feature", "properties": { "内容": "かんだ訪問看護リハビリステーション【訪問看護】愛知県蒲郡市金平町中内13-6", "url": "https://www.kaigokensaku.mhlw.go.jp/23/index.php?action_kouhyou_detail_004_kani=true&JigyosyoCd=2363390085-00&ServiceCd=130&Type=search", "url2": "https://www.kanda-seikei.com/" }, "geometry": { "type": "Point", "coordinates": [ 137.186734136991475, 34.813170454718957 ] } },
{ "type": "Feature", "properties": { "内容": "ハピリス訪問看護リハビリステーション蒲郡【訪問看護】愛知県蒲郡市三谷町弥生1丁目５レジデンス木の実102号室", "url": "https://www.kaigokensaku.mhlw.go.jp/23/index.php?action_kouhyou_detail_004_kani=true&JigyosyoCd=2363390119-00&ServiceCd=130&Type=search", "url2": "hapilis.com" }, "geometry": { "type": "Point", "coordinates": [ 137.252930557398543, 34.815229279955361 ] } },
{ "type": "Feature", "properties": { "内容": "社会医療法人　志聖会　総合犬山中央病院【訪問看護】愛知県犬山市大字五郎丸字二タ子塚6", "url": "https://www.kaigokensaku.mhlw.go.jp/23/index.php?action_kouhyou_detail_004_kani=true&JigyosyoCd=2313400521-00&ServiceCd=130&Type=search", "url2": "http://www.inuyamachuohospital.or.jp" }, "geometry": { "type": "Point", "coordinates": [ 136.946758300000056, 35.3637889 ] } },
{ "type": "Feature", "properties": { "内容": "犬山中央訪問看護ステーション【訪問看護】愛知県犬山市大字五郎丸字二タ子塚6", "url": "https://www.kaigokensaku.mhlw.go.jp/23/index.php?action_kouhyou_detail_004_kani=true&JigyosyoCd=2363490083-00&ServiceCd=130&Type=search", "url2": null }, "geometry": { "type": "Point", "coordinates": [ 136.9469892, 35.3638602 ] } },
{ "type": "Feature", "properties": { "内容": "訪問看護ステーション　マルイチ【訪問看護】愛知県犬山市大字羽黒字外山野46-29　ハウス外山202ハウス外山202", "url": "https://www.kaigokensaku.mhlw.go.jp/23/index.php?action_kouhyou_detail_004_kani=true&JigyosyoCd=2363490091-00&ServiceCd=130&Type=search", "url2": "https://www.nurse.ex-maruichi.com/" }, "geometry": { "type": "Point", "coordinates": [ 136.971000249598688, 35.353350581910675 ] } },
{ "type": "Feature", "properties": { "内容": "訪問看護ステーション　ともいき【訪問看護】愛知県犬山市塔野地北四丁目17番地１", "url": "https://www.kaigokensaku.mhlw.go.jp/23/index.php?action_kouhyou_detail_004_kani=true&JigyosyoCd=2363490075-00&ServiceCd=130&Type=search", "url2": "http://www.tomoiki.co.jp/" }, "geometry": { "type": "Point", "coordinates": [ 136.958949294056765, 35.376647237772325 ] } },
{ "type": "Feature", "properties": { "内容": "訪問看護ステーション糸【訪問看護】愛知県犬山市大字橋爪字東中野３番地１エスポワール天夢Ａ棟２０１号室", "url": "https://www.kaigokensaku.mhlw.go.jp/23/index.php?action_kouhyou_detail_004_kani=true&JigyosyoCd=2363490141-00&ServiceCd=130&Type=search", "url2": null }, "geometry": { "type": "Point", "coordinates": [ 136.9356439, 35.3727933 ] } },
{ "type": "Feature", "properties": { "内容": "はるか訪問看護ステーション【訪問看護】愛知県犬山市大字犬山字西三条４６番地の１仙田ビル２Ｆ", "url": "https://www.kaigokensaku.mhlw.go.jp/23/index.php?action_kouhyou_detail_004_kani=true&JigyosyoCd=2363490059-00&ServiceCd=130&Type=search", "url2": "http://www.hanaou.co.jp/" }, "geometry": { "type": "Point", "coordinates": [ 136.93640640000001, 35.3764449 ] } },
{ "type": "Feature", "properties": { "内容": "訪問看護ステーションim【訪問看護】愛知県犬山市松本町4丁目29番地ソレアード松本B101", "url": "https://www.kaigokensaku.mhlw.go.jp/23/index.php?action_kouhyou_detail_004_kani=true&JigyosyoCd=2363490158-00&ServiceCd=130&Type=search", "url2": null }, "geometry": { "type": "Point", "coordinates": [ 136.948899899999986, 35.3791665 ] } },
{ "type": "Feature", "properties": { "内容": "訪問看護ステーションクレア【訪問看護】愛知県犬山市松本町一丁目23番地グレース犬山Ⅰ2B", "url": "https://www.kaigokensaku.mhlw.go.jp/23/index.php?action_kouhyou_detail_004_kani=true&JigyosyoCd=2363490166-00&ServiceCd=130&Type=search", "url2": "https://www.sousou.or.jp" }, "geometry": { "type": "Point", "coordinates": [ 136.9474879, 35.3826642 ] } },
{ "type": "Feature", "properties": { "内容": "医療法人ふなびきクリニック【訪問看護】犬山市大字前原字桜坪29番地2", "url": "https://www.kaigokensaku.mhlw.go.jp/23/index.php?action_kouhyou_detail_004_kani=true&JigyosyoCd=2313400703-00&ServiceCd=130&Type=search", "url2": "http://www.hohoemi-kaigo.com" }, "geometry": { "type": "Point", "coordinates": [ 136.960846949737515, 35.363242369576206 ] } },
{ "type": "Feature", "properties": { "内容": "ケアリール訪問看護ステーション　犬山【訪問看護】愛知県犬山市二本木9-1ナーシングホームケアリール犬山", "url": "https://www.kaigokensaku.mhlw.go.jp/23/index.php?action_kouhyou_detail_004_kani=true&JigyosyoCd=2363490117-00&ServiceCd=130&Type=search", "url2": "https://niceman-care.com/sakoju" }, "geometry": { "type": "Point", "coordinates": [ 136.97252312275387, 35.34941448979373 ] } },
{ "type": "Feature", "properties": { "内容": "訪問看護ステーショントライ　犬山【訪問看護】愛知県犬山市大字橋爪字四郎丸85サンシャインH205号室", "url": "https://www.kaigokensaku.mhlw.go.jp/23/index.php?action_kouhyou_detail_004_kani=true&JigyosyoCd=2363490133-00&ServiceCd=130&Type=search", "url2": "https://r.goope.jp/daytrystudio3/" }, "geometry": { "type": "Point", "coordinates": [ 136.943572399999965, 35.3731905 ] } },
{ "type": "Feature", "properties": { "内容": "訪問看護ステーションおれんじ【訪問看護】愛知県犬山市上坂町5-228", "url": "https://www.kaigokensaku.mhlw.go.jp/23/index.php?action_kouhyou_detail_004_kani=true&JigyosyoCd=2363490125-00&ServiceCd=130&Type=search", "url2": null }, "geometry": { "type": "Point", "coordinates": [ 136.9296947, 35.3726064 ] } },
{ "type": "Feature", "properties": { "内容": "訪問看護ステーション今井あんきの家【訪問看護】愛知県犬山市塔野地北2丁目8", "url": "https://www.kaigokensaku.mhlw.go.jp/23/index.php?action_kouhyou_detail_004_kani=true&JigyosyoCd=2363490034-00&ServiceCd=130&Type=search", "url2": "http://www2.odn.ne.jp/~anki/" }, "geometry": { "type": "Point", "coordinates": [ 136.963448918627563, 35.378001645140003 ] } },
{ "type": "Feature", "properties": { "内容": "訪問看護きずな犬山【訪問看護】愛知県犬山市大字上野字小巾73-2ナーシングホームきずな犬山", "url": "https://www.kaigokensaku.mhlw.go.jp/23/index.php?action_kouhyou_detail_004_kani=true&JigyosyoCd=2363490174-00&ServiceCd=130&Type=search", "url2": "http://kizunainuyama77.com/" }, "geometry": { "type": "Point", "coordinates": [ 136.9334349, 35.3720545 ] } },
{ "type": "Feature", "properties": { "内容": "瀧田医院分院【訪問看護】常滑市陶郷町１丁目８番地の１", "url": "https://www.kaigokensaku.mhlw.go.jp/23/index.php?action_kouhyou_detail_004_kani=true&JigyosyoCd=2313500577-00&ServiceCd=130&Type=search", "url2": "http://takitaplaza.jp" }, "geometry": { "type": "Point", "coordinates": [ 136.8404716, 34.8911724 ] } },
{ "type": "Feature", "properties": { "内容": "常滑市民病院訪問看護ステーション【訪問看護】愛知県常滑市飛香台６丁目５番地の３", "url": "https://www.kaigokensaku.mhlw.go.jp/23/index.php?action_kouhyou_detail_004_kani=true&JigyosyoCd=2363590072-00&ServiceCd=130&Type=search", "url2": null }, "geometry": { "type": "Point", "coordinates": [ 136.8547509, 34.8965642 ] } },
{ "type": "Feature", "properties": { "内容": "訪問看護ステーションあやめ常滑【訪問看護】奥栄町４丁目182番地１フローレスOTA　103号室", "url": "https://www.kaigokensaku.mhlw.go.jp/23/index.php?action_kouhyou_detail_004_kani=true&JigyosyoCd=2363590080-00&ServiceCd=130&Type=search", "url2": "https:///firstnurse.co.jp" }, "geometry": { "type": "Point", "coordinates": [ 136.5139663, 34.7340612 ] } },
{ "type": "Feature", "properties": { "内容": "訪問看護ステーション　さざんかの丘【訪問看護】愛知県常滑市字大窯114番地の２", "url": "https://www.kaigokensaku.mhlw.go.jp/23/index.php?action_kouhyou_detail_004_kani=true&JigyosyoCd=2363590031-00&ServiceCd=130&Type=search", "url2": "http://www.i-kenkoukai.com" }, "geometry": { "type": "Point", "coordinates": [ 136.8709407, 34.8934059 ] } },
{ "type": "Feature", "properties": { "内容": "訪問看護ステーション　みらい【訪問看護】愛知県常滑市金山字大曽37-1", "url": "https://www.kaigokensaku.mhlw.go.jp/23/index.php?action_kouhyou_detail_004_kani=true&JigyosyoCd=2363590049-00&ServiceCd=130&Type=search", "url2": "https://hs.mirai-grp.jp/" }, "geometry": { "type": "Point", "coordinates": [ 136.845748500000013, 34.9272654 ] } },
{ "type": "Feature", "properties": { "内容": "合同会社あまね【訪問看護】愛知県常滑市大野町2丁目９０番地", "url": "https://www.kaigokensaku.mhlw.go.jp/23/index.php?action_kouhyou_detail_004_kani=true&JigyosyoCd=2363590106-00&ServiceCd=130&Type=search", "url2": null }, "geometry": { "type": "Point", "coordinates": [ 136.8279554, 34.938019 ] } },
{ "type": "Feature", "properties": { "内容": "地方独立行政法人知多半島総合医療機構訪問看護ステーションきずな【訪問看護】愛知県常滑市飛香台6丁目５番地の３", "url": "https://www.kaigokensaku.mhlw.go.jp/23/index.php?action_kouhyou_detail_004_kani=true&JigyosyoCd=2363590114-00&ServiceCd=130&Type=search", "url2": "https://www.chitahantogmo.or.jp/crh/kizuna/" }, "geometry": { "type": "Point", "coordinates": [ 136.854785099999987, 34.896567 ] } },
{ "type": "Feature", "properties": { "内容": "めかぶ訪問看護ステーション【訪問看護】愛知県常滑市末広町三丁目５４", "url": "https://www.kaigokensaku.mhlw.go.jp/23/index.php?action_kouhyou_detail_004_kani=true&JigyosyoCd=2363590056-00&ServiceCd=130&Type=search", "url2": "https://p-kan.com" }, "geometry": { "type": "Point", "coordinates": [ 136.827003200000036, 34.8956328 ] } },
{ "type": "Feature", "properties": { "内容": "訪問看護ステーション　ひだまりの郷とこなめ南陵【訪問看護】愛知県常滑市坂井字蛭沼67番1", "url": "https://www.kaigokensaku.mhlw.go.jp/23/index.php?action_kouhyou_detail_004_kani=true&JigyosyoCd=2363590098-00&ServiceCd=130&Type=search", "url2": "https://hidamari-sato.jp" }, "geometry": { "type": "Point", "coordinates": [ 136.868216199999978, 34.8175038 ] } },
{ "type": "Feature", "properties": { "内容": "医療法人青伸会　近藤療院【訪問看護】愛知県江南市勝佐町西町１５３番地", "url": "https://www.kaigokensaku.mhlw.go.jp/23/index.php?action_kouhyou_detail_004_kani=true&JigyosyoCd=2313601300-00&ServiceCd=130&Type=search", "url2": null }, "geometry": { "type": "Point", "coordinates": [ 136.88299029999996, 35.3576332 ] } },
{ "type": "Feature", "properties": { "内容": "こうなん訪問看護ステーション【訪問看護】愛知県江南市飛高町泉130番地MTGビル103号", "url": "https://www.kaigokensaku.mhlw.go.jp/23/index.php?action_kouhyou_detail_004_kani=true&JigyosyoCd=2363690096-00&ServiceCd=130&Type=search", "url2": "http://kounan-houmon.com/" }, "geometry": { "type": "Point", "coordinates": [ 136.862611900000047, 35.3425517 ] } },
{ "type": "Feature", "properties": { "内容": "訪問看護ステーションあやめ江南【訪問看護】愛知県江南市今市場町美和４６番地ウッドパレス旭　102号", "url": "https://www.kaigokensaku.mhlw.go.jp/23/index.php?action_kouhyou_detail_004_kani=true&JigyosyoCd=2363690112-00&ServiceCd=130&Type=search", "url2": "https://firstnurse.co.jp/" }, "geometry": { "type": "Point", "coordinates": [ 136.8813802, 35.3296005 ] } },
{ "type": "Feature", "properties": { "内容": "指定訪問看護ケアピット江南【訪問看護】愛知県江南市古知野町北屋敷78番地2階", "url": "https://www.kaigokensaku.mhlw.go.jp/23/index.php?action_kouhyou_detail_004_kani=true&JigyosyoCd=2363690120-00&ServiceCd=130&Type=search", "url2": null }, "geometry": { "type": "Point", "coordinates": [ 136.8702753, 35.3407212 ] } },
{ "type": "Feature", "properties": { "内容": "江南厚生訪問看護ステーション【訪問看護】愛知県江南市高屋町大松原１３７番地", "url": "https://www.kaigokensaku.mhlw.go.jp/23/index.php?action_kouhyou_detail_004_kani=true&JigyosyoCd=2363690021-00&ServiceCd=130&Type=search", "url2": "http:www.jaaikosei.or.jp/konan" }, "geometry": { "type": "Point", "coordinates": [ 136.878415799999971, 35.355253 ] } },
{ "type": "Feature", "properties": { "内容": "訪問看護ステーション　よつ葉　江南【訪問看護】愛知県江南市前飛保町緑ヶ丘８３番地", "url": "https://www.kaigokensaku.mhlw.go.jp/23/index.php?action_kouhyou_detail_004_kani=true&JigyosyoCd=2363690047-00&ServiceCd=130&Type=search", "url2": "http://www.mcare.co.jp/yotsuba/" }, "geometry": { "type": "Point", "coordinates": [ 136.8617286, 35.3473011 ] } },
{ "type": "Feature", "properties": { "内容": "ブレイブＳｍｉｌｅ訪問看護ステーション【訪問看護】愛知県江南市宮後町砂場東245番地", "url": "https://www.kaigokensaku.mhlw.go.jp/23/index.php?action_kouhyou_detail_004_kani=true&JigyosyoCd=2363690179-00&ServiceCd=130&Type=search", "url2": "https://www.trinitypartners.co.jp/smile-base/konan/" }, "geometry": { "type": "Point", "coordinates": [ 136.880445400000013, 35.3364663 ] } },
{ "type": "Feature", "properties": { "内容": "訪問看護ステーション　かいり【訪問看護】愛知県江南市前飛保町寺町225", "url": "https://www.kaigokensaku.mhlw.go.jp/23/index.php?action_kouhyou_detail_004_kani=true&JigyosyoCd=2363690161-00&ServiceCd=130&Type=search", "url2": "https://www.yuskairi.com" }, "geometry": { "type": "Point", "coordinates": [ 136.858437, 35.3505572 ] } },
{ "type": "Feature", "properties": { "内容": "訪問看護ステーション　まぁとと【訪問看護】愛知県江南市木賀本郷町西39", "url": "https://www.kaigokensaku.mhlw.go.jp/23/index.php?action_kouhyou_detail_004_kani=true&JigyosyoCd=2363690062-00&ServiceCd=130&Type=search", "url2": "http://matoto.co.jp" }, "geometry": { "type": "Point", "coordinates": [ 136.867785022367826, 35.32651045301165 ] } },
{ "type": "Feature", "properties": { "内容": "南天訪問看護ステーション【訪問看護】愛知県江南市小郷町粟田木1", "url": "https://www.kaigokensaku.mhlw.go.jp/23/index.php?action_kouhyou_detail_004_kani=true&JigyosyoCd=2363690104-00&ServiceCd=130&Type=search", "url2": "https://www.toyo-r.jp" }, "geometry": { "type": "Point", "coordinates": [ 136.869309500000014, 35.3146683 ] } },
{ "type": "Feature", "properties": { "内容": "訪問看護ステーション　ベターデイズ【訪問看護】愛知県江南市五明町青木257-1ファミーユ間宮101", "url": "https://www.kaigokensaku.mhlw.go.jp/23/index.php?action_kouhyou_detail_004_kani=true&JigyosyoCd=2363690138-00&ServiceCd=130&Type=search", "url2": "http://bd-nursing.co.jp/company" }, "geometry": { "type": "Point", "coordinates": [ 136.8650288, 35.3197004 ] } },
{ "type": "Feature", "properties": { "内容": "訪問看護ステーション　白雪【訪問看護】小牧５丁目３１５番地", "url": "https://www.kaigokensaku.mhlw.go.jp/23/index.php?action_kouhyou_detail_004_kani=true&JigyosyoCd=2363890183-00&ServiceCd=130&Type=search", "url2": "http://www.jas-mine.co.jp/index.html" }, "geometry": { "type": "Point", "coordinates": [ 136.9178849, 35.289449300000022 ] } },
{ "type": "Feature", "properties": { "内容": "小牧スマイルクリニック【訪問看護】愛知県小牧市小牧二丁目280番地", "url": "https://www.kaigokensaku.mhlw.go.jp/23/index.php?action_kouhyou_detail_004_kani=true&JigyosyoCd=2313801264-00&ServiceCd=130&Type=search", "url2": "http//www.smlc.or.jp" }, "geometry": { "type": "Point", "coordinates": [ 136.927544399999988, 35.2935827 ] } },
{ "type": "Feature", "properties": { "内容": "小牧市民病院【訪問看護】愛知県小牧市常普請一丁目20番地", "url": "https://www.kaigokensaku.mhlw.go.jp/23/index.php?action_kouhyou_detail_004_kani=true&JigyosyoCd=2313800035-00&ServiceCd=130&Type=search", "url2": "http://www.komakihp.gr.jp/" }, "geometry": { "type": "Point", "coordinates": [ 136.917275257672145, 35.28752520611323 ] } },
{ "type": "Feature", "properties": { "内容": "訪問看護ステーション　デューン小牧【訪問看護】愛知県小牧市中央一丁目277番地2エトワール中央1階事務", "url": "https://www.kaigokensaku.mhlw.go.jp/23/index.php?action_kouhyou_detail_004_kani=true&JigyosyoCd=2363890308-00&ServiceCd=130&Type=search", "url2": "https://www.nfield.co.jp/" }, "geometry": { "type": "Point", "coordinates": [ 136.925935900000013, 35.2889379 ] } },
{ "type": "Feature", "properties": { "内容": "訪問看護ステーション　おおたけ【訪問看護】愛知県小牧市郷中1丁目181番地TCビル小牧202号", "url": "https://www.kaigokensaku.mhlw.go.jp/23/index.php?action_kouhyou_detail_004_kani=true&JigyosyoCd=2363890282-00&ServiceCd=130&Type=search", "url2": "http://www.office-otake.jp" }, "geometry": { "type": "Point", "coordinates": [ 136.9163012, 35.278489 ] } },
{ "type": "Feature", "properties": { "内容": "訪問看護ステーションラポール【訪問看護】愛知県小牧市間々本町134番地すどうからだのケアクリニック3階", "url": "https://www.kaigokensaku.mhlw.go.jp/23/index.php?action_kouhyou_detail_004_kani=true&JigyosyoCd=2363890324-00&ServiceCd=130&Type=search", "url2": "www.sudo-stresscare.com" }, "geometry": { "type": "Point", "coordinates": [ 136.9095078, 35.2956695 ] } },
{ "type": "Feature", "properties": { "内容": "もとまちクリニック【訪問看護】愛知県小牧市元町1丁目40", "url": "https://www.kaigokensaku.mhlw.go.jp/23/index.php?action_kouhyou_detail_004_kani=true&JigyosyoCd=2313801496-00&ServiceCd=130&Type=search", "url2": "www.motomatchi-clniic.com" }, "geometry": { "type": "Point", "coordinates": [ 136.9050436, 35.2921684 ] } },
{ "type": "Feature", "properties": { "内容": "アクアホーム小牧若宮【訪問看護】愛知県小牧市常普請3丁目45番", "url": "https://www.kaigokensaku.mhlw.go.jp/23/index.php?action_kouhyou_detail_004_kani=true&JigyosyoCd=2363890381-00&ServiceCd=130&Type=search", "url2": "http://www.syuei.biz/aqua/" }, "geometry": { "type": "Point", "coordinates": [ 136.9167856, 35.2809404 ] } },
{ "type": "Feature", "properties": { "内容": "ら・じょわ訪問看護リハステーション【訪問看護】愛知県小牧市中央1丁目456番地", "url": "https://www.kaigokensaku.mhlw.go.jp/23/index.php?action_kouhyou_detail_004_kani=true&JigyosyoCd=2363890399-00&ServiceCd=130&Type=search", "url2": null }, "geometry": { "type": "Point", "coordinates": [ 136.9258144, 35.2866573 ] } },
{ "type": "Feature", "properties": { "内容": "ケアーズ訪問看護ステーション小牧中央【訪問看護】北外山750-1アップルタウンサクライ302号", "url": "https://www.kaigokensaku.mhlw.go.jp/23/index.php?action_kouhyou_detail_004_kani=true&JigyosyoCd=2363890241-00&ServiceCd=130&Type=search", "url2": "https://houmonkango-foinnovations.com/" }, "geometry": { "type": "Point", "coordinates": [ 136.926013399999988, 35.2827155 ] } },
{ "type": "Feature", "properties": { "内容": "訪問看護ステーションレインボウ・ハート【訪問看護】愛知県小牧市小牧原新田683-4旭屋103", "url": "https://www.kaigokensaku.mhlw.go.jp/23/index.php?action_kouhyou_detail_004_kani=true&JigyosyoCd=2363890415-00&ServiceCd=130&Type=search", "url2": "https://cocoro-iro.jimdo.com/" }, "geometry": { "type": "Point", "coordinates": [ 136.9339259, 35.2970044 ] } },
{ "type": "Feature", "properties": { "内容": "訪問介護ステーションぺんたす【訪問看護】愛知県小牧市東4丁目２５番地", "url": "https://www.kaigokensaku.mhlw.go.jp/23/index.php?action_kouhyou_detail_004_kani=true&JigyosyoCd=2363890431-00&ServiceCd=130&Type=search", "url2": null }, "geometry": { "type": "Point", "coordinates": [ 136.9409188, 35.2829001 ] } },
{ "type": "Feature", "properties": { "内容": "訪問看護スマイルナーシング小牧【訪問看護】間々字神田436-1", "url": "https://www.kaigokensaku.mhlw.go.jp/23/index.php?action_kouhyou_detail_004_kani=true&JigyosyoCd=2363890290-00&ServiceCd=130&Type=search", "url2": "https://smile-nursing.jp" }, "geometry": { "type": "Point", "coordinates": [ 136.912976, 35.2971236 ] } },
{ "type": "Feature", "properties": { "内容": "桃花台スマイルクリニック【訪問看護】愛知県小牧市城山一丁目5番68", "url": "https://www.kaigokensaku.mhlw.go.jp/23/index.php?action_kouhyou_detail_004_kani=true&JigyosyoCd=2313801686-00&ServiceCd=130&Type=search", "url2": "https://www.smlc.or.jp/" }, "geometry": { "type": "Point", "coordinates": [ 136.983662374205011, 35.298048673013831 ] } },
{ "type": "Feature", "properties": { "内容": "訪問看護ステーションはなたば【訪問看護】愛知県小牧市中央６－２８６サントピア小牧", "url": "https://www.kaigokensaku.mhlw.go.jp/23/index.php?action_kouhyou_detail_004_kani=true&JigyosyoCd=2363890100-00&ServiceCd=130&Type=search", "url2": "ｈｔｔｐ：//ｗｗｗ.hanatabakaigo.ne.jp" }, "geometry": { "type": "Point", "coordinates": [ 136.9360385, 35.2845558 ] } },
{ "type": "Feature", "properties": { "内容": "訪問看護ステーション仁小牧【訪問看護】愛知県小牧市田県町75田県駅三番館3階", "url": "https://www.kaigokensaku.mhlw.go.jp/23/index.php?action_kouhyou_detail_004_kani=true&JigyosyoCd=2363890340-00&ServiceCd=130&Type=search", "url2": "https://homonkangozinkomaki.wixsite.com/my-site" }, "geometry": { "type": "Point", "coordinates": [ 136.941753003704832, 35.315022876908799 ] } },
{ "type": "Feature", "properties": { "内容": "アクア訪問看護ステーション【訪問看護】愛知県小牧市新町2丁目６番地", "url": "https://www.kaigokensaku.mhlw.go.jp/23/index.php?action_kouhyou_detail_004_kani=true&JigyosyoCd=2363890209-00&ServiceCd=130&Type=search", "url2": "https://www.jujugroup.co.jp" }, "geometry": { "type": "Point", "coordinates": [ 136.923932064698903, 35.297662708486122 ] } },
{ "type": "Feature", "properties": { "内容": "訪問看護ステーションはみんぐ【訪問看護】愛知県小牧市常普請三丁目108番地メゾンジュメルB101", "url": "https://www.kaigokensaku.mhlw.go.jp/23/index.php?action_kouhyou_detail_004_kani=true&JigyosyoCd=2363890118-00&ServiceCd=130&Type=search", "url2": "https://hummingkokoro.wixsite.com/humming" }, "geometry": { "type": "Point", "coordinates": [ 136.915134606190463, 35.279684955348671 ] } },
{ "type": "Feature", "properties": { "内容": "訪問看護ステーション　　ほっと【訪問看護】愛知県小牧市常普請1丁目90番地1ＨＯＴハウス１階", "url": "https://www.kaigokensaku.mhlw.go.jp/23/index.php?action_kouhyou_detail_004_kani=true&JigyosyoCd=2363890092-00&ServiceCd=130&Type=search", "url2": "https://homecare.ebanet.co.jp/" }, "geometry": { "type": "Point", "coordinates": [ 136.913791, 35.2858218 ] } },
{ "type": "Feature", "properties": { "内容": "訪問看護リベル　小牧【訪問看護】愛知県小牧市中央３丁目１５３", "url": "https://www.kaigokensaku.mhlw.go.jp/23/index.php?action_kouhyou_detail_004_kani=true&JigyosyoCd=2363890225-00&ServiceCd=130&Type=search", "url2": "https://www.libercare.jp/" }, "geometry": { "type": "Point", "coordinates": [ 136.931280300000026, 35.2902386 ] } },
{ "type": "Feature", "properties": { "内容": "訪問看護ステーションKOKORO【訪問看護】愛知県小牧市高根一丁目310-2ゆ～とぴあ高根", "url": "https://www.kaigokensaku.mhlw.go.jp/23/index.php?action_kouhyou_detail_004_kani=true&JigyosyoCd=2363890365-00&ServiceCd=130&Type=search", "url2": "yu-topia-takane.com" }, "geometry": { "type": "Point", "coordinates": [ 136.972005700000039, 35.2919034 ] } },
{ "type": "Feature", "properties": { "内容": "ウィルケア訪問看護ステーション【訪問看護】愛知県小牧市小牧原新田問屋橋889番地1SunleafBLD2F-3", "url": "https://www.kaigokensaku.mhlw.go.jp/23/index.php?action_kouhyou_detail_004_kani=true&JigyosyoCd=2363890035-00&ServiceCd=130&Type=search", "url2": "https://www.willcare-komaki.com" }, "geometry": { "type": "Point", "coordinates": [ 136.927336975502044, 35.299261563659094 ] } },
{ "type": "Feature", "properties": { "内容": "訪問看護ステーション黒衣【訪問看護】愛知県小牧市大草中111番地黒衣のかんたき　内", "url": "https://www.kaigokensaku.mhlw.go.jp/23/index.php?action_kouhyou_detail_004_kani=true&JigyosyoCd=2363890167-00&ServiceCd=130&Type=search", "url2": "e-kuroko.com" }, "geometry": { "type": "Point", "coordinates": [ 136.991845956015453, 35.285267998950715 ] } },
{ "type": "Feature", "properties": { "内容": "ライフケア訪問看護ステーション小牧【訪問看護】愛知県小牧市中央1丁目412番地", "url": "https://www.kaigokensaku.mhlw.go.jp/23/index.php?action_kouhyou_detail_004_kani=true&JigyosyoCd=2363890233-00&ServiceCd=130&Type=search", "url2": null }, "geometry": { "type": "Point", "coordinates": [ 136.925894699999958, 35.2873056 ] } },
{ "type": "Feature", "properties": { "内容": "訪問看護ステーション太陽・小牧【訪問看護】愛知県小牧市中央五丁目39番地小牧第一病院2階", "url": "https://www.kaigokensaku.mhlw.go.jp/23/index.php?action_kouhyou_detail_004_kani=true&JigyosyoCd=2363890019-00&ServiceCd=130&Type=search", "url2": "http://www.med-junseikai.or.jp" }, "geometry": { "type": "Point", "coordinates": [ 136.930559957977522, 35.287345222307621 ] } },
{ "type": "Feature", "properties": { "内容": "エルム訪問看護ステーション【訪問看護】愛知県小牧市間々本町２１４プレヤデスハイツA102", "url": "https://www.kaigokensaku.mhlw.go.jp/23/index.php?action_kouhyou_detail_004_kani=true&JigyosyoCd=2363890407-00&ServiceCd=130&Type=search", "url2": "https://elm-g.com/" }, "geometry": { "type": "Point", "coordinates": [ 136.910782899999987, 35.2976912 ] } },
{ "type": "Feature", "properties": { "内容": "訪問看護ステーションMayLily【訪問看護】愛知県小牧市大字三ツ渕東播州1638", "url": "https://www.kaigokensaku.mhlw.go.jp/23/index.php?action_kouhyou_detail_004_kani=true&JigyosyoCd=2363890217-00&ServiceCd=130&Type=search", "url2": "https://w-suzuran.net/" }, "geometry": { "type": "Point", "coordinates": [ 136.8898405, 35.2884969 ] } },
{ "type": "Feature", "properties": { "内容": "訪問看護ステーションこまち【訪問看護】愛知県小牧市小牧三丁目314番地", "url": "https://www.kaigokensaku.mhlw.go.jp/23/index.php?action_kouhyou_detail_004_kani=true&JigyosyoCd=2363890258-00&ServiceCd=130&Type=search", "url2": "https://ko-match.com" }, "geometry": { "type": "Point", "coordinates": [ 136.925287239863792, 35.290811573250522 ] } },
{ "type": "Feature", "properties": { "内容": "ケアリール訪問看護ステーション　小牧原【訪問看護】愛知県小牧市小牧原新田字自才前1443", "url": "https://www.kaigokensaku.mhlw.go.jp/23/index.php?action_kouhyou_detail_004_kani=true&JigyosyoCd=2363890449-00&ServiceCd=130&Type=search", "url2": "https://niceman-care.jp/" }, "geometry": { "type": "Point", "coordinates": [ 136.9261525, 35.3019999 ] } },
{ "type": "Feature", "properties": { "内容": "メリィナース訪問看護ステーション【訪問看護】愛知県小牧市小木3丁目114番地メリィホーム", "url": "https://www.kaigokensaku.mhlw.go.jp/23/index.php?action_kouhyou_detail_004_kani=true&JigyosyoCd=2363890316-00&ServiceCd=130&Type=search", "url2": "https://mei-mei.co.jp/" }, "geometry": { "type": "Point", "coordinates": [ 136.899540600000023, 35.2794655 ] } },
{ "type": "Feature", "properties": { "内容": "みんなのかかりつけ訪問看護ステーション小牧【訪問看護】愛知県小牧市大字文津35番地1カトレアB106", "url": "https://www.kaigokensaku.mhlw.go.jp/23/index.php?action_kouhyou_detail_004_kani=true&JigyosyoCd=2363890357-00&ServiceCd=130&Type=search", "url2": "https://kakaritsuke.co.jp" }, "geometry": { "type": "Point", "coordinates": [ 136.945053499999972, 35.3072953 ] } },
{ "type": "Feature", "properties": { "内容": "医療法人胡蝶会サンエイクリニック【訪問看護】小牧三丁目560ルミナスツインズ小牧北館１階", "url": "https://www.kaigokensaku.mhlw.go.jp/23/index.php?action_kouhyou_detail_004_kani=true&JigyosyoCd=2313801231-00&ServiceCd=130&Type=search", "url2": "webmaster@kochokai.jp" }, "geometry": { "type": "Point", "coordinates": [ 136.924966101852419, 35.290869849512816 ] } },
{ "type": "Feature", "properties": { "内容": "メディフル愛知　訪問看護ステーション【訪問看護】愛知県小牧市北外山750-1APPLE　TOWN　SAKURAI　302号", "url": "https://www.kaigokensaku.mhlw.go.jp/23/index.php?action_kouhyou_detail_004_kani=true&JigyosyoCd=2363890423-00&ServiceCd=130&Type=search", "url2": "www.medi-full.com" }, "geometry": { "type": "Point", "coordinates": [ 136.926078199999978, 35.2827826 ] } },
{ "type": "Feature", "properties": { "内容": "訪問看護ステーション　スケッチ【訪問看護】愛知県稲沢市国府宮神田町28ソシア国府宮A棟　２０２号", "url": "https://www.kaigokensaku.mhlw.go.jp/23/index.php?action_kouhyou_detail_004_kani=true&JigyosyoCd=2363990165-00&ServiceCd=130&Type=search", "url2": null }, "geometry": { "type": "Point", "coordinates": [ 136.807008093254069, 35.259198691297684 ] } },
{ "type": "Feature", "properties": { "内容": "訪問看護ステーション　ハートいなざわ【訪問看護】愛知県稲沢市大矢町地蔵堂46-1", "url": "https://www.kaigokensaku.mhlw.go.jp/23/index.php?action_kouhyou_detail_004_kani=true&JigyosyoCd=2363990199-00&ServiceCd=130&Type=search", "url2": "https://www.maysltd.com/" }, "geometry": { "type": "Point", "coordinates": [ 136.79736749629518, 35.217363339451317 ] } },
{ "type": "Feature", "properties": { "内容": "訪問看護ステーションいちご稲沢【訪問看護】稲沢市北市場町玄野47-1", "url": "https://www.kaigokensaku.mhlw.go.jp/23/index.php?action_kouhyou_detail_004_kani=true&JigyosyoCd=2363990207-00&ServiceCd=130&Type=search", "url2": null }, "geometry": { "type": "Point", "coordinates": [ 136.835837700000013, 35.2266532 ] } },
{ "type": "Feature", "properties": { "内容": "クオリ訪問看護リハビリステーション【訪問看護】北島5丁目15番地", "url": "https://www.kaigokensaku.mhlw.go.jp/23/index.php?action_kouhyou_detail_004_kani=true&JigyosyoCd=2363990074-00&ServiceCd=130&Type=search", "url2": "https://www.qu-oli.com" }, "geometry": { "type": "Point", "coordinates": [ 136.796763638978547, 35.23133789205238 ] } },
{ "type": "Feature", "properties": { "内容": "訪問看護ステーションSunlight【訪問看護】愛知県稲沢市平和町下起中226番地", "url": "https://www.kaigokensaku.mhlw.go.jp/23/index.php?action_kouhyou_detail_004_kani=true&JigyosyoCd=2363990215-00&ServiceCd=130&Type=search", "url2": "https://www.sunlight2022.co.jp/" }, "geometry": { "type": "Point", "coordinates": [ 136.734208599999988, 35.209816 ] } },
{ "type": "Feature", "properties": { "内容": "Anelaナースステーション【訪問看護】愛知県稲沢市下津穂所一丁目6番地13サイプレスヤマトB", "url": "https://www.kaigokensaku.mhlw.go.jp/23/index.php?action_kouhyou_detail_004_kani=true&JigyosyoCd=2363990223-00&ServiceCd=130&Type=search", "url2": null }, "geometry": { "type": "Point", "coordinates": [ 136.820881838640446, 35.259211451855791 ] } },
{ "type": "Feature", "properties": { "内容": "訪問看護ステーションそぶえ【訪問看護】愛知県稲沢市祖父江町本甲拾町野７番地稲沢厚生病院", "url": "https://www.kaigokensaku.mhlw.go.jp/23/index.php?action_kouhyou_detail_004_kani=true&JigyosyoCd=2365590013-00&ServiceCd=130&Type=search", "url2": "http://www.jaaikosei.or.jp/inazawa/" }, "geometry": { "type": "Point", "coordinates": [ 136.732592331352208, 35.252081900816677 ] } },
{ "type": "Feature", "properties": { "内容": "稲沢市医師会訪問看護ステーション【訪問看護】愛知県稲沢市中野宮町60番地1", "url": "https://www.kaigokensaku.mhlw.go.jp/23/index.php?action_kouhyou_detail_004_kani=true&JigyosyoCd=2363990017-00&ServiceCd=130&Type=search", "url2": "http://www7a.biglobe.ne.jp/inazawaishikai/" }, "geometry": { "type": "Point", "coordinates": [ 136.758253827565539, 35.247087511481475 ] } },
{ "type": "Feature", "properties": { "内容": "稲沢市民病院訪問看護ステーションあしたば【訪問看護】稲沢市長束町沼100番地", "url": "https://www.kaigokensaku.mhlw.go.jp/23/index.php?action_kouhyou_detail_004_kani=true&JigyosyoCd=2363990140-00&ServiceCd=130&Type=search", "url2": "https://www.inazawa-hospital.jp/nurse/asitaba/" }, "geometry": { "type": "Point", "coordinates": [ 136.808354174480513, 35.243623531954 ] } },
{ "type": "Feature", "properties": { "内容": "訪問看護ステーション仁稲沢【訪問看護】愛知県稲沢市駅前2-1-152階", "url": "https://www.kaigokensaku.mhlw.go.jp/23/index.php?action_kouhyou_detail_004_kani=true&JigyosyoCd=2363990181-00&ServiceCd=130&Type=search", "url2": "https://jin-inazawa.jimdofree.com/" }, "geometry": { "type": "Point", "coordinates": [ 136.816780200000011, 35.2520362 ] } },
{ "type": "Feature", "properties": { "内容": "訪問看護ステーションこうのみや【訪問看護】稲沢市国府宮２丁目５番５号アクシスビル４階", "url": "https://www.kaigokensaku.mhlw.go.jp/23/index.php?action_kouhyou_detail_004_kani=true&JigyosyoCd=2363990249-00&ServiceCd=130&Type=search", "url2": null }, "geometry": { "type": "Point", "coordinates": [ 136.803181200000012, 35.2529869 ] } },
{ "type": "Feature", "properties": { "内容": "葵サンケア訪問看護ステーション【訪問看護】愛知県稲沢市平和町西光坊新町７２番地", "url": "https://www.kaigokensaku.mhlw.go.jp/23/index.php?action_kouhyou_detail_004_kani=true&JigyosyoCd=2363990157-00&ServiceCd=130&Type=search", "url2": "http://www.suncare-japan.co.jp/smarts/index/99/" }, "geometry": { "type": "Point", "coordinates": [ 136.7310302, 35.2138815 ] } },
{ "type": "Feature", "properties": { "内容": "訪問リハビリ看護ステーション長楽【訪問看護】愛知県稲沢市儀長二丁目67番地", "url": "https://www.kaigokensaku.mhlw.go.jp/23/index.php?action_kouhyou_detail_004_kani=true&JigyosyoCd=2363990116-00&ServiceCd=130&Type=search", "url2": "http://cyouraku.co.jp/" }, "geometry": { "type": "Point", "coordinates": [ 136.762309496681155, 35.237449353343351 ] } },
{ "type": "Feature", "properties": { "内容": "訪問看護ステーションすみれ【訪問看護】稲沢市小池２丁目１２－７", "url": "https://www.kaigokensaku.mhlw.go.jp/23/index.php?action_kouhyou_detail_004_kani=true&JigyosyoCd=2363990041-00&ServiceCd=130&Type=search", "url2": "http://" }, "geometry": { "type": "Point", "coordinates": [ 136.813197089140203, 35.250809131477297 ] } },
{ "type": "Feature", "properties": { "内容": "訪問看護ステーション　ブルーポピー【訪問看護】愛知県稲沢市国府宮神田町６８エクレール国府宮Ｂ－１０１", "url": "https://www.kaigokensaku.mhlw.go.jp/23/index.php?action_kouhyou_detail_004_kani=true&JigyosyoCd=2363990058-00&ServiceCd=130&Type=search", "url2": "http://www.wellness-kango.co.jp" }, "geometry": { "type": "Point", "coordinates": [ 136.8075215, 35.2596254 ] } },
{ "type": "Feature", "properties": { "内容": "あいちこどもまんなか訪問看護ステーション【訪問看護】愛知県稲沢市平和町下起北137番地", "url": "https://www.kaigokensaku.mhlw.go.jp/23/index.php?action_kouhyou_detail_004_kani=true&JigyosyoCd=2363990272-00&ServiceCd=130&Type=search", "url2": null }, "geometry": { "type": "Point", "coordinates": [ 136.732985, 35.211359 ] } },
{ "type": "Feature", "properties": { "内容": "ナーシングステーション・かとれあ【訪問看護】愛知県稲沢市下津寺前町２１番地尾張ケアセンター・かとれあ", "url": "https://www.kaigokensaku.mhlw.go.jp/23/index.php?action_kouhyou_detail_004_kani=true&JigyosyoCd=2363990082-00&ServiceCd=130&Type=search", "url2": "http://care-cattleya.jimdo.com/" }, "geometry": { "type": "Point", "coordinates": [ 136.833233, 35.2526858 ] } },
{ "type": "Feature", "properties": { "内容": "訪問看護ステーション　アンジュ【訪問看護】愛知県稲沢市長野5丁目80番地", "url": "https://www.kaigokensaku.mhlw.go.jp/23/index.php?action_kouhyou_detail_004_kani=true&JigyosyoCd=2363990066-00&ServiceCd=130&Type=search", "url2": null }, "geometry": { "type": "Point", "coordinates": [ 136.8128759, 35.2582373 ] } },
{ "type": "Feature", "properties": { "内容": "五条川訪問看護ステーション【訪問看護】愛知県稲沢市駅前四丁目1番27番地ロイヤルハウス1F", "url": "https://www.kaigokensaku.mhlw.go.jp/23/index.php?action_kouhyou_detail_004_kani=true&JigyosyoCd=2363990108-00&ServiceCd=130&Type=search", "url2": "http://www.seijukai.or.jp" }, "geometry": { "type": "Point", "coordinates": [ 136.820553060575548, 35.249028078160649 ] } },
{ "type": "Feature", "properties": { "内容": "訪問看護ステーション　花　花【訪問看護】愛知県　稲沢市　祖父江町　山崎　鶴塚　127-1サンセット66A1-1", "url": "https://www.kaigokensaku.mhlw.go.jp/23/index.php?action_kouhyou_detail_004_kani=true&JigyosyoCd=2363990090-00&ServiceCd=130&Type=search", "url2": "https://hanahana.care/" }, "geometry": { "type": "Point", "coordinates": [ 136.7311707, 35.2523927 ] } },
{ "type": "Feature", "properties": { "内容": "訪問看護ステーション　オレンジ【訪問看護】愛知県稲沢市西島1-126", "url": "https://www.kaigokensaku.mhlw.go.jp/23/index.php?action_kouhyou_detail_004_kani=true&JigyosyoCd=2363990025-00&ServiceCd=130&Type=search", "url2": "http://" }, "geometry": { "type": "Point", "coordinates": [ 136.748118699999964, 35.2560615 ] } },
{ "type": "Feature", "properties": { "内容": "医療法人　星野病院【訪問看護】愛知県新城市大野字上野７０－３", "url": "https://www.kaigokensaku.mhlw.go.jp/23/index.php?action_kouhyou_detail_004_kani=true&JigyosyoCd=2314000577-00&ServiceCd=130&Type=search", "url2": "http://www.hoshino-hosp.org" }, "geometry": { "type": "Point", "coordinates": [ 137.604575599999947, 34.9504907 ] } },
{ "type": "Feature", "properties": { "内容": "新城市作手診療所【訪問看護】愛知県新城市作手高里字縄手上１０番地１", "url": "https://www.kaigokensaku.mhlw.go.jp/23/index.php?action_kouhyou_detail_004_kani=true&JigyosyoCd=2314000619-00&ServiceCd=130&Type=search", "url2": "https://www.city.shinshiro.lg.jp/mokuteki/shisetu/fukushi-iryo/tsukude-shinryojyo.html" }, "geometry": { "type": "Point", "coordinates": [ 137.42102490000002, 34.9753451 ] } },
{ "type": "Feature", "properties": { "内容": "新城市訪問看護ステ－ション【訪問看護】愛知県新城市東沖野20番地12しんしろ福祉会館", "url": "https://www.kaigokensaku.mhlw.go.jp/23/index.php?action_kouhyou_detail_004_kani=true&JigyosyoCd=2364090015-00&ServiceCd=130&Type=search", "url2": "http://www.city.shinshiro.lg.jp/" }, "geometry": { "type": "Point", "coordinates": [ 137.508605142237485, 34.902699547716885 ] } },
{ "type": "Feature", "properties": { "内容": "ノッポさんの訪問看護　東海【訪問看護】愛知県東海市富貴ノ台5丁目212番地ドルチェ富貴ノ台N棟103号室", "url": "https://www.kaigokensaku.mhlw.go.jp/23/index.php?action_kouhyou_detail_004_kani=true&JigyosyoCd=2364190104-00&ServiceCd=130&Type=search", "url2": null }, "geometry": { "type": "Point", "coordinates": [ 136.905206099999987, 35.0283877 ] } },
{ "type": "Feature", "properties": { "内容": "訪問看護ステーションあやめ東海【訪問看護】愛知県東海市高横須賀町4丁目76コスモス銀河101", "url": "https://www.kaigokensaku.mhlw.go.jp/23/index.php?action_kouhyou_detail_004_kani=true&JigyosyoCd=2364190187-00&ServiceCd=130&Type=search", "url2": "https://firstnurse.co.jp/" }, "geometry": { "type": "Point", "coordinates": [ 136.8913397, 35.0151981 ] } },
{ "type": "Feature", "properties": { "内容": "訪問看護ステーション琴葉東海【訪問看護】愛知県東海市加木屋町東島田3-20メゾン島田203号", "url": "https://www.kaigokensaku.mhlw.go.jp/23/index.php?action_kouhyou_detail_004_kani=true&JigyosyoCd=2364190179-00&ServiceCd=130&Type=search", "url2": "http://www.kotoha2007.co.jp" }, "geometry": { "type": "Point", "coordinates": [ 136.9129972, 34.986825 ] } },
{ "type": "Feature", "properties": { "内容": "訪問看護ステーション　明楽【訪問看護】愛知県東海市名和町池末20番地ホームタウン上野202号", "url": "https://www.kaigokensaku.mhlw.go.jp/23/index.php?action_kouhyou_detail_004_kani=true&JigyosyoCd=2364190161-00&ServiceCd=130&Type=search", "url2": "http://hp.kaipoke.biz/c9p/" }, "geometry": { "type": "Point", "coordinates": [ 136.9094167, 35.0443846 ] } },
{ "type": "Feature", "properties": { "内容": "訪問看護ステーション　はんどあい【訪問看護】愛知県東海市荒尾町北見田13番地の１", "url": "https://www.kaigokensaku.mhlw.go.jp/23/index.php?action_kouhyou_detail_004_kani=true&JigyosyoCd=2364190088-00&ServiceCd=130&Type=search", "url2": "http://www.handeye.jp/" }, "geometry": { "type": "Point", "coordinates": [ 136.911587, 35.0259535 ] } },
{ "type": "Feature", "properties": { "内容": "訪問看護ステーション　どんぐり【訪問看護】愛知県東海市養父町南堀畑７２番地", "url": "https://www.kaigokensaku.mhlw.go.jp/23/index.php?action_kouhyou_detail_004_kani=true&JigyosyoCd=2364190047-00&ServiceCd=130&Type=search", "url2": null }, "geometry": { "type": "Point", "coordinates": [ 136.881580500000041, 35.0083685 ] } },
{ "type": "Feature", "properties": { "内容": "ゆうひ訪問看護【訪問看護】名和町奥油田4-1SunRiver105号", "url": "https://www.kaigokensaku.mhlw.go.jp/23/index.php?action_kouhyou_detail_004_kani=true&JigyosyoCd=2364190245-00&ServiceCd=130&Type=search", "url2": "https://handy-jpn.com" }, "geometry": { "type": "Point", "coordinates": [ 136.91472060000001, 35.0430129 ] } },
{ "type": "Feature", "properties": { "内容": "リッツ訪問看護リハビリステーションかぎや【訪問看護】愛知県東海市加木屋町泡池11-99", "url": "https://www.kaigokensaku.mhlw.go.jp/23/index.php?action_kouhyou_detail_004_kani=true&JigyosyoCd=2364190153-00&ServiceCd=130&Type=search", "url2": "http://ism-ritz.jp" }, "geometry": { "type": "Point", "coordinates": [ 136.914045810658536, 34.981661703020485 ] } },
{ "type": "Feature", "properties": { "内容": "訪問看護ステーション　ありす【訪問看護】高横須賀町公家２３－１公家オフィス２Ｆ－１", "url": "https://www.kaigokensaku.mhlw.go.jp/23/index.php?action_kouhyou_detail_004_kani=true&JigyosyoCd=2364190070-00&ServiceCd=130&Type=search", "url2": "https://www.ameba.jp/profile/general/houmonkango-arisu/" }, "geometry": { "type": "Point", "coordinates": [ 136.887572194799759, 35.013204641289725 ] } },
{ "type": "Feature", "properties": { "内容": "訪問看護メロディ東海【訪問看護】愛知県東海市加木屋町夕霞松65在宅福祉センターメロディ東海", "url": "https://www.kaigokensaku.mhlw.go.jp/23/index.php?action_kouhyou_detail_004_kani=true&JigyosyoCd=2364190195-00&ServiceCd=130&Type=search", "url2": "http://day-melody.com" }, "geometry": { "type": "Point", "coordinates": [ 136.907878334918223, 35.001197575095873 ] } },
{ "type": "Feature", "properties": { "内容": "南医療生活協同組合　訪問看護ステーションいずみ【訪問看護】愛知県東海市富木島町伏見2-25-2", "url": "https://www.kaigokensaku.mhlw.go.jp/23/index.php?action_kouhyou_detail_004_kani=true&JigyosyoCd=2364190021-00&ServiceCd=130&Type=search", "url2": "http://www.minami.or.jp" }, "geometry": { "type": "Point", "coordinates": [ 136.912023500000032, 35.0172545 ] } },
{ "type": "Feature", "properties": { "内容": "訪問看護ステーションネクストホープはんどあい【訪問看護】愛知県東海市荒尾町北見田１３番地の１", "url": "https://www.kaigokensaku.mhlw.go.jp/23/index.php?action_kouhyou_detail_004_kani=true&JigyosyoCd=2364190252-00&ServiceCd=130&Type=search", "url2": "http//www.handeye.jp/" }, "geometry": { "type": "Point", "coordinates": [ 136.9115841, 35.0259916 ] } },
{ "type": "Feature", "properties": { "内容": "訪問看護ステーション　ピパス【訪問看護】愛知県東海市加木屋町Ⅰ丁目107", "url": "https://www.kaigokensaku.mhlw.go.jp/23/index.php?action_kouhyou_detail_004_kani=true&JigyosyoCd=2364190203-00&ServiceCd=130&Type=search", "url2": "https://www.sol-h.com/" }, "geometry": { "type": "Point", "coordinates": [ 136.9076886, 34.9899986 ] } },
{ "type": "Feature", "properties": { "内容": "訪問看護ステーションKOP【訪問看護】愛知県東海市東海町七丁目14-7ラ・フィーネⅠ　205", "url": "https://www.kaigokensaku.mhlw.go.jp/23/index.php?action_kouhyou_detail_004_kani=true&JigyosyoCd=2364190237-00&ServiceCd=130&Type=search", "url2": "kopkango@outlook.jp" }, "geometry": { "type": "Point", "coordinates": [ 136.9012777, 35.0383524 ] } },
{ "type": "Feature", "properties": { "内容": "訪問看護ステーションポトス【訪問看護】愛知県東海市養父町大木之本6-1", "url": "https://www.kaigokensaku.mhlw.go.jp/23/index.php?action_kouhyou_detail_004_kani=true&JigyosyoCd=2364190211-00&ServiceCd=130&Type=search", "url2": "https://futabamate.com" }, "geometry": { "type": "Point", "coordinates": [ 136.883365199999986, 35.0062335 ] } },
{ "type": "Feature", "properties": { "内容": "訪問看護ステーションかなりや【訪問看護】愛知県東海市加木屋町東島田3‐20メゾン島田102", "url": "https://www.kaigokensaku.mhlw.go.jp/23/index.php?action_kouhyou_detail_004_kani=true&JigyosyoCd=2364190229-00&ServiceCd=130&Type=search", "url2": "https://kanariya.ne.jp" }, "geometry": { "type": "Point", "coordinates": [ 136.9130061, 34.9868323 ] } },
{ "type": "Feature", "properties": { "内容": "ふくぎ訪問看護ステーション【訪問看護】愛知県東海市加木屋町寺ノ前31-5ファミリエ2F", "url": "https://www.kaigokensaku.mhlw.go.jp/23/index.php?action_kouhyou_detail_004_kani=true&JigyosyoCd=2364190138-00&ServiceCd=130&Type=search", "url2": "https://www.medias.ne.jp/~fukugihoumonn/" }, "geometry": { "type": "Point", "coordinates": [ 136.90725032565615, 34.986272424177834 ] } },
{ "type": "Feature", "properties": { "内容": "パプリカこころの訪問看護ステーション大府【訪問看護】愛知県大府市江端町3丁目143番地MAPビルJ202", "url": "https://www.kaigokensaku.mhlw.go.jp/23/index.php?action_kouhyou_detail_004_kani=true&JigyosyoCd=2364290136-00&ServiceCd=130&Type=search", "url2": "https://paprika-heart.com" }, "geometry": { "type": "Point", "coordinates": [ 136.955937299999988, 35.008291200000016 ] } },
{ "type": "Feature", "properties": { "内容": "訪問看護ステーション　アイリス大府【訪問看護】愛知県大府市梶田町二丁目123番地", "url": "https://www.kaigokensaku.mhlw.go.jp/23/index.php?action_kouhyou_detail_004_kani=true&JigyosyoCd=2364290169-00&ServiceCd=130&Type=search", "url2": "https://houkan-iris.kyowa.or.jp/" }, "geometry": { "type": "Point", "coordinates": [ 136.9669889, 35.0395603 ] } },
{ "type": "Feature", "properties": { "内容": "訪問看護ステーション　ナースプラザ【訪問看護】共和町3-5-5ﾏｲｽｲｰﾄﾎｰﾑ大府内", "url": "https://www.kaigokensaku.mhlw.go.jp/23/index.php?action_kouhyou_detail_004_kani=true&JigyosyoCd=2364290094-00&ServiceCd=130&Type=search", "url2": "http://my-sweethome-obu.com" }, "geometry": { "type": "Point", "coordinates": [ 136.952623899999907, 35.0330592 ] } },
{ "type": "Feature", "properties": { "内容": "スギ訪問看護ステーション長草【訪問看護】愛知県大府市長草町田面147番地", "url": "https://www.kaigokensaku.mhlw.go.jp/23/index.php?action_kouhyou_detail_004_kani=true&JigyosyoCd=2364290177-00&ServiceCd=130&Type=search", "url2": "https://www.sugi-hd.co.jp/med/nursingcare/" }, "geometry": { "type": "Point", "coordinates": [ 136.9447547, 35.0285222 ] } },
{ "type": "Feature", "properties": { "内容": "訪問看護ステーション　ヴィジット北崎【訪問看護】愛知県大府市北崎町5-55", "url": "https://www.kaigokensaku.mhlw.go.jp/23/index.php?action_kouhyou_detail_004_kani=true&JigyosyoCd=2364290128-00&ServiceCd=130&Type=search", "url2": "http://www.risei-kai.or.jp" }, "geometry": { "type": "Point", "coordinates": [ 136.9850272, 35.036292900000035 ] } },
{ "type": "Feature", "properties": { "内容": "アップヒンド訪問看護ステーション【訪問看護】月見町五丁目221番地杉浦会計ビル　２階", "url": "https://www.kaigokensaku.mhlw.go.jp/23/index.php?action_kouhyou_detail_004_kani=true&JigyosyoCd=2364290078-00&ServiceCd=130&Type=search", "url2": "http://www.uphindo.jp/" }, "geometry": { "type": "Point", "coordinates": [ 136.957090506586809, 35.005463749578404 ] } },
{ "type": "Feature", "properties": { "内容": "あすなろ訪問看護ステーション【訪問看護】愛知県大府市北山町二丁目59ラポーゼ北山　101号室", "url": "https://www.kaigokensaku.mhlw.go.jp/23/index.php?action_kouhyou_detail_004_kani=true&JigyosyoCd=2364290110-00&ServiceCd=130&Type=search", "url2": null }, "geometry": { "type": "Point", "coordinates": [ 136.96500089999995, 35.0309737 ] } },
{ "type": "Feature", "properties": { "内容": "訪問看護ステーションオガール大府【訪問看護】愛知県大府市共和町三丁目5-5住宅型有料老人ホーム　オガール大府", "url": "https://www.kaigokensaku.mhlw.go.jp/23/index.php?action_kouhyou_detail_004_kani=true&JigyosyoCd=2364290219-00&ServiceCd=130&Type=search", "url2": null }, "geometry": { "type": "Point", "coordinates": [ 136.953189900000012, 35.0319186 ] } },
{ "type": "Feature", "properties": { "内容": "さわやかの丘第2訪問看護事業所【訪問看護】大府市月見町5丁目103番地江小タウン桜1号", "url": "https://www.kaigokensaku.mhlw.go.jp/23/index.php?action_kouhyou_detail_004_kani=true&JigyosyoCd=2364290060-00&ServiceCd=130&Type=search", "url2": "www.aisin-ad.co.jp/sawayaka" }, "geometry": { "type": "Point", "coordinates": [ 136.953446296311995, 35.006388893682434 ] } },
{ "type": "Feature", "properties": { "内容": "訪問看護ステーション　ソレイユ【訪問看護】愛知県大府市梶田町二丁目70番地", "url": "https://www.kaigokensaku.mhlw.go.jp/23/index.php?action_kouhyou_detail_004_kani=true&JigyosyoCd=2364290029-00&ServiceCd=130&Type=search", "url2": "http://www.kyowa.or.jp/soleil/" }, "geometry": { "type": "Point", "coordinates": [ 136.965225700000019, 35.0405643 ] } },
{ "type": "Feature", "properties": { "内容": "いろどり訪問看護リハビリステーション大府中央【訪問看護】中央町六丁目72番地村瀬ビル１階", "url": "https://www.kaigokensaku.mhlw.go.jp/23/index.php?action_kouhyou_detail_004_kani=true&JigyosyoCd=2364290086-00&ServiceCd=130&Type=search", "url2": "http://www.irodori-kango.com" }, "geometry": { "type": "Point", "coordinates": [ 136.963968099999988, 35.0099734 ] } },
{ "type": "Feature", "properties": { "内容": "訪問看護ステーション虹とり【訪問看護】愛知県大府市吉田町半ノ木45番地の1", "url": "https://www.kaigokensaku.mhlw.go.jp/23/index.php?action_kouhyou_detail_004_kani=true&JigyosyoCd=2364290102-00&ServiceCd=130&Type=search", "url2": null }, "geometry": { "type": "Point", "coordinates": [ 136.934740799999986, 35.005653599999981 ] } },
{ "type": "Feature", "properties": { "内容": "訪問看護の美空大府【訪問看護】若草町3丁目344-1ナーシングホーム美空大府", "url": "https://www.kaigokensaku.mhlw.go.jp/23/index.php?action_kouhyou_detail_004_kani=true&JigyosyoCd=2364290151-00&ServiceCd=130&Type=search", "url2": "http://misora-ykg.jp" }, "geometry": { "type": "Point", "coordinates": [ 136.9697986, 35.0101771 ] } },
{ "type": "Feature", "properties": { "内容": "訪問看護ステーション　ハーモニー【訪問看護】愛知県大府市吉川町1丁目55番地診療所大府内", "url": "https://www.kaigokensaku.mhlw.go.jp/23/index.php?action_kouhyou_detail_004_kani=true&JigyosyoCd=2364290193-00&ServiceCd=130&Type=search", "url2": "www7b.biglobe.ne.jp/~keijyukai/harmony/pc/index3.htm" }, "geometry": { "type": "Point", "coordinates": [ 136.928493, 35.0046843 ] } },
{ "type": "Feature", "properties": { "内容": "訪問看護ステーション　こんぱす【訪問看護】愛知県大府市江端町4-21", "url": "https://www.kaigokensaku.mhlw.go.jp/23/index.php?action_kouhyou_detail_004_kani=true&JigyosyoCd=2364290045-00&ServiceCd=130&Type=search", "url2": "http://trail-compass.com/" }, "geometry": { "type": "Point", "coordinates": [ 136.952926658752403, 35.013032144653501 ] } },
{ "type": "Feature", "properties": { "内容": "訪問看護ステーションKOP【訪問看護】愛知県知多市南巽が丘2丁目193たつみビル301", "url": "https://www.kaigokensaku.mhlw.go.jp/23/index.php?action_kouhyou_detail_004_kani=true&JigyosyoCd=2364390118-00&ServiceCd=130&Type=search", "url2": "kopkango@outlook.jp" }, "geometry": { "type": "Point", "coordinates": [ 136.911605, 34.9600464 ] } },
{ "type": "Feature", "properties": { "内容": "訪問看護ステーション　でぃんぷる【訪問看護】知多市新舞子字大口7-1", "url": "https://www.kaigokensaku.mhlw.go.jp/23/index.php?action_kouhyou_detail_004_kani=true&JigyosyoCd=2364390043-00&ServiceCd=130&Type=search", "url2": "https://ns-dimple.com" }, "geometry": { "type": "Point", "coordinates": [ 136.831378375918604, 34.951432956351063 ] } },
{ "type": "Feature", "properties": { "内容": "株式会社KNS　パプリカこころの訪問看護ステーション知多【訪問看護】愛知県知多市八幡字東水代28-2ファミール寺本205号室", "url": "https://www.kaigokensaku.mhlw.go.jp/23/index.php?action_kouhyou_detail_004_kani=true&JigyosyoCd=2364390159-00&ServiceCd=130&Type=search", "url2": "https://paprika-heart.com/" }, "geometry": { "type": "Point", "coordinates": [ 136.8751613, 34.998869200000016 ] } },
{ "type": "Feature", "properties": { "内容": "訪問看護　夢の楽園【訪問看護】大草字西屋敷６７番地", "url": "https://www.kaigokensaku.mhlw.go.jp/23/index.php?action_kouhyou_detail_004_kani=true&JigyosyoCd=2364390167-00&ServiceCd=130&Type=search", "url2": null }, "geometry": { "type": "Point", "coordinates": [ 136.828273200000012, 34.9419493 ] } },
{ "type": "Feature", "properties": { "内容": "新舞子すみれ訪問看護ステーション【訪問看護】大草字東屋敷13-1グリーンハイツユウⅡ1FC号", "url": "https://www.kaigokensaku.mhlw.go.jp/23/index.php?action_kouhyou_detail_004_kani=true&JigyosyoCd=2364390134-00&ServiceCd=130&Type=search", "url2": "https://ivymedical-tokai.jp/shinmaiko_sumire/" }, "geometry": { "type": "Point", "coordinates": [ 136.830554617811231, 34.942222981923251 ] } },
{ "type": "Feature", "properties": { "内容": "訪問看護ステーション　アイリス知多【訪問看護】愛知県知多市八幡字筒岡15-1AMITY（愛一ビル）2F", "url": "https://www.kaigokensaku.mhlw.go.jp/23/index.php?action_kouhyou_detail_004_kani=true&JigyosyoCd=2364390068-00&ServiceCd=130&Type=search", "url2": "www.kyowa.or.jp/iris/" }, "geometry": { "type": "Point", "coordinates": [ 136.8819533, 34.996211 ] } },
{ "type": "Feature", "properties": { "内容": "訪問看護メロディ【訪問看護】愛知県知多市新知東町3丁目43番2在宅福祉センター", "url": "https://www.kaigokensaku.mhlw.go.jp/23/index.php?action_kouhyou_detail_004_kani=true&JigyosyoCd=2364390050-00&ServiceCd=130&Type=search", "url2": "http://day-melody.com" }, "geometry": { "type": "Point", "coordinates": [ 136.869296548934926, 34.974288629818901 ] } },
{ "type": "Feature", "properties": { "内容": "訪問看護ステーション和来ちた【訪問看護】愛知県知多市つつじヶ丘４丁目29番池62階", "url": "https://www.kaigokensaku.mhlw.go.jp/23/index.php?action_kouhyou_detail_004_kani=true&JigyosyoCd=2364390126-00&ServiceCd=130&Type=search", "url2": "http://warai.life/" }, "geometry": { "type": "Point", "coordinates": [ 136.8739936, 34.9861424 ] } },
{ "type": "Feature", "properties": { "内容": "訪問看護の美空知多【訪問看護】新知東町3丁目33–7ナーシングホーム美空知多", "url": "https://www.kaigokensaku.mhlw.go.jp/23/index.php?action_kouhyou_detail_004_kani=true&JigyosyoCd=2364390175-00&ServiceCd=130&Type=search", "url2": "http://misora-ykg.jp" }, "geometry": { "type": "Point", "coordinates": [ 136.8706312, 34.973789 ] } },
{ "type": "Feature", "properties": { "内容": "知多市在宅ケアセンター　訪問看護ステーション【訪問看護】愛知県知多市新知字永井2番地の１", "url": "https://www.kaigokensaku.mhlw.go.jp/23/index.php?action_kouhyou_detail_004_kani=true&JigyosyoCd=2364390019-00&ServiceCd=130&Type=search", "url2": "https://www.city.chita.lg.jp" }, "geometry": { "type": "Point", "coordinates": [ 136.884969746072784, 34.974034330641928 ] } },
{ "type": "Feature", "properties": { "内容": "いーね　訪問看護ステーション【訪問看護】愛知県知立市広見４－２９広見セントラルビル３Ａ", "url": "https://www.kaigokensaku.mhlw.go.jp/23/index.php?action_kouhyou_detail_004_kani=true&JigyosyoCd=2374400659-00&ServiceCd=130&Type=search", "url2": "http://www.e-ne55.com/" }, "geometry": { "type": "Point", "coordinates": [ 137.051546499999972, 35.00033280000001 ] } },
{ "type": "Feature", "properties": { "内容": "いーね　訪問看護ステーション【訪問看護】愛知県知立市広見４－２９広見セントラルビル３A", "url": "https://www.kaigokensaku.mhlw.go.jp/23/index.php?action_kouhyou_detail_004_kani=true&JigyosyoCd=2364490058-00&ServiceCd=130&Type=search", "url2": "ene-kango.com" }, "geometry": { "type": "Point", "coordinates": [ 137.051585293856732, 35.000158080672151 ] } },
{ "type": "Feature", "properties": { "内容": "のどか訪問看護ステーション【訪問看護】愛知県知立市新林町新林９番地２メディカルホーム　ハート・しんばやし", "url": "https://www.kaigokensaku.mhlw.go.jp/23/index.php?action_kouhyou_detail_004_kani=true&JigyosyoCd=2364490108-00&ServiceCd=130&Type=search", "url2": "https://goodlife-care.co.jp" }, "geometry": { "type": "Point", "coordinates": [ 137.046210452253717, 34.987918985452758 ] } },
{ "type": "Feature", "properties": { "内容": "ナースコール知立【訪問看護】愛知県知立市東上重原2丁目73番地ナーシングホームOASIS知立", "url": "https://www.kaigokensaku.mhlw.go.jp/23/index.php?action_kouhyou_detail_004_kani=true&JigyosyoCd=2364490116-00&ServiceCd=130&Type=search", "url2": "https://family-hospice.co.jp/" }, "geometry": { "type": "Point", "coordinates": [ 137.0334206, 34.9988262 ] } },
{ "type": "Feature", "properties": { "内容": "知立訪問看護ステーション【訪問看護】愛知県知立市広見3丁目52番地コーポ広見101号", "url": "https://www.kaigokensaku.mhlw.go.jp/23/index.php?action_kouhyou_detail_004_kani=true&JigyosyoCd=2364490074-00&ServiceCd=130&Type=search", "url2": "http://hp.kaipoke.biz/ern/" }, "geometry": { "type": "Point", "coordinates": [ 137.051333847221372, 35.000588788485224 ] } },
{ "type": "Feature", "properties": { "内容": "にじいろ訪問看護西三河(小児・認知・精神科)【訪問看護】愛知県知立市八田町1丁目12-1アスペンハイツB103", "url": "https://www.kaigokensaku.mhlw.go.jp/23/index.php?action_kouhyou_detail_004_kani=true&JigyosyoCd=2364490140-00&ServiceCd=130&Type=search", "url2": "http://nijiiro-houmon.com/" }, "geometry": { "type": "Point", "coordinates": [ 136.9705918, 35.2533459 ] } },
{ "type": "Feature", "properties": { "内容": "訪問看護ステーション　よいかん知立【訪問看護】愛知県知立市南陽１丁目73ＷＥＳＴ　ＷＯＯ　1-Ｂ", "url": "https://www.kaigokensaku.mhlw.go.jp/23/index.php?action_kouhyou_detail_004_kani=true&JigyosyoCd=2364490082-00&ServiceCd=130&Type=search", "url2": "https：//bond-ym.co.jp/" }, "geometry": { "type": "Point", "coordinates": [ 137.058891200000062, 34.9981199 ] } },
{ "type": "Feature", "properties": { "内容": "訪問看護ステーション　はなこ【訪問看護】愛知県知立市長田3丁目30番地1", "url": "https://www.kaigokensaku.mhlw.go.jp/23/index.php?action_kouhyou_detail_004_kani=true&JigyosyoCd=2364490090-00&ServiceCd=130&Type=search", "url2": "https://houkanhanako.com/" }, "geometry": { "type": "Point", "coordinates": [ 137.04116776672592, 35.001435744226832 ] } },
{ "type": "Feature", "properties": { "内容": "いーね訪問看護ステーション　知立山屋敷【訪問看護】愛知県知立市山屋敷町霞山3-14", "url": "https://www.kaigokensaku.mhlw.go.jp/23/index.php?action_kouhyou_detail_004_kani=true&JigyosyoCd=2364490132-00&ServiceCd=130&Type=search", "url2": "https://www.mirai-e-ne.jp/" }, "geometry": { "type": "Point", "coordinates": [ 137.057351399999988, 35.0080367 ] } },
{ "type": "Feature", "properties": { "内容": "旭労災病院【訪問看護】愛知県尾張旭市平子町北６１番地", "url": "https://www.kaigokensaku.mhlw.go.jp/23/index.php?action_kouhyou_detail_004_kani=true&JigyosyoCd=2314500030-00&ServiceCd=130&Type=search", "url2": "https://www.asahih.johas.go.jp" }, "geometry": { "type": "Point", "coordinates": [ 137.017055900000059, 35.2230582 ] } },
{ "type": "Feature", "properties": { "内容": "ひらこ訪問看護【訪問看護】愛知県尾張旭市平子町長池上6322番地8", "url": "https://www.kaigokensaku.mhlw.go.jp/23/index.php?action_kouhyou_detail_004_kani=true&JigyosyoCd=2364590162-00&ServiceCd=130&Type=search", "url2": "hp.kaipoke.biz/xnp/" }, "geometry": { "type": "Point", "coordinates": [ 137.0255641, 35.2244791 ] } },
{ "type": "Feature", "properties": { "内容": "医療法人あらかわ医院【訪問看護】愛知県尾張旭市大久手町中松原３９番地", "url": "https://www.kaigokensaku.mhlw.go.jp/23/index.php?action_kouhyou_detail_004_kani=true&JigyosyoCd=2314500857-00&ServiceCd=130&Type=search", "url2": "http://arakawa-cl.com/" }, "geometry": { "type": "Point", "coordinates": [ 137.0480394, 35.2239676 ] } },
{ "type": "Feature", "properties": { "内容": "訪問看護リハビリステーション　かざぐるま【訪問看護】愛知県尾張旭市西山町1-6-4クランドハイツ西山1B", "url": "https://www.kaigokensaku.mhlw.go.jp/23/index.php?action_kouhyou_detail_004_kani=true&JigyosyoCd=2364590139-00&ServiceCd=130&Type=search", "url2": "http://kazaguruma-greenruns.com/" }, "geometry": { "type": "Point", "coordinates": [ 137.013902899999948, 35.1968925 ] } },
{ "type": "Feature", "properties": { "内容": "訪問看護ステーションあらかわ【訪問看護】愛知県尾張旭市大久手町中松原３９", "url": "https://www.kaigokensaku.mhlw.go.jp/23/index.php?action_kouhyou_detail_004_kani=true&JigyosyoCd=2364590170-00&ServiceCd=130&Type=search", "url2": "https://arakawa-zaitaku.com/" }, "geometry": { "type": "Point", "coordinates": [ 137.048021299999988, 35.2239732 ] } },
{ "type": "Feature", "properties": { "内容": "訪問看護ステーション　とも【訪問看護】愛知県尾張旭市狩宿町1丁目103番地", "url": "https://www.kaigokensaku.mhlw.go.jp/23/index.php?action_kouhyou_detail_004_kani=true&JigyosyoCd=2364590063-00&ServiceCd=130&Type=search", "url2": "https://tomo-airu.com/" }, "geometry": { "type": "Point", "coordinates": [ 137.067012333058159, 35.213517518242696 ] } },
{ "type": "Feature", "properties": { "内容": "訪問看護ステーション　まりん【訪問看護】愛知県尾張旭市大塚町二丁目８番地４", "url": "https://www.kaigokensaku.mhlw.go.jp/23/index.php?action_kouhyou_detail_004_kani=true&JigyosyoCd=2364590121-00&ServiceCd=130&Type=search", "url2": "http://www.kango-marine.com/" }, "geometry": { "type": "Point", "coordinates": [ 137.018439563194676, 35.201438995286559 ] } },
{ "type": "Feature", "properties": { "内容": "リハビリフィットネス訪問看護ステーション　旭【訪問看護】尾張旭市井田町2−378", "url": "https://www.kaigokensaku.mhlw.go.jp/23/index.php?action_kouhyou_detail_004_kani=true&JigyosyoCd=2364590089-00&ServiceCd=130&Type=search", "url2": "http://thinkbody.co.jp" }, "geometry": { "type": "Point", "coordinates": [ 137.050832476996902, 35.209402074485723 ] } },
{ "type": "Feature", "properties": { "内容": "訪問リハビリ看護　あおぞら【訪問看護】尾張旭市庄南町1丁目9－1庄南ハイツ102", "url": "https://www.kaigokensaku.mhlw.go.jp/23/index.php?action_kouhyou_detail_004_kani=true&JigyosyoCd=2364590105-00&ServiceCd=130&Type=search", "url2": null }, "geometry": { "type": "Point", "coordinates": [ 137.018089599999939, 35.1949594 ] } },
{ "type": "Feature", "properties": { "内容": "指定訪問看護事業所　ひょうたん島【訪問看護】愛知県尾張旭市南栄町旭ヶ丘40-1", "url": "https://www.kaigokensaku.mhlw.go.jp/23/index.php?action_kouhyou_detail_004_kani=true&JigyosyoCd=2364590071-00&ServiceCd=130&Type=search", "url2": "https://hyoutanjima-kaigo.com" }, "geometry": { "type": "Point", "coordinates": [ 137.040415, 35.1945129 ] } },
{ "type": "Feature", "properties": { "内容": "ほまれ訪問看護　尾張旭【訪問看護】愛知県尾張旭市大塚町2丁目1－1グレイスビル206", "url": "https://www.kaigokensaku.mhlw.go.jp/23/index.php?action_kouhyou_detail_004_kani=true&JigyosyoCd=2364590196-00&ServiceCd=130&Type=search", "url2": "https://for-plan.co.jp/" }, "geometry": { "type": "Point", "coordinates": [ 137.0186506, 35.1996789 ] } },
{ "type": "Feature", "properties": { "内容": "チアフル訪問看護ステーション【訪問看護】愛知県尾張旭市東印場町1-16-8", "url": "https://www.kaigokensaku.mhlw.go.jp/23/index.php?action_kouhyou_detail_004_kani=true&JigyosyoCd=2364590188-00&ServiceCd=130&Type=search", "url2": null }, "geometry": { "type": "Point", "coordinates": [ 137.026535640817826, 35.211793395490965 ] } },
{ "type": "Feature", "properties": { "内容": "訪問看護ステーション　のどか【訪問看護】愛知県尾張旭市新居町西浦3171シャトウ西浦104", "url": "https://www.kaigokensaku.mhlw.go.jp/23/index.php?action_kouhyou_detail_004_kani=true&JigyosyoCd=2364590154-00&ServiceCd=130&Type=search", "url2": "houmon-nodoka.jp" }, "geometry": { "type": "Point", "coordinates": [ 137.0333225, 35.2205851 ] } },
{ "type": "Feature", "properties": { "内容": "Rise訪問看護リハステーション【訪問看護】愛知県尾張旭市緑町緑ヶ丘44番地71", "url": "https://www.kaigokensaku.mhlw.go.jp/23/index.php?action_kouhyou_detail_004_kani=true&JigyosyoCd=2364590147-00&ServiceCd=130&Type=search", "url2": "http://risehoumon.com" }, "geometry": { "type": "Point", "coordinates": [ 137.0282858, 35.200823 ] } },
{ "type": "Feature", "properties": { "内容": "医療法人豊田会　高浜訪問看護ステーション【訪問看護】愛知県高浜市湯山町6丁目7番地3", "url": "https://www.kaigokensaku.mhlw.go.jp/23/index.php?action_kouhyou_detail_004_kani=true&JigyosyoCd=2364690046-00&ServiceCd=130&Type=search", "url2": "http://www.toyota-kai.or.jp/facility/takahama/station.html" }, "geometry": { "type": "Point", "coordinates": [ 136.9967256, 34.9310015 ] } },
{ "type": "Feature", "properties": { "内容": "訪問看護事業所メディカルケア【訪問看護】愛知県高浜市芳川町一丁目3番地38ルネスフェリーチェ101号室", "url": "https://www.kaigokensaku.mhlw.go.jp/23/index.php?action_kouhyou_detail_004_kani=true&JigyosyoCd=2364690053-00&ServiceCd=130&Type=search", "url2": "http://www.com-care.net" }, "geometry": { "type": "Point", "coordinates": [ 136.983490500000016, 34.94115010000003 ] } },
{ "type": "Feature", "properties": { "内容": "みんなの訪問看護リハビリステーションすまいる【訪問看護】愛知県高浜市呉竹町4-2-12コーポ東山102", "url": "https://www.kaigokensaku.mhlw.go.jp/23/index.php?action_kouhyou_detail_004_kani=true&JigyosyoCd=2364690061-00&ServiceCd=130&Type=search", "url2": "https://smilespiral.com" }, "geometry": { "type": "Point", "coordinates": [ 136.9922446, 34.9407257 ] } },
{ "type": "Feature", "properties": { "内容": "丹羽外科内科【訪問看護】愛知県岩倉市新柳町1丁目41番地", "url": "https://www.kaigokensaku.mhlw.go.jp/23/index.php?action_kouhyou_detail_004_kani=true&JigyosyoCd=2314700283-00&ServiceCd=130&Type=search", "url2": "http://www.myclinic.ne.jp/niwageka/" }, "geometry": { "type": "Point", "coordinates": [ 136.868625299999962, 35.2790111 ] } },
{ "type": "Feature", "properties": { "内容": "あいあい訪問看護【訪問看護】本町神明西6-1パールビル２A", "url": "https://www.kaigokensaku.mhlw.go.jp/23/index.php?action_kouhyou_detail_004_kani=true&JigyosyoCd=2364790093-00&ServiceCd=130&Type=search", "url2": "https://aiaikango.com" }, "geometry": { "type": "Point", "coordinates": [ 136.8736007, 35.2799783 ] } },
{ "type": "Feature", "properties": { "内容": "訪問看護ステーション奏【訪問看護】愛知県岩倉市東町掛目160番1リバーサイドビレッジ105", "url": "https://www.kaigokensaku.mhlw.go.jp/23/index.php?action_kouhyou_detail_004_kani=true&JigyosyoCd=2364790127-00&ServiceCd=130&Type=search", "url2": null }, "geometry": { "type": "Point", "coordinates": [ 136.8850876, 35.2845384 ] } },
{ "type": "Feature", "properties": { "内容": "訪問看護　よりそい【訪問看護】愛知県岩倉市石仏町中屋敷619-4ミレニアムビク,101号室", "url": "https://www.kaigokensaku.mhlw.go.jp/23/index.php?action_kouhyou_detail_004_kani=true&JigyosyoCd=2364790119-00&ServiceCd=130&Type=search", "url2": "https://aifukuen.com/" }, "geometry": { "type": "Point", "coordinates": [ 136.871014, 35.2957691 ] } },
{ "type": "Feature", "properties": { "内容": "岩倉病院訪問看護ステーション【訪問看護】愛知県岩倉市川井町北海戸1番地", "url": "https://www.kaigokensaku.mhlw.go.jp/23/index.php?action_kouhyou_detail_004_kani=true&JigyosyoCd=2364790077-00&ServiceCd=130&Type=search", "url2": null }, "geometry": { "type": "Point", "coordinates": [ 136.863290600000028, 35.2682596 ] } },
{ "type": "Feature", "properties": { "内容": "訪問看護ステーションすみれ【訪問看護】愛知県岩倉市栄町2丁目77番地ロータリーヒーロー1階", "url": "https://www.kaigokensaku.mhlw.go.jp/23/index.php?action_kouhyou_detail_004_kani=true&JigyosyoCd=2364790085-00&ServiceCd=130&Type=search", "url2": "https://sumire-iwakura.com/" }, "geometry": { "type": "Point", "coordinates": [ 136.872521, 35.2781843 ] } },
{ "type": "Feature", "properties": { "内容": "医療法人　美月会　前後整形外科内科クリニック【訪問看護】愛知県豊明市阿野町滑５５－１", "url": "https://www.kaigokensaku.mhlw.go.jp/23/index.php?action_kouhyou_detail_004_kani=true&JigyosyoCd=2314800638-00&ServiceCd=130&Type=search", "url2": ":http//ww5.enjoy.ne.jp/~zengoseikei/" }, "geometry": { "type": "Point", "coordinates": [ 136.997182323942553, 35.052203880585154 ] } },
{ "type": "Feature", "properties": { "内容": "訪問看護ステーション　えん【訪問看護】愛知県豊明市阿野町大高通10-1野村ハイツ106号", "url": "https://www.kaigokensaku.mhlw.go.jp/23/index.php?action_kouhyou_detail_004_kani=true&JigyosyoCd=2364890091-00&ServiceCd=130&Type=search", "url2": "http://try-scape.com" }, "geometry": { "type": "Point", "coordinates": [ 137.007237799999984, 35.0449395 ] } },
{ "type": "Feature", "properties": { "内容": "訪問看護ステーションねむの木【訪問看護】愛知県豊明市阿野町大高道10-1野村ハイツ106号", "url": "https://www.kaigokensaku.mhlw.go.jp/23/index.php?action_kouhyou_detail_004_kani=true&JigyosyoCd=2364890125-00&ServiceCd=130&Type=search", "url2": "https://try-scape.com/" }, "geometry": { "type": "Point", "coordinates": [ 137.000296379762233, 35.04794534188963 ] } },
{ "type": "Feature", "properties": { "内容": "沓掛訪問看護ステーション【訪問看護】愛知県豊明市沓掛町山新田50番地1グリーンヒルズケア相生", "url": "https://www.kaigokensaku.mhlw.go.jp/23/index.php?action_kouhyou_detail_004_kani=true&JigyosyoCd=2364890018-00&ServiceCd=130&Type=search", "url2": "http://www.shimizukai.biz/kutsukake/" }, "geometry": { "type": "Point", "coordinates": [ 137.016939699999966, 35.0938614 ] } },
{ "type": "Feature", "properties": { "内容": "みずのクリニック訪問看護ステーションみやび【訪問看護】愛知県豊明市前後町仙人塚1767番", "url": "https://www.kaigokensaku.mhlw.go.jp/23/index.php?action_kouhyou_detail_004_kani=true&JigyosyoCd=2364890075-00&ServiceCd=130&Type=search", "url2": "housuikai.com" }, "geometry": { "type": "Point", "coordinates": [ 136.998251100000061, 35.0546009 ] } },
{ "type": "Feature", "properties": { "内容": "藤田医科大学訪問看護ステーション【訪問看護】愛知県豊明市沓掛町田楽ケ窪1番地98レストピアふじた　３階", "url": "https://www.kaigokensaku.mhlw.go.jp/23/index.php?action_kouhyou_detail_004_kani=true&JigyosyoCd=2364890059-00&ServiceCd=130&Type=search", "url2": "http://www.fujita-hu.ac.jp/~chuukaku/" }, "geometry": { "type": "Point", "coordinates": [ 137.001388492729092, 35.070245757015485 ] } },
{ "type": "Feature", "properties": { "内容": "ひまり訪問看護ステーション【訪問看護】愛知県豊明市栄町元屋敷55スパークシティポルト1階", "url": "https://www.kaigokensaku.mhlw.go.jp/23/index.php?action_kouhyou_detail_004_kani=true&JigyosyoCd=2364890042-00&ServiceCd=130&Type=search", "url2": "http://himari-ns.jp" }, "geometry": { "type": "Point", "coordinates": [ 136.998279, 35.0390325 ] } },
{ "type": "Feature", "properties": { "内容": "みんなのかかりつけ訪問看護ステーション有松【訪問看護】二村台1丁目30番地28Regulus　UL号室", "url": "https://www.kaigokensaku.mhlw.go.jp/23/index.php?action_kouhyou_detail_004_kani=true&JigyosyoCd=2364890109-00&ServiceCd=130&Type=search", "url2": "https://kakaritsuke.co.jp/about/station/" }, "geometry": { "type": "Point", "coordinates": [ 137.00332265833589, 35.062420081217454 ] } },
{ "type": "Feature", "properties": { "内容": "在宅リハビリセンター　訪問看護ステーション　リハステージ東海【訪問看護】愛知県日進市香久山2-206", "url": "https://www.kaigokensaku.mhlw.go.jp/23/index.php?action_kouhyou_detail_004_kani=true&JigyosyoCd=2364990065-00&ServiceCd=130&Type=search", "url2": "http://www.m-stage.co.jp" }, "geometry": { "type": "Point", "coordinates": [ 137.025574399999982, 35.1359482 ] } },
{ "type": "Feature", "properties": { "内容": "訪問看護ステーション　アイリス日進【訪問看護】愛知県日進市香久山5丁目501番地鈴の木ハイツC　1階", "url": "https://www.kaigokensaku.mhlw.go.jp/23/index.php?action_kouhyou_detail_004_kani=true&JigyosyoCd=2364990149-00&ServiceCd=130&Type=search", "url2": "https://houkan-iris.kyowa.or.jp" }, "geometry": { "type": "Point", "coordinates": [ 137.026682883599875, 35.140903859913223 ] } },
{ "type": "Feature", "properties": { "内容": "アクア日進訪問看護【訪問看護】愛知県日進市浅田町上納24―17", "url": "https://www.kaigokensaku.mhlw.go.jp/23/index.php?action_kouhyou_detail_004_kani=true&JigyosyoCd=2364990115-00&ServiceCd=130&Type=search", "url2": null }, "geometry": { "type": "Point", "coordinates": [ 137.028674099999989, 35.1267299 ] } },
{ "type": "Feature", "properties": { "内容": "きまたクリニック【訪問看護】愛知県日進市赤池南2-111番地", "url": "https://www.kaigokensaku.mhlw.go.jp/23/index.php?action_kouhyou_detail_004_kani=true&JigyosyoCd=2314900875-00&ServiceCd=130&Type=search", "url2": null }, "geometry": { "type": "Point", "coordinates": [ 137.01971850000001, 35.1155634 ] } },
{ "type": "Feature", "properties": { "内容": "訪問看護ステーション　心のポケット【訪問看護】愛知県日進市折戸町西田面110在宅医療センター", "url": "https://www.kaigokensaku.mhlw.go.jp/23/index.php?action_kouhyou_detail_004_kani=true&JigyosyoCd=2364990040-00&ServiceCd=130&Type=search", "url2": "http://www15.ocn.ne.jp/~daiikai/" }, "geometry": { "type": "Point", "coordinates": [ 137.040932899999973, 35.123582100000021 ] } },
{ "type": "Feature", "properties": { "内容": "藤田医科大学訪問看護ステーション日進東郷【訪問看護】愛知県日進市栄1丁目1115ステージア日進1階", "url": "https://www.kaigokensaku.mhlw.go.jp/23/index.php?action_kouhyou_detail_004_kani=true&JigyosyoCd=2364990172-00&ServiceCd=130&Type=search", "url2": "http://www.fujita-hu.ac.jp/~chuukaku/nissintogo/houkan/index.html" }, "geometry": { "type": "Point", "coordinates": [ 137.048609499999969, 35.1166117 ] } },
{ "type": "Feature", "properties": { "内容": "訪問看護ステーション　リハメール日進【訪問看護】愛知県日進市岩藤町下原194-1サンプレイス日進2階", "url": "https://www.kaigokensaku.mhlw.go.jp/23/index.php?action_kouhyou_detail_004_kani=true&JigyosyoCd=2364990032-00&ServiceCd=130&Type=search", "url2": null }, "geometry": { "type": "Point", "coordinates": [ 137.053879, 35.1484161 ] } },
{ "type": "Feature", "properties": { "内容": "訪問看護ステーションふう【訪問看護】愛知県日進市東山六丁目219", "url": "https://www.kaigokensaku.mhlw.go.jp/23/index.php?action_kouhyou_detail_004_kani=true&JigyosyoCd=2364990164-00&ServiceCd=130&Type=search", "url2": "https：//www.tofu-llc.com" }, "geometry": { "type": "Point", "coordinates": [ 137.054223900000011, 35.1245132 ] } },
{ "type": "Feature", "properties": { "内容": "医療法人　財団愛泉会　訪問看護ステーションえまい【訪問看護】日進市米野木町南山９８７－３１", "url": "https://www.kaigokensaku.mhlw.go.jp/23/index.php?action_kouhyou_detail_004_kani=true&JigyosyoCd=2364990024-00&ServiceCd=130&Type=search", "url2": null }, "geometry": { "type": "Point", "coordinates": [ 137.086770900000033, 35.1335244 ] } },
{ "type": "Feature", "properties": { "内容": "福友病院訪問看護ステーション【訪問看護】愛知県日進市北新町殿ケ池上５３９番地", "url": "https://www.kaigokensaku.mhlw.go.jp/23/index.php?action_kouhyou_detail_004_kani=true&JigyosyoCd=2364990156-00&ServiceCd=130&Type=search", "url2": "https://fukuyukai.com/facility/13" }, "geometry": { "type": "Point", "coordinates": [ 137.057872, 35.1609992 ] } },
{ "type": "Feature", "properties": { "内容": "訪問看護ステーション　ここから【訪問看護】愛知県日進市赤池五丁目４３０－１", "url": "https://www.kaigokensaku.mhlw.go.jp/23/index.php?action_kouhyou_detail_004_kani=true&JigyosyoCd=2364990123-00&ServiceCd=130&Type=search", "url2": null }, "geometry": { "type": "Point", "coordinates": [ 137.011460292134871, 35.121366361101941 ] } },
{ "type": "Feature", "properties": { "内容": "訪問看護ステーションサワ【訪問看護】愛知県日進市浅田町西前田44－3シャンテクレア101号", "url": "https://www.kaigokensaku.mhlw.go.jp/23/index.php?action_kouhyou_detail_004_kani=true&JigyosyoCd=2364990073-00&ServiceCd=130&Type=search", "url2": "http://shion-sawa.com/" }, "geometry": { "type": "Point", "coordinates": [ 137.023452499999962, 35.1259549 ] } },
{ "type": "Feature", "properties": { "内容": "訪問看護ステーション　てをとりあって【訪問看護】愛知県日進市赤池四丁目102番地", "url": "https://www.kaigokensaku.mhlw.go.jp/23/index.php?action_kouhyou_detail_004_kani=true&JigyosyoCd=2364990131-00&ServiceCd=130&Type=search", "url2": "https://part074.oops.jp/37312/" }, "geometry": { "type": "Point", "coordinates": [ 137.012500968795081, 35.119377353934702 ] } },
{ "type": "Feature", "properties": { "内容": "アバンセ訪問看護ステーションあかいけの森【訪問看護】愛知県日進市赤池町箕ノ手2番262ナーシングA-stあかいけの森", "url": "https://www.kaigokensaku.mhlw.go.jp/23/index.php?action_kouhyou_detail_004_kani=true&JigyosyoCd=2364990180-00&ServiceCd=130&Type=search", "url2": null }, "geometry": { "type": "Point", "coordinates": [ 137.023476, 35.1123927 ] } },
{ "type": "Feature", "properties": { "内容": "訪問看護ステーションすみれナーシング【訪問看護】愛知県田原市豊島町道南22番地3", "url": "https://www.kaigokensaku.mhlw.go.jp/23/index.php?action_kouhyou_detail_004_kani=true&JigyosyoCd=2367190036-00&ServiceCd=130&Type=search", "url2": "https://kango-sumire.com/" }, "geometry": { "type": "Point", "coordinates": [ 137.279457900000011, 34.6704684 ] } },
{ "type": "Feature", "properties": { "内容": "訪問看護ステーションあやめ田原【訪問看護】愛知県田原市田原町巴江4番７ガーデンハイツB101号室", "url": "https://www.kaigokensaku.mhlw.go.jp/23/index.php?action_kouhyou_detail_004_kani=true&JigyosyoCd=2367190044-00&ServiceCd=130&Type=search", "url2": "https://firstnurse.co.jp/" }, "geometry": { "type": "Point", "coordinates": [ 137.2706369, 34.6751385 ] } },
{ "type": "Feature", "properties": { "内容": "マミーズ訪問看護ステーション【訪問看護】愛知県田原市赤石1丁目30番地", "url": "https://www.kaigokensaku.mhlw.go.jp/23/index.php?action_kouhyou_detail_004_kani=true&JigyosyoCd=2367190028-00&ServiceCd=130&Type=search", "url2": "http://taharakango.com" }, "geometry": { "type": "Point", "coordinates": [ 137.2673254, 34.6658518 ] } },
{ "type": "Feature", "properties": { "内容": "渥美病院訪問看護ステーション【訪問看護】愛知県田原市神戸町赤石1番地1", "url": "https://www.kaigokensaku.mhlw.go.jp/23/index.php?action_kouhyou_detail_004_kani=true&JigyosyoCd=2366690010-00&ServiceCd=130&Type=search", "url2": "http://www.jaaikosei.or.jp/atsumi/" }, "geometry": { "type": "Point", "coordinates": [ 137.271875171827674, 34.65988768038634 ] } },
{ "type": "Feature", "properties": { "内容": "なのはな訪問看護ステーション田原【訪問看護】愛知県田原市田原町巴江4-3キャッスルコートⅡ棟101号室", "url": "https://www.kaigokensaku.mhlw.go.jp/23/index.php?action_kouhyou_detail_004_kani=true&JigyosyoCd=2367190069-00&ServiceCd=130&Type=search", "url2": "http://be-phact.com/nanohana" }, "geometry": { "type": "Point", "coordinates": [ 137.2704486, 34.6749027 ] } },
{ "type": "Feature", "properties": { "内容": "はーとふる訪問看護ステーション【訪問看護】愛知県田原市赤羽根町諏訪79番地6", "url": "https://www.kaigokensaku.mhlw.go.jp/23/index.php?action_kouhyou_detail_004_kani=true&JigyosyoCd=2367190051-00&ServiceCd=130&Type=search", "url2": "https://heartful-tahara.com/" }, "geometry": { "type": "Point", "coordinates": [ 137.207703400000014, 34.6159117 ] } },
{ "type": "Feature", "properties": { "内容": "訪問看護ステーションかおり【訪問看護】愛知県愛西市日置町山の池２０９番地１", "url": "https://www.kaigokensaku.mhlw.go.jp/23/index.php?action_kouhyou_detail_004_kani=true&JigyosyoCd=2367290018-00&ServiceCd=130&Type=search", "url2": null }, "geometry": { "type": "Point", "coordinates": [ 136.7320234, 35.1664026 ] } },
{ "type": "Feature", "properties": { "内容": "訪問看護ステーションIROHANA【訪問看護】愛知県愛西市北一色町東田面20番地3いせやハイツ204", "url": "https://www.kaigokensaku.mhlw.go.jp/23/index.php?action_kouhyou_detail_004_kani=true&JigyosyoCd=2367290083-00&ServiceCd=130&Type=search", "url2": "https://www.irohagurashi.com/irohana" }, "geometry": { "type": "Point", "coordinates": [ 136.730265400000036, 35.1471149 ] } },
{ "type": "Feature", "properties": { "内容": "愛西ガーデン訪問看護事業所【訪問看護】愛知県愛西市山路町野方149-130サービス付き高齢者向け住宅愛西ガーデン", "url": "https://www.kaigokensaku.mhlw.go.jp/23/index.php?action_kouhyou_detail_004_kani=true&JigyosyoCd=2367290042-00&ServiceCd=130&Type=search", "url2": "http://aisaigarden.jp" }, "geometry": { "type": "Point", "coordinates": [ 136.708283515344192, 35.15384414998416 ] } },
{ "type": "Feature", "properties": { "内容": "訪問看護ケアサポート【訪問看護】愛知県愛西市善太新田町十一下８６－１", "url": "https://www.kaigokensaku.mhlw.go.jp/23/index.php?action_kouhyou_detail_004_kani=true&JigyosyoCd=2367290075-00&ServiceCd=130&Type=search", "url2": "https://caresupport.life/" }, "geometry": { "type": "Point", "coordinates": [ 136.760166300000037, 35.1188534 ] } },
{ "type": "Feature", "properties": { "内容": "医療法人前田ホームクリニック【訪問看護】愛知県愛西市草平町江ノ田５３番地１", "url": "https://www.kaigokensaku.mhlw.go.jp/23/index.php?action_kouhyou_detail_004_kani=true&JigyosyoCd=2317200364-00&ServiceCd=130&Type=search", "url2": "http://maeda-homeclinic.com/" }, "geometry": { "type": "Point", "coordinates": [ 136.7131108045578, 35.200161798570008 ] } },
{ "type": "Feature", "properties": { "内容": "訪問看護ステーションRe・Start【訪問看護】愛知県清須市清洲2-1-8シンメイビル501号室", "url": "https://www.kaigokensaku.mhlw.go.jp/23/index.php?action_kouhyou_detail_004_kani=true&JigyosyoCd=2367390123-00&ServiceCd=130&Type=search", "url2": null }, "geometry": { "type": "Point", "coordinates": [ 136.83757879999996, 35.21662 ] } },
{ "type": "Feature", "properties": { "内容": "訪問看護ステーション　テラス【訪問看護】愛知県清須市土器野480-1グランアルファ102", "url": "https://www.kaigokensaku.mhlw.go.jp/23/index.php?action_kouhyou_detail_004_kani=true&JigyosyoCd=2367390099-00&ServiceCd=130&Type=search", "url2": null }, "geometry": { "type": "Point", "coordinates": [ 136.8510776, 35.1932629 ] } },
{ "type": "Feature", "properties": { "内容": "緑の家　訪問看護ステーション　清須【訪問看護】愛知県清須市西枇杷島町花咲7ラ・フォーレ花咲2Ｃ", "url": "https://www.kaigokensaku.mhlw.go.jp/23/index.php?action_kouhyou_detail_004_kani=true&JigyosyoCd=2367390065-00&ServiceCd=130&Type=search", "url2": "http://ultras.co.jp/" }, "geometry": { "type": "Point", "coordinates": [ 136.8678706, 35.2036021 ] } },
{ "type": "Feature", "properties": { "内容": "訪問看護ステーション清須【訪問看護】愛知県清須市西枇杷島町宮前2丁目１－１", "url": "https://www.kaigokensaku.mhlw.go.jp/23/index.php?action_kouhyou_detail_004_kani=true&JigyosyoCd=2365290051-00&ServiceCd=130&Type=search", "url2": "http://aro-co.jp/" }, "geometry": { "type": "Point", "coordinates": [ 136.862692325165881, 35.204945049042536 ] } },
{ "type": "Feature", "properties": { "内容": "はるひ呼吸器病院【訪問看護】清須市春日流８番地１", "url": "https://www.kaigokensaku.mhlw.go.jp/23/index.php?action_kouhyou_detail_004_kani=true&JigyosyoCd=2317300495-00&ServiceCd=130&Type=search", "url2": "https://www.kiyosu-kokyuki.jp/" }, "geometry": { "type": "Point", "coordinates": [ 136.8491209, 35.2386505 ] } },
{ "type": "Feature", "properties": { "内容": "ジャルダン【訪問看護】愛知県清須市西枇杷島町住吉47", "url": "https://www.kaigokensaku.mhlw.go.jp/23/index.php?action_kouhyou_detail_004_kani=true&JigyosyoCd=2367390156-00&ServiceCd=130&Type=search", "url2": null }, "geometry": { "type": "Point", "coordinates": [ 136.865782037556244, 35.195991777596923 ] } },
{ "type": "Feature", "properties": { "内容": "訪問看護ステーションゆう【訪問看護】愛知県清須市春日高札52番地1サンスプリング102", "url": "https://www.kaigokensaku.mhlw.go.jp/23/index.php?action_kouhyou_detail_004_kani=true&JigyosyoCd=2367390164-00&ServiceCd=130&Type=search", "url2": "https://houmonkango-station-yuu.com/" }, "geometry": { "type": "Point", "coordinates": [ 136.84966940000001, 35.2303252 ] } },
{ "type": "Feature", "properties": { "内容": "かなで訪問看護ステーション【訪問看護】西田中白山5", "url": "https://www.kaigokensaku.mhlw.go.jp/23/index.php?action_kouhyou_detail_004_kani=true&JigyosyoCd=2367390040-00&ServiceCd=130&Type=search", "url2": "https://www.kanadens.com/" }, "geometry": { "type": "Point", "coordinates": [ 136.852454184630432, 35.212815559436294 ] } },
{ "type": "Feature", "properties": { "内容": "胡桃訪問看護ステーション【訪問看護】愛知県清須市西枇杷島町日の出46", "url": "https://www.kaigokensaku.mhlw.go.jp/23/index.php?action_kouhyou_detail_004_kani=true&JigyosyoCd=2365290010-00&ServiceCd=130&Type=search", "url2": "http://www.keyaki-kai.or.jp" }, "geometry": { "type": "Point", "coordinates": [ 136.864393599999971, 35.1961539 ] } },
{ "type": "Feature", "properties": { "内容": "楽楽訪問看護ステーション【訪問看護】愛知県清須市助七1-176", "url": "https://www.kaigokensaku.mhlw.go.jp/23/index.php?action_kouhyou_detail_004_kani=true&JigyosyoCd=2367390115-00&ServiceCd=130&Type=search", "url2": "https://7s-rakuraku.com/" }, "geometry": { "type": "Point", "coordinates": [ 136.8527384, 35.2019244 ] } },
{ "type": "Feature", "properties": { "内容": "訪問看護リハビリステーションからふる　きよす【訪問看護】愛知県清須市清州1051番地1", "url": "https://www.kaigokensaku.mhlw.go.jp/23/index.php?action_kouhyou_detail_004_kani=true&JigyosyoCd=2367390057-00&ServiceCd=130&Type=search", "url2": "https://colorfulgarden.jp/" }, "geometry": { "type": "Point", "coordinates": [ 136.83699627351109, 35.21297773982355 ] } },
{ "type": "Feature", "properties": { "内容": "のどか訪問看護ステーション清須【訪問看護】愛知県清須市土器野480-1グラン・アルファ106号室", "url": "https://www.kaigokensaku.mhlw.go.jp/23/index.php?action_kouhyou_detail_004_kani=true&JigyosyoCd=2367390198-00&ServiceCd=130&Type=search", "url2": "httops://goodlife-care.co.jp/" }, "geometry": { "type": "Point", "coordinates": [ 136.851108700000026, 35.193229600000031 ] } },
{ "type": "Feature", "properties": { "内容": "訪問看護ステーション　ゆう【訪問看護】愛知県清須市須ケ口2332番地2", "url": "https://www.kaigokensaku.mhlw.go.jp/23/index.php?action_kouhyou_detail_004_kani=true&JigyosyoCd=2367390180-00&ServiceCd=130&Type=search", "url2": "http://www.kiyosu-kokyuki.jp" }, "geometry": { "type": "Point", "coordinates": [ 136.8482951, 35.1985711 ] } },
{ "type": "Feature", "properties": { "内容": "はなさきクリニック　訪問看護ステーション【訪問看護】愛知県清須市西枇杷島町古城一丁目9番地4", "url": "https://www.kaigokensaku.mhlw.go.jp/23/index.php?action_kouhyou_detail_004_kani=true&JigyosyoCd=2367390073-00&ServiceCd=130&Type=search", "url2": "http://www.myclinic.ne.jp/hanasaki_cl/pc/index.html" }, "geometry": { "type": "Point", "coordinates": [ 136.865982499999973, 35.2060031 ] } },
{ "type": "Feature", "properties": { "内容": "訪問看護ステーション　虹の花【訪問看護】愛知県清須市清洲1465-1リヴェールミワ　101号", "url": "https://www.kaigokensaku.mhlw.go.jp/23/index.php?action_kouhyou_detail_004_kani=true&JigyosyoCd=2367390081-00&ServiceCd=130&Type=search", "url2": null }, "geometry": { "type": "Point", "coordinates": [ 136.837753300000031, 35.2098425 ] } },
{ "type": "Feature", "properties": { "内容": "山田クリニック【訪問看護】愛知県北名古屋市熊之庄屋形３３７７－２", "url": "https://www.kaigokensaku.mhlw.go.jp/23/index.php?action_kouhyou_detail_004_kani=true&JigyosyoCd=2317400048-00&ServiceCd=130&Type=search", "url2": "http://www.yamada-cl.com" }, "geometry": { "type": "Point", "coordinates": [ 136.885819500000053, 35.2509706 ] } },
{ "type": "Feature", "properties": { "内容": "師勝クリニック【訪問看護】北名古屋市熊之庄八幡117-1、116", "url": "https://www.kaigokensaku.mhlw.go.jp/23/index.php?action_kouhyou_detail_004_kani=true&JigyosyoCd=2317400121-00&ServiceCd=130&Type=search", "url2": "http://shikatsu-clinic.com/" }, "geometry": { "type": "Point", "coordinates": [ 136.882969799999955, 35.2512594 ] } },
{ "type": "Feature", "properties": { "内容": "ケアーズ訪問看護リハビリステーション西春【訪問看護】愛知県北名古屋市加島新田北浦32番地2", "url": "https://www.kaigokensaku.mhlw.go.jp/23/index.php?action_kouhyou_detail_004_kani=true&JigyosyoCd=2367490063-00&ServiceCd=130&Type=search", "url2": null }, "geometry": { "type": "Point", "coordinates": [ 136.874830299999985, 35.2293369 ] } },
{ "type": "Feature", "properties": { "内容": "訪問看護ステーションにしはる【訪問看護】愛知県北名古屋市法成寺松の木４７番地", "url": "https://www.kaigokensaku.mhlw.go.jp/23/index.php?action_kouhyou_detail_004_kani=true&JigyosyoCd=2365290028-00&ServiceCd=130&Type=search", "url2": "http://www.iwakura-h.or.jp" }, "geometry": { "type": "Point", "coordinates": [ 136.8599779, 35.2548141 ] } },
{ "type": "Feature", "properties": { "内容": "訪問看護ステーションいちご【訪問看護】愛知県北名古屋市六ツ師女夫越80番地1マイネハイマートB棟202号", "url": "https://www.kaigokensaku.mhlw.go.jp/23/index.php?action_kouhyou_detail_004_kani=true&JigyosyoCd=2367490113-00&ServiceCd=130&Type=search", "url2": "https://shareheart-1210.com" }, "geometry": { "type": "Point", "coordinates": [ 136.893762, 35.2566809 ] } },
{ "type": "Feature", "properties": { "内容": "のどかにし訪問看護ステーション【訪問看護】愛知県北名古屋市熊之庄東出８６番地メディカルホーム　ハート・ひがしで", "url": "https://www.kaigokensaku.mhlw.go.jp/23/index.php?action_kouhyou_detail_004_kani=true&JigyosyoCd=2367490154-00&ServiceCd=130&Type=search", "url2": "https://goodlife-care.co.jp/" }, "geometry": { "type": "Point", "coordinates": [ 136.8898026, 35.2569838 ] } },
{ "type": "Feature", "properties": { "内容": "訪問看護ステーション明日香【訪問看護】北名古屋市法成寺ツナギ畑107番地1", "url": "https://www.kaigokensaku.mhlw.go.jp/23/index.php?action_kouhyou_detail_004_kani=true&JigyosyoCd=2367490022-00&ServiceCd=130&Type=search", "url2": "http:／／www．fukushinosato．co．jp" }, "geometry": { "type": "Point", "coordinates": [ 136.866820750897062, 35.244540210899885 ] } },
{ "type": "Feature", "properties": { "内容": "Footage訪問看護ステーション北名古屋【訪問看護】鹿田栄185番地レジデンス栄302", "url": "https://www.kaigokensaku.mhlw.go.jp/23/index.php?action_kouhyou_detail_004_kani=true&JigyosyoCd=2367490162-00&ServiceCd=130&Type=search", "url2": "https://footage-nursing.jp/area/kitanagoya/" }, "geometry": { "type": "Point", "coordinates": [ 136.8742144, 35.2422727 ] } },
{ "type": "Feature", "properties": { "内容": "済衆館訪問看護ステーション【訪問看護】愛知県北名古屋市鹿田西村前111番地", "url": "https://www.kaigokensaku.mhlw.go.jp/23/index.php?action_kouhyou_detail_004_kani=true&JigyosyoCd=2367490071-00&ServiceCd=130&Type=search", "url2": "https://saishukan.com" }, "geometry": { "type": "Point", "coordinates": [ 136.877276599999959, 35.242427200000023 ] } },
{ "type": "Feature", "properties": { "内容": "訪問看護リベル北名古屋【訪問看護】愛知県北名古屋市九之坪南城屋敷20シャトレ20101号室", "url": "https://www.kaigokensaku.mhlw.go.jp/23/index.php?action_kouhyou_detail_004_kani=true&JigyosyoCd=2367490139-00&ServiceCd=130&Type=search", "url2": null }, "geometry": { "type": "Point", "coordinates": [ 136.874010199999987, 35.2377922 ] } },
{ "type": "Feature", "properties": { "内容": "訪問看護ｽﾃｰｼｮﾝ　ゆめのたね。【訪問看護】愛知県北名古屋市弥勒寺東２－２３５トミタビル２０２", "url": "https://www.kaigokensaku.mhlw.go.jp/23/index.php?action_kouhyou_detail_004_kani=true&JigyosyoCd=2367490097-00&ServiceCd=130&Type=search", "url2": "yumenotane-maru.com" }, "geometry": { "type": "Point", "coordinates": [ 136.870608100000027, 35.249294 ] } },
{ "type": "Feature", "properties": { "内容": "訪問看護ステーション　カランコエ【訪問看護】愛知県北名古屋市徳重米野105番地1ウイング生田303", "url": "https://www.kaigokensaku.mhlw.go.jp/23/index.php?action_kouhyou_detail_004_kani=true&JigyosyoCd=2367490147-00&ServiceCd=130&Type=search", "url2": "https://www.quon-karankoe.com/" }, "geometry": { "type": "Point", "coordinates": [ 136.868408608598315, 35.256618602248011 ] } },
{ "type": "Feature", "properties": { "内容": "訪問看護ステーション　ゆい【訪問看護】愛知県北名古屋市鹿田丸䉤12番地１西春オカマンション407号", "url": "https://www.kaigokensaku.mhlw.go.jp/23/index.php?action_kouhyou_detail_004_kani=true&JigyosyoCd=2367490188-00&ServiceCd=130&Type=search", "url2": null }, "geometry": { "type": "Point", "coordinates": [ 136.87324584788513, 35.247765552076473 ] } },
{ "type": "Feature", "properties": { "内容": "まっくびーナースケア弥富【訪問看護】愛知毛弥富市平島中3丁目156", "url": "https://www.kaigokensaku.mhlw.go.jp/23/index.php?action_kouhyou_detail_004_kani=true&JigyosyoCd=2367590060-00&ServiceCd=130&Type=search", "url2": null }, "geometry": { "type": "Point", "coordinates": [ 136.7397968, 35.1098425 ] } },
{ "type": "Feature", "properties": { "内容": "医療法人偕行会　偕行会リハビリテーション病院【訪問看護】愛知県弥富市神戸5丁目20番地", "url": "https://www.kaigokensaku.mhlw.go.jp/23/index.php?action_kouhyou_detail_004_kani=true&JigyosyoCd=2317500227-00&ServiceCd=130&Type=search", "url2": "http://www.kaikou.or.jp/riha/" }, "geometry": { "type": "Point", "coordinates": [ 136.782846400000011, 35.0968104 ] } },
{ "type": "Feature", "properties": { "内容": "訪問看護ステ－ション　ひまわり【訪問看護】愛知県弥富市佐古木２丁目２６８－１キャッスル松亀B号室", "url": "https://www.kaigokensaku.mhlw.go.jp/23/index.php?action_kouhyou_detail_004_kani=true&JigyosyoCd=2367590011-00&ServiceCd=130&Type=search", "url2": "https://himawari-care-s.com" }, "geometry": { "type": "Point", "coordinates": [ 136.75414150000006, 35.1186182 ] } },
{ "type": "Feature", "properties": { "内容": "はる訪問看護リハビリステーション弥富【訪問看護】愛知県弥富市平島東3丁目82エクセリーヌK-Ⅰ105号", "url": "https://www.kaigokensaku.mhlw.go.jp/23/index.php?action_kouhyou_detail_004_kani=true&JigyosyoCd=2367590045-00&ServiceCd=130&Type=search", "url2": "http://www.haru-houmonkango.jp/" }, "geometry": { "type": "Point", "coordinates": [ 136.74488359999998, 35.106922 ] } },
{ "type": "Feature", "properties": { "内容": "訪問看護ステーションいもーれ【訪問看護】愛知県弥富市佐古木７－３３－２リバーサイド加賀102号", "url": "https://www.kaigokensaku.mhlw.go.jp/23/index.php?action_kouhyou_detail_004_kani=true&JigyosyoCd=2367590052-00&ServiceCd=130&Type=search", "url2": "https://jyunyukai.jp/" }, "geometry": { "type": "Point", "coordinates": [ 136.755293058370654, 35.125187327155217 ] } },
{ "type": "Feature", "properties": { "内容": "訪問看護リハビリテーション　みなとも【訪問看護】愛知県弥富市鯏浦町西前新田43番地", "url": "https://www.kaigokensaku.mhlw.go.jp/23/index.php?action_kouhyou_detail_004_kani=true&JigyosyoCd=2367590029-00&ServiceCd=130&Type=search", "url2": "www.minatomo.net" }, "geometry": { "type": "Point", "coordinates": [ 136.729076052453593, 35.113462670566648 ] } },
{ "type": "Feature", "properties": { "内容": "海南訪問看護ステーション【訪問看護】愛知県弥富市前ケ須町南本田３６８番地１", "url": "https://www.kaigokensaku.mhlw.go.jp/23/index.php?action_kouhyou_detail_004_kani=true&JigyosyoCd=2365690011-00&ServiceCd=130&Type=search", "url2": "http://www.kainan.jaaikosei.or.jp/" }, "geometry": { "type": "Point", "coordinates": [ 136.72334517194696, 35.107493308648905 ] } },
{ "type": "Feature", "properties": { "内容": "ほほえみナース【訪問看護】愛知県弥富市佐古木二丁目265番地1", "url": "https://www.kaigokensaku.mhlw.go.jp/23/index.php?action_kouhyou_detail_004_kani=true&JigyosyoCd=2367590078-00&ServiceCd=130&Type=search", "url2": null }, "geometry": { "type": "Point", "coordinates": [ 136.7546801, 35.1182605 ] } },
{ "type": "Feature", "properties": { "内容": "こども訪問看護ステーション　mom【訪問看護】愛知県みよし市福谷町宮ノ前33-1", "url": "https://www.kaigokensaku.mhlw.go.jp/23/index.php?action_kouhyou_detail_004_kani=true&JigyosyoCd=2366190045-00&ServiceCd=130&Type=search", "url2": "https://kidslabarca.com/" }, "geometry": { "type": "Point", "coordinates": [ 137.105494309252833, 35.120173545108322 ] } },
{ "type": "Feature", "properties": { "内容": "しずく訪問看護ステーション【訪問看護】愛知県みよし市黒笹２丁目5-141号室", "url": "https://www.kaigokensaku.mhlw.go.jp/23/index.php?action_kouhyou_detail_004_kani=true&JigyosyoCd=2366190086-00&ServiceCd=130&Type=search", "url2": "https://www.shizuku-kango.jp" }, "geometry": { "type": "Point", "coordinates": [ 137.0983647, 35.1278942 ] } },
{ "type": "Feature", "properties": { "内容": "訪問看護ステーション縁【訪問看護】みよし市三好丘２丁目6-4C＆Cビル３階　Ｈ号室", "url": "https://www.kaigokensaku.mhlw.go.jp/23/index.php?action_kouhyou_detail_004_kani=true&JigyosyoCd=2366190078-00&ServiceCd=130&Type=search", "url2": null }, "geometry": { "type": "Point", "coordinates": [ 137.1116054, 35.1251728 ] } },
{ "type": "Feature", "properties": { "内容": "MEDAGREECLINICみよし【訪問看護】愛知県みよし市三好町上254番地", "url": "https://www.kaigokensaku.mhlw.go.jp/23/index.php?action_kouhyou_detail_004_kani=true&JigyosyoCd=2316101050-00&ServiceCd=130&Type=search", "url2": null }, "geometry": { "type": "Point", "coordinates": [ 137.0666469, 35.0889446 ] } },
{ "type": "Feature", "properties": { "内容": "みよし市訪問看護ステーション【訪問看護】愛知県みよし市三好町八和田山15番地", "url": "https://www.kaigokensaku.mhlw.go.jp/23/index.php?action_kouhyou_detail_004_kani=true&JigyosyoCd=2366190011-00&ServiceCd=130&Type=search", "url2": null }, "geometry": { "type": "Point", "coordinates": [ 137.077631699999984, 35.0794393 ] } },
{ "type": "Feature", "properties": { "内容": "訪問看護ステーションのぞみ【訪問看護】愛知県みよし市三好丘1丁目2番地2", "url": "https://www.kaigokensaku.mhlw.go.jp/23/index.php?action_kouhyou_detail_004_kani=true&JigyosyoCd=2366190094-00&ServiceCd=130&Type=search", "url2": null }, "geometry": { "type": "Point", "coordinates": [ 137.1100678, 35.1258652 ] } },
{ "type": "Feature", "properties": { "内容": "訪問看護ステーション　あゆみ【訪問看護】愛知県みよし市三好町湯の前11-1湯の前館2-Ｅ", "url": "https://www.kaigokensaku.mhlw.go.jp/23/index.php?action_kouhyou_detail_004_kani=true&JigyosyoCd=2366190037-00&ServiceCd=130&Type=search", "url2": "https://zaitakuriha02.wixsite.com/houkan-ayumi" }, "geometry": { "type": "Point", "coordinates": [ 137.072226300000011, 35.0886382 ] } },
{ "type": "Feature", "properties": { "内容": "ハートケア三好訪問看護ステーション【訪問看護】愛知県みよし市三好町石畑17番", "url": "https://www.kaigokensaku.mhlw.go.jp/23/index.php?action_kouhyou_detail_004_kani=true&JigyosyoCd=2366190052-00&ServiceCd=130&Type=search", "url2": null }, "geometry": { "type": "Point", "coordinates": [ 137.063577099999947, 35.0896936 ] } },
{ "type": "Feature", "properties": { "内容": "訪問看護ステーション　LiGみよし【訪問看護】愛知県みよし市三好町油田２０番地エリジオン４０２", "url": "https://www.kaigokensaku.mhlw.go.jp/23/index.php?action_kouhyou_detail_004_kani=true&JigyosyoCd=2366190060-00&ServiceCd=130&Type=search", "url2": "https://kango-ligmiyoshi.com" }, "geometry": { "type": "Point", "coordinates": [ 137.082678587974584, 35.090958080509203 ] } },
{ "type": "Feature", "properties": { "内容": "ハート訪問看護リハビリステーション【訪問看護】愛知県あま市七宝町桂親田2027番地", "url": "https://www.kaigokensaku.mhlw.go.jp/23/index.php?action_kouhyou_detail_004_kani=true&JigyosyoCd=2367690100-00&ServiceCd=130&Type=search", "url2": "https://www.heart-medical.co.jp/takeda/" }, "geometry": { "type": "Point", "coordinates": [ 136.799538193254079, 35.171679564632285 ] } },
{ "type": "Feature", "properties": { "内容": "訪問看護ステーション和来　あま【訪問看護】愛知県あま市木田高端19アパートメントキダS棟202", "url": "https://www.kaigokensaku.mhlw.go.jp/23/index.php?action_kouhyou_detail_004_kani=true&JigyosyoCd=2367690076-00&ServiceCd=130&Type=search", "url2": "https://warai.life/" }, "geometry": { "type": "Point", "coordinates": [ 136.790225, 35.1958306 ] } },
{ "type": "Feature", "properties": { "内容": "訪問看護ステーションASAHI【訪問看護】愛知県あま市七宝町桂北海道2062-1第２山忠ビル１F第２山忠ビル", "url": "https://www.kaigokensaku.mhlw.go.jp/23/index.php?action_kouhyou_detail_004_kani=true&JigyosyoCd=2362790087-00&ServiceCd=130&Type=search", "url2": "https://asahi77.co.jp" }, "geometry": { "type": "Point", "coordinates": [ 136.7754651, 35.1744256 ] } },
{ "type": "Feature", "properties": { "内容": "訪問看護ステーションHearttoHeart【訪問看護】愛知県あま市森五丁目22‐10エクセルとも2　C号室", "url": "https://www.kaigokensaku.mhlw.go.jp/23/index.php?action_kouhyou_detail_004_kani=true&JigyosyoCd=2367690167-00&ServiceCd=130&Type=search", "url2": "heart-to-hvn.jp" }, "geometry": { "type": "Point", "coordinates": [ 136.8133473, 35.2124737 ] } },
{ "type": "Feature", "properties": { "内容": "ゴールドエイジ訪問看護ステーション紬【訪問看護】愛知県あま市中萱津砂入19番地", "url": "https://www.kaigokensaku.mhlw.go.jp/23/index.php?action_kouhyou_detail_004_kani=true&JigyosyoCd=2367690126-00&ServiceCd=130&Type=search", "url2": "https://goldage.co.jp/" }, "geometry": { "type": "Point", "coordinates": [ 136.838430846032736, 35.1893858199007 ] } },
{ "type": "Feature", "properties": { "内容": "七宝病院訪問看護ステーション【訪問看護】愛知県あま市七宝町下田矢倉下１４３３番地", "url": "https://www.kaigokensaku.mhlw.go.jp/23/index.php?action_kouhyou_detail_004_kani=true&JigyosyoCd=2365690086-00&ServiceCd=130&Type=search", "url2": "http://www.takarakai.or.jp/" }, "geometry": { "type": "Point", "coordinates": [ 136.784276699999964, 35.1732309 ] } },
{ "type": "Feature", "properties": { "内容": "ルアナ訪問看護ステーション【訪問看護】愛知県あま市坂牧北浦88リバーハイツ88　202号室", "url": "https://www.kaigokensaku.mhlw.go.jp/23/index.php?action_kouhyou_detail_004_kani=true&JigyosyoCd=2367690092-00&ServiceCd=130&Type=search", "url2": "http://rigel.com" }, "geometry": { "type": "Point", "coordinates": [ 136.827965035581968, 35.183429959617847 ] } },
{ "type": "Feature", "properties": { "内容": "医心館訪問看護ステーションあま【訪問看護】愛知県あま市小路三丁目１－３", "url": "https://www.kaigokensaku.mhlw.go.jp/23/index.php?action_kouhyou_detail_004_kani=true&JigyosyoCd=2367690019-00&ServiceCd=130&Type=search", "url2": null }, "geometry": { "type": "Point", "coordinates": [ 136.809617900000035, 35.2061463 ] } },
{ "type": "Feature", "properties": { "内容": "訪問看護の美空あま【訪問看護】愛知県あま市新居屋大日30番ナーシングホームみそらあま", "url": "https://www.kaigokensaku.mhlw.go.jp/23/index.php?action_kouhyou_detail_004_kani=true&JigyosyoCd=2367690084-00&ServiceCd=130&Type=search", "url2": "https://misora-ykg.jp/contact.html" }, "geometry": { "type": "Point", "coordinates": [ 136.81412085886322, 35.19764151702752 ] } },
{ "type": "Feature", "properties": { "内容": "訪問看護ステーション結い【訪問看護】愛知県あま市七宝町安松十四丁目12番地3", "url": "https://www.kaigokensaku.mhlw.go.jp/23/index.php?action_kouhyou_detail_004_kani=true&JigyosyoCd=2367690035-00&ServiceCd=130&Type=search", "url2": "http://homenursing-yui.com/" }, "geometry": { "type": "Point", "coordinates": [ 136.795707477770947, 35.173910433644984 ] } },
{ "type": "Feature", "properties": { "内容": "訪問看護ステーションめいと【訪問看護】愛知県あま市甚目寺乾出31パラッツォTH3B", "url": "https://www.kaigokensaku.mhlw.go.jp/23/index.php?action_kouhyou_detail_004_kani=true&JigyosyoCd=2367690175-00&ServiceCd=130&Type=search", "url2": "https://www.mate-nursing.com/" }, "geometry": { "type": "Point", "coordinates": [ 136.8186943, 35.196956 ] } },
{ "type": "Feature", "properties": { "内容": "ライフケア訪問看護ステーションあま【訪問看護】愛知県あま市森三丁目13番地2ライフケアあま", "url": "https://www.kaigokensaku.mhlw.go.jp/23/index.php?action_kouhyou_detail_004_kani=true&JigyosyoCd=2367690068-00&ServiceCd=130&Type=search", "url2": null }, "geometry": { "type": "Point", "coordinates": [ 136.810998800000021, 35.208289899999983 ] } },
{ "type": "Feature", "properties": { "内容": "ルリ訪問看護ステーション【訪問看護】愛知県あま市蜂須賀中島1768", "url": "https://www.kaigokensaku.mhlw.go.jp/23/index.php?action_kouhyou_detail_004_kani=true&JigyosyoCd=2367690118-00&ServiceCd=130&Type=search", "url2": null }, "geometry": { "type": "Point", "coordinates": [ 136.7714111, 35.2038293 ] } },
{ "type": "Feature", "properties": { "内容": "訪問看護ステーションAN【訪問看護】愛知県あま市森二丁目6-5", "url": "https://www.kaigokensaku.mhlw.go.jp/23/index.php?action_kouhyou_detail_004_kani=true&JigyosyoCd=2365690078-00&ServiceCd=130&Type=search", "url2": "http://www.nyereg.co.jp" }, "geometry": { "type": "Point", "coordinates": [ 136.813156400000025, 35.2083128 ] } },
{ "type": "Feature", "properties": { "内容": "訪問看護ステーションE-heart【訪問看護】愛知県あま市篠田居島３２－３－Ｂ", "url": "https://www.kaigokensaku.mhlw.go.jp/23/index.php?action_kouhyou_detail_004_kani=true&JigyosyoCd=2367690027-00&ServiceCd=130&Type=search", "url2": "http://hp.kaipoke.biz/ts9/" }, "geometry": { "type": "Point", "coordinates": [ 136.786456931389353, 35.189000219549023 ] } },
{ "type": "Feature", "properties": { "内容": "アイビー訪問看護ステーション【訪問看護】愛知県稲沢市駅前１丁目13-12サンフォーブル203号", "url": "https://www.kaigokensaku.mhlw.go.jp/23/index.php?action_kouhyou_detail_004_kani=true&JigyosyoCd=2363990264-00&ServiceCd=130&Type=search", "url2": null }, "geometry": { "type": "Point", "coordinates": [ 136.8200234, 35.254222 ] } },
{ "type": "Feature", "properties": { "内容": "訪問看護ステーション　蓮【訪問看護】愛知県あま市七宝町下之森５４６番地", "url": "https://www.kaigokensaku.mhlw.go.jp/23/index.php?action_kouhyou_detail_004_kani=true&JigyosyoCd=2367690050-00&ServiceCd=130&Type=search", "url2": "http://houmonkangoren.com" }, "geometry": { "type": "Point", "coordinates": [ 136.794391510450737, 35.153763392074048 ] } },
{ "type": "Feature", "properties": { "内容": "たつとり訪問看護【訪問看護】愛知県あま市新居屋榎坪48", "url": "https://www.kaigokensaku.mhlw.go.jp/23/index.php?action_kouhyou_detail_004_kani=true&JigyosyoCd=2367690134-00&ServiceCd=130&Type=search", "url2": null }, "geometry": { "type": "Point", "coordinates": [ 136.8117057, 35.1911931 ] } },
{ "type": "Feature", "properties": { "内容": "ほうもんかんごすてーしょんあさひ【訪問看護】愛知県あま市七宝町桂北海道2062-1", "url": "https://www.kaigokensaku.mhlw.go.jp/23/index.php?action_kouhyou_detail_004_kani=true&JigyosyoCd=2367690159-00&ServiceCd=130&Type=search", "url2": "https://asahi77.co.jp/base/ama" }, "geometry": { "type": "Point", "coordinates": [ 136.7996115, 35.1722054 ] } },
{ "type": "Feature", "properties": { "内容": "訪問看護ステーションSmile+【訪問看護】愛知県あま市上萱津銭神15VIP7　211号室", "url": "https://www.kaigokensaku.mhlw.go.jp/23/index.php?action_kouhyou_detail_004_kani=true&JigyosyoCd=2367690142-00&ServiceCd=130&Type=search", "url2": null }, "geometry": { "type": "Point", "coordinates": [ 136.8344911, 35.1917103 ] } },
{ "type": "Feature", "properties": { "内容": "公益社団法人地域医療振興協会あま市民病院【訪問看護】愛知県あま市甚目寺畦田1番地", "url": "https://www.kaigokensaku.mhlw.go.jp/23/index.php?action_kouhyou_detail_004_kani=true&JigyosyoCd=2317600472-00&ServiceCd=130&Type=search", "url2": "https://www.amahosp.jp/" }, "geometry": { "type": "Point", "coordinates": [ 136.8223374, 35.1976587 ] } },
{ "type": "Feature", "properties": { "内容": "医療法人　守玄会　長久手内科胃腸科【訪問看護】岩作中島３２－２", "url": "https://www.kaigokensaku.mhlw.go.jp/23/index.php?action_kouhyou_detail_004_kani=true&JigyosyoCd=2317700264-00&ServiceCd=130&Type=search", "url2": null }, "geometry": { "type": "Point", "coordinates": [ 137.04664, 35.1803537 ] } },
{ "type": "Feature", "properties": { "内容": "訪問看護　ながくてステーション【訪問看護】愛知県長久手市原邸710番地", "url": "https://www.kaigokensaku.mhlw.go.jp/23/index.php?action_kouhyou_detail_004_kani=true&JigyosyoCd=2365090097-00&ServiceCd=130&Type=search", "url2": null }, "geometry": { "type": "Point", "coordinates": [ 137.0349827, 35.1845612 ] } },
{ "type": "Feature", "properties": { "内容": "愛知たいようの杜　訪問看護ステーション【訪問看護】愛知県長久手市岩作長池48-1", "url": "https://www.kaigokensaku.mhlw.go.jp/23/index.php?action_kouhyou_detail_004_kani=true&JigyosyoCd=2365090022-00&ServiceCd=130&Type=search", "url2": "http://admin.gojikara.net/admin.php" }, "geometry": { "type": "Point", "coordinates": [ 137.045427882511973, 35.182745752745909 ] } },
{ "type": "Feature", "properties": { "内容": "精神訪問看護ステーション　カピリナ【訪問看護】愛知県長久手市片平1丁目1805番地緑陰小舎A-3", "url": "https://www.kaigokensaku.mhlw.go.jp/23/index.php?action_kouhyou_detail_004_kani=true&JigyosyoCd=2367790041-00&ServiceCd=130&Type=search", "url2": null }, "geometry": { "type": "Point", "coordinates": [ 137.0336959, 35.1616813 ] } },
{ "type": "Feature", "properties": { "内容": "訪問看護ステーションまるまる【訪問看護】愛知県長久手市作田2丁目809株式会社トビラ内", "url": "https://www.kaigokensaku.mhlw.go.jp/23/index.php?action_kouhyou_detail_004_kani=true&JigyosyoCd=2367790025-00&ServiceCd=130&Type=search", "url2": null }, "geometry": { "type": "Point", "coordinates": [ 137.030028482139585, 35.174708362358906 ] } },
{ "type": "Feature", "properties": { "内容": "訪問看護ステーション　仁　長久手【訪問看護】根の神422", "url": "https://www.kaigokensaku.mhlw.go.jp/23/index.php?action_kouhyou_detail_004_kani=true&JigyosyoCd=2365090170-00&ServiceCd=130&Type=search", "url2": "https://sites.google.com/view/houmonkango-jin-nagakute" }, "geometry": { "type": "Point", "coordinates": [ 137.032516500000014, 35.171278 ] } },
{ "type": "Feature", "properties": { "内容": "訪問看護ステーションオリオン【訪問看護】愛知県長久手市砂子901－1", "url": "https://www.kaigokensaku.mhlw.go.jp/23/index.php?action_kouhyou_detail_004_kani=true&JigyosyoCd=2365090204-00&ServiceCd=130&Type=search", "url2": null }, "geometry": { "type": "Point", "coordinates": [ 137.0466333, 35.1662793 ] } },
{ "type": "Feature", "properties": { "内容": "有限会社　ハートフルハウス　訪問看護ステーション【訪問看護】愛知県長久手市城屋敷１０８番地", "url": "https://www.kaigokensaku.mhlw.go.jp/23/index.php?action_kouhyou_detail_004_kani=true&JigyosyoCd=2365090048-00&ServiceCd=130&Type=search", "url2": null }, "geometry": { "type": "Point", "coordinates": [ 137.040810704893488, 35.176479323598443 ] } },
{ "type": "Feature", "properties": { "内容": "訪問看護ステーション太陽・長久手【訪問看護】愛知県長久手市作田1丁目1110東名病院", "url": "https://www.kaigokensaku.mhlw.go.jp/23/index.php?action_kouhyou_detail_004_kani=true&JigyosyoCd=2367790017-00&ServiceCd=130&Type=search", "url2": "https://www.med-junseikai.or.jp/tomei/" }, "geometry": { "type": "Point", "coordinates": [ 137.026722799999988, 35.1753924 ] } },
{ "type": "Feature", "properties": { "内容": "虹色訪問看護ステーション【訪問看護】愛知県愛知郡東郷町大字春木字涼松185-9　B棟", "url": "https://www.kaigokensaku.mhlw.go.jp/23/index.php?action_kouhyou_detail_004_kani=true&JigyosyoCd=2365090105-00&ServiceCd=130&Type=search", "url2": "https://harmony-link.com" }, "geometry": { "type": "Point", "coordinates": [ 137.023327517738949, 35.10142918099443 ] } },
{ "type": "Feature", "properties": { "内容": "訪問看護事業所メドック東郷【訪問看護】愛知県愛知郡東郷町大字春木字西前６０７０番地", "url": "https://www.kaigokensaku.mhlw.go.jp/23/index.php?action_kouhyou_detail_004_kani=true&JigyosyoCd=2365090071-00&ServiceCd=130&Type=search", "url2": "http://www.medoc-togo.jp" }, "geometry": { "type": "Point", "coordinates": [ 137.046025789896987, 35.08052034916674 ] } },
{ "type": "Feature", "properties": { "内容": "ハートケア東郷訪問看護事業所【訪問看護】諸輪北山158-140有料老人ホームあっとほーむ東郷", "url": "https://www.kaigokensaku.mhlw.go.jp/23/index.php?action_kouhyou_detail_004_kani=true&JigyosyoCd=2365090030-00&ServiceCd=130&Type=search", "url2": null }, "geometry": { "type": "Point", "coordinates": [ 137.058643560049404, 35.101252054805911 ] } },
{ "type": "Feature", "properties": { "内容": "訪問看護・リハビリステーション太陽【訪問看護】愛知郡東郷町白鳥3丁目13－21イーストヒル白鳥203", "url": "https://www.kaigokensaku.mhlw.go.jp/23/index.php?action_kouhyou_detail_004_kani=true&JigyosyoCd=2365090188-00&ServiceCd=130&Type=search", "url2": null }, "geometry": { "type": "Point", "coordinates": [ 137.059125427353052, 35.113260790156794 ] } },
{ "type": "Feature", "properties": { "内容": "訪問看護ステーションローゼル【訪問看護】愛知県愛知郡東郷町春木台4丁目8-5カーサ・エスペランサ１０２号", "url": "https://www.kaigokensaku.mhlw.go.jp/23/index.php?action_kouhyou_detail_004_kani=true&JigyosyoCd=2365090212-00&ServiceCd=130&Type=search", "url2": null }, "geometry": { "type": "Point", "coordinates": [ 137.0401833, 35.086788 ] } },
{ "type": "Feature", "properties": { "内容": "訪問看護ステーションはなとも【訪問看護】愛知県愛知郡東郷町大字春木字池田44-1", "url": "https://www.kaigokensaku.mhlw.go.jp/23/index.php?action_kouhyou_detail_004_kani=true&JigyosyoCd=2365090121-00&ServiceCd=130&Type=search", "url2": "http://www.87house.jp/" }, "geometry": { "type": "Point", "coordinates": [ 137.044454099999939, 35.0816026 ] } },
{ "type": "Feature", "properties": { "内容": "訪問看護ステーション　メディプラス　白鳥【訪問看護】愛知県愛知郡東郷町白鳥2丁目17番地1加藤建装ビル101", "url": "https://www.kaigokensaku.mhlw.go.jp/23/index.php?action_kouhyou_detail_004_kani=true&JigyosyoCd=2365090154-00&ServiceCd=130&Type=search", "url2": "https://mediplussiratori.website" }, "geometry": { "type": "Point", "coordinates": [ 137.051269300000058, 35.110077 ] } },
{ "type": "Feature", "properties": { "内容": "コンパス訪問看護東郷【訪問看護】愛知県愛知郡東郷町春木山崎887番地5", "url": "https://www.kaigokensaku.mhlw.go.jp/23/index.php?action_kouhyou_detail_004_kani=true&JigyosyoCd=2365090196-00&ServiceCd=130&Type=search", "url2": null }, "geometry": { "type": "Point", "coordinates": [ 137.05009050000001, 35.0890465 ] } },
{ "type": "Feature", "properties": { "内容": "訪問看護　アライブ【訪問看護】愛知県西春日井郡豊山町大字豊場字栄71番地SmilebaseCOCOKARA", "url": "https://www.kaigokensaku.mhlw.go.jp/23/index.php?action_kouhyou_detail_004_kani=true&JigyosyoCd=2365290077-00&ServiceCd=130&Type=search", "url2": null }, "geometry": { "type": "Point", "coordinates": [ 136.90920460000001, 35.250402 ] } },
{ "type": "Feature", "properties": { "内容": "ゆたかナース【訪問看護】愛知県西春日井郡豊山町豊場青塚屋敷77", "url": "https://www.kaigokensaku.mhlw.go.jp/23/index.php?action_kouhyou_detail_004_kani=true&JigyosyoCd=2365290069-00&ServiceCd=130&Type=search", "url2": null }, "geometry": { "type": "Point", "coordinates": [ 136.915494291401728, 35.242930017856885 ] } },
{ "type": "Feature", "properties": { "内容": "御桜乃里訪問看護ステーション【訪問看護】愛知県丹羽郡大口町下小口6丁目124番地2", "url": "https://www.kaigokensaku.mhlw.go.jp/23/index.php?action_kouhyou_detail_004_kani=true&JigyosyoCd=2365390125-00&ServiceCd=130&Type=search", "url2": "http://www.aiseifukusikai.jp" }, "geometry": { "type": "Point", "coordinates": [ 136.910986, 35.3304729 ] } },
{ "type": "Feature", "properties": { "内容": "訪問看護ステーションオランジュＹＯＮＯ【訪問看護】丹羽郡大口町余野6-177セントエルモ101", "url": "https://www.kaigokensaku.mhlw.go.jp/23/index.php?action_kouhyou_detail_004_kani=true&JigyosyoCd=2365390091-00&ServiceCd=130&Type=search", "url2": "http://www.3leaves.co.jp/" }, "geometry": { "type": "Point", "coordinates": [ 136.90234190000001, 35.3410292 ] } },
{ "type": "Feature", "properties": { "内容": "訪問看護ぽんた【訪問看護】愛知県丹羽郡大口町下小口二丁目１５０番地", "url": "https://www.kaigokensaku.mhlw.go.jp/23/index.php?action_kouhyou_detail_004_kani=true&JigyosyoCd=2365390174-00&ServiceCd=130&Type=search", "url2": "https://kango-ponta.com" }, "geometry": { "type": "Point", "coordinates": [ 136.912756, 35.340542 ] } },
{ "type": "Feature", "properties": { "内容": "訪問看護ステーションあすかビレッジ【訪問看護】愛知県丹羽郡大口町新宮一丁目10番地有料老人ホーム　太郎と花子", "url": "https://www.kaigokensaku.mhlw.go.jp/23/index.php?action_kouhyou_detail_004_kani=true&JigyosyoCd=2365390018-00&ServiceCd=130&Type=search", "url2": "http://www.ijinkai.or.jp" }, "geometry": { "type": "Point", "coordinates": [ 136.921877624745235, 35.332694451144874 ] } },
{ "type": "Feature", "properties": { "内容": "ふらみんご訪問看護ステーション【訪問看護】愛知県丹羽郡大口町下小口７丁目152番地1カサ・ヴェルディ3B", "url": "https://www.kaigokensaku.mhlw.go.jp/23/index.php?action_kouhyou_detail_004_kani=true&JigyosyoCd=2365390133-00&ServiceCd=130&Type=search", "url2": "https://flamingo-care.jp/" }, "geometry": { "type": "Point", "coordinates": [ 136.9068169, 35.3325549 ] } },
{ "type": "Feature", "properties": { "内容": "青空訪問看護ステーション【訪問看護】愛知県丹羽郡扶桑町高雄字堂子333-2照園ビル", "url": "https://www.kaigokensaku.mhlw.go.jp/23/index.php?action_kouhyou_detail_004_kani=true&JigyosyoCd=2365390083-00&ServiceCd=130&Type=search", "url2": null }, "geometry": { "type": "Point", "coordinates": [ 136.9156312, 35.3635227 ] } },
{ "type": "Feature", "properties": { "内容": "訪問看護ステーションにじ【訪問看護】愛知県丹羽郡扶桑町大字小淵1405番地24", "url": "https://www.kaigokensaku.mhlw.go.jp/23/index.php?action_kouhyou_detail_004_kani=true&JigyosyoCd=2365390158-00&ServiceCd=130&Type=search", "url2": null }, "geometry": { "type": "Point", "coordinates": [ 136.8985343, 35.3731715 ] } },
{ "type": "Feature", "properties": { "内容": "扶桑町社会福祉協議会訪問看護ステーション【訪問看護】愛知県丹羽郡扶桑町大字斎藤字榎230番地", "url": "https://www.kaigokensaku.mhlw.go.jp/23/index.php?action_kouhyou_detail_004_kani=true&JigyosyoCd=2365390034-00&ServiceCd=130&Type=search", "url2": "https://www.fuso-syakyo.com" }, "geometry": { "type": "Point", "coordinates": [ 136.899914618154867, 35.353946925270726 ] } },
{ "type": "Feature", "properties": { "内容": "訪問看護ステーション　あららぎ【訪問看護】愛知県丹羽郡扶桑町大字高木字白山前569", "url": "https://www.kaigokensaku.mhlw.go.jp/23/index.php?action_kouhyou_detail_004_kani=true&JigyosyoCd=2365390141-00&ServiceCd=130&Type=search", "url2": "araragistation.com" }, "geometry": { "type": "Point", "coordinates": [ 136.9098679, 35.3563982 ] } },
{ "type": "Feature", "properties": { "内容": "訪問看護ステーション　ほっとファミリー【訪問看護】愛知県丹羽郡扶桑町大字高雄字天道260サザンコート201", "url": "https://www.kaigokensaku.mhlw.go.jp/23/index.php?action_kouhyou_detail_004_kani=true&JigyosyoCd=2365390075-00&ServiceCd=130&Type=search", "url2": null }, "geometry": { "type": "Point", "coordinates": [ 136.912567800000033, 35.3598067 ] } },
{ "type": "Feature", "properties": { "内容": "訪問看護ステーション　オランジュ【訪問看護】長牧字油10シャルマン101号室", "url": "https://www.kaigokensaku.mhlw.go.jp/23/index.php?action_kouhyou_detail_004_kani=true&JigyosyoCd=2365690094-00&ServiceCd=130&Type=search", "url2": null }, "geometry": { "type": "Point", "coordinates": [ 136.834129699999949, 35.1843411 ] } },
{ "type": "Feature", "properties": { "内容": "中原クリニック【訪問看護】愛知県海部郡大治町三本木屋形185", "url": "https://www.kaigokensaku.mhlw.go.jp/23/index.php?action_kouhyou_detail_004_kani=true&JigyosyoCd=2315602256-00&ServiceCd=130&Type=search", "url2": "www.medifore.jp" }, "geometry": { "type": "Point", "coordinates": [ 136.819036800000049, 35.1685984 ] } },
{ "type": "Feature", "properties": { "内容": "訪問看護ステーションかりん【訪問看護】愛知県海部郡大治町大字長牧字前田81番地", "url": "https://www.kaigokensaku.mhlw.go.jp/23/index.php?action_kouhyou_detail_004_kani=true&JigyosyoCd=2365690185-00&ServiceCd=130&Type=search", "url2": "http://wild-saito-1331.pupu.jp/karin/" }, "geometry": { "type": "Point", "coordinates": [ 136.8350898, 35.1825619 ] } },
{ "type": "Feature", "properties": { "内容": "安藤医院訪問看護ステーション【訪問看護】愛知県海部郡大治町大字花常字中切６１番地1.", "url": "https://www.kaigokensaku.mhlw.go.jp/23/index.php?action_kouhyou_detail_004_kani=true&JigyosyoCd=2365690151-00&ServiceCd=130&Type=search", "url2": "https://andouiin-fujiedakai.com/contents/news/20220408_01.html" }, "geometry": { "type": "Point", "coordinates": [ 136.82172092090147, 35.176366460874114 ] } },
{ "type": "Feature", "properties": { "内容": "在宅看護センター　ベース【訪問看護】愛知県海部郡大治町三本木字柳原115WHOLLYTOP1階", "url": "https://www.kaigokensaku.mhlw.go.jp/23/index.php?action_kouhyou_detail_004_kani=true&JigyosyoCd=2365690144-00&ServiceCd=130&Type=search", "url2": "https://www.kango-base.com" }, "geometry": { "type": "Point", "coordinates": [ 136.817624334861875, 35.169506947727008 ] } },
{ "type": "Feature", "properties": { "内容": "こころのナースサポート【訪問看護】愛知県海部郡大治町三本木西之川137-1", "url": "https://www.kaigokensaku.mhlw.go.jp/23/index.php?action_kouhyou_detail_004_kani=true&JigyosyoCd=2365690169-00&ServiceCd=130&Type=search", "url2": "https://www.cocoro-oharu.com/nursesupport" }, "geometry": { "type": "Point", "coordinates": [ 136.8140658, 35.169168200000016 ] } },
{ "type": "Feature", "properties": { "内容": "しゅとるつ　訪問看護ステーション【訪問看護】愛知県海部郡蟹江町大字今字川東上１１５番地ランティスカニエ２０５", "url": "https://www.kaigokensaku.mhlw.go.jp/23/index.php?action_kouhyou_detail_004_kani=true&JigyosyoCd=2365690177-00&ServiceCd=130&Type=search", "url2": null }, "geometry": { "type": "Point", "coordinates": [ 136.7892071, 35.141243899999985 ] } },
{ "type": "Feature", "properties": { "内容": "ほうもんかんごすてーしょんロジータ【訪問看護】愛知県海部郡蟹江町大字蟹江新田字源氏前39-1キセキかにえ", "url": "https://www.kaigokensaku.mhlw.go.jp/23/index.php?action_kouhyou_detail_004_kani=true&JigyosyoCd=2365690193-00&ServiceCd=130&Type=search", "url2": "http://kiseki-kanie.com" }, "geometry": { "type": "Point", "coordinates": [ 136.786097899999987, 35.1286078 ] } },
{ "type": "Feature", "properties": { "内容": "訪問看護　リハビリ　あおぞらステーション【訪問看護】錦2丁目152番地豊マンション201", "url": "https://www.kaigokensaku.mhlw.go.jp/23/index.php?action_kouhyou_detail_004_kani=true&JigyosyoCd=2365690219-00&ServiceCd=130&Type=search", "url2": null }, "geometry": { "type": "Point", "coordinates": [ 136.8998058, 35.1702407 ] } },
{ "type": "Feature", "properties": { "内容": "医療法人瑞頌会　尾張温泉かにえ病院訪問看護かにえ【訪問看護】愛知県海部郡蟹江町西之森長瀬下65－14", "url": "https://www.kaigokensaku.mhlw.go.jp/23/index.php?action_kouhyou_detail_004_kani=true&JigyosyoCd=2315601894-00&ServiceCd=130&Type=search", "url2": "http://www.kanie-hp.jp/" }, "geometry": { "type": "Point", "coordinates": [ 136.778184599999946, 35.1338035 ] } },
{ "type": "Feature", "properties": { "内容": "訪問看護ステーション　サントピア【訪問看護】愛知県海部郡蟹江町須成字西市之坪1605-1サントピアかにえ", "url": "https://www.kaigokensaku.mhlw.go.jp/23/index.php?action_kouhyou_detail_004_kani=true&JigyosyoCd=2365690128-00&ServiceCd=130&Type=search", "url2": "http://hanatabakaigo.ne.jp" }, "geometry": { "type": "Point", "coordinates": [ 136.792960599999986, 35.1483953 ] } },
{ "type": "Feature", "properties": { "内容": "訪問看護ステーションつむぎ【訪問看護】愛知県海部郡蟹江町今本町通39パレス蟹江103", "url": "https://www.kaigokensaku.mhlw.go.jp/23/index.php?action_kouhyou_detail_004_kani=true&JigyosyoCd=2365690227-00&ServiceCd=130&Type=search", "url2": "https://charkha.co.jp/" }, "geometry": { "type": "Point", "coordinates": [ 136.7907885, 35.140041 ] } },
{ "type": "Feature", "properties": { "内容": "訪問看護ステーションかがやき【訪問看護】愛知県海部郡蟹江町宝2－101メゾンドアール101", "url": "https://www.kaigokensaku.mhlw.go.jp/23/index.php?action_kouhyou_detail_004_kani=true&JigyosyoCd=2365690235-00&ServiceCd=130&Type=search", "url2": null }, "geometry": { "type": "Point", "coordinates": [ 136.7921096, 35.1284962 ] } },
{ "type": "Feature", "properties": { "内容": "すたーまいん訪問看護ステーション蟹江【訪問看護】愛知県海部郡蟹江町桜１丁目１０９サクラッセ３０２号室", "url": "https://www.kaigokensaku.mhlw.go.jp/23/index.php?action_kouhyou_detail_004_kani=true&JigyosyoCd=2365690201-00&ServiceCd=130&Type=search", "url2": "https://starmine-station.jp/" }, "geometry": { "type": "Point", "coordinates": [ 136.792882, 35.1423608 ] } },
{ "type": "Feature", "properties": { "内容": "医療法人ディスニック浅井外科【訪問看護】愛知県知多郡阿久比町白沢字天神前３３－２", "url": "https://www.kaigokensaku.mhlw.go.jp/23/index.php?action_kouhyou_detail_004_kani=true&JigyosyoCd=2315702254-00&ServiceCd=130&Type=search", "url2": "http//:asaigeka.server-shared.com" }, "geometry": { "type": "Point", "coordinates": [ 136.9138673, 34.9549521 ] } },
{ "type": "Feature", "properties": { "内容": "ハーブ内科皮フ科在宅医療介護センター【訪問看護】愛知県知多郡阿久比町大字横松字宮前67番地", "url": "https://www.kaigokensaku.mhlw.go.jp/23/index.php?action_kouhyou_detail_004_kani=true&JigyosyoCd=2365790068-00&ServiceCd=130&Type=search", "url2": "https://ha-bu.net/care2.html" }, "geometry": { "type": "Point", "coordinates": [ 136.930563768122852, 34.913505888067263 ] } },
{ "type": "Feature", "properties": { "内容": "東ヶ丘訪問看護ステーション【訪問看護】愛知県知多郡阿久比町大字福住字高根台11-6", "url": "https://www.kaigokensaku.mhlw.go.jp/23/index.php?action_kouhyou_detail_004_kani=true&JigyosyoCd=2365790043-00&ServiceCd=130&Type=search", "url2": "http://www.higashigaokaclinic.com" }, "geometry": { "type": "Point", "coordinates": [ 136.924225009787051, 34.957872151999162 ] } },
{ "type": "Feature", "properties": { "内容": "訪問看護ステーション　よいかん阿久比【訪問看護】愛知県知多郡阿久比町大字萩字森前1-1　2階", "url": "https://www.kaigokensaku.mhlw.go.jp/23/index.php?action_kouhyou_detail_004_kani=true&JigyosyoCd=2365790258-00&ServiceCd=130&Type=search", "url2": null }, "geometry": { "type": "Point", "coordinates": [ 136.9316475, 34.9231564 ] } },
{ "type": "Feature", "properties": { "内容": "訪問看護ステーション　きいろイロ【訪問看護】愛知県知多郡東浦町大字森岡字前田24-14", "url": "https://www.kaigokensaku.mhlw.go.jp/23/index.php?action_kouhyou_detail_004_kani=true&JigyosyoCd=2365790308-00&ServiceCd=130&Type=search", "url2": null }, "geometry": { "type": "Point", "coordinates": [ 136.970020100000028, 34.9942692 ] } },
{ "type": "Feature", "properties": { "内容": "訪問看護ステーション　グラシア【訪問看護】愛知県知多郡東浦町大字藤江字山敷１３９番地の７", "url": "https://www.kaigokensaku.mhlw.go.jp/23/index.php?action_kouhyou_detail_004_kani=true&JigyosyoCd=2365790035-00&ServiceCd=130&Type=search", "url2": "https://higashiura-maeda-clinic.com/gra_station" }, "geometry": { "type": "Point", "coordinates": [ 136.960891976234279, 34.945233251822472 ] } },
{ "type": "Feature", "properties": { "内容": "訪問看護ステーション和来【訪問看護】愛知県知多郡東浦町大字森岡字取手22-1D号室", "url": "https://www.kaigokensaku.mhlw.go.jp/23/index.php?action_kouhyou_detail_004_kani=true&JigyosyoCd=2365790126-00&ServiceCd=130&Type=search", "url2": "http://www.warai.life/" }, "geometry": { "type": "Point", "coordinates": [ 136.968444633982813, 34.995322945504284 ] } },
{ "type": "Feature", "properties": { "内容": "プレチア訪問看護ステーション【訪問看護】愛知県知多郡東浦町石浜行田２２－７セフィラD　101号", "url": "https://www.kaigokensaku.mhlw.go.jp/23/index.php?action_kouhyou_detail_004_kani=true&JigyosyoCd=2365790266-00&ServiceCd=130&Type=search", "url2": null }, "geometry": { "type": "Point", "coordinates": [ 136.9704581, 34.9645856 ] } },
{ "type": "Feature", "properties": { "内容": "うつみ訪問看護ステーション【訪問看護】愛知県知多郡南知多町大字内海字山尾５３番地の1", "url": "https://www.kaigokensaku.mhlw.go.jp/23/index.php?action_kouhyou_detail_004_kani=true&JigyosyoCd=2365790241-00&ServiceCd=130&Type=search", "url2": "utsumi-job.com" }, "geometry": { "type": "Point", "coordinates": [ 136.874744600000014, 34.7327409 ] } },
{ "type": "Feature", "properties": { "内容": "訪問看護ステーション空＆海【訪問看護】愛知県知多郡美浜町河和台3丁目283番地", "url": "https://www.kaigokensaku.mhlw.go.jp/23/index.php?action_kouhyou_detail_004_kani=true&JigyosyoCd=2365790191-00&ServiceCd=130&Type=search", "url2": "himawari-care-s.com" }, "geometry": { "type": "Point", "coordinates": [ 136.9037092, 34.7689913 ] } },
{ "type": "Feature", "properties": { "内容": "訪問看護ナーシングプラス土屋　東海【訪問看護】愛知県知多郡美浜町北方２丁目74ハイツ　アミューズ　205号室", "url": "https://www.kaigokensaku.mhlw.go.jp/23/index.php?action_kouhyou_detail_004_kani=true&JigyosyoCd=2365790217-00&ServiceCd=130&Type=search", "url2": "https://ns-tcy.com/" }, "geometry": { "type": "Point", "coordinates": [ 136.9050924, 34.7825787 ] } },
{ "type": "Feature", "properties": { "内容": "南部知多訪問看護ステーション【訪問看護】愛知県知多郡美浜町大字河和字西谷81番地6", "url": "https://www.kaigokensaku.mhlw.go.jp/23/index.php?action_kouhyou_detail_004_kani=true&JigyosyoCd=2365790027-00&ServiceCd=130&Type=search", "url2": "http://www.jaaikosei.or.jp/chitakosei/" }, "geometry": { "type": "Point", "coordinates": [ 136.905939699999976, 34.7756178 ] } },
{ "type": "Feature", "properties": { "内容": "医療法人　瑞心会　　美浜訪問看護ステ－ション【訪問看護】愛知県知多郡美浜町大字野間字上川田45番地の2", "url": "https://www.kaigokensaku.mhlw.go.jp/23/index.php?action_kouhyou_detail_004_kani=true&JigyosyoCd=2365790019-00&ServiceCd=130&Type=search", "url2": "http://www.watanabe-hospital.com" }, "geometry": { "type": "Point", "coordinates": [ 136.848025399999983, 34.7671887 ] } },
{ "type": "Feature", "properties": { "内容": "石川病院【訪問看護】愛知県知多郡武豊町ヒジリ田23番地", "url": "https://www.kaigokensaku.mhlw.go.jp/23/index.php?action_kouhyou_detail_004_kani=true&JigyosyoCd=2315702288-00&ServiceCd=130&Type=search", "url2": "http://www.japan-net.ne.jp/~isikawa1" }, "geometry": { "type": "Point", "coordinates": [ 136.922238500000049, 34.8572006 ] } },
{ "type": "Feature", "properties": { "内容": "ゆう訪問看護ステーション【訪問看護】愛知県知多郡武豊町字山起10番地ハイツ伊藤302号室", "url": "https://www.kaigokensaku.mhlw.go.jp/23/index.php?action_kouhyou_detail_004_kani=true&JigyosyoCd=2365790175-00&ServiceCd=130&Type=search", "url2": "http://hp.kaipoke.biz/tu3/info.html" }, "geometry": { "type": "Point", "coordinates": [ 136.9175816, 34.8434659 ] } },
{ "type": "Feature", "properties": { "内容": "ナースステーション　ジェイケア【訪問看護】愛知県知多郡武豊町若宮153", "url": "https://www.kaigokensaku.mhlw.go.jp/23/index.php?action_kouhyou_detail_004_kani=true&JigyosyoCd=2365790225-00&ServiceCd=130&Type=search", "url2": "https://www.jcare-group.com/" }, "geometry": { "type": "Point", "coordinates": [ 136.918714307640897, 34.860735127659403 ] } },
{ "type": "Feature", "properties": { "内容": "キョーワ訪問看護リハビリステーション寄り添い屋武豊店【訪問看護】愛知県知多郡武豊町長尾山49番地1長尾山ビル2階事務所B", "url": "https://www.kaigokensaku.mhlw.go.jp/23/index.php?action_kouhyou_detail_004_kani=true&JigyosyoCd=2365790209-00&ServiceCd=130&Type=search", "url2": "https://www.yorisoiya.net/" }, "geometry": { "type": "Point", "coordinates": [ 136.9150608, 34.852024 ] } },
{ "type": "Feature", "properties": { "内容": "ケアシス訪問看護ステーション【訪問看護】愛知県知多郡武豊町長宗2-32", "url": "https://www.kaigokensaku.mhlw.go.jp/23/index.php?action_kouhyou_detail_004_kani=true&JigyosyoCd=2365790076-00&ServiceCd=130&Type=search", "url2": "https://www.macs.or.jp" }, "geometry": { "type": "Point", "coordinates": [ 136.904782100000034, 34.8593412 ] } },
{ "type": "Feature", "properties": { "内容": "医療法人　赫和会　杉石病院【訪問看護】愛知県知多郡武豊町字向陽1丁目117", "url": "https://www.kaigokensaku.mhlw.go.jp/23/index.php?action_kouhyou_detail_004_kani=true&JigyosyoCd=2315701207-00&ServiceCd=130&Type=search", "url2": "http://www.sugiishi.or.jp/index.html" }, "geometry": { "type": "Point", "coordinates": [ 136.911203900000032, 34.8483232 ] } },
{ "type": "Feature", "properties": { "内容": "よかった訪問看護ステーション【訪問看護】愛知県知多郡武豊町字中狭４１番地", "url": "https://www.kaigokensaku.mhlw.go.jp/23/index.php?action_kouhyou_detail_004_kani=true&JigyosyoCd=2365790167-00&ServiceCd=130&Type=search", "url2": "https://yokatta.co.jp/" }, "geometry": { "type": "Point", "coordinates": [ 136.918662, 34.86451570000002 ] } },
{ "type": "Feature", "properties": { "内容": "ナースステーションアムール知多【訪問看護】愛知県知多郡武豊町梨子ノ木１丁目２７", "url": "https://www.kaigokensaku.mhlw.go.jp/23/index.php?action_kouhyou_detail_004_kani=true&JigyosyoCd=2365790142-00&ServiceCd=130&Type=search", "url2": null }, "geometry": { "type": "Point", "coordinates": [ 136.902618485184576, 34.868885309037438 ] } },
{ "type": "Feature", "properties": { "内容": "訪問看護ステーションよいかん幸田【訪問看護】額田郡幸田町大字相見字新田内58番地", "url": "https://www.kaigokensaku.mhlw.go.jp/23/index.php?action_kouhyou_detail_004_kani=true&JigyosyoCd=2366090070-00&ServiceCd=130&Type=search", "url2": "https://bond-ym.co.jp" }, "geometry": { "type": "Point", "coordinates": [ 137.1599296, 34.8854216 ] } },
{ "type": "Feature", "properties": { "内容": "ライフ訪問看護ステーション幸田【訪問看護】愛知県額田郡幸田町大字大草字松山40-1パナハイツまつやま202", "url": "https://www.kaigokensaku.mhlw.go.jp/23/index.php?action_kouhyou_detail_004_kani=true&JigyosyoCd=2366090096-00&ServiceCd=130&Type=search", "url2": "https://www.lifekota.com/" }, "geometry": { "type": "Point", "coordinates": [ 137.174967400000014, 34.8743683 ] } },
{ "type": "Feature", "properties": { "内容": "向日葵のこころ幸田【訪問看護】愛知県額田郡幸田町菱池字荒田85", "url": "https://www.kaigokensaku.mhlw.go.jp/23/index.php?action_kouhyou_detail_004_kani=true&JigyosyoCd=2366090112-00&ServiceCd=130&Type=search", "url2": null }, "geometry": { "type": "Point", "coordinates": [ 137.166018284655706, 34.86305162588377 ] } },
{ "type": "Feature", "properties": { "内容": "藤田医科大学訪問看護ステーション幸田岡崎【訪問看護】愛知県額田郡幸田町大字坂崎字道坂27番1幸田町北部地域包括支援センター　２階", "url": "https://www.kaigokensaku.mhlw.go.jp/23/index.php?action_kouhyou_detail_004_kani=true&JigyosyoCd=2366090088-00&ServiceCd=130&Type=search", "url2": "http://www.fujita-hu.ac.jp/~chuukaku/" }, "geometry": { "type": "Point", "coordinates": [ 137.1720123, 34.897102500000024 ] } },
{ "type": "Feature", "properties": { "内容": "訪問看護ステーション　ライズ【訪問看護】愛知県額田郡幸田町大字芦谷字幸田102番地幸永マンション311", "url": "https://www.kaigokensaku.mhlw.go.jp/23/index.php?action_kouhyou_detail_004_kani=true&JigyosyoCd=2366090054-00&ServiceCd=130&Type=search", "url2": "http://www.kota-u.jp" }, "geometry": { "type": "Point", "coordinates": [ 137.165407899475099, 34.86153413366327 ] } },
{ "type": "Feature", "properties": { "内容": "訪問看護ステーション　かなで【訪問看護】愛知県額田郡幸田町大字菱池字内池73エスポワール幸田A棟　102", "url": "https://www.kaigokensaku.mhlw.go.jp/23/index.php?action_kouhyou_detail_004_kani=true&JigyosyoCd=2366090062-00&ServiceCd=130&Type=search", "url2": null }, "geometry": { "type": "Point", "coordinates": [ 137.161827100000011, 34.8660772 ] } },
{ "type": "Feature", "properties": { "内容": "しおん訪問看護ステーション【訪問看護】愛知県額田郡幸田町横落郷前82-1グランシャリオ幸田501号室", "url": "https://www.kaigokensaku.mhlw.go.jp/23/index.php?action_kouhyou_detail_004_kani=true&JigyosyoCd=2366090120-00&ServiceCd=130&Type=search", "url2": null }, "geometry": { "type": "Point", "coordinates": [ 137.171859500000011, 34.8651395 ] } },
{ "type": "Feature", "properties": { "内容": "明峰指定訪問看護ステーション【訪問看護】愛知県北設楽郡東栄町大字中設楽字松久保１番地３", "url": "https://www.kaigokensaku.mhlw.go.jp/23/index.php?action_kouhyou_detail_004_kani=true&JigyosyoCd=2366390017-00&ServiceCd=130&Type=search", "url2": null }, "geometry": { "type": "Point", "coordinates": [ 137.684273800000028, 35.0834882 ] } }
]
}
