{
"type": "FeatureCollection",
"name": "geo_23_介護老人福祉施設",
"crs": { "type": "name", "properties": { "name": "urn:ogc:def:crs:OGC:1.3:CRS84" } },
"features": [
{ "type": "Feature", "properties": { "内容": "特別養護老人ホームすないの家京命【介護老人福祉施設】愛知県名古屋市千種区京命１丁目３番４４号", "url": "https://www.kaigokensaku.mhlw.go.jp/23/index.php?action_kouhyou_detail_004_kani=true&JigyosyoCd=2370103943-00&ServiceCd=510&Type=search", "url2": "http：//ｗｗｗ.kanaekai.net" }, "geometry": { "type": "Point", "coordinates": [ 136.9839116, 35.1867543 ] } },
{ "type": "Feature", "properties": { "内容": "なごやかハウス希望ケ丘【介護老人福祉施設】愛知県名古屋市千種区希望ケ丘二丁目3番9号", "url": "https://www.kaigokensaku.mhlw.go.jp/23/index.php?action_kouhyou_detail_004_kani=true&JigyosyoCd=2370100154-00&ServiceCd=510&Type=search", "url2": "http://nagoyaka.or.jp" }, "geometry": { "type": "Point", "coordinates": [ 136.969114900000022, 35.1784354 ] } },
{ "type": "Feature", "properties": { "内容": "特別養護老人ホーム藤美苑【介護老人福祉施設】愛知県名古屋市千種区鍋屋上野町字北山３５１５番地", "url": "https://www.kaigokensaku.mhlw.go.jp/23/index.php?action_kouhyou_detail_004_kani=true&JigyosyoCd=2370100147-00&ServiceCd=510&Type=search", "url2": "http://www.houkoukai.com/" }, "geometry": { "type": "Point", "coordinates": [ 136.962715741139135, 35.1806497513465 ] } },
{ "type": "Feature", "properties": { "内容": "特別養護老人ホーム　すないの家　千種【介護老人福祉施設】愛知県名古屋市千種区京命１丁目11番13号", "url": "https://www.kaigokensaku.mhlw.go.jp/23/index.php?action_kouhyou_detail_004_kani=true&JigyosyoCd=2370103059-00&ServiceCd=510&Type=search", "url2": "http://www.kanaekai.net" }, "geometry": { "type": "Point", "coordinates": [ 136.982961100000011, 35.1861067 ] } },
{ "type": "Feature", "properties": { "内容": "特別養護老人ホーム　ジョイフル千種【介護老人福祉施設】愛知県名古屋市東区葵三丁目25番23号", "url": "https://www.kaigokensaku.mhlw.go.jp/23/index.php?action_kouhyou_detail_004_kani=true&JigyosyoCd=2370201671-00&ServiceCd=510&Type=search", "url2": "http://www.sun-vision.or.jp/" }, "geometry": { "type": "Point", "coordinates": [ 136.92869840000003, 35.1697832 ] } },
{ "type": "Feature", "properties": { "内容": "特別養護老人ホーム　なごやかハウス出来町【介護老人福祉施設】愛知県名古屋市東区出来町三丁目16番11号", "url": "https://www.kaigokensaku.mhlw.go.jp/23/index.php?action_kouhyou_detail_004_kani=true&JigyosyoCd=2370200087-00&ServiceCd=510&Type=search", "url2": "http://" }, "geometry": { "type": "Point", "coordinates": [ 136.937611599999968, 35.1851918 ] } },
{ "type": "Feature", "properties": { "内容": "特別養護老人ホーム東桜の里【介護老人福祉施設】愛知県名古屋市東区東桜二丁目22番2号", "url": "https://www.kaigokensaku.mhlw.go.jp/23/index.php?action_kouhyou_detail_004_kani=true&JigyosyoCd=2370200319-00&ServiceCd=510&Type=search", "url2": "http://www.koujyukai.com" }, "geometry": { "type": "Point", "coordinates": [ 136.916094499999986, 35.1701649 ] } },
{ "type": "Feature", "properties": { "内容": "特別養護老人ホーム愛生苑【介護老人福祉施設】名古屋市北区五反田町１０８番地２", "url": "https://www.kaigokensaku.mhlw.go.jp/23/index.php?action_kouhyou_detail_004_kani=true&JigyosyoCd=2370300218-00&ServiceCd=510&Type=search", "url2": "http://www.aiseifukusikai.jp" }, "geometry": { "type": "Point", "coordinates": [ 136.911673800000017, 35.2270523 ] } },
{ "type": "Feature", "properties": { "内容": "特別養護老人ホーム鳩の丘【介護老人福祉施設】名古屋市北区鳩岡町１丁目７番地２０", "url": "https://www.kaigokensaku.mhlw.go.jp/23/index.php?action_kouhyou_detail_004_kani=true&JigyosyoCd=2370301745-00&ServiceCd=510&Type=search", "url2": "http://www.aiseifukusikai.jp" }, "geometry": { "type": "Point", "coordinates": [ 136.913096699999983, 35.2071962 ] } },
{ "type": "Feature", "properties": { "内容": "特別養護老人ホーム　オーネスト名城【介護老人福祉施設】名古屋市北区名城三丁目2番12号", "url": "https://www.kaigokensaku.mhlw.go.jp/23/index.php?action_kouhyou_detail_004_kani=true&JigyosyoCd=2370303311-00&ServiceCd=510&Type=search", "url2": "http://www.shisuikai.or.jp" }, "geometry": { "type": "Point", "coordinates": [ 136.904948, 35.1894869 ] } },
{ "type": "Feature", "properties": { "内容": "特別養護老人ホーム　レスペート落合【介護老人福祉施設】愛知県名古屋市北区落合町２８８番地", "url": "https://www.kaigokensaku.mhlw.go.jp/23/index.php?action_kouhyou_detail_004_kani=true&JigyosyoCd=2370302842-00&ServiceCd=510&Type=search", "url2": "http://www.casa.or.jp/ochiai/" }, "geometry": { "type": "Point", "coordinates": [ 136.906544277813708, 35.225456834808448 ] } },
{ "type": "Feature", "properties": { "内容": "特別養護老人ホーム楠清里苑【介護老人福祉施設】名古屋市北区会所町73番地の1", "url": "https://www.kaigokensaku.mhlw.go.jp/23/index.php?action_kouhyou_detail_004_kani=true&JigyosyoCd=2370300812-00&ServiceCd=510&Type=search", "url2": "kusunoki@kiyosatoen.or.jp/" }, "geometry": { "type": "Point", "coordinates": [ 136.9075848, 35.239759 ] } },
{ "type": "Feature", "properties": { "内容": "特別養護老人ホーム　オーネスト紫季桜【介護老人福祉施設】愛知県名古屋市北区楠２丁目８２２番地", "url": "https://www.kaigokensaku.mhlw.go.jp/23/index.php?action_kouhyou_detail_004_kani=true&JigyosyoCd=2370305118-00&ServiceCd=510&Type=search", "url2": "https://www.shisuikai.or.jp/" }, "geometry": { "type": "Point", "coordinates": [ 136.9197403, 35.225563800000018 ] } },
{ "type": "Feature", "properties": { "内容": "特別養護老人ホーム　庄内の里【介護老人福祉施設】愛知県名古屋市西区中小田井２－９８特別養護老人ホーム　庄内の里", "url": "https://www.kaigokensaku.mhlw.go.jp/23/index.php?action_kouhyou_detail_004_kani=true&JigyosyoCd=2370400091-00&ServiceCd=510&Type=search", "url2": "http://www.aiseifukusikai.jp/facility/shonai/index.html" }, "geometry": { "type": "Point", "coordinates": [ 136.875428300000067, 35.2127828 ] } },
{ "type": "Feature", "properties": { "内容": "平田豊生苑【介護老人福祉施設】名古屋市西区平出町８７番地", "url": "https://www.kaigokensaku.mhlw.go.jp/23/index.php?action_kouhyou_detail_004_kani=true&JigyosyoCd=2370400075-00&ServiceCd=510&Type=search", "url2": "http://washin.or.jp/" }, "geometry": { "type": "Point", "coordinates": [ 136.86975039999993, 35.2277563 ] } },
{ "type": "Feature", "properties": { "内容": "特別養護老人ホーム　比良清里苑【介護老人福祉施設】愛知県名古屋市西区比良3丁目121番地の2", "url": "https://www.kaigokensaku.mhlw.go.jp/23/index.php?action_kouhyou_detail_004_kani=true&JigyosyoCd=2370403335-00&ServiceCd=510&Type=search", "url2": "http://kiyosatoen.or.jp/" }, "geometry": { "type": "Point", "coordinates": [ 136.898088385284836, 35.229467915643085 ] } },
{ "type": "Feature", "properties": { "内容": "特別養護老人ホーム　なごやかハウス名西【介護老人福祉施設】愛知県名古屋市西区名西一丁目24番8号", "url": "https://www.kaigokensaku.mhlw.go.jp/23/index.php?action_kouhyou_detail_004_kani=true&JigyosyoCd=2370400083-00&ServiceCd=510&Type=search", "url2": "http://nagoyaka.or.jp/" }, "geometry": { "type": "Point", "coordinates": [ 136.87618139999995, 35.1883054 ] } },
{ "type": "Feature", "properties": { "内容": "特別養護老人ホーム　オーネスト名西【介護老人福祉施設】愛知県名古屋市西区名西二丁目38番52号オーネスト名西", "url": "https://www.kaigokensaku.mhlw.go.jp/23/index.php?action_kouhyou_detail_004_kani=true&JigyosyoCd=2370402907-00&ServiceCd=510&Type=search", "url2": "www.shisuikai.or.jp" }, "geometry": { "type": "Point", "coordinates": [ 136.880053299999986, 35.1900941 ] } },
{ "type": "Feature", "properties": { "内容": "特別養護老人ホームオーネスト二方の郷【介護老人福祉施設】愛知県名古屋市西区二方町15番地", "url": "https://www.kaigokensaku.mhlw.go.jp/23/index.php?action_kouhyou_detail_004_kani=true&JigyosyoCd=2370403954-00&ServiceCd=510&Type=search", "url2": "futakatanosato@shisuikai.or.jp" }, "geometry": { "type": "Point", "coordinates": [ 136.8785632, 35.2250071 ] } },
{ "type": "Feature", "properties": { "内容": "特別養護老人ホーム　山田清里苑【介護老人福祉施設】愛知県名古屋市西区五才美町２１１番地", "url": "https://www.kaigokensaku.mhlw.go.jp/23/index.php?action_kouhyou_detail_004_kani=true&JigyosyoCd=2370400067-00&ServiceCd=510&Type=search", "url2": "http://www.kiyosatoen.or.jp/" }, "geometry": { "type": "Point", "coordinates": [ 136.8884683, 35.2191188 ] } },
{ "type": "Feature", "properties": { "内容": "特別養護老人ホームアメニティ城西【介護老人福祉施設】愛知県名古屋市中村区牛田通１丁目１番５", "url": "https://www.kaigokensaku.mhlw.go.jp/23/index.php?action_kouhyou_detail_004_kani=true&JigyosyoCd=2370503076-00&ServiceCd=510&Type=search", "url2": "http://asahi-kai.jp/" }, "geometry": { "type": "Point", "coordinates": [ 136.865024365081808, 35.159301985855528 ] } },
{ "type": "Feature", "properties": { "内容": "特別養護老人ホーム永生苑【介護老人福祉施設】愛知県名古屋市中村区名駅２丁目３９番１１号", "url": "https://www.kaigokensaku.mhlw.go.jp/23/index.php?action_kouhyou_detail_004_kani=true&JigyosyoCd=2370500122-00&ServiceCd=510&Type=search", "url2": "http://www.eishin.or.jp/eiseien/#" }, "geometry": { "type": "Point", "coordinates": [ 136.8829558, 35.1753048 ] } },
{ "type": "Feature", "properties": { "内容": "介護老人福祉施設　ジョイフル名駅【介護老人福祉施設】愛知県名古屋市中村区名駅五丁目25番12号", "url": "https://www.kaigokensaku.mhlw.go.jp/23/index.php?action_kouhyou_detail_004_kani=true&JigyosyoCd=2370503688-00&ServiceCd=510&Type=search", "url2": "https://sun-vision.or.jp" }, "geometry": { "type": "Point", "coordinates": [ 136.891583699999956, 35.1685233 ] } },
{ "type": "Feature", "properties": { "内容": "特別養護老人ホーム　なごやかハウス名楽【介護老人福祉施設】名古屋市中村区名楽町4丁目7番地の18", "url": "https://www.kaigokensaku.mhlw.go.jp/23/index.php?action_kouhyou_detail_004_kani=true&JigyosyoCd=2370500502-00&ServiceCd=510&Type=search", "url2": "http://www.nagoyaka.or.jp/" }, "geometry": { "type": "Point", "coordinates": [ 136.862847779098473, 35.169569983419571 ] } },
{ "type": "Feature", "properties": { "内容": "特別養護老人ホーム　アカデミックケアホーム太閤【介護老人福祉施設】愛知県名古屋市中村区日吉町２２番地の２", "url": "https://www.kaigokensaku.mhlw.go.jp/23/index.php?action_kouhyou_detail_004_kani=true&JigyosyoCd=2370503860-00&ServiceCd=510&Type=search", "url2": "http://www.kiwakai.org" }, "geometry": { "type": "Point", "coordinates": [ 136.865476176057456, 35.171961464799509 ] } },
{ "type": "Feature", "properties": { "内容": "介護老人福祉施設　グレイスフル上前津【介護老人福祉施設】千代田2-24-30", "url": "https://www.kaigokensaku.mhlw.go.jp/23/index.php?action_kouhyou_detail_004_kani=true&JigyosyoCd=2370601540-00&ServiceCd=510&Type=search", "url2": "http://www.sun-vision.or.jp" }, "geometry": { "type": "Point", "coordinates": [ 136.910445399999958, 35.1570388 ] } },
{ "type": "Feature", "properties": { "内容": "特別養護老人ホーム　ユートピアつくも【介護老人福祉施設】名古屋市中区新栄三丁目32番17号", "url": "https://www.kaigokensaku.mhlw.go.jp/23/index.php?action_kouhyou_detail_004_kani=true&JigyosyoCd=2370600179-00&ServiceCd=510&Type=search", "url2": "http://www.tsukumokai.jp/" }, "geometry": { "type": "Point", "coordinates": [ 136.924018899999965, 35.1658853 ] } },
{ "type": "Feature", "properties": { "内容": "特別養護老人ホーム川名山荘【介護老人福祉施設】愛知県名古屋市昭和区川名山町6番地の7", "url": "https://www.kaigokensaku.mhlw.go.jp/23/index.php?action_kouhyou_detail_004_kani=true&JigyosyoCd=2370701902-00&ServiceCd=510&Type=search", "url2": "http://www.meihansou.or.jp/" }, "geometry": { "type": "Point", "coordinates": [ 136.959469056869466, 35.146078935862278 ] } },
{ "type": "Feature", "properties": { "内容": "特別養護老人ホーム南山の郷【介護老人福祉施設】愛知県名古屋市昭和区南山町５番地", "url": "https://www.kaigokensaku.mhlw.go.jp/23/index.php?action_kouhyou_detail_004_kani=true&JigyosyoCd=2370700094-00&ServiceCd=510&Type=search", "url2": "http://www.nanzan-v.com" }, "geometry": { "type": "Point", "coordinates": [ 136.955469699999981, 35.1399096 ] } },
{ "type": "Feature", "properties": { "内容": "特別養護老人ホームなごやかハウス福原【介護老人福祉施設】名古屋市昭和区福原町1丁目40番地", "url": "https://www.kaigokensaku.mhlw.go.jp/23/index.php?action_kouhyou_detail_004_kani=true&JigyosyoCd=2370700086-00&ServiceCd=510&Type=search", "url2": null }, "geometry": { "type": "Point", "coordinates": [ 136.959271599999965, 35.1571076 ] } },
{ "type": "Feature", "properties": { "内容": "特別養護老人ホーム　なごやかハウス岳見【介護老人福祉施設】名古屋市瑞穂区岳見町3丁目4番地の1", "url": "https://www.kaigokensaku.mhlw.go.jp/23/index.php?action_kouhyou_detail_004_kani=true&JigyosyoCd=2370800068-00&ServiceCd=510&Type=search", "url2": "http://www.nagoyaka.or.jp/" }, "geometry": { "type": "Point", "coordinates": [ 136.953311900000017, 35.126525 ] } },
{ "type": "Feature", "properties": { "内容": "特別養護老人ホーム　オーネスト神穂【介護老人福祉施設】愛知県名古屋市瑞穂区神穂町5番10号", "url": "https://www.kaigokensaku.mhlw.go.jp/23/index.php?action_kouhyou_detail_004_kani=true&JigyosyoCd=2370802114-00&ServiceCd=510&Type=search", "url2": "http://www.shisuikai.or.jp" }, "geometry": { "type": "Point", "coordinates": [ 136.924310685319483, 35.11409343049376 ] } },
{ "type": "Feature", "properties": { "内容": "特別養護老人ホーム　メリーホーム大喜【介護老人福祉施設】愛知県名古屋市瑞穂区大喜町一丁目5番5", "url": "https://www.kaigokensaku.mhlw.go.jp/23/index.php?action_kouhyou_detail_004_kani=true&JigyosyoCd=2370800712-00&ServiceCd=510&Type=search", "url2": "http://www.merry-h.or.jp" }, "geometry": { "type": "Point", "coordinates": [ 136.923811800000067, 35.1253656 ] } },
{ "type": "Feature", "properties": { "内容": "特別養護老人ホームシルバーピアみずほ【介護老人福祉施設】名古屋市瑞穂区明前町15-17", "url": "https://www.kaigokensaku.mhlw.go.jp/23/index.php?action_kouhyou_detail_004_kani=true&JigyosyoCd=2370801694-00&ServiceCd=510&Type=search", "url2": "http://www.choujyukai.or.jp/mizuho/" }, "geometry": { "type": "Point", "coordinates": [ 136.922342293912124, 35.110149027342075 ] } },
{ "type": "Feature", "properties": { "内容": "特別養護老人ホーム　美保岐の丘【介護老人福祉施設】愛知県名古屋市瑞穂区田辺通一丁目21番地", "url": "https://www.kaigokensaku.mhlw.go.jp/23/index.php?action_kouhyou_detail_004_kani=true&JigyosyoCd=2370801868-00&ServiceCd=510&Type=search", "url2": "http://www.tomita-fukushikai.com/" }, "geometry": { "type": "Point", "coordinates": [ 136.9445485, 35.1355487 ] } },
{ "type": "Feature", "properties": { "内容": "特別養護老人ホームなごやかハウス横田【介護老人福祉施設】名古屋市熱田区横田二丁目3番35号", "url": "https://www.kaigokensaku.mhlw.go.jp/23/index.php?action_kouhyou_detail_004_kani=true&JigyosyoCd=2370900090-00&ServiceCd=510&Type=search", "url2": "https://nagoyaka.or.jp/pages/117/" }, "geometry": { "type": "Point", "coordinates": [ 136.908785200000011, 35.1332919 ] } },
{ "type": "Feature", "properties": { "内容": "グレイスフル熱田【介護老人福祉施設】名古屋市熱田区花表町1番26号", "url": "https://www.kaigokensaku.mhlw.go.jp/23/index.php?action_kouhyou_detail_004_kani=true&JigyosyoCd=2370900843-00&ServiceCd=510&Type=search", "url2": "http://www.sun-vision.or.jp" }, "geometry": { "type": "Point", "coordinates": [ 136.91666239999995, 35.1283289 ] } },
{ "type": "Feature", "properties": { "内容": "特別養護老人ホーム　オーネスト熱田の杜【介護老人福祉施設】愛知県名古屋市熱田区二番一丁目5番8号", "url": "https://www.kaigokensaku.mhlw.go.jp/23/index.php?action_kouhyou_detail_004_kani=true&JigyosyoCd=2370900512-00&ServiceCd=510&Type=search", "url2": "http://www.shisuikai.or.jp/" }, "geometry": { "type": "Point", "coordinates": [ 136.89343980000001, 35.1256866 ] } },
{ "type": "Feature", "properties": { "内容": "ひびのファミリア【介護老人福祉施設】愛知県名古屋市熱田区比々野町27番地", "url": "https://www.kaigokensaku.mhlw.go.jp/23/index.php?action_kouhyou_detail_004_kani=true&JigyosyoCd=2370901593-00&ServiceCd=510&Type=search", "url2": "http://www.kyoenfukushi.or.jp/" }, "geometry": { "type": "Point", "coordinates": [ 136.8918228, 35.1340631 ] } },
{ "type": "Feature", "properties": { "内容": "特別養護老人ホームあつたファミリア【介護老人福祉施設】愛知県名古屋市熱田区六番一丁目1番5号", "url": "https://www.kaigokensaku.mhlw.go.jp/23/index.php?action_kouhyou_detail_004_kani=true&JigyosyoCd=2370901965-00&ServiceCd=510&Type=search", "url2": "https://atf.kyoenfukushi.or.jp/" }, "geometry": { "type": "Point", "coordinates": [ 136.8892722, 35.1262356 ] } },
{ "type": "Feature", "properties": { "内容": "特別養護老人ホームForestTerrace【介護老人福祉施設】名古屋市熱田区一番二丁目１２番２０号", "url": "https://www.kaigokensaku.mhlw.go.jp/23/index.php?action_kouhyou_detail_004_kani=true&JigyosyoCd=2370900660-00&ServiceCd=510&Type=search", "url2": "http://www.kitanosato.jp/" }, "geometry": { "type": "Point", "coordinates": [ 136.896339600000033, 35.1236898 ] } },
{ "type": "Feature", "properties": { "内容": "特別養護老人ホーム　オーネストひびの大宝【介護老人福祉施設】愛知県名古屋市熱田区大宝一丁目1番3号", "url": "https://www.kaigokensaku.mhlw.go.jp/23/index.php?action_kouhyou_detail_004_kani=true&JigyosyoCd=2370902021-00&ServiceCd=510&Type=search", "url2": "http：//www.shisuikai.or.jp" }, "geometry": { "type": "Point", "coordinates": [ 136.8938188, 35.1337125 ] } },
{ "type": "Feature", "properties": { "内容": "特別養護老人ホーム　山王清里苑【介護老人福祉施設】愛知県名古屋市中川区山王三丁目17番8号", "url": "https://www.kaigokensaku.mhlw.go.jp/23/index.php?action_kouhyou_detail_004_kani=true&JigyosyoCd=2371005584-00&ServiceCd=510&Type=search", "url2": "http://www.kiyosatoen.or.jp" }, "geometry": { "type": "Point", "coordinates": [ 136.889877399999989, 35.1505699 ] } },
{ "type": "Feature", "properties": { "内容": "特別養護老人ホーム　共愛の里【介護老人福祉施設】名古屋市中川区下之一色町字権野108-4", "url": "https://www.kaigokensaku.mhlw.go.jp/23/index.php?action_kouhyou_detail_004_kani=true&JigyosyoCd=2371000213-00&ServiceCd=510&Type=search", "url2": "http://kyoaikai.org/" }, "geometry": { "type": "Point", "coordinates": [ 136.8284837, 35.1243659 ] } },
{ "type": "Feature", "properties": { "内容": "特別養護老人ホーム第２共愛の里【介護老人福祉施設】愛知県名古屋市中川区下之一色町権野108-6", "url": "https://www.kaigokensaku.mhlw.go.jp/23/index.php?action_kouhyou_detail_004_kani=true&JigyosyoCd=2371000221-00&ServiceCd=510&Type=search", "url2": "http://www.kyoaikai.org" }, "geometry": { "type": "Point", "coordinates": [ 136.8287143, 35.1240131 ] } },
{ "type": "Feature", "properties": { "内容": "特別養護老人ホーム　高杉共愛の里【介護老人福祉施設】愛知県名古屋市中川区高杉町２６１番地", "url": "https://www.kaigokensaku.mhlw.go.jp/23/index.php?action_kouhyou_detail_004_kani=true&JigyosyoCd=2371000783-00&ServiceCd=510&Type=search", "url2": "htt://www.kyoaikai.org/index2html" }, "geometry": { "type": "Point", "coordinates": [ 136.8419209, 35.1263296 ] } },
{ "type": "Feature", "properties": { "内容": "特別養護老人ホーム　オーネスト堀川【介護老人福祉施設】十一番町4丁目5番地の1", "url": "https://www.kaigokensaku.mhlw.go.jp/23/index.php?action_kouhyou_detail_004_kani=true&JigyosyoCd=2371004462-00&ServiceCd=510&Type=search", "url2": "http://www.shisuikai.or.jp/" }, "geometry": { "type": "Point", "coordinates": [ 140.871669699999984, 38.2635267 ] } },
{ "type": "Feature", "properties": { "内容": "特別養護老人ホーム豊治共愛の里【介護老人福祉施設】愛知県名古屋市中川区水里五丁目７５７番地", "url": "https://www.kaigokensaku.mhlw.go.jp/23/index.php?action_kouhyou_detail_004_kani=true&JigyosyoCd=2371002037-00&ServiceCd=510&Type=search", "url2": "http://www.kyoaikai.org" }, "geometry": { "type": "Point", "coordinates": [ 136.801886200000013, 35.1258594 ] } },
{ "type": "Feature", "properties": { "内容": "特別養護老人ホームオーネスト千の音【介護老人福祉施設】名古屋市中川区赤星三丁目3203番地オーネスト千の音", "url": "https://www.kaigokensaku.mhlw.go.jp/23/index.php?action_kouhyou_detail_004_kani=true&JigyosyoCd=2371003084-00&ServiceCd=510&Type=search", "url2": "http://shisuikai.or.jp" }, "geometry": { "type": "Point", "coordinates": [ 136.803286299999968, 35.1631824 ] } },
{ "type": "Feature", "properties": { "内容": "特別養護老人ホームフラワー園【介護老人福祉施設】愛知県名古屋市中川区尾頭橋四丁目１０番１８号", "url": "https://www.kaigokensaku.mhlw.go.jp/23/index.php?action_kouhyou_detail_004_kani=true&JigyosyoCd=2371000205-00&ServiceCd=510&Type=search", "url2": "http://flower1991.com" }, "geometry": { "type": "Point", "coordinates": [ 136.888733799999954, 35.1478251 ] } },
{ "type": "Feature", "properties": { "内容": "特別養護老人ホーム　オーネスト戸田川【介護老人福祉施設】愛知県名古屋市中川区富永四丁目266番地", "url": "https://www.kaigokensaku.mhlw.go.jp/23/index.php?action_kouhyou_detail_004_kani=true&JigyosyoCd=2371000957-00&ServiceCd=510&Type=search", "url2": "http://www.shisuikai.or.jp" }, "geometry": { "type": "Point", "coordinates": [ 136.805277899999965, 35.1212351 ] } },
{ "type": "Feature", "properties": { "内容": "特別養護老人ホーム　松寿苑【介護老人福祉施設】愛知県名古屋市中川区中須町235番地", "url": "https://www.kaigokensaku.mhlw.go.jp/23/index.php?action_kouhyou_detail_004_kani=true&JigyosyoCd=2371000197-00&ServiceCd=510&Type=search", "url2": "http://www.tomita-fukushikai.com" }, "geometry": { "type": "Point", "coordinates": [ 136.840209400000049, 35.1364504 ] } },
{ "type": "Feature", "properties": { "内容": "特別養護老人ホーム幸楽荘【介護老人福祉施設】愛知県名古屋市港区小川一丁目17番地", "url": "https://www.kaigokensaku.mhlw.go.jp/23/index.php?action_kouhyou_detail_004_kani=true&JigyosyoCd=2371100138-00&ServiceCd=510&Type=search", "url2": "http://daikoufukushikai.jp" }, "geometry": { "type": "Point", "coordinates": [ 136.818227900000011, 35.0981299 ] } },
{ "type": "Feature", "properties": { "内容": "特別養護老人ホーム　サービスネットワーク南陽【介護老人福祉施設】名古屋市港区新茶屋１丁目１７０１", "url": "https://www.kaigokensaku.mhlw.go.jp/23/index.php?action_kouhyou_detail_004_kani=true&JigyosyoCd=2371100153-00&ServiceCd=510&Type=search", "url2": "http://www.kayoukai.net" }, "geometry": { "type": "Point", "coordinates": [ 136.807808900000026, 35.10927 ] } },
{ "type": "Feature", "properties": { "内容": "特別養護老人ホーム希望の郷【介護老人福祉施設】名古屋市港区新茶屋2丁目1501番地", "url": "https://www.kaigokensaku.mhlw.go.jp/23/index.php?action_kouhyou_detail_004_kani=true&JigyosyoCd=2371100872-00&ServiceCd=510&Type=search", "url2": "http://www.ipc-tokai.or.jp/~kibou/index.htm" }, "geometry": { "type": "Point", "coordinates": [ 136.806184199999961, 35.1063008 ] } },
{ "type": "Feature", "properties": { "内容": "特別養護老人ホーム　なごやかハウス神宮寺【介護老人福祉施設】名古屋市港区神宮寺二丁目２０１番地", "url": "https://www.kaigokensaku.mhlw.go.jp/23/index.php?action_kouhyou_detail_004_kani=true&JigyosyoCd=2371100500-00&ServiceCd=510&Type=search", "url2": "https://nagoyaka.or.jp/pages/417/" }, "geometry": { "type": "Point", "coordinates": [ 136.84600249999994, 35.0976475 ] } },
{ "type": "Feature", "properties": { "内容": "特別養護老人ホーム東茶屋御苑【介護老人福祉施設】名古屋市港区東茶屋二丁目401番地の1", "url": "https://www.kaigokensaku.mhlw.go.jp/23/index.php?action_kouhyou_detail_004_kani=true&JigyosyoCd=2371102381-00&ServiceCd=510&Type=search", "url2": "http://www.aiko-fukushikai.jp/" }, "geometry": { "type": "Point", "coordinates": [ 136.82728066035088, 35.10595056944009 ] } },
{ "type": "Feature", "properties": { "内容": "特別養護老人ホーム　こすも【介護老人福祉施設】名古屋市港区木場町２番地の125", "url": "https://www.kaigokensaku.mhlw.go.jp/23/index.php?action_kouhyou_detail_004_kani=true&JigyosyoCd=2371100559-00&ServiceCd=510&Type=search", "url2": "http://www.seisho-fukushi.org" }, "geometry": { "type": "Point", "coordinates": [ 136.898265400000014, 35.1046396 ] } },
{ "type": "Feature", "properties": { "内容": "特別養護老人ホームなごやかハウス野跡【介護老人福祉施設】愛知県名古屋市港区野跡五丁目2番3号", "url": "https://www.kaigokensaku.mhlw.go.jp/23/index.php?action_kouhyou_detail_004_kani=true&JigyosyoCd=2371100146-00&ServiceCd=510&Type=search", "url2": "http://www.nagoyaka.or.jp/" }, "geometry": { "type": "Point", "coordinates": [ 136.854171400000041, 35.0832661 ] } },
{ "type": "Feature", "properties": { "内容": "特別養護老人ホーム　なごやかハウス丸池【介護老人福祉施設】名古屋市港区丸池町1丁目3番地", "url": "https://www.kaigokensaku.mhlw.go.jp/23/index.php?action_kouhyou_detail_004_kani=true&JigyosyoCd=2371100401-00&ServiceCd=510&Type=search", "url2": "http://nagoyaka.or.jp/" }, "geometry": { "type": "Point", "coordinates": [ 136.870504, 35.118178600000014 ] } },
{ "type": "Feature", "properties": { "内容": "特別養護老人ホーム　港寿楽苑【介護老人福祉施設】愛知県名古屋市港区寛政町6丁目10番地", "url": "https://www.kaigokensaku.mhlw.go.jp/23/index.php?action_kouhyou_detail_004_kani=true&JigyosyoCd=2371100120-00&ServiceCd=510&Type=search", "url2": "http://www.shoumei.or.jp" }, "geometry": { "type": "Point", "coordinates": [ 136.859539400000017, 35.1063829 ] } },
{ "type": "Feature", "properties": { "内容": "特別養護老人ホーム　なごやかハウス三条【介護老人福祉施設】名古屋市南区三条二丁目16番42号", "url": "https://www.kaigokensaku.mhlw.go.jp/23/index.php?action_kouhyou_detail_004_kani=true&JigyosyoCd=2371200227-00&ServiceCd=510&Type=search", "url2": "https://sanjyo0.wixsite.com/sanjyo" }, "geometry": { "type": "Point", "coordinates": [ 136.904270200000042, 35.1062588 ] } },
{ "type": "Feature", "properties": { "内容": "特別養護老人ホームケアマキス柴田【介護老人福祉施設】柴田本通四丁目15番地", "url": "https://www.kaigokensaku.mhlw.go.jp/23/index.php?action_kouhyou_detail_004_kani=true&JigyosyoCd=2371201985-00&ServiceCd=510&Type=search", "url2": "http://care-makis.org/" }, "geometry": { "type": "Point", "coordinates": [ 136.910422700000026, 35.072499 ] } },
{ "type": "Feature", "properties": { "内容": "特別養護老人ホーム南生苑【介護老人福祉施設】名古屋市南区西又兵ヱ町4丁目8番2", "url": "https://www.kaigokensaku.mhlw.go.jp/23/index.php?action_kouhyou_detail_004_kani=true&JigyosyoCd=2371200839-00&ServiceCd=510&Type=search", "url2": "http://ryokusei-fukushi.jp" }, "geometry": { "type": "Point", "coordinates": [ 136.9150469, 35.0928438 ] } },
{ "type": "Feature", "properties": { "内容": "特別養護老人ホームオレンジタウン笠寺【介護老人福祉施設】愛知県名古屋市南区前浜通二丁目１番地の２", "url": "https://www.kaigokensaku.mhlw.go.jp/23/index.php?action_kouhyou_detail_004_kani=true&JigyosyoCd=2371202694-00&ServiceCd=510&Type=search", "url2": "http://orangetown.zenjokai.jp/" }, "geometry": { "type": "Point", "coordinates": [ 136.928242090737967, 35.094011776690195 ] } },
{ "type": "Feature", "properties": { "内容": "特別養護老人ホームオレンジタウン笠寺Ⅱ【介護老人福祉施設】名古屋市南区前浜通２丁目１番地の３特別養護老人ホームオレンジタウン笠寺Ⅱ", "url": "https://www.kaigokensaku.mhlw.go.jp/23/index.php?action_kouhyou_detail_004_kani=true&JigyosyoCd=2371203031-00&ServiceCd=510&Type=search", "url2": "http://orangetown.zenjokai.jp/index.html" }, "geometry": { "type": "Point", "coordinates": [ 136.928152192590346, 35.093788577043377 ] } },
{ "type": "Feature", "properties": { "内容": "ゆうあいの里大同【介護老人福祉施設】愛知県名古屋市南区白水町２０番地", "url": "https://www.kaigokensaku.mhlw.go.jp/23/index.php?action_kouhyou_detail_004_kani=true&JigyosyoCd=2371200607-00&ServiceCd=510&Type=search", "url2": "http://yuuai.daidohp.or.jp/" }, "geometry": { "type": "Point", "coordinates": [ 136.905826100000013, 35.075632 ] } },
{ "type": "Feature", "properties": { "内容": "特別養護老人ホームはるかぜ【介護老人福祉施設】名古屋市南区要町４丁目１３番地", "url": "https://www.kaigokensaku.mhlw.go.jp/23/index.php?action_kouhyou_detail_004_kani=true&JigyosyoCd=2371201001-00&ServiceCd=510&Type=search", "url2": "http://www.haru-kaze.jp" }, "geometry": { "type": "Point", "coordinates": [ 136.924079099999972, 35.0758653 ] } },
{ "type": "Feature", "properties": { "内容": "特別養護老人ホーム　内田橋清凉苑【介護老人福祉施設】愛知県名古屋市南区明治一丁目6番9号", "url": "https://www.kaigokensaku.mhlw.go.jp/23/index.php?action_kouhyou_detail_004_kani=true&JigyosyoCd=2371202033-00&ServiceCd=510&Type=search", "url2": "http://www.sei-ryou-kai.or.jp/uchidabashi" }, "geometry": { "type": "Point", "coordinates": [ 136.905839, 35.1159077 ] } },
{ "type": "Feature", "properties": { "内容": "特別養護老人ホーム　ユートピア第２つくも【介護老人福祉施設】愛知県名古屋市守山区鼓が丘一丁目１１５番地", "url": "https://www.kaigokensaku.mhlw.go.jp/23/index.php?action_kouhyou_detail_004_kani=true&JigyosyoCd=2371300134-00&ServiceCd=510&Type=search", "url2": "http://www.tsukumokai.jp" }, "geometry": { "type": "Point", "coordinates": [ 137.01005669999995, 35.2290043 ] } },
{ "type": "Feature", "properties": { "内容": "特別養護老人ホーム建国ビハーラ【介護老人福祉施設】愛知県名古屋市守山区青葉台２０６番地", "url": "https://www.kaigokensaku.mhlw.go.jp/23/index.php?action_kouhyou_detail_004_kani=true&JigyosyoCd=2371300126-00&ServiceCd=510&Type=search", "url2": "http://www.kenkoku-vihara.com" }, "geometry": { "type": "Point", "coordinates": [ 136.9940894, 35.2258543 ] } },
{ "type": "Feature", "properties": { "内容": "特別養護老人ホーム　ユートピア第２つくもユニット【介護老人福祉施設】愛知県名古屋市守山区鼓が丘一丁目１１５番地", "url": "https://www.kaigokensaku.mhlw.go.jp/23/index.php?action_kouhyou_detail_004_kani=true&JigyosyoCd=2371302858-00&ServiceCd=510&Type=search", "url2": "http://www.tsukumokai.jp" }, "geometry": { "type": "Point", "coordinates": [ 137.01005669999995, 35.2290043 ] } },
{ "type": "Feature", "properties": { "内容": "守牧苑【介護老人福祉施設】名古屋市守山区守牧町１２８－５", "url": "https://www.kaigokensaku.mhlw.go.jp/23/index.php?action_kouhyou_detail_004_kani=true&JigyosyoCd=2371301298-00&ServiceCd=510&Type=search", "url2": "http://www.fukuseikai.jp/" }, "geometry": { "type": "Point", "coordinates": [ 136.953501299999971, 35.200593 ] } },
{ "type": "Feature", "properties": { "内容": "特別養護老人ホーム　しだみの里【介護老人福祉施設】愛知県名古屋市守山区上志段味東谷2074番3", "url": "https://www.kaigokensaku.mhlw.go.jp/23/index.php?action_kouhyou_detail_004_kani=true&JigyosyoCd=2371304664-00&ServiceCd=510&Type=search", "url2": "http://www.aiseifukusikai.jp" }, "geometry": { "type": "Point", "coordinates": [ 137.04263, 35.2511669 ] } },
{ "type": "Feature", "properties": { "内容": "特別養護老人ホームオーネスト紫花【介護老人福祉施設】愛知県名古屋市守山区森孝二丁目225番地", "url": "https://www.kaigokensaku.mhlw.go.jp/23/index.php?action_kouhyou_detail_004_kani=true&JigyosyoCd=2371304185-00&ServiceCd=510&Type=search", "url2": "http://www.shisuikai.or.jp/" }, "geometry": { "type": "Point", "coordinates": [ 137.006642156436129, 35.193961013878784 ] } },
{ "type": "Feature", "properties": { "内容": "特別養護老人ホーム瀬古の家【介護老人福祉施設】瀬古東二丁目２０９－１", "url": "https://www.kaigokensaku.mhlw.go.jp/23/index.php?action_kouhyou_detail_004_kani=true&JigyosyoCd=2371303757-00&ServiceCd=510&Type=search", "url2": "http://sekonoie.jp/" }, "geometry": { "type": "Point", "coordinates": [ 136.94016040459519, 35.209683827812199 ] } },
{ "type": "Feature", "properties": { "内容": "特別養護老人ホーム愛の里名古屋東【介護老人福祉施設】愛知県名古屋市守山区大字上志段味字川原156番特別養護老人ホーム愛の里名古屋東", "url": "https://www.kaigokensaku.mhlw.go.jp/23/index.php?action_kouhyou_detail_004_kani=true&JigyosyoCd=2371304011-00&ServiceCd=510&Type=search", "url2": "https://ainosato-nagoya.jp/" }, "geometry": { "type": "Point", "coordinates": [ 137.030895099999952, 35.2561435 ] } },
{ "type": "Feature", "properties": { "内容": "特別養護老人ホーム　瀬古第一マザー園【介護老人福祉施設】名古屋市守山区瀬古２－３０１", "url": "https://www.kaigokensaku.mhlw.go.jp/23/index.php?action_kouhyou_detail_004_kani=true&JigyosyoCd=2371300118-00&ServiceCd=510&Type=search", "url2": "http://www.nagoya-lighthouse.jp/mather/index.html" }, "geometry": { "type": "Point", "coordinates": [ 136.9344777, 35.2133434 ] } },
{ "type": "Feature", "properties": { "内容": "社会福祉法人愛知玉葉会　第二尾張荘【介護老人福祉施設】愛知県名古屋市守山区川東山３３２１", "url": "https://www.kaigokensaku.mhlw.go.jp/23/index.php?action_kouhyou_detail_004_kani=true&JigyosyoCd=2371300100-00&ServiceCd=510&Type=search", "url2": "http://www.gyokuyokai.com" }, "geometry": { "type": "Point", "coordinates": [ 136.981379599999968, 35.2199186 ] } },
{ "type": "Feature", "properties": { "内容": "特別養護老人ホーム黒石荘【介護老人福祉施設】黒沢台5丁目211番地", "url": "https://www.kaigokensaku.mhlw.go.jp/23/index.php?action_kouhyou_detail_004_kani=true&JigyosyoCd=2371402419-00&ServiceCd=510&Type=search", "url2": "http://www.aiseifukusikai.jp/" }, "geometry": { "type": "Point", "coordinates": [ 136.9965975, 35.0995712 ] } },
{ "type": "Feature", "properties": { "内容": "特別養護老人ホーム楓林花の里【介護老人福祉施設】名古屋市緑区大高町字上蝮池10番地", "url": "https://www.kaigokensaku.mhlw.go.jp/23/index.php?action_kouhyou_detail_004_kani=true&JigyosyoCd=2371400165-00&ServiceCd=510&Type=search", "url2": "https://www.fuurin-hana.com" }, "geometry": { "type": "Point", "coordinates": [ 136.954879099999971, 35.0582091 ] } },
{ "type": "Feature", "properties": { "内容": "特別養護老人ホーム楓林花の里南館【介護老人福祉施設】大高町字上蝮池10番地", "url": "https://www.kaigokensaku.mhlw.go.jp/23/index.php?action_kouhyou_detail_004_kani=true&JigyosyoCd=2371403128-00&ServiceCd=510&Type=search", "url2": "https://www.fuurin-hana.com" }, "geometry": { "type": "Point", "coordinates": [ 136.954879099999971, 35.0582091 ] } },
{ "type": "Feature", "properties": { "内容": "特別養護老人ホーム緑生苑【介護老人福祉施設】愛知県名古屋市緑区大高町字上蝮池１４緑生苑", "url": "https://www.kaigokensaku.mhlw.go.jp/23/index.php?action_kouhyou_detail_004_kani=true&JigyosyoCd=2371400140-00&ServiceCd=510&Type=search", "url2": "http://www.ryokusei-fukushi.jp/" }, "geometry": { "type": "Point", "coordinates": [ 136.9543347, 35.0581813 ] } },
{ "type": "Feature", "properties": { "内容": "特別養護老人ホーム　なごやかハウス滝ノ水【介護老人福祉施設】名古屋市緑区滝ノ水三丁目２１０３番地", "url": "https://www.kaigokensaku.mhlw.go.jp/23/index.php?action_kouhyou_detail_004_kani=true&JigyosyoCd=2371400157-00&ServiceCd=510&Type=search", "url2": "http://nagoyaka-takinomizu.wixsite.com/taki/" }, "geometry": { "type": "Point", "coordinates": [ 136.978463499999975, 35.0848166 ] } },
{ "type": "Feature", "properties": { "内容": "特別養護老人ホーム　オーネスト鳴海【介護老人福祉施設】名古屋市緑区鳴海町下汐田77番地の3", "url": "https://www.kaigokensaku.mhlw.go.jp/23/index.php?action_kouhyou_detail_004_kani=true&JigyosyoCd=2371400173-00&ServiceCd=510&Type=search", "url2": "http://www.shisuikai.or.jp" }, "geometry": { "type": "Point", "coordinates": [ 136.940185864417998, 35.072764474735969 ] } },
{ "type": "Feature", "properties": { "内容": "特別養護老人ホームさわやかの郷【介護老人福祉施設】鳴海町字尾崎山43番地641", "url": "https://www.kaigokensaku.mhlw.go.jp/23/index.php?action_kouhyou_detail_004_kani=true&JigyosyoCd=2371404985-00&ServiceCd=510&Type=search", "url2": "https://shirakuen.or.jp/" }, "geometry": { "type": "Point", "coordinates": [ 136.9774282, 35.0720111 ] } },
{ "type": "Feature", "properties": { "内容": "特別養護老人ホーム大高【介護老人福祉施設】名古屋市緑区大高町字東千正坊６", "url": "https://www.kaigokensaku.mhlw.go.jp/23/index.php?action_kouhyou_detail_004_kani=true&JigyosyoCd=2371402559-00&ServiceCd=510&Type=search", "url2": "http://www.nisshin-fukushi.jp" }, "geometry": { "type": "Point", "coordinates": [ 136.933694899999978, 35.0692466 ] } },
{ "type": "Feature", "properties": { "内容": "特別養護老人ホーム　かきつばたの里【介護老人福祉施設】愛知県名古屋市緑区水広三丁目７２１番地特別養護老人ホーム　かきつばたの里", "url": "https://www.kaigokensaku.mhlw.go.jp/23/index.php?action_kouhyou_detail_004_kani=true&JigyosyoCd=2371401205-00&ServiceCd=510&Type=search", "url2": "http://www.kakitsubatanosato.com/" }, "geometry": { "type": "Point", "coordinates": [ 136.996128799999951, 35.076411073895486 ] } },
{ "type": "Feature", "properties": { "内容": "特別養護老人ホーム　極楽苑【介護老人福祉施設】名古屋市名東区大針一丁目265番地", "url": "https://www.kaigokensaku.mhlw.go.jp/23/index.php?action_kouhyou_detail_004_kani=true&JigyosyoCd=2371500162-00&ServiceCd=510&Type=search", "url2": "http://takabarifukushikai.jp" }, "geometry": { "type": "Point", "coordinates": [ 137.0239408, 35.1550509 ] } },
{ "type": "Feature", "properties": { "内容": "名古屋市厚生院【介護老人福祉施設】名古屋市名東区勢子坊二丁目1501番地名古屋市厚生院", "url": "https://www.kaigokensaku.mhlw.go.jp/23/index.php?action_kouhyou_detail_004_kani=true&JigyosyoCd=2371500154-00&ServiceCd=510&Type=search", "url2": "http://www.city.nagoya.jp/kurashi/shisetsu/byoin/fukushi/kouseiin" }, "geometry": { "type": "Point", "coordinates": [ 137.019016100000044, 35.1636217 ] } },
{ "type": "Feature", "properties": { "内容": "特別養護老人ホーム　千寿乃里【介護老人福祉施設】愛知県名古屋市天白区原三丁目1905番地", "url": "https://www.kaigokensaku.mhlw.go.jp/23/index.php?action_kouhyou_detail_004_kani=true&JigyosyoCd=2371600525-00&ServiceCd=510&Type=search", "url2": "https://www.tenpaku-tokuyo.com/" }, "geometry": { "type": "Point", "coordinates": [ 136.991003099999944, 35.1200408 ] } },
{ "type": "Feature", "properties": { "内容": "特別養護老人ホーム高坂苑【介護老人福祉施設】愛知県名古屋市天白区高坂町１９７番地の１", "url": "https://www.kaigokensaku.mhlw.go.jp/23/index.php?action_kouhyou_detail_004_kani=true&JigyosyoCd=2371600137-00&ServiceCd=510&Type=search", "url2": "http://www.takasaka.info" }, "geometry": { "type": "Point", "coordinates": [ 136.9876011, 35.1080033 ] } },
{ "type": "Feature", "properties": { "内容": "特別養護老人ホームケアマキス笹原【介護老人福祉施設】愛知県名古屋市天白区笹原町1701番地", "url": "https://www.kaigokensaku.mhlw.go.jp/23/index.php?action_kouhyou_detail_004_kani=true&JigyosyoCd=2371603149-00&ServiceCd=510&Type=search", "url2": "http://care-makis.org/" }, "geometry": { "type": "Point", "coordinates": [ 136.961448507934591, 35.110169074321611 ] } },
{ "type": "Feature", "properties": { "内容": "特別養護老人ホーム誠和荘【介護老人福祉施設】愛知県名古屋市天白区植田山二丁目１０１番地", "url": "https://www.kaigokensaku.mhlw.go.jp/23/index.php?action_kouhyou_detail_004_kani=true&JigyosyoCd=2371600129-00&ServiceCd=510&Type=search", "url2": "http://hakkisya.com/" }, "geometry": { "type": "Point", "coordinates": [ 136.987435632679762, 35.146310389314593 ] } },
{ "type": "Feature", "properties": { "内容": "特別養護老人ホーム　八事苑【介護老人福祉施設】愛知県名古屋市天白区大坪二丁目801番地", "url": "https://www.kaigokensaku.mhlw.go.jp/23/index.php?action_kouhyou_detail_004_kani=true&JigyosyoCd=2371600111-00&ServiceCd=510&Type=search", "url2": "http://www.yagotofukushikai.or.jp" }, "geometry": { "type": "Point", "coordinates": [ 136.980172816898403, 35.13754879055417 ] } },
{ "type": "Feature", "properties": { "内容": "特別養護老人ホーム　　第二八事苑【介護老人福祉施設】愛知県名古屋市天白区大坪二丁目７０１番地第二八事苑", "url": "https://www.kaigokensaku.mhlw.go.jp/23/index.php?action_kouhyou_detail_004_kani=true&JigyosyoCd=2371600343-00&ServiceCd=510&Type=search", "url2": "http://www.yagotofukushikai.or.jp/" }, "geometry": { "type": "Point", "coordinates": [ 136.979298200000017, 35.1370884 ] } },
{ "type": "Feature", "properties": { "内容": "ユニット型　特別養護老人ホーム　第二八事苑【介護老人福祉施設】愛知県名古屋市天白区大坪二丁目701番地第二八事苑", "url": "https://www.kaigokensaku.mhlw.go.jp/23/index.php?action_kouhyou_detail_004_kani=true&JigyosyoCd=2371602679-00&ServiceCd=510&Type=search", "url2": "d2yagotoen.＠yagotofukushikai.or.jp" }, "geometry": { "type": "Point", "coordinates": [ 136.979298200000017, 35.1370884 ] } },
{ "type": "Feature", "properties": { "内容": "特別養護老人ホーム　アメニティ天白【介護老人福祉施設】愛知県名古屋市天白区土原二丁目122番地", "url": "https://www.kaigokensaku.mhlw.go.jp/23/index.php?action_kouhyou_detail_004_kani=true&JigyosyoCd=2371601952-00&ServiceCd=510&Type=search", "url2": "http://asahi-kai.jp/" }, "geometry": { "type": "Point", "coordinates": [ 136.9827123, 35.1178492 ] } },
{ "type": "Feature", "properties": { "内容": "特別養護老人ホーム　永生苑豊橋【介護老人福祉施設】愛知県豊橋市大村町字花次８３", "url": "https://www.kaigokensaku.mhlw.go.jp/23/index.php?action_kouhyou_detail_004_kani=true&JigyosyoCd=2372000287-00&ServiceCd=510&Type=search", "url2": "http://www.eishin.or.jo" }, "geometry": { "type": "Point", "coordinates": [ 137.386979800000063, 34.7946844 ] } },
{ "type": "Feature", "properties": { "内容": "豊橋市特別養護老人ホームつつじ荘【介護老人福祉施設】愛知県豊橋市飯村町字高山11番地65", "url": "https://www.kaigokensaku.mhlw.go.jp/23/index.php?action_kouhyou_detail_004_kani=true&JigyosyoCd=2372000253-00&ServiceCd=510&Type=search", "url2": "http://www.city.toyohashi.lg.jp/2748htm" }, "geometry": { "type": "Point", "coordinates": [ 137.4366695, 34.7465229 ] } },
{ "type": "Feature", "properties": { "内容": "特別養護老人ホームさわらび荘【介護老人福祉施設】愛知県豊橋市浪ノ上町７番地の２", "url": "https://www.kaigokensaku.mhlw.go.jp/23/index.php?action_kouhyou_detail_004_kani=true&JigyosyoCd=2372000261-00&ServiceCd=510&Type=search", "url2": "http://www.sawarabi.or.jp" }, "geometry": { "type": "Point", "coordinates": [ 137.4222565, 34.7866817 ] } },
{ "type": "Feature", "properties": { "内容": "特別養護老人ホーム作楽荘【介護老人福祉施設】愛知県豊橋市王ヶ崎町字上原1番地145", "url": "https://www.kaigokensaku.mhlw.go.jp/23/index.php?action_kouhyou_detail_004_kani=true&JigyosyoCd=2372000279-00&ServiceCd=510&Type=search", "url2": "http://www.i-f.or.jp/" }, "geometry": { "type": "Point", "coordinates": [ 137.3752187, 34.7383472 ] } },
{ "type": "Feature", "properties": { "内容": "特別養護老人ホーム　王寿園【介護老人福祉施設】愛知県豊橋市小松原町字浜４１番地", "url": "https://www.kaigokensaku.mhlw.go.jp/23/index.php?action_kouhyou_detail_004_kani=true&JigyosyoCd=2372000295-00&ServiceCd=510&Type=search", "url2": "http://www.oujukai.or.jp" }, "geometry": { "type": "Point", "coordinates": [ 137.43813, 34.6690351 ] } },
{ "type": "Feature", "properties": { "内容": "特別養護老人ホーム彩幸【介護老人福祉施設】愛知県豊橋市西赤沢町字深山９５番地", "url": "https://www.kaigokensaku.mhlw.go.jp/23/index.php?action_kouhyou_detail_004_kani=true&JigyosyoCd=2372000303-00&ServiceCd=510&Type=search", "url2": "https://saikou.or.jp" }, "geometry": { "type": "Point", "coordinates": [ 137.362164099999944, 34.677804 ] } },
{ "type": "Feature", "properties": { "内容": "特別養護老人ホーム　第二さわらび荘【介護老人福祉施設】愛知県豊橋市野依町字山中19-17", "url": "https://www.kaigokensaku.mhlw.go.jp/23/index.php?action_kouhyou_detail_004_kani=true&JigyosyoCd=2372001525-00&ServiceCd=510&Type=search", "url2": "http://www.sawarabi.or.jp" }, "geometry": { "type": "Point", "coordinates": [ 137.400270399999954, 34.7009357 ] } },
{ "type": "Feature", "properties": { "内容": "特別養護老人ホーム　喜寿苑【介護老人福祉施設】愛知県豊橋市前芝町加藤381番地２", "url": "https://www.kaigokensaku.mhlw.go.jp/23/index.php?action_kouhyou_detail_004_kani=true&JigyosyoCd=2372002481-00&ServiceCd=510&Type=search", "url2": "http://juhoukai.jp" }, "geometry": { "type": "Point", "coordinates": [ 137.3451053, 34.7794853 ] } },
{ "type": "Feature", "properties": { "内容": "特別養護老人ホーム　谷川王寿園【介護老人福祉施設】愛知県豊橋市中原町字西荒神11", "url": "https://www.kaigokensaku.mhlw.go.jp/23/index.php?action_kouhyou_detail_004_kani=true&JigyosyoCd=2372004669-00&ServiceCd=510&Type=search", "url2": "oujukai.or.jp/" }, "geometry": { "type": "Point", "coordinates": [ 137.471107800000027, 34.7287317 ] } },
{ "type": "Feature", "properties": { "内容": "特別養護老人ホーム　かわいの里【介護老人福祉施設】愛知県岡崎市秦梨町字平畑16番地1", "url": "https://www.kaigokensaku.mhlw.go.jp/23/index.php?action_kouhyou_detail_004_kani=true&JigyosyoCd=2372100319-00&ServiceCd=510&Type=search", "url2": "http://okafuku.com/" }, "geometry": { "type": "Point", "coordinates": [ 137.2489104, 34.9565533 ] } },
{ "type": "Feature", "properties": { "内容": "特別養護老人ホ－ム　やはぎ苑【介護老人福祉施設】愛知県岡崎市上佐々木町字大官49番地", "url": "https://www.kaigokensaku.mhlw.go.jp/23/index.php?action_kouhyou_detail_004_kani=true&JigyosyoCd=2372100327-00&ServiceCd=510&Type=search", "url2": "http://www.mizuho-kai.or.jp/" }, "geometry": { "type": "Point", "coordinates": [ 137.121395600000028, 34.9404977 ] } },
{ "type": "Feature", "properties": { "内容": "特別養護老人ホーム　なのはな苑ふくおか【介護老人福祉施設】岡崎市福岡町字四反田２６番地", "url": "https://www.kaigokensaku.mhlw.go.jp/23/index.php?action_kouhyou_detail_004_kani=true&JigyosyoCd=2372100335-00&ServiceCd=510&Type=search", "url2": "http://meisuikai.or.jp/wordpress/" }, "geometry": { "type": "Point", "coordinates": [ 137.157791800000041, 34.8957311 ] } },
{ "type": "Feature", "properties": { "内容": "特別養護老人ホーム　くわがい【介護老人福祉施設】愛知県岡崎市桑谷町字西平地45番地", "url": "https://www.kaigokensaku.mhlw.go.jp/23/index.php?action_kouhyou_detail_004_kani=true&JigyosyoCd=2372101796-00&ServiceCd=510&Type=search", "url2": "http://www.mizuho-kai.or.jp/" }, "geometry": { "type": "Point", "coordinates": [ 137.215453900000057, 34.8908816 ] } },
{ "type": "Feature", "properties": { "内容": "特別養護老人ホーム額田の里【介護老人福祉施設】愛知県岡崎市夏山町字シモツキテン1-1", "url": "https://www.kaigokensaku.mhlw.go.jp/23/index.php?action_kouhyou_detail_004_kani=true&JigyosyoCd=2376000093-00&ServiceCd=510&Type=search", "url2": "http://www.you-and-i-.or.jp/" }, "geometry": { "type": "Point", "coordinates": [ 137.3076496, 34.9566856 ] } },
{ "type": "Feature", "properties": { "内容": "特別養護老人ホーム真福の郷【介護老人福祉施設】愛知県岡崎市真福寺町字神田100番地1", "url": "https://www.kaigokensaku.mhlw.go.jp/23/index.php?action_kouhyou_detail_004_kani=true&JigyosyoCd=2372102315-00&ServiceCd=510&Type=search", "url2": "http://www.kyoufukukai.or.jp" }, "geometry": { "type": "Point", "coordinates": [ 137.1855445, 35.0014746 ] } },
{ "type": "Feature", "properties": { "内容": "愛厚ホーム岡崎苑【介護老人福祉施設】愛知県岡崎市竜泉寺町字松本３４－６", "url": "https://www.kaigokensaku.mhlw.go.jp/23/index.php?action_kouhyou_detail_004_kani=true&JigyosyoCd=2372100301-00&ServiceCd=510&Type=search", "url2": "http://www.ai-kou.or.jp" }, "geometry": { "type": "Point", "coordinates": [ 137.202833400000031, 34.9010737 ] } },
{ "type": "Feature", "properties": { "内容": "愛厚ホーム岡崎苑【介護老人福祉施設】岡崎市竜泉寺町字松本３４番地６", "url": "https://www.kaigokensaku.mhlw.go.jp/23/index.php?action_kouhyou_detail_004_kani=true&JigyosyoCd=2372104386-00&ServiceCd=510&Type=search", "url2": "http://www.ai-kou.or.jp" }, "geometry": { "type": "Point", "coordinates": [ 137.202833400000031, 34.9010737 ] } },
{ "type": "Feature", "properties": { "内容": "特別養護老人ホーム　アルクオーレ岡崎大平【介護老人福祉施設】愛知県岡崎市大平町字古渕25番地", "url": "https://www.kaigokensaku.mhlw.go.jp/23/index.php?action_kouhyou_detail_004_kani=true&JigyosyoCd=2372102794-00&ServiceCd=510&Type=search", "url2": "http://www.hyakuyoukai.jp/" }, "geometry": { "type": "Point", "coordinates": [ 137.187206400000036, 34.9377666 ] } },
{ "type": "Feature", "properties": { "内容": "特別養護老人ホームあいふるの里【介護老人福祉施設】愛知県一宮市浅井町西海戸字余陸寺45番地1", "url": "https://www.kaigokensaku.mhlw.go.jp/23/index.php?action_kouhyou_detail_004_kani=true&JigyosyoCd=2372200226-00&ServiceCd=510&Type=search", "url2": "https://www.iful-jikeikai.com" }, "geometry": { "type": "Point", "coordinates": [ 136.828287899999964, 35.3349101 ] } },
{ "type": "Feature", "properties": { "内容": "特別養護老人ホームウエルコートみづほ【介護老人福祉施設】一宮市浅井町尾関字同者１６３番地２", "url": "https://www.kaigokensaku.mhlw.go.jp/23/index.php?action_kouhyou_detail_004_kani=true&JigyosyoCd=2372200234-00&ServiceCd=510&Type=search", "url2": "http://www.jiunfukushikai.com" }, "geometry": { "type": "Point", "coordinates": [ 136.831781699999965, 35.3493755 ] } },
{ "type": "Feature", "properties": { "内容": "一宮市萩の里特別養護老人ホーム【介護老人福祉施設】愛知県一宮市萩原町東宮重字蓮原36－1", "url": "https://www.kaigokensaku.mhlw.go.jp/23/index.php?action_kouhyou_detail_004_kani=true&JigyosyoCd=2372200754-00&ServiceCd=510&Type=search", "url2": "http://www.jikeikai-net.jp" }, "geometry": { "type": "Point", "coordinates": [ 136.778892, 35.2722099 ] } },
{ "type": "Feature", "properties": { "内容": "介護老人福祉施設いわと【介護老人福祉施設】愛知県一宮市浅井町黒岩字宮東７番地１", "url": "https://www.kaigokensaku.mhlw.go.jp/23/index.php?action_kouhyou_detail_004_kani=true&JigyosyoCd=2372201190-00&ServiceCd=510&Type=search", "url2": "https://f-raikoukai.or.jp" }, "geometry": { "type": "Point", "coordinates": [ 136.8354812, 35.3518114 ] } },
{ "type": "Feature", "properties": { "内容": "特別養護老人ホーム　たんぽぽ加茂の里【介護老人福祉施設】愛知県一宮市千秋町加茂字海戸２２番地", "url": "https://www.kaigokensaku.mhlw.go.jp/23/index.php?action_kouhyou_detail_004_kani=true&JigyosyoCd=2372201828-00&ServiceCd=510&Type=search", "url2": "http://www.tanpopo-fukushi.or.jp/" }, "geometry": { "type": "Point", "coordinates": [ 136.852344, 35.3114407 ] } },
{ "type": "Feature", "properties": { "内容": "特別養護老人ホームアルメゾンみづほ【介護老人福祉施設】愛知県一宮市三条字野間２６番地１", "url": "https://www.kaigokensaku.mhlw.go.jp/23/index.php?action_kouhyou_detail_004_kani=true&JigyosyoCd=2372202875-00&ServiceCd=510&Type=search", "url2": "http://www.jiunfukushikai.com" }, "geometry": { "type": "Point", "coordinates": [ 136.754465200000027, 35.3137525 ] } },
{ "type": "Feature", "properties": { "内容": "特別養護老人ホ－ム　たんぽぽ祢々の里【介護老人福祉施設】愛知県一宮市千秋町加納馬場字松下６０番地", "url": "https://www.kaigokensaku.mhlw.go.jp/23/index.php?action_kouhyou_detail_004_kani=true&JigyosyoCd=2372203386-00&ServiceCd=510&Type=search", "url2": "http://www.tanpopo-fukushi.or.jp" }, "geometry": { "type": "Point", "coordinates": [ 136.870651299999963, 35.3060357 ] } },
{ "type": "Feature", "properties": { "内容": "特別養護老人ホーム　西御堂の里三笠【介護老人福祉施設】愛知県一宮市萩原町西御堂字虫祭1番地１", "url": "https://www.kaigokensaku.mhlw.go.jp/23/index.php?action_kouhyou_detail_004_kani=true&JigyosyoCd=2372204327-00&ServiceCd=510&Type=search", "url2": "http:www.iful-jikeikai.com" }, "geometry": { "type": "Point", "coordinates": [ 136.769658864418062, 35.262634098735326 ] } },
{ "type": "Feature", "properties": { "内容": "介護老人福祉施設えもり【介護老人福祉施設】愛知県一宮市浅井町江森字楼光寺１６番地１介護老人福祉施設えもり", "url": "https://www.kaigokensaku.mhlw.go.jp/23/index.php?action_kouhyou_detail_004_kani=true&JigyosyoCd=2372204921-00&ServiceCd=510&Type=search", "url2": "www.f-raikoukai.or.jp" }, "geometry": { "type": "Point", "coordinates": [ 136.817529662179624, 35.336817350893448 ] } },
{ "type": "Feature", "properties": { "内容": "特別養護老人ホームコムネックスみづほ【介護老人福祉施設】愛知県一宮市木曽川町里小牧字寺東200番地", "url": "https://www.kaigokensaku.mhlw.go.jp/23/index.php?action_kouhyou_detail_004_kani=true&JigyosyoCd=2372205217-00&ServiceCd=510&Type=search", "url2": "http://www.jiunfukushikai.com" }, "geometry": { "type": "Point", "coordinates": [ 136.771452742802808, 35.351272195772125 ] } },
{ "type": "Feature", "properties": { "内容": "特別養護老人ホーム朝日荘【介護老人福祉施設】愛知県一宮市明地字西阿古井１番地", "url": "https://www.kaigokensaku.mhlw.go.jp/23/index.php?action_kouhyou_detail_004_kani=true&JigyosyoCd=2373700059-00&ServiceCd=510&Type=search", "url2": "http://www.asahisou.or.jp" }, "geometry": { "type": "Point", "coordinates": [ 136.732235800000012, 35.2824781 ] } },
{ "type": "Feature", "properties": { "内容": "介護老人福祉施設サンリバー【介護老人福祉施設】愛知県一宮市木曽川町里小牧字笹原１４８番地", "url": "https://www.kaigokensaku.mhlw.go.jp/23/index.php?action_kouhyou_detail_004_kani=true&JigyosyoCd=2375400088-00&ServiceCd=510&Type=search", "url2": "https://www.seisyukai.com" }, "geometry": { "type": "Point", "coordinates": [ 136.760950699999967, 35.3474603 ] } },
{ "type": "Feature", "properties": { "内容": "特別養護老人ホーム　ガーデンハウス今伊勢【介護老人福祉施設】愛知県一宮市今伊勢町馬寄字御祭田2番地1", "url": "https://www.kaigokensaku.mhlw.go.jp/23/index.php?action_kouhyou_detail_004_kani=true&JigyosyoCd=2372206322-00&ServiceCd=510&Type=search", "url2": "http://teitokukai.jp" }, "geometry": { "type": "Point", "coordinates": [ 136.7826196, 35.3227305 ] } },
{ "type": "Feature", "properties": { "内容": "特別養護老人ホーム　丹陽【介護老人福祉施設】愛知県一宮市丹陽町九日市場字新猫塚85番地", "url": "https://www.kaigokensaku.mhlw.go.jp/23/index.php?action_kouhyou_detail_004_kani=true&JigyosyoCd=2372202495-00&ServiceCd=510&Type=search", "url2": "http://www.haruokakai.or.jp/" }, "geometry": { "type": "Point", "coordinates": [ 136.836473800000022, 35.2614571 ] } },
{ "type": "Feature", "properties": { "内容": "愛厚ホーム一宮苑【介護老人福祉施設】愛知県一宮市大和町苅安賀字狭間70", "url": "https://www.kaigokensaku.mhlw.go.jp/23/index.php?action_kouhyou_detail_004_kani=true&JigyosyoCd=2372200218-00&ServiceCd=510&Type=search", "url2": "http://www.ai-kou.or.jp" }, "geometry": { "type": "Point", "coordinates": [ 136.770631740475494, 35.288505963826118 ] } },
{ "type": "Feature", "properties": { "内容": "特別養護老人ホーム葉栗の郷【介護老人福祉施設】愛知県一宮市島村字六反田60", "url": "https://www.kaigokensaku.mhlw.go.jp/23/index.php?action_kouhyou_detail_004_kani=true&JigyosyoCd=2372202107-00&ServiceCd=510&Type=search", "url2": "http://www.hagurinosato.com" }, "geometry": { "type": "Point", "coordinates": [ 136.811523099999931, 35.3412035 ] } },
{ "type": "Feature", "properties": { "内容": "特別養護老人ホーム　奥町【介護老人福祉施設】愛知県一宮市奥町字大切前7-4", "url": "https://www.kaigokensaku.mhlw.go.jp/23/index.php?action_kouhyou_detail_004_kani=true&JigyosyoCd=2372205399-00&ServiceCd=510&Type=search", "url2": "http://www.haruokakai.or.jp/" }, "geometry": { "type": "Point", "coordinates": [ 136.762661500000036, 35.3284289 ] } },
{ "type": "Feature", "properties": { "内容": "特別養護老人ホーム　ウィローふたば【介護老人福祉施設】愛知県瀬戸市西山町１丁目４６番地の１８", "url": "https://www.kaigokensaku.mhlw.go.jp/23/index.php?action_kouhyou_detail_004_kani=true&JigyosyoCd=2372300091-00&ServiceCd=510&Type=search", "url2": "http://www.willowfutaba.jp" }, "geometry": { "type": "Point", "coordinates": [ 137.058176900000035, 35.2209825 ] } },
{ "type": "Feature", "properties": { "内容": "特別養護老人ホーム樹の里【介護老人福祉施設】愛知県瀬戸市紺屋田町９３番１０６", "url": "https://www.kaigokensaku.mhlw.go.jp/23/index.php?action_kouhyou_detail_004_kani=true&JigyosyoCd=2372300927-00&ServiceCd=510&Type=search", "url2": "https://kinosato-seto.com/" }, "geometry": { "type": "Point", "coordinates": [ 137.113771, 35.2350658 ] } },
{ "type": "Feature", "properties": { "内容": "特別養護老人ホーム　たんぽぽ菱野の里【介護老人福祉施設】愛知県瀬戸市南菱野町１２８番１", "url": "https://www.kaigokensaku.mhlw.go.jp/23/index.php?action_kouhyou_detail_004_kani=true&JigyosyoCd=2372301313-00&ServiceCd=510&Type=search", "url2": "http://www.tanpopo-fukushi.or.jp" }, "geometry": { "type": "Point", "coordinates": [ 137.074306200000024, 35.1992689 ] } },
{ "type": "Feature", "properties": { "内容": "愛厚ホーム瀬戸苑【介護老人福祉施設】愛知県瀬戸市原山町１‐１０", "url": "https://www.kaigokensaku.mhlw.go.jp/23/index.php?action_kouhyou_detail_004_kani=true&JigyosyoCd=2372300083-00&ServiceCd=510&Type=search", "url2": "http://www.ai-kou.or.jp" }, "geometry": { "type": "Point", "coordinates": [ 137.0924817, 35.2185338 ] } },
{ "type": "Feature", "properties": { "内容": "愛厚ホーム瀬戸苑【介護老人福祉施設】愛知県瀬戸市原山町１-１０", "url": "https://www.kaigokensaku.mhlw.go.jp/23/index.php?action_kouhyou_detail_004_kani=true&JigyosyoCd=2372302717-00&ServiceCd=510&Type=search", "url2": "http://www.ai-kou.or.jp" }, "geometry": { "type": "Point", "coordinates": [ 137.0921735, 35.2178052 ] } },
{ "type": "Feature", "properties": { "内容": "特別養護老人ホームつばき【介護老人福祉施設】愛知県瀬戸市中水野町2-758", "url": "https://www.kaigokensaku.mhlw.go.jp/23/index.php?action_kouhyou_detail_004_kani=true&JigyosyoCd=2372302568-00&ServiceCd=510&Type=search", "url2": "http://setochuo.com/chuokai/" }, "geometry": { "type": "Point", "coordinates": [ 137.078161671233346, 35.249023744283335 ] } },
{ "type": "Feature", "properties": { "内容": "特別養護老人ホーム　瑞光の里【介護老人福祉施設】愛知県半田市椎ノ木町一丁目６９番地", "url": "https://www.kaigokensaku.mhlw.go.jp/23/index.php?action_kouhyou_detail_004_kani=true&JigyosyoCd=2372400149-00&ServiceCd=510&Type=search", "url2": "http://www.zuikoh.jp" }, "geometry": { "type": "Point", "coordinates": [ 136.88031490000003, 34.8844367 ] } },
{ "type": "Feature", "properties": { "内容": "特別養護老人ホーム　瑞光の里ユニット型【介護老人福祉施設】愛知県半田市椎ノ木町一丁目６９番地", "url": "https://www.kaigokensaku.mhlw.go.jp/23/index.php?action_kouhyou_detail_004_kani=true&JigyosyoCd=2372401402-00&ServiceCd=510&Type=search", "url2": "http://www.zuikoh.jp" }, "geometry": { "type": "Point", "coordinates": [ 136.8802399, 34.8844423 ] } },
{ "type": "Feature", "properties": { "内容": "特別養護老人ホーム　第二瑞光の里【介護老人福祉施設】半田市土井山町二丁目１０５番地", "url": "https://www.kaigokensaku.mhlw.go.jp/23/index.php?action_kouhyou_detail_004_kani=true&JigyosyoCd=2372400669-00&ServiceCd=510&Type=search", "url2": "http://www.zuikoh.jp/index.html" }, "geometry": { "type": "Point", "coordinates": [ 136.905353099999957, 34.8985057 ] } },
{ "type": "Feature", "properties": { "内容": "特別養護老人ホーム瑞光の里緑ヶ丘【介護老人福祉施設】愛知県半田市緑ヶ丘二丁目35番1", "url": "https://www.kaigokensaku.mhlw.go.jp/23/index.php?action_kouhyou_detail_004_kani=true&JigyosyoCd=2372401592-00&ServiceCd=510&Type=search", "url2": "http://www.zuikoh.jp" }, "geometry": { "type": "Point", "coordinates": [ 136.952391475898906, 34.931884658696525 ] } },
{ "type": "Feature", "properties": { "内容": "特別養護老人ホーム　グレイスフル春日井【介護老人福祉施設】愛知県春日井市桃山町字北山5079-1", "url": "https://www.kaigokensaku.mhlw.go.jp/23/index.php?action_kouhyou_detail_004_kani=true&JigyosyoCd=2372500187-00&ServiceCd=510&Type=search", "url2": "http://www.e-sunlife.or.jp" }, "geometry": { "type": "Point", "coordinates": [ 136.966671864117416, 35.285391105549323 ] } },
{ "type": "Feature", "properties": { "内容": "介護老人福祉施設　第２グレイスフル春日井【介護老人福祉施設】春日井市牛山町3195-1", "url": "https://www.kaigokensaku.mhlw.go.jp/23/index.php?action_kouhyou_detail_004_kani=true&JigyosyoCd=2372501128-00&ServiceCd=510&Type=search", "url2": "https://sun-vision.or.jp/" }, "geometry": { "type": "Point", "coordinates": [ 136.944505199999981, 35.2720874 ] } },
{ "type": "Feature", "properties": { "内容": "特別養護老人ホーム　あさひが丘【介護老人福祉施設】愛知県春日井市神屋町1306番地1", "url": "https://www.kaigokensaku.mhlw.go.jp/23/index.php?action_kouhyou_detail_004_kani=true&JigyosyoCd=2372501953-00&ServiceCd=510&Type=search", "url2": "http://www.asahigaoka-fukushi.or.jp/" }, "geometry": { "type": "Point", "coordinates": [ 137.019102500000031, 35.3034288 ] } },
{ "type": "Feature", "properties": { "内容": "特別養護老人ホーム春日井樹の里【介護老人福祉施設】愛知県春日井市四ツ家町字四ツ家２２１番地１", "url": "https://www.kaigokensaku.mhlw.go.jp/23/index.php?action_kouhyou_detail_004_kani=true&JigyosyoCd=2372502746-00&ServiceCd=510&Type=search", "url2": "http://www.kinosato-seto.com" }, "geometry": { "type": "Point", "coordinates": [ 136.943483600000036, 35.2588253 ] } },
{ "type": "Feature", "properties": { "内容": "特別養護老人ホーム　しょうなあさひが丘【介護老人福祉施設】春日井市庄名町918番地1", "url": "https://www.kaigokensaku.mhlw.go.jp/23/index.php?action_kouhyou_detail_004_kani=true&JigyosyoCd=2372503645-00&ServiceCd=510&Type=search", "url2": "http://www.asahigaoka-fukushi.or.jp" }, "geometry": { "type": "Point", "coordinates": [ 137.0253255, 35.2795708 ] } },
{ "type": "Feature", "properties": { "内容": "特別養護老人ホーム春緑苑【介護老人福祉施設】愛知県春日井市廻間町字神屋洞703番地1", "url": "https://www.kaigokensaku.mhlw.go.jp/23/index.php?action_kouhyou_detail_004_kani=true&JigyosyoCd=2372500179-00&ServiceCd=510&Type=search", "url2": "https://www.douen.or.jp/" }, "geometry": { "type": "Point", "coordinates": [ 137.037240099999963, 35.2942725 ] } },
{ "type": "Feature", "properties": { "内容": "特別養護老人ホーム第２春緑苑【介護老人福祉施設】愛知県春日井市下津町500番地", "url": "https://www.kaigokensaku.mhlw.go.jp/23/index.php?action_kouhyou_detail_004_kani=true&JigyosyoCd=2372502159-00&ServiceCd=510&Type=search", "url2": "https://douen.or.jp" }, "geometry": { "type": "Point", "coordinates": [ 136.978815599999962, 35.2272618 ] } },
{ "type": "Feature", "properties": { "内容": "特別養護老人ホーム　秋桜の里【介護老人福祉施設】愛知県豊川市三蔵子町北浦4番地", "url": "https://www.kaigokensaku.mhlw.go.jp/23/index.php?action_kouhyou_detail_004_kani=true&JigyosyoCd=2372601142-00&ServiceCd=510&Type=search", "url2": "http://www.shinaikai1936med.or.jp/" }, "geometry": { "type": "Point", "coordinates": [ 137.382279499999981, 34.8455686 ] } },
{ "type": "Feature", "properties": { "内容": "特別養護老人ホーム穂の国荘【介護老人福祉施設】愛知県豊川市西原町松葉１０－１６", "url": "https://www.kaigokensaku.mhlw.go.jp/23/index.php?action_kouhyou_detail_004_kani=true&JigyosyoCd=2376500050-00&ServiceCd=510&Type=search", "url2": "https://www.honokuni-toyokawa.com" }, "geometry": { "type": "Point", "coordinates": [ 137.399035899999944, 34.8606731 ] } },
{ "type": "Feature", "properties": { "内容": "介護老人福祉施設　ジャルダン・リラ【介護老人福祉施設】愛知県豊川市萩町上近久８８番地", "url": "https://www.kaigokensaku.mhlw.go.jp/23/index.php?action_kouhyou_detail_004_kani=true&JigyosyoCd=2376500340-00&ServiceCd=510&Type=search", "url2": "http://www.lilas.or.jp" }, "geometry": { "type": "Point", "coordinates": [ 137.33391359999996, 34.8744628 ] } },
{ "type": "Feature", "properties": { "内容": "特別養護老人ホームあおい【介護老人福祉施設】豊川市宿町金山93番地", "url": "https://www.kaigokensaku.mhlw.go.jp/23/index.php?action_kouhyou_detail_004_kani=true&JigyosyoCd=2376500456-00&ServiceCd=510&Type=search", "url2": "http://takarakai.ec-net.jp/" }, "geometry": { "type": "Point", "coordinates": [ 137.363078099999939, 34.8048879 ] } },
{ "type": "Feature", "properties": { "内容": "特別養護老人ホームちぎり（多床室型施設）【介護老人福祉施設】愛知県豊川市篠田町四ツ家７５番地１", "url": "https://www.kaigokensaku.mhlw.go.jp/23/index.php?action_kouhyou_detail_004_kani=true&JigyosyoCd=2372600201-00&ServiceCd=510&Type=search", "url2": "http://www.chigirisou.jp/" }, "geometry": { "type": "Point", "coordinates": [ 137.395224334183411, 34.838399305419536 ] } },
{ "type": "Feature", "properties": { "内容": "特別養護老人ホーム一晃【介護老人福祉施設】愛知県豊川市御津町赤根山田１２番地", "url": "https://www.kaigokensaku.mhlw.go.jp/23/index.php?action_kouhyou_detail_004_kani=true&JigyosyoCd=2376500274-00&ServiceCd=510&Type=search", "url2": "http://juhoukai.jp" }, "geometry": { "type": "Point", "coordinates": [ 137.3027485, 34.8205646 ] } },
{ "type": "Feature", "properties": { "内容": "愛厚ホーム豊川苑【介護老人福祉施設】愛知県豊川市平尾町諏訪下73-1", "url": "https://www.kaigokensaku.mhlw.go.jp/23/index.php?action_kouhyou_detail_004_kani=true&JigyosyoCd=2372600193-00&ServiceCd=510&Type=search", "url2": "http://www.ai-kou.or.jp/home_toyokawa/2012022614511530.html" }, "geometry": { "type": "Point", "coordinates": [ 137.352712399999973, 34.8566601 ] } },
{ "type": "Feature", "properties": { "内容": "特別養護老人ホームせんりょう万両【介護老人福祉施設】愛知県豊川市千両町上西谷75番地１", "url": "https://www.kaigokensaku.mhlw.go.jp/23/index.php?action_kouhyou_detail_004_kani=true&JigyosyoCd=2372602645-00&ServiceCd=510&Type=search", "url2": "http://www.apatheia.jp/" }, "geometry": { "type": "Point", "coordinates": [ 137.365261939286825, 34.849628616818578 ] } },
{ "type": "Feature", "properties": { "内容": "特別養護老人ホームちぎり（ユニット型施設）【介護老人福祉施設】愛知県豊川市篠田町四ツ家７５番地１", "url": "https://www.kaigokensaku.mhlw.go.jp/23/index.php?action_kouhyou_detail_004_kani=true&JigyosyoCd=2372602967-00&ServiceCd=510&Type=search", "url2": "http://www.chigirisou.jp/" }, "geometry": { "type": "Point", "coordinates": [ 137.395229979623451, 34.838394550593051 ] } },
{ "type": "Feature", "properties": { "内容": "特別養護老人ホーム恵寿荘【介護老人福祉施設】愛知県津島市唐臼町半池７２番地６", "url": "https://www.kaigokensaku.mhlw.go.jp/23/index.php?action_kouhyou_detail_004_kani=true&JigyosyoCd=2372700076-00&ServiceCd=510&Type=search", "url2": "http://www5.ocn.ne.jp/~keijusou/" }, "geometry": { "type": "Point", "coordinates": [ 136.749111399999947, 35.155663 ] } },
{ "type": "Feature", "properties": { "内容": "特別養護老人ホーム長寿の里・津島【介護老人福祉施設】愛知県津島市江西町一丁目3番1", "url": "https://www.kaigokensaku.mhlw.go.jp/23/index.php?action_kouhyou_detail_004_kani=true&JigyosyoCd=2372700241-00&ServiceCd=510&Type=search", "url2": "http：//www.aisankai.jp" }, "geometry": { "type": "Point", "coordinates": [ 136.713547100000028, 35.1786091 ] } },
{ "type": "Feature", "properties": { "内容": "介護老人福祉施設　第二陽だまりの里【介護老人福祉施設】愛知県津島市寺野町字好土４４番地", "url": "https://www.kaigokensaku.mhlw.go.jp/23/index.php?action_kouhyou_detail_004_kani=true&JigyosyoCd=2372700795-00&ServiceCd=510&Type=search", "url2": "http://www.at-ml.jp" }, "geometry": { "type": "Point", "coordinates": [ 136.7734911, 35.1908835 ] } },
{ "type": "Feature", "properties": { "内容": "特別養護老人ホーム　シルバーピアみどり苑【介護老人福祉施設】愛知県碧南市油渕町３丁目５０番地", "url": "https://www.kaigokensaku.mhlw.go.jp/23/index.php?action_kouhyou_detail_004_kani=true&JigyosyoCd=2372800074-00&ServiceCd=510&Type=search", "url2": "http://www.choujyukai.or.jp/midorien/" }, "geometry": { "type": "Point", "coordinates": [ 137.009481199999982, 34.9066604 ] } },
{ "type": "Feature", "properties": { "内容": "特別養護老人ホームひまわり【介護老人福祉施設】愛知県碧南市鷲林町４丁目１０９番地1", "url": "https://www.kaigokensaku.mhlw.go.jp/23/index.php?action_kouhyou_detail_004_kani=true&JigyosyoCd=2372800819-00&ServiceCd=510&Type=search", "url2": "http://www.aiseikan.or.jp" }, "geometry": { "type": "Point", "coordinates": [ 137.023294299999947, 34.8830276 ] } },
{ "type": "Feature", "properties": { "内容": "特別養護老人ホーム　川口結いの家【介護老人福祉施設】愛知県碧南市川口町1丁目178番地１", "url": "https://www.kaigokensaku.mhlw.go.jp/23/index.php?action_kouhyou_detail_004_kani=true&JigyosyoCd=2372800470-00&ServiceCd=510&Type=search", "url2": "http://yuinoie.or.jp" }, "geometry": { "type": "Point", "coordinates": [ 136.974713400000041, 34.8395633 ] } },
{ "type": "Feature", "properties": { "内容": "特別養護老人ホーム洲原ほーむ【介護老人福祉施設】愛知県刈谷市井ヶ谷町西石根1番地10", "url": "https://www.kaigokensaku.mhlw.go.jp/23/index.php?action_kouhyou_detail_004_kani=true&JigyosyoCd=2372900056-00&ServiceCd=510&Type=search", "url2": "www.misuzu.or.jp" }, "geometry": { "type": "Point", "coordinates": [ 137.05914759999996, 35.058261 ] } },
{ "type": "Feature", "properties": { "内容": "特別養護老人ホームヴェルバレー【介護老人福祉施設】愛知県刈谷市井ヶ谷町石根1番地558特別養護老人ホーム　ヴェルバレー", "url": "https://www.kaigokensaku.mhlw.go.jp/23/index.php?action_kouhyou_detail_004_kani=true&JigyosyoCd=2372900494-00&ServiceCd=510&Type=search", "url2": "https://misuzu.or.jp/" }, "geometry": { "type": "Point", "coordinates": [ 137.060266899999988, 35.0587304 ] } },
{ "type": "Feature", "properties": { "内容": "特別養護老人ホームオーネスト杜若【介護老人福祉施設】愛知県刈谷市港町六丁目33番地", "url": "https://www.kaigokensaku.mhlw.go.jp/23/index.php?action_kouhyou_detail_004_kani=true&JigyosyoCd=2372901781-00&ServiceCd=510&Type=search", "url2": "ｈｔｔｐ://www.shisuikai.or.jp" }, "geometry": { "type": "Point", "coordinates": [ 136.985572812166424, 34.980548114281873 ] } },
{ "type": "Feature", "properties": { "内容": "特別養護老人ホーム　シルバーピアかりや【介護老人福祉施設】愛知県刈谷市小垣江町白沢４５番地", "url": "https://www.kaigokensaku.mhlw.go.jp/23/index.php?action_kouhyou_detail_004_kani=true&JigyosyoCd=2372900866-00&ServiceCd=510&Type=search", "url2": "http://www.choujyukai.or.jp" }, "geometry": { "type": "Point", "coordinates": [ 137.009443199999964, 34.9587704 ] } },
{ "type": "Feature", "properties": { "内容": "特別養護老人ホームパレット【介護老人福祉施設】愛知県刈谷市東境町大池27－1特別養護老人ホームパレット", "url": "https://www.kaigokensaku.mhlw.go.jp/23/index.php?action_kouhyou_detail_004_kani=true&JigyosyoCd=2372901963-00&ServiceCd=510&Type=search", "url2": "https://megurine.or.jp/" }, "geometry": { "type": "Point", "coordinates": [ 137.038471893709556, 35.043732264854874 ] } },
{ "type": "Feature", "properties": { "内容": "特別養護老人ホーム豊水園【介護老人福祉施設】愛知県豊田市今町5丁目40番地1", "url": "https://www.kaigokensaku.mhlw.go.jp/23/index.php?action_kouhyou_detail_004_kani=true&JigyosyoCd=2373001219-00&ServiceCd=510&Type=search", "url2": "http://www.midorinosato4165.or.jp" }, "geometry": { "type": "Point", "coordinates": [ 137.171337799999947, 35.0422468 ] } },
{ "type": "Feature", "properties": { "内容": "特別養護老人ホームアメニティ豊田駅前【介護老人福祉施設】豊田市喜多町２丁目１７０", "url": "https://www.kaigokensaku.mhlw.go.jp/23/index.php?action_kouhyou_detail_004_kani=true&JigyosyoCd=2373003900-00&ServiceCd=510&Type=search", "url2": "http://asahi-kai.jp/" }, "geometry": { "type": "Point", "coordinates": [ 137.158481516779489, 35.087101693861328 ] } },
{ "type": "Feature", "properties": { "内容": "特別養護老人ホームすばる【介護老人福祉施設】愛知県豊田市本新町７丁目５０番地７", "url": "https://www.kaigokensaku.mhlw.go.jp/23/index.php?action_kouhyou_detail_004_kani=true&JigyosyoCd=2373000690-00&ServiceCd=510&Type=search", "url2": "https://tokueikaisubaru.com" }, "geometry": { "type": "Point", "coordinates": [ 137.1162005, 35.0787652 ] } },
{ "type": "Feature", "properties": { "内容": "特別養護老人ホーム豊田みのり園【介護老人福祉施設】愛知県豊田市中根町男松79番地", "url": "https://www.kaigokensaku.mhlw.go.jp/23/index.php?action_kouhyou_detail_004_kani=true&JigyosyoCd=2373001383-00&ServiceCd=510&Type=search", "url2": "http://www.hm7.aitai.ne.jp/~minorien/" }, "geometry": { "type": "Point", "coordinates": [ 137.085348899999985, 35.0278504 ] } },
{ "type": "Feature", "properties": { "内容": "特別養護老人ホーム　笑いの家【介護老人福祉施設】愛知県豊田市滝脇町杉長入23", "url": "https://www.kaigokensaku.mhlw.go.jp/23/index.php?action_kouhyou_detail_004_kani=true&JigyosyoCd=2373002233-00&ServiceCd=510&Type=search", "url2": "http://www.midorinosato4165.or.jp" }, "geometry": { "type": "Point", "coordinates": [ 137.248121099999906, 35.0397415 ] } },
{ "type": "Feature", "properties": { "内容": "特別養護老人ホーム小原安立【介護老人福祉施設】愛知県豊田市沢田町座内２２番地", "url": "https://www.kaigokensaku.mhlw.go.jp/23/index.php?action_kouhyou_detail_004_kani=true&JigyosyoCd=2376100182-00&ServiceCd=510&Type=search", "url2": "http://www.syoutokukai.or.jp/obara/" }, "geometry": { "type": "Point", "coordinates": [ 137.271657884655724, 35.243508466683856 ] } },
{ "type": "Feature", "properties": { "内容": "特別養護老人ホーム巴の里【介護老人福祉施設】愛知県豊田市岩神町仲田38番地5", "url": "https://www.kaigokensaku.mhlw.go.jp/23/index.php?action_kouhyou_detail_004_kani=true&JigyosyoCd=2376200206-00&ServiceCd=510&Type=search", "url2": "https://fukushi.higashikamo.or.jp/" }, "geometry": { "type": "Point", "coordinates": [ 137.306177, 35.1305579 ] } },
{ "type": "Feature", "properties": { "内容": "特別養護老人ホーム　豊田福寿園【介護老人福祉施設】愛知県豊田市高町東山７－４６", "url": "https://www.kaigokensaku.mhlw.go.jp/23/index.php?action_kouhyou_detail_004_kani=true&JigyosyoCd=2373000229-00&ServiceCd=510&Type=search", "url2": "http://www.fukujuen.or.jp" }, "geometry": { "type": "Point", "coordinates": [ 137.175383600000032, 35.1320644 ] } },
{ "type": "Feature", "properties": { "内容": "特別養護老人ホームみなみ福寿園【介護老人福祉施設】愛知県豊田市永覚新町5-194", "url": "https://www.kaigokensaku.mhlw.go.jp/23/index.php?action_kouhyou_detail_004_kani=true&JigyosyoCd=2373000245-00&ServiceCd=510&Type=search", "url2": "http://www.fukujuen.or.jp" }, "geometry": { "type": "Point", "coordinates": [ 137.136061, 35.035196 ] } },
{ "type": "Feature", "properties": { "内容": "特別養護老人ホームひまわりの街【介護老人福祉施設】愛知県豊田市本町本竜48", "url": "https://www.kaigokensaku.mhlw.go.jp/23/index.php?action_kouhyou_detail_004_kani=true&JigyosyoCd=2373002100-00&ServiceCd=510&Type=search", "url2": "http://www.fukujuen.or.jp" }, "geometry": { "type": "Point", "coordinates": [ 137.118964900000037, 35.051388 ] } },
{ "type": "Feature", "properties": { "内容": "特別養護老人ホームとよた苑【介護老人福祉施設】愛知県豊田市野見山町5丁目80番地1", "url": "https://www.kaigokensaku.mhlw.go.jp/23/index.php?action_kouhyou_detail_004_kani=true&JigyosyoCd=2373000237-00&ServiceCd=510&Type=search", "url2": "https://douen.or.jp" }, "geometry": { "type": "Point", "coordinates": [ 137.187214858335892, 35.066703346399166 ] } },
{ "type": "Feature", "properties": { "内容": "特別養護老人ホーム第２とよた苑【介護老人福祉施設】愛知県豊田市大清水町大清水１７９－１", "url": "https://www.kaigokensaku.mhlw.go.jp/23/index.php?action_kouhyou_detail_004_kani=true&JigyosyoCd=2373002191-00&ServiceCd=510&Type=search", "url2": "https://douen.or.jp" }, "geometry": { "type": "Point", "coordinates": [ 137.1436658, 35.1113351 ] } },
{ "type": "Feature", "properties": { "内容": "ユニット型特別養護老人ホーム三九園【介護老人福祉施設】愛知県豊田市本地町９丁目６３番", "url": "https://www.kaigokensaku.mhlw.go.jp/23/index.php?action_kouhyou_detail_004_kani=true&JigyosyoCd=2373004320-00&ServiceCd=510&Type=search", "url2": "https://sankuro-welfare.or.jp" }, "geometry": { "type": "Point", "coordinates": [ 137.1092521, 35.0711412 ] } },
{ "type": "Feature", "properties": { "内容": "特別養護老人ホーム三九園【介護老人福祉施設】愛知県豊田市本地町９丁目６３番", "url": "https://www.kaigokensaku.mhlw.go.jp/23/index.php?action_kouhyou_detail_004_kani=true&JigyosyoCd=2373004346-00&ServiceCd=510&Type=search", "url2": "https://sankuro-welfare.or.jp" }, "geometry": { "type": "Point", "coordinates": [ 137.1092521, 35.0711412 ] } },
{ "type": "Feature", "properties": { "内容": "特別養護老人ホーム小川の里【介護老人福祉施設】愛知県安城市小川町三ツ塚1番地1", "url": "https://www.kaigokensaku.mhlw.go.jp/23/index.php?action_kouhyou_detail_004_kani=true&JigyosyoCd=2373100532-00&ServiceCd=510&Type=search", "url2": "http://www.iful-jikeikai.com" }, "geometry": { "type": "Point", "coordinates": [ 137.0778133, 34.9099669 ] } },
{ "type": "Feature", "properties": { "内容": "社会福祉法人　安祥福祉会【介護老人福祉施設】愛知県安城市福釜町矢場８８番地", "url": "https://www.kaigokensaku.mhlw.go.jp/23/index.php?action_kouhyou_detail_004_kani=true&JigyosyoCd=2373101175-00&ServiceCd=510&Type=search", "url2": "http://www.annon.or.jp/" }, "geometry": { "type": "Point", "coordinates": [ 137.058618700000011, 34.9484698 ] } },
{ "type": "Feature", "properties": { "内容": "特別養護老人ホーム　安寿の郷ホーム【介護老人福祉施設】愛知県安城市別郷町油石105", "url": "https://www.kaigokensaku.mhlw.go.jp/23/index.php?action_kouhyou_detail_004_kani=true&JigyosyoCd=2373100086-00&ServiceCd=510&Type=search", "url2": "https://misuzu.or.jp" }, "geometry": { "type": "Point", "coordinates": [ 137.111885, 34.9612898 ] } },
{ "type": "Feature", "properties": { "内容": "特別養護老人ホームひがしばた【介護老人福祉施設】愛知県安城市東端町鴻ノ巣72番地2", "url": "https://www.kaigokensaku.mhlw.go.jp/23/index.php?action_kouhyou_detail_004_kani=true&JigyosyoCd=2373101639-00&ServiceCd=510&Type=search", "url2": "http://www.higashibata.org/" }, "geometry": { "type": "Point", "coordinates": [ 137.027892467597923, 34.914646247233591 ] } },
{ "type": "Feature", "properties": { "内容": "特別養護老人ホーム　鎌倉街道東山【介護老人福祉施設】愛知県安城市里町壱斗山249番地", "url": "https://www.kaigokensaku.mhlw.go.jp/23/index.php?action_kouhyou_detail_004_kani=true&JigyosyoCd=2373102496-00&ServiceCd=510&Type=search", "url2": "https://higashiyama.hp.peraichi.com/" }, "geometry": { "type": "Point", "coordinates": [ 137.1073313, 34.9934175 ] } },
{ "type": "Feature", "properties": { "内容": "特別養護老人ホーム　ひまわり・安城【介護老人福祉施設】愛知県安城市福釜町下山81番地1特別養護老人ホーム　ひまわり・安城", "url": "https://www.kaigokensaku.mhlw.go.jp/23/index.php?action_kouhyou_detail_004_kani=true&JigyosyoCd=2373102165-00&ServiceCd=510&Type=search", "url2": "http://aiseikan.xsrv.jp/01/" }, "geometry": { "type": "Point", "coordinates": [ 137.038348900000017, 34.9392324 ] } },
{ "type": "Feature", "properties": { "内容": "特別養護老人ホームとくつぎ【介護老人福祉施設】愛知県西尾市徳次町明大寺61番地2", "url": "https://www.kaigokensaku.mhlw.go.jp/23/index.php?action_kouhyou_detail_004_kani=true&JigyosyoCd=2373201694-00&ServiceCd=510&Type=search", "url2": "https://shuureikai.com" }, "geometry": { "type": "Point", "coordinates": [ 137.072292800000014, 34.8632573 ] } },
{ "type": "Feature", "properties": { "内容": "特別養護老人ホーム　いちご【介護老人福祉施設】愛知県西尾市市子町稲荷122番地", "url": "https://www.kaigokensaku.mhlw.go.jp/23/index.php?action_kouhyou_detail_004_kani=true&JigyosyoCd=2373200654-00&ServiceCd=510&Type=search", "url2": "http://www.seiseikai15.or.jp/" }, "geometry": { "type": "Point", "coordinates": [ 137.037918359524497, 34.831305403311845 ] } },
{ "type": "Feature", "properties": { "内容": "特別養護老人ホームしはとの郷【介護老人福祉施設】愛知県西尾市鳥羽町迎49番地2", "url": "https://www.kaigokensaku.mhlw.go.jp/23/index.php?action_kouhyou_detail_004_kani=true&JigyosyoCd=2375900061-00&ServiceCd=510&Type=search", "url2": "http://www.shihato.com/" }, "geometry": { "type": "Point", "coordinates": [ 137.09733109325407, 34.796701353534687 ] } },
{ "type": "Feature", "properties": { "内容": "特別養護老人ホームせんねん村【介護老人福祉施設】愛知県西尾市平口町大溝77番地", "url": "https://www.kaigokensaku.mhlw.go.jp/23/index.php?action_kouhyou_detail_004_kani=true&JigyosyoCd=2373200290-00&ServiceCd=510&Type=search", "url2": "http://www.sen-nen.or.jp" }, "geometry": { "type": "Point", "coordinates": [ 137.051423900000032, 34.82558 ] } },
{ "type": "Feature", "properties": { "内容": "愛厚ホーム西尾苑【介護老人福祉施設】西尾市八ツ面町蔵屋敷１２０番地", "url": "https://www.kaigokensaku.mhlw.go.jp/23/index.php?action_kouhyou_detail_004_kani=true&JigyosyoCd=2373200092-00&ServiceCd=510&Type=search", "url2": "http://www.ai-kou.or.jp/" }, "geometry": { "type": "Point", "coordinates": [ 137.076700699999947, 34.8786624 ] } },
{ "type": "Feature", "properties": { "内容": "せんねん村矢曽根【介護老人福祉施設】愛知県西尾市矢曽根町蓮雲寺２９番地１", "url": "https://www.kaigokensaku.mhlw.go.jp/23/index.php?action_kouhyou_detail_004_kani=true&JigyosyoCd=2373201181-00&ServiceCd=510&Type=search", "url2": "http://www.sen-nen.or.jp" }, "geometry": { "type": "Point", "coordinates": [ 137.050150900000062, 34.8563677 ] } },
{ "type": "Feature", "properties": { "内容": "特別養護老人ホームレジデンス宮崎【介護老人福祉施設】愛知県西尾市吉良町宮崎丸山14番地1", "url": "https://www.kaigokensaku.mhlw.go.jp/23/index.php?action_kouhyou_detail_004_kani=true&JigyosyoCd=2375900376-00&ServiceCd=510&Type=search", "url2": "http://www.rdmiya.com/" }, "geometry": { "type": "Point", "coordinates": [ 137.086438199999947, 34.7783589 ] } },
{ "type": "Feature", "properties": { "内容": "特別養護老人ホーム　楓の杜【介護老人福祉施設】愛知県蒲郡市神ノ郷町下向山35番地", "url": "https://www.kaigokensaku.mhlw.go.jp/23/index.php?action_kouhyou_detail_004_kani=true&JigyosyoCd=2373301270-00&ServiceCd=510&Type=search", "url2": "http://juhoukai.jp" }, "geometry": { "type": "Point", "coordinates": [ 137.216377200000011, 34.8307694 ] } },
{ "type": "Feature", "properties": { "内容": "特別養護老人ホーム形原眺海園【介護老人福祉施設】愛知県蒲郡市形原町西稲荷18-2", "url": "https://www.kaigokensaku.mhlw.go.jp/23/index.php?action_kouhyou_detail_004_kani=true&JigyosyoCd=2373300132-00&ServiceCd=510&Type=search", "url2": "http://f-fukushi.com" }, "geometry": { "type": "Point", "coordinates": [ 137.1765, 34.8092524 ] } },
{ "type": "Feature", "properties": { "内容": "特別養護老人ホーム　蒲郡眺海園【介護老人福祉施設】愛知県蒲郡市拾石町浅岡１－７蒲郡眺海園", "url": "https://www.kaigokensaku.mhlw.go.jp/23/index.php?action_kouhyou_detail_004_kani=true&JigyosyoCd=2373300124-00&ServiceCd=510&Type=search", "url2": "http://f-fukushi.com/" }, "geometry": { "type": "Point", "coordinates": [ 137.19848520000005, 34.8142741 ] } },
{ "type": "Feature", "properties": { "内容": "特別養護老人ホーム　五井眺海園【介護老人福祉施設】蒲郡市五井町五反田7番地1", "url": "https://www.kaigokensaku.mhlw.go.jp/23/index.php?action_kouhyou_detail_004_kani=true&JigyosyoCd=2373300769-00&ServiceCd=510&Type=search", "url2": "http://f-fukushi.com/" }, "geometry": { "type": "Point", "coordinates": [ 137.246560300000027, 34.8355167 ] } },
{ "type": "Feature", "properties": { "内容": "特別養護老人ホーム　ぬく森【介護老人福祉施設】愛知県犬山市大字前原字橋爪山１５番地１２１", "url": "https://www.kaigokensaku.mhlw.go.jp/23/index.php?action_kouhyou_detail_004_kani=true&JigyosyoCd=2373400080-00&ServiceCd=510&Type=search", "url2": "http://www.tomoiki.or.jp" }, "geometry": { "type": "Point", "coordinates": [ 136.982624, 35.3689716 ] } },
{ "type": "Feature", "properties": { "内容": "ユニット型　特別養護老人ホーム　ぬく森【介護老人福祉施設】愛知県犬山市大字前原字橋爪山１５番地１２１", "url": "https://www.kaigokensaku.mhlw.go.jp/23/index.php?action_kouhyou_detail_004_kani=true&JigyosyoCd=2373400809-00&ServiceCd=510&Type=search", "url2": "http://www.tomoiki.or.jp" }, "geometry": { "type": "Point", "coordinates": [ 136.982624, 35.3689716 ] } },
{ "type": "Feature", "properties": { "内容": "特別養護老人ホームぬく森・第二【介護老人福祉施設】愛知県犬山市羽黒安戸南一丁目57番地", "url": "https://www.kaigokensaku.mhlw.go.jp/23/index.php?action_kouhyou_detail_004_kani=true&JigyosyoCd=2373400965-00&ServiceCd=510&Type=search", "url2": "https://www.tomoiki.or.jp" }, "geometry": { "type": "Point", "coordinates": [ 136.969422007826239, 35.356717200474719 ] } },
{ "type": "Feature", "properties": { "内容": "特別養護老人ホーム　犬山白寿苑【介護老人福祉施設】愛知県犬山市字洞田30番地の１", "url": "https://www.kaigokensaku.mhlw.go.jp/23/index.php?action_kouhyou_detail_004_kani=true&JigyosyoCd=2373400072-00&ServiceCd=510&Type=search", "url2": "http://www.i-hakujuen.or.jp" }, "geometry": { "type": "Point", "coordinates": [ 136.967061, 35.3313019 ] } },
{ "type": "Feature", "properties": { "内容": "特別養護老人ホーム　犬山白寿苑（ユニット）【介護老人福祉施設】愛知県犬山市字洞田３０番地の１", "url": "https://www.kaigokensaku.mhlw.go.jp/23/index.php?action_kouhyou_detail_004_kani=true&JigyosyoCd=2373400924-00&ServiceCd=510&Type=search", "url2": "http://www.i-hakujuen.or.jp" }, "geometry": { "type": "Point", "coordinates": [ 136.967061, 35.3313019 ] } },
{ "type": "Feature", "properties": { "内容": "特別養護老人ホーム　むらさき野苑【介護老人福祉施設】愛知県常滑市字長峰一ノ切17", "url": "https://www.kaigokensaku.mhlw.go.jp/23/index.php?action_kouhyou_detail_004_kani=true&JigyosyoCd=2373500046-00&ServiceCd=510&Type=search", "url2": "http://www.chita-gakuen.or.jp/murasaki" }, "geometry": { "type": "Point", "coordinates": [ 136.864716600000065, 34.8902533 ] } },
{ "type": "Feature", "properties": { "内容": "介護老人福祉施設しろやま【介護老人福祉施設】愛知県常滑市金山字屋敷30番地１", "url": "https://www.kaigokensaku.mhlw.go.jp/23/index.php?action_kouhyou_detail_004_kani=true&JigyosyoCd=2373500269-00&ServiceCd=510&Type=search", "url2": "http://f-raikoukai.or.jp" }, "geometry": { "type": "Point", "coordinates": [ 136.838215699999978, 34.9304703 ] } },
{ "type": "Feature", "properties": { "内容": "特別養護老人ホームふぁみりい恕苑【介護老人福祉施設】愛知県江南市小杁町林125番地", "url": "https://www.kaigokensaku.mhlw.go.jp/23/index.php?action_kouhyou_detail_004_kani=true&JigyosyoCd=2373600721-00&ServiceCd=510&Type=search", "url2": "https://suito-net.com" }, "geometry": { "type": "Point", "coordinates": [ 136.878032, 35.3678959 ] } },
{ "type": "Feature", "properties": { "内容": "特別養護老人ホームたんぽぽ絆の里【介護老人福祉施設】愛知県江南市島宮町桐野200番地", "url": "https://www.kaigokensaku.mhlw.go.jp/23/index.php?action_kouhyou_detail_004_kani=true&JigyosyoCd=2373601489-00&ServiceCd=510&Type=search", "url2": "http://www.tanpopo-fukushi.or.jp/kizuna/top.html" }, "geometry": { "type": "Point", "coordinates": [ 136.848453160713234, 35.327087985247523 ] } },
{ "type": "Feature", "properties": { "内容": "特別養護老人ホーム第2サンライフ江南【介護老人福祉施設】愛知県江南市河野町五十間73第2サンライフ江南", "url": "https://www.kaigokensaku.mhlw.go.jp/23/index.php?action_kouhyou_detail_004_kani=true&JigyosyoCd=2373601307-00&ServiceCd=510&Type=search", "url2": "https://sun-vision.or.jp" }, "geometry": { "type": "Point", "coordinates": [ 136.840251399999943, 35.3470763 ] } },
{ "type": "Feature", "properties": { "内容": "特別養護老人ホーム　ジョイフル布袋【介護老人福祉施設】愛知県江南市北山町東196", "url": "https://www.kaigokensaku.mhlw.go.jp/23/index.php?action_kouhyou_detail_004_kani=true&JigyosyoCd=2373601315-00&ServiceCd=510&Type=search", "url2": "https://sun-vision.or.jp" }, "geometry": { "type": "Point", "coordinates": [ 136.880750273446779, 35.316528323673474 ] } },
{ "type": "Feature", "properties": { "内容": "特別養護老人ホームジョイフル江南【介護老人福祉施設】愛知県江南市河野町五十間５９番地", "url": "https://www.kaigokensaku.mhlw.go.jp/23/index.php?action_kouhyou_detail_004_kani=true&JigyosyoCd=2373601323-00&ServiceCd=510&Type=search", "url2": "http://www.sun-vision.or.jp" }, "geometry": { "type": "Point", "coordinates": [ 136.839219899999989, 35.3462153 ] } },
{ "type": "Feature", "properties": { "内容": "特別養護老人ホーム第２ジョイフル江南【介護老人福祉施設】江南市河野町五十間51番地", "url": "https://www.kaigokensaku.mhlw.go.jp/23/index.php?action_kouhyou_detail_004_kani=true&JigyosyoCd=2373601331-00&ServiceCd=510&Type=search", "url2": "https://sun-vision.or.jp" }, "geometry": { "type": "Point", "coordinates": [ 136.839399700000058, 35.3465135 ] } },
{ "type": "Feature", "properties": { "内容": "特別養護老人ホーム　幸の郷【介護老人福祉施設】愛知県小牧市大字北外山字掛割８番地１", "url": "https://www.kaigokensaku.mhlw.go.jp/23/index.php?action_kouhyou_detail_004_kani=true&JigyosyoCd=2373801998-00&ServiceCd=510&Type=search", "url2": "http://genki-kotobukikai.jp/shiawasenosato/" }, "geometry": { "type": "Point", "coordinates": [ 136.924103742256307, 35.274784916704 ] } },
{ "type": "Feature", "properties": { "内容": "特別養護老人ホーム　オーネスト桃花林【介護老人福祉施設】小牧市大字上末字道場５８０番地１", "url": "https://www.kaigokensaku.mhlw.go.jp/23/index.php?action_kouhyou_detail_004_kani=true&JigyosyoCd=2373801006-00&ServiceCd=510&Type=search", "url2": "http://shisuikai.or.jp" }, "geometry": { "type": "Point", "coordinates": [ 136.91095150000001, 35.2903104 ] } },
{ "type": "Feature", "properties": { "内容": "特別養護老人ホームゆうあい【介護老人福祉施設】愛知県小牧市小木南二丁目８８番", "url": "https://www.kaigokensaku.mhlw.go.jp/23/index.php?action_kouhyou_detail_004_kani=true&JigyosyoCd=2373800081-00&ServiceCd=510&Type=search", "url2": "http://www.seisho-fukushi.org/yuuai/" }, "geometry": { "type": "Point", "coordinates": [ 136.8953146, 35.2693597 ] } },
{ "type": "Feature", "properties": { "内容": "特別養護老人ホーム岩崎あいの郷【介護老人福祉施設】愛知県小牧市岩崎原三丁目２９２番地", "url": "https://www.kaigokensaku.mhlw.go.jp/23/index.php?action_kouhyou_detail_004_kani=true&JigyosyoCd=2373800677-00&ServiceCd=510&Type=search", "url2": "http://www.seisho-fukushi.org" }, "geometry": { "type": "Point", "coordinates": [ 136.925440900000012, 35.3128829 ] } },
{ "type": "Feature", "properties": { "内容": "愛厚ホーム小牧苑【介護老人福祉施設】愛知県小牧市大字大山字岩次208-15", "url": "https://www.kaigokensaku.mhlw.go.jp/23/index.php?action_kouhyou_detail_004_kani=true&JigyosyoCd=2373800073-00&ServiceCd=510&Type=search", "url2": "http://www.ai-kou.or.jp/" }, "geometry": { "type": "Point", "coordinates": [ 136.999737982811013, 35.316814269466789 ] } },
{ "type": "Feature", "properties": { "内容": "特別養護老人ホーム寿敬園【介護老人福祉施設】愛知県稲沢市平和町観音堂東海塚26番地", "url": "https://www.kaigokensaku.mhlw.go.jp/23/index.php?action_kouhyou_detail_004_kani=true&JigyosyoCd=2375500093-00&ServiceCd=510&Type=search", "url2": "http://kisenkai.or.jp/" }, "geometry": { "type": "Point", "coordinates": [ 136.754987680735695, 35.226225406731018 ] } },
{ "type": "Feature", "properties": { "内容": "特別養護老人ホーム寿敬園(ユニット型)【介護老人福祉施設】愛知県稲沢市平和町観音堂東海塚26番地", "url": "https://www.kaigokensaku.mhlw.go.jp/23/index.php?action_kouhyou_detail_004_kani=true&JigyosyoCd=2373902192-00&ServiceCd=510&Type=search", "url2": "http://kisenkai.or.jp/" }, "geometry": { "type": "Point", "coordinates": [ 136.755406, 35.2261315 ] } },
{ "type": "Feature", "properties": { "内容": "特別養護老人ホーム信竜【介護老人福祉施設】愛知県稲沢市大塚北九丁目４５番地", "url": "https://www.kaigokensaku.mhlw.go.jp/23/index.php?action_kouhyou_detail_004_kani=true&JigyosyoCd=2373901764-00&ServiceCd=510&Type=search", "url2": "http://www.shinryu.or.jp/" }, "geometry": { "type": "Point", "coordinates": [ 136.801409722367907, 35.242632714547078 ] } },
{ "type": "Feature", "properties": { "内容": "特別養護老人ホーム祖父江グリーンハウス【介護老人福祉施設】愛知県稲沢市祖父江町祖父江中沼15番地", "url": "https://www.kaigokensaku.mhlw.go.jp/23/index.php?action_kouhyou_detail_004_kani=true&JigyosyoCd=2375500085-00&ServiceCd=510&Type=search", "url2": "http://www.sobue-gh.or.jp" }, "geometry": { "type": "Point", "coordinates": [ 136.707439499999964, 35.2695019 ] } },
{ "type": "Feature", "properties": { "内容": "特別養護老人ホーム　稲沢白寿苑【介護老人福祉施設】治郎丸元町３４番地", "url": "https://www.kaigokensaku.mhlw.go.jp/23/index.php?action_kouhyou_detail_004_kani=true&JigyosyoCd=2373902002-00&ServiceCd=510&Type=search", "url2": "http://www.i-hakujuen.or.jp" }, "geometry": { "type": "Point", "coordinates": [ 136.811663599999946, 35.2628063 ] } },
{ "type": "Feature", "properties": { "内容": "特別養護老人ホーム　すずの郷【介護老人福祉施設】愛知県稲沢市船橋町江向193番地１", "url": "https://www.kaigokensaku.mhlw.go.jp/23/index.php?action_kouhyou_detail_004_kani=true&JigyosyoCd=2373900915-00&ServiceCd=510&Type=search", "url2": "http://suzunosato.org/" }, "geometry": { "type": "Point", "coordinates": [ 136.772913900000049, 35.2482042 ] } },
{ "type": "Feature", "properties": { "内容": "介護老人福祉施設　大和の里【介護老人福祉施設】愛知県稲沢市六角堂東町一丁目3番地6", "url": "https://www.kaigokensaku.mhlw.go.jp/23/index.php?action_kouhyou_detail_004_kani=true&JigyosyoCd=2373900063-00&ServiceCd=510&Type=search", "url2": "https://www.kunpuukai.com/" }, "geometry": { "type": "Point", "coordinates": [ 136.830484599999977, 35.2346712 ] } },
{ "type": "Feature", "properties": { "内容": "特別養護老人ホーム第二大和の里（ユニット）【介護老人福祉施設】愛知県稲沢市井堀野口町27番地", "url": "https://www.kaigokensaku.mhlw.go.jp/23/index.php?action_kouhyou_detail_004_kani=true&JigyosyoCd=2373901582-00&ServiceCd=510&Type=search", "url2": "https://www.kunpuukai.com/daini-daiwanosato/" }, "geometry": { "type": "Point", "coordinates": [ 136.757621699999959, 35.2343663 ] } },
{ "type": "Feature", "properties": { "内容": "特別養護老人ホーム第二大和の里【介護老人福祉施設】愛知県稲沢市井堀野口町27番地", "url": "https://www.kaigokensaku.mhlw.go.jp/23/index.php?action_kouhyou_detail_004_kani=true&JigyosyoCd=2373900196-00&ServiceCd=510&Type=search", "url2": "https://www.kunpuukai.com/daini-daiwanosato/" }, "geometry": { "type": "Point", "coordinates": [ 136.757621699999959, 35.2343663 ] } },
{ "type": "Feature", "properties": { "内容": "特別養護老人ホーム麗楽荘【介護老人福祉施設】新城市矢部字上ノ川1番地4", "url": "https://www.kaigokensaku.mhlw.go.jp/23/index.php?action_kouhyou_detail_004_kani=true&JigyosyoCd=2374000053-00&ServiceCd=510&Type=search", "url2": "http://www.i-f.or.jp" }, "geometry": { "type": "Point", "coordinates": [ 137.508027299999981, 34.9168886 ] } },
{ "type": "Feature", "properties": { "内容": "特別養護老人ホーム翠華の里【介護老人福祉施設】愛知県新城市豊岡字田ノ島５２番９", "url": "https://www.kaigokensaku.mhlw.go.jp/23/index.php?action_kouhyou_detail_004_kani=true&JigyosyoCd=2374000749-00&ServiceCd=510&Type=search", "url2": "https://www.suikanosato.or.jp" }, "geometry": { "type": "Point", "coordinates": [ 137.612636804791066, 34.978190985668071 ] } },
{ "type": "Feature", "properties": { "内容": "特別養護老人ホームくるみ荘【介護老人福祉施設】愛知県新城市玖老勢字クルミ沢１番地の２", "url": "https://www.kaigokensaku.mhlw.go.jp/23/index.php?action_kouhyou_detail_004_kani=true&JigyosyoCd=2376400046-00&ServiceCd=510&Type=search", "url2": "https://www.houjukai.org/" }, "geometry": { "type": "Point", "coordinates": [ 137.559538800000041, 34.99597 ] } },
{ "type": "Feature", "properties": { "内容": "特別養護老人ホームセレナ東海【介護老人福祉施設】愛知県東海市加木屋町裾77番地1", "url": "https://www.kaigokensaku.mhlw.go.jp/23/index.php?action_kouhyou_detail_004_kani=true&JigyosyoCd=2374101448-00&ServiceCd=510&Type=search", "url2": "https://www.kenshikai.net/" }, "geometry": { "type": "Point", "coordinates": [ 136.908472025794964, 35.011009378121365 ] } },
{ "type": "Feature", "properties": { "内容": "特別養護老人ホーム東海の里【介護老人福祉施設】東海市富木島町藤ノ棚１番地の１", "url": "https://www.kaigokensaku.mhlw.go.jp/23/index.php?action_kouhyou_detail_004_kani=true&JigyosyoCd=2374100150-00&ServiceCd=510&Type=search", "url2": "http://www.tokainosato.jp/" }, "geometry": { "type": "Point", "coordinates": [ 136.922730600000023, 35.0140967 ] } },
{ "type": "Feature", "properties": { "内容": "特別養護老人ホーム　東海福寿園【介護老人福祉施設】愛知県東海市中ノ池３丁目１番地の９", "url": "https://www.kaigokensaku.mhlw.go.jp/23/index.php?action_kouhyou_detail_004_kani=true&JigyosyoCd=2374100721-00&ServiceCd=510&Type=search", "url2": "http://www.fukujuen.or.jp" }, "geometry": { "type": "Point", "coordinates": [ 136.89887049999993, 34.9982035 ] } },
{ "type": "Feature", "properties": { "内容": "特別養護老人ホームレモンの樹東海【介護老人福祉施設】愛知県東海市名和町南之山10番地の12", "url": "https://www.kaigokensaku.mhlw.go.jp/23/index.php?action_kouhyou_detail_004_kani=true&JigyosyoCd=2374101265-00&ServiceCd=510&Type=search", "url2": "http://www.lemon-swc.com/" }, "geometry": { "type": "Point", "coordinates": [ 136.912111399999958, 35.0427601 ] } },
{ "type": "Feature", "properties": { "内容": "特別養護老人ホーム　東海清凉苑【介護老人福祉施設】愛知県東海市加木屋町冬至池4番15", "url": "https://www.kaigokensaku.mhlw.go.jp/23/index.php?action_kouhyou_detail_004_kani=true&JigyosyoCd=2374101059-00&ServiceCd=510&Type=search", "url2": "http://www.sei-ryou-kai.or.jp/" }, "geometry": { "type": "Point", "coordinates": [ 136.921315138900809, 34.978122639324098 ] } },
{ "type": "Feature", "properties": { "内容": "特別養護老人ホームオーネスト尚武【介護老人福祉施設】愛知県大府市神田町五丁目7番地特別養護老人ホームオーネスト尚武", "url": "https://www.kaigokensaku.mhlw.go.jp/23/index.php?action_kouhyou_detail_004_kani=true&JigyosyoCd=2374201131-00&ServiceCd=510&Type=search", "url2": "http://www.shisuikai.or.jp/" }, "geometry": { "type": "Point", "coordinates": [ 136.985073167908695, 35.030450428702565 ] } },
{ "type": "Feature", "properties": { "内容": "特別養護老人ホームデイパーク大府【介護老人福祉施設】愛知県大府市横根町箕手８７番地１", "url": "https://www.kaigokensaku.mhlw.go.jp/23/index.php?action_kouhyou_detail_004_kani=true&JigyosyoCd=2374200489-00&ServiceCd=510&Type=search", "url2": "https://www.choufukukai.jp" }, "geometry": { "type": "Point", "coordinates": [ 136.9761085, 35.0324156 ] } },
{ "type": "Feature", "properties": { "内容": "特別養護老人ホーム　愛厚ホーム大府苑【介護老人福祉施設】愛知県大府市森岡町七丁目４０８番地", "url": "https://www.kaigokensaku.mhlw.go.jp/23/index.php?action_kouhyou_detail_004_kani=true&JigyosyoCd=2374200133-00&ServiceCd=510&Type=search", "url2": "http://www.ai-kou.or.jp/" }, "geometry": { "type": "Point", "coordinates": [ 136.953710900000033, 35.0002104 ] } },
{ "type": "Feature", "properties": { "内容": "特別養護老人ホーム大府の郷【介護老人福祉施設】愛知県大府市長草町ドンド19", "url": "https://www.kaigokensaku.mhlw.go.jp/23/index.php?action_kouhyou_detail_004_kani=true&JigyosyoCd=2374200927-00&ServiceCd=510&Type=search", "url2": "https://douen.or.jp/" }, "geometry": { "type": "Point", "coordinates": [ 136.942530035581996, 35.030824477371247 ] } },
{ "type": "Feature", "properties": { "内容": "特別養護老人ホーム　知多共愛の里【介護老人福祉施設】愛知県知多市西巽が丘二丁目20番地3", "url": "https://www.kaigokensaku.mhlw.go.jp/23/index.php?action_kouhyou_detail_004_kani=true&JigyosyoCd=2374300826-00&ServiceCd=510&Type=search", "url2": "www.kyouaikai.org" }, "geometry": { "type": "Point", "coordinates": [ 136.9055128, 34.961622800000022 ] } },
{ "type": "Feature", "properties": { "内容": "特別養護老人ホームふれあいの里【介護老人福祉施設】愛知県知多市新知字二股10番地の1", "url": "https://www.kaigokensaku.mhlw.go.jp/23/index.php?action_kouhyou_detail_004_kani=true&JigyosyoCd=2374300131-00&ServiceCd=510&Type=search", "url2": "https://chitafukushikai.or.jp" }, "geometry": { "type": "Point", "coordinates": [ 136.862701199999947, 34.9762606 ] } },
{ "type": "Feature", "properties": { "内容": "特別養護老人ホーム　知多【介護老人福祉施設】愛知県知多市旭南5丁目31-1", "url": "https://www.kaigokensaku.mhlw.go.jp/23/index.php?action_kouhyou_detail_004_kani=true&JigyosyoCd=2374300537-00&ServiceCd=510&Type=search", "url2": "https://www.kunpuukai.com" }, "geometry": { "type": "Point", "coordinates": [ 136.832904699999972, 34.9424098 ] } },
{ "type": "Feature", "properties": { "内容": "特別養護老人ホームかおん【介護老人福祉施設】愛知県知立市上重原町蔵福寺１６２", "url": "https://www.kaigokensaku.mhlw.go.jp/23/index.php?action_kouhyou_detail_004_kani=true&JigyosyoCd=2374400733-00&ServiceCd=510&Type=search", "url2": "https://www.kaon-c.com" }, "geometry": { "type": "Point", "coordinates": [ 137.03661871770953, 34.997297995687696 ] } },
{ "type": "Feature", "properties": { "内容": "特別養護老人ホーム　ほほえみの里【介護老人福祉施設】愛知県知立市昭和2丁目４－３", "url": "https://www.kaigokensaku.mhlw.go.jp/23/index.php?action_kouhyou_detail_004_kani=true&JigyosyoCd=2374400394-00&ServiceCd=510&Type=search", "url2": "http://www.hohoeminosato.com" }, "geometry": { "type": "Point", "coordinates": [ 137.062912099999949, 34.9943476 ] } },
{ "type": "Feature", "properties": { "内容": "特別養護老人ホーム　ヴィラトピア知立【介護老人福祉施設】愛知県知立市山屋敷町富士塚１番地３３６", "url": "https://www.kaigokensaku.mhlw.go.jp/23/index.php?action_kouhyou_detail_004_kani=true&JigyosyoCd=2374400097-00&ServiceCd=510&Type=search", "url2": "http://www.villatopia.org" }, "geometry": { "type": "Point", "coordinates": [ 137.05959, 35.0110097 ] } },
{ "type": "Feature", "properties": { "内容": "特別養護老人ホーム　アメニティあさひ【介護老人福祉施設】愛知県尾張旭市旭ヶ丘町濁池１１５５番地１８", "url": "https://www.kaigokensaku.mhlw.go.jp/23/index.php?action_kouhyou_detail_004_kani=true&JigyosyoCd=2374500383-00&ServiceCd=510&Type=search", "url2": "http://asahi-kai.jp/" }, "geometry": { "type": "Point", "coordinates": [ 137.040542400000049, 35.2267504 ] } },
{ "type": "Feature", "properties": { "内容": "特別養護老人ホーム敬愛園【介護老人福祉施設】愛知県尾張旭市平子町長池上６４４７‐１", "url": "https://www.kaigokensaku.mhlw.go.jp/23/index.php?action_kouhyou_detail_004_kani=true&JigyosyoCd=2374500086-00&ServiceCd=510&Type=search", "url2": "https://www.keiaien.jp/" }, "geometry": { "type": "Point", "coordinates": [ 137.022524668122827, 35.225674310606749 ] } },
{ "type": "Feature", "properties": { "内容": "特別養護老人ホームサンヴェール尾張旭【介護老人福祉施設】愛知県尾張旭市南栄町黒石４８番１", "url": "https://www.kaigokensaku.mhlw.go.jp/23/index.php?action_kouhyou_detail_004_kani=true&JigyosyoCd=2374501118-00&ServiceCd=510&Type=search", "url2": "http://www.sunvale.net" }, "geometry": { "type": "Point", "coordinates": [ 137.031625481614697, 35.192182966168417 ] } },
{ "type": "Feature", "properties": { "内容": "特別養護老人ホーム高浜安立荘【介護老人福祉施設】愛知県高浜市芳川町1丁目2番地73", "url": "https://www.kaigokensaku.mhlw.go.jp/23/index.php?action_kouhyou_detail_004_kani=true&JigyosyoCd=2374600035-00&ServiceCd=510&Type=search", "url2": "https://tokuyo.anryuso.org" }, "geometry": { "type": "Point", "coordinates": [ 136.981846200000064, 34.9409695 ] } },
{ "type": "Feature", "properties": { "内容": "特別養護老人ホーム岩倉一期一会荘花むすび【介護老人福祉施設】愛知県岩倉市北島町七反田15番地", "url": "https://www.kaigokensaku.mhlw.go.jp/23/index.php?action_kouhyou_detail_004_kani=true&JigyosyoCd=2374700553-00&ServiceCd=510&Type=search", "url2": "https://www.ichigoichie.or.jp/" }, "geometry": { "type": "Point", "coordinates": [ 136.855927614819393, 35.277863789816365 ] } },
{ "type": "Feature", "properties": { "内容": "特別養護老人ホーム岩倉一期一会荘【介護老人福祉施設】愛知県岩倉市北島町二本木7番地", "url": "https://www.kaigokensaku.mhlw.go.jp/23/index.php?action_kouhyou_detail_004_kani=true&JigyosyoCd=2374700041-00&ServiceCd=510&Type=search", "url2": "https://www.ichigoichie.or.jp/" }, "geometry": { "type": "Point", "coordinates": [ 136.855685200000039, 35.2768919 ] } },
{ "type": "Feature", "properties": { "内容": "特別養護老人ホーム　勅使苑【介護老人福祉施設】愛知県豊明市沓掛町勅使８番地１０５", "url": "https://www.kaigokensaku.mhlw.go.jp/23/index.php?action_kouhyou_detail_004_kani=true&JigyosyoCd=2374800106-00&ServiceCd=510&Type=search", "url2": "https://www.chokushikai.or.jp" }, "geometry": { "type": "Point", "coordinates": [ 137.01724, 35.0819323 ] } },
{ "type": "Feature", "properties": { "内容": "特別養護老人ホーム第二勅使苑【介護老人福祉施設】豊明市沓掛町勅使8番地51特別養護老人ホーム第二勅使苑", "url": "https://www.kaigokensaku.mhlw.go.jp/23/index.php?action_kouhyou_detail_004_kani=true&JigyosyoCd=2374800494-00&ServiceCd=510&Type=search", "url2": "http://chokushikai.or.jp/" }, "geometry": { "type": "Point", "coordinates": [ 137.017808588885458, 35.082116379611698 ] } },
{ "type": "Feature", "properties": { "内容": "特別養護老人ホーム　豊明苑【介護老人福祉施設】愛知県豊明市栄町大根1-143", "url": "https://www.kaigokensaku.mhlw.go.jp/23/index.php?action_kouhyou_detail_004_kani=true&JigyosyoCd=2374800098-00&ServiceCd=510&Type=search", "url2": "http://www.toyoakeen.fukuden-kai.or.jp/" }, "geometry": { "type": "Point", "coordinates": [ 136.979352699999936, 35.0472199 ] } },
{ "type": "Feature", "properties": { "内容": "特別養護老人ホーム寿老苑【介護老人福祉施設】愛知県日進市赤池町屋下３６０番地", "url": "https://www.kaigokensaku.mhlw.go.jp/23/index.php?action_kouhyou_detail_004_kani=true&JigyosyoCd=2374900708-00&ServiceCd=510&Type=search", "url2": "http://jyuroukai.main.jp/" }, "geometry": { "type": "Point", "coordinates": [ 137.008548499999961, 35.1242853 ] } },
{ "type": "Feature", "properties": { "内容": "特別養護老人ホーム日進ホーム【介護老人福祉施設】愛知県日進市浅田平子二丁目２０番地", "url": "https://www.kaigokensaku.mhlw.go.jp/23/index.php?action_kouhyou_detail_004_kani=true&JigyosyoCd=2374900054-00&ServiceCd=510&Type=search", "url2": "http://nisshin-fukushi.jp/" }, "geometry": { "type": "Point", "coordinates": [ 137.029126899999937, 35.1186865 ] } },
{ "type": "Feature", "properties": { "内容": "特別養護老人ホーム　のぞみ【介護老人福祉施設】愛知県日進市米野木町南山９８７－１０４", "url": "https://www.kaigokensaku.mhlw.go.jp/23/index.php?action_kouhyou_detail_004_kani=true&JigyosyoCd=2374900344-00&ServiceCd=510&Type=search", "url2": "https://www.sanaifukushikai.jp" }, "geometry": { "type": "Point", "coordinates": [ 137.08609320000005, 35.1327495 ] } },
{ "type": "Feature", "properties": { "内容": "特別養護老人ホーム田原福寿園（本館）【介護老人福祉施設】愛知県田原市六連町神ノ釜9番地3", "url": "https://www.kaigokensaku.mhlw.go.jp/23/index.php?action_kouhyou_detail_004_kani=true&JigyosyoCd=2376600090-00&ServiceCd=510&Type=search", "url2": "http://www.fukujuen.or.jp" }, "geometry": { "type": "Point", "coordinates": [ 137.295715969836465, 34.656340743427123 ] } },
{ "type": "Feature", "properties": { "内容": "特別養護老人ホーム田原福寿園（南館）【介護老人福祉施設】愛知県田原市六連町神ノ釜9番地3", "url": "https://www.kaigokensaku.mhlw.go.jp/23/index.php?action_kouhyou_detail_004_kani=true&JigyosyoCd=2377100397-00&ServiceCd=510&Type=search", "url2": "http://www.fukujuen.or.jp" }, "geometry": { "type": "Point", "coordinates": [ 137.296359700000039, 34.65601 ] } },
{ "type": "Feature", "properties": { "内容": "特別養護老人ホーム渥美福寿園【介護老人福祉施設】愛知県田原市小中山町一膳松1番地93", "url": "https://www.kaigokensaku.mhlw.go.jp/23/index.php?action_kouhyou_detail_004_kani=true&JigyosyoCd=2376600298-00&ServiceCd=510&Type=search", "url2": "http://www.fukujuen.or.jp" }, "geometry": { "type": "Point", "coordinates": [ 137.0610034, 34.6414687 ] } },
{ "type": "Feature", "properties": { "内容": "特別養護老人ホーム佐織寿敬園【介護老人福祉施設】愛知県愛西市西川端町南須原4番1", "url": "https://www.kaigokensaku.mhlw.go.jp/23/index.php?action_kouhyou_detail_004_kani=true&JigyosyoCd=2375600323-00&ServiceCd=510&Type=search", "url2": "http://kisenkai.or.jp/" }, "geometry": { "type": "Point", "coordinates": [ 136.713376499999981, 35.2173021 ] } },
{ "type": "Feature", "properties": { "内容": "明範荘特別養護老人ホーム【介護老人福祉施設】愛知県愛西市赤目町山之神　３０番地１", "url": "https://www.kaigokensaku.mhlw.go.jp/23/index.php?action_kouhyou_detail_004_kani=true&JigyosyoCd=2375601552-00&ServiceCd=510&Type=search", "url2": "http://teitokukai.jp" }, "geometry": { "type": "Point", "coordinates": [ 136.69714840000006, 35.1986261 ] } },
{ "type": "Feature", "properties": { "内容": "特別養護老人ホーム悠々の里【介護老人福祉施設】愛知県愛西市小茂井町宮浦６４番地１", "url": "https://www.kaigokensaku.mhlw.go.jp/23/index.php?action_kouhyou_detail_004_kani=true&JigyosyoCd=2375600307-00&ServiceCd=510&Type=search", "url2": "http://www.yuuyuu.or.jp/" }, "geometry": { "type": "Point", "coordinates": [ 136.69547220000004, 35.161264 ] } },
{ "type": "Feature", "properties": { "内容": "愛厚ホーム佐屋苑【介護老人福祉施設】愛知県愛西市大井町浦田面２６８番地６", "url": "https://www.kaigokensaku.mhlw.go.jp/23/index.php?action_kouhyou_detail_004_kani=true&JigyosyoCd=2375600299-00&ServiceCd=510&Type=search", "url2": "http://www.ai-kou.or.jp" }, "geometry": { "type": "Point", "coordinates": [ 136.749294679516566, 35.14522049638083 ] } },
{ "type": "Feature", "properties": { "内容": "特別養護老人ホームペガサス春日【介護老人福祉施設】愛知県清須市春日新町１０５番地", "url": "https://www.kaigokensaku.mhlw.go.jp/23/index.php?action_kouhyou_detail_004_kani=true&JigyosyoCd=2375200611-00&ServiceCd=510&Type=search", "url2": "https://nishikasugai-fukushikai.or.jp" }, "geometry": { "type": "Point", "coordinates": [ 136.850247, 35.2266559 ] } },
{ "type": "Feature", "properties": { "内容": "特別養護老人ホーム　清洲の里【介護老人福祉施設】愛知県清須市廻間堂畑１番地", "url": "https://www.kaigokensaku.mhlw.go.jp/23/index.php?action_kouhyou_detail_004_kani=true&JigyosyoCd=2377300070-00&ServiceCd=510&Type=search", "url2": "http://nishikasugai-fukushikai.or.jp" }, "geometry": { "type": "Point", "coordinates": [ 136.8258439, 35.2158261 ] } },
{ "type": "Feature", "properties": { "内容": "特別養護老人ホーム平安の里【介護老人福祉施設】愛知県清須市春日新町９５番地", "url": "https://www.kaigokensaku.mhlw.go.jp/23/index.php?action_kouhyou_detail_004_kani=true&JigyosyoCd=2377300294-00&ServiceCd=510&Type=search", "url2": "https://nishikasugai-fukushikai.or.jp/" }, "geometry": { "type": "Point", "coordinates": [ 136.851702299999943, 35.226498499999984 ] } },
{ "type": "Feature", "properties": { "内容": "特別養護老人ホームあいせの里【介護老人福祉施設】愛知県北名古屋市六ツ師大島１５０番地", "url": "https://www.kaigokensaku.mhlw.go.jp/23/index.php?action_kouhyou_detail_004_kani=true&JigyosyoCd=2375200124-00&ServiceCd=510&Type=search", "url2": "https://nishikasugai-fukushikai.or.jp" }, "geometry": { "type": "Point", "coordinates": [ 136.901040200000011, 35.2521458 ] } },
{ "type": "Feature", "properties": { "内容": "特別養護老人ホーム五条の里【介護老人福祉施設】北名古屋市鍜治ヶ一色鍜治前10番地", "url": "https://www.kaigokensaku.mhlw.go.jp/23/index.php?action_kouhyou_detail_004_kani=true&JigyosyoCd=2375200132-00&ServiceCd=510&Type=search", "url2": "https://nishikasugai-fukushikai.or.jp/index.html" }, "geometry": { "type": "Point", "coordinates": [ 136.859838699999955, 35.2595579 ] } },
{ "type": "Feature", "properties": { "内容": "特別養護老人ホームかもだの里（ユニット型）【介護老人福祉施設】愛知県北名古屋市九之坪笹塚１０９番地", "url": "https://www.kaigokensaku.mhlw.go.jp/23/index.php?action_kouhyou_detail_004_kani=true&JigyosyoCd=2377400821-00&ServiceCd=510&Type=search", "url2": "https://nishikasugai-fukushikai.or.jp" }, "geometry": { "type": "Point", "coordinates": [ 136.876771, 35.2374965 ] } },
{ "type": "Feature", "properties": { "内容": "特別養護老人ホームかもだの里（従来型）【介護老人福祉施設】愛知県北名古屋市九之坪笹塚109番地", "url": "https://www.kaigokensaku.mhlw.go.jp/23/index.php?action_kouhyou_detail_004_kani=true&JigyosyoCd=2377400839-00&ServiceCd=510&Type=search", "url2": "https://nishikasugai-fukushikai.or.jp" }, "geometry": { "type": "Point", "coordinates": [ 136.876771, 35.2374965 ] } },
{ "type": "Feature", "properties": { "内容": "特別養護老人ホーム　おふくろの家【介護老人福祉施設】又八二丁目１２８番地１", "url": "https://www.kaigokensaku.mhlw.go.jp/23/index.php?action_kouhyou_detail_004_kani=true&JigyosyoCd=2377500323-00&ServiceCd=510&Type=search", "url2": "http://jyunyukai.jp/" }, "geometry": { "type": "Point", "coordinates": [ 136.753420922406008, 35.123908881607839 ] } },
{ "type": "Feature", "properties": { "内容": "特別養護老人ホーム輪中の郷【介護老人福祉施設】愛知県弥富市大藤町5番地3", "url": "https://www.kaigokensaku.mhlw.go.jp/23/index.php?action_kouhyou_detail_004_kani=true&JigyosyoCd=2375600281-00&ServiceCd=510&Type=search", "url2": "http://yatomifukushikai.com" }, "geometry": { "type": "Point", "coordinates": [ 136.727306399999947, 35.1004556 ] } },
{ "type": "Feature", "properties": { "内容": "特別養護老人ホーム長寿の里・十四山【介護老人福祉施設】愛知県弥富市六條町大崎69番地1", "url": "https://www.kaigokensaku.mhlw.go.jp/23/index.php?action_kouhyou_detail_004_kani=true&JigyosyoCd=2377500083-00&ServiceCd=510&Type=search", "url2": "http://www.aisankai.jp/facility/jushiyama.php" }, "geometry": { "type": "Point", "coordinates": [ 136.753554, 35.1024562 ] } },
{ "type": "Feature", "properties": { "内容": "特別養護老人ホームみよしの里【介護老人福祉施設】愛知県みよし市三好町八和田山１８番地", "url": "https://www.kaigokensaku.mhlw.go.jp/23/index.php?action_kouhyou_detail_004_kani=true&JigyosyoCd=2376100356-00&ServiceCd=510&Type=search", "url2": "http://okafuku.com/" }, "geometry": { "type": "Point", "coordinates": [ 137.076912399999969, 35.07797 ] } },
{ "type": "Feature", "properties": { "内容": "特別養護老人ホーム安立荘【介護老人福祉施設】愛知県みよし市打越町山ノ神６０番地", "url": "https://www.kaigokensaku.mhlw.go.jp/23/index.php?action_kouhyou_detail_004_kani=true&JigyosyoCd=2376100034-00&ServiceCd=510&Type=search", "url2": "http://www.syoutokukai.or.jp/anryuso/" }, "geometry": { "type": "Point", "coordinates": [ 137.1052429, 35.085964 ] } },
{ "type": "Feature", "properties": { "内容": "特別養護老人ホームあま恵寿荘【介護老人福祉施設】愛知県あま市二ツ寺西高須賀２番地", "url": "https://www.kaigokensaku.mhlw.go.jp/23/index.php?action_kouhyou_detail_004_kani=true&JigyosyoCd=2375600992-00&ServiceCd=510&Type=search", "url2": "http://www.ama-kei.com" }, "geometry": { "type": "Point", "coordinates": [ 136.792344299999968, 35.2124089 ] } },
{ "type": "Feature", "properties": { "内容": "特別養護老人ホーム第Ⅱあま恵寿荘【介護老人福祉施設】愛知県あま市坂牧向江24番地", "url": "https://www.kaigokensaku.mhlw.go.jp/23/index.php?action_kouhyou_detail_004_kani=true&JigyosyoCd=2377601048-00&ServiceCd=510&Type=search", "url2": "http://www.ama2-k.com" }, "geometry": { "type": "Point", "coordinates": [ 136.832032600000048, 35.1790751 ] } },
{ "type": "Feature", "properties": { "内容": "特別養護老人ホーム　愛知たいようの杜　杜っと館【介護老人福祉施設】愛知県長久手市根嶽1201", "url": "https://www.kaigokensaku.mhlw.go.jp/23/index.php?action_kouhyou_detail_004_kani=true&JigyosyoCd=2375001043-00&ServiceCd=510&Type=search", "url2": "http://gojikaramura.jp/" }, "geometry": { "type": "Point", "coordinates": [ 137.023568299999965, 35.1634469 ] } },
{ "type": "Feature", "properties": { "内容": "特別養護老人ホーム　愛知たいようの杜　ハモリー館【介護老人福祉施設】愛知県長久手市根嶽1201", "url": "https://www.kaigokensaku.mhlw.go.jp/23/index.php?action_kouhyou_detail_004_kani=true&JigyosyoCd=2375000110-00&ServiceCd=510&Type=search", "url2": "http://gojikaramura.jp" }, "geometry": { "type": "Point", "coordinates": [ 137.023237800000061, 35.1631191 ] } },
{ "type": "Feature", "properties": { "内容": "特別養護老人ホーム　イースト・ヴィレッジ【介護老人福祉施設】愛知県愛知郡東郷町大字春木字下鏡田446-1104", "url": "https://www.kaigokensaku.mhlw.go.jp/23/index.php?action_kouhyou_detail_004_kani=true&JigyosyoCd=2375000524-00&ServiceCd=510&Type=search", "url2": "http://www.e-village.or.jp" }, "geometry": { "type": "Point", "coordinates": [ 137.030988200000024, 35.0959421 ] } },
{ "type": "Feature", "properties": { "内容": "愛厚ホーム東郷苑【介護老人福祉施設】愛知県愛知郡東郷町大字春木字下正葉廻間４３３７－１３", "url": "https://www.kaigokensaku.mhlw.go.jp/23/index.php?action_kouhyou_detail_004_kani=true&JigyosyoCd=2375000102-00&ServiceCd=510&Type=search", "url2": "http://www.ai-kou.or.jp" }, "geometry": { "type": "Point", "coordinates": [ 137.043270799999959, 35.0838106 ] } },
{ "type": "Feature", "properties": { "内容": "特別養護老人ホーム御桜乃里【介護老人福祉施設】愛知県丹羽郡大口町下小口六丁目124番地2", "url": "https://www.kaigokensaku.mhlw.go.jp/23/index.php?action_kouhyou_detail_004_kani=true&JigyosyoCd=2375300114-00&ServiceCd=510&Type=search", "url2": "http://www.aiseifukusikai.jp/" }, "geometry": { "type": "Point", "coordinates": [ 136.911127500000021, 35.3305914 ] } },
{ "type": "Feature", "properties": { "内容": "特別養護老人ホーム　扶桑苑【介護老人福祉施設】愛知県丹羽郡扶桑町大字山那字番所下８３－５", "url": "https://www.kaigokensaku.mhlw.go.jp/23/index.php?action_kouhyou_detail_004_kani=true&JigyosyoCd=2375300122-00&ServiceCd=510&Type=search", "url2": "http://takasaka.info." }, "geometry": { "type": "Point", "coordinates": [ 136.918133399999988, 35.373641 ] } },
{ "type": "Feature", "properties": { "内容": "特別養護老人ホーム希望の郷大治【介護老人福祉施設】愛知県海部郡大治町大字中島字中田103特別養護老人ホーム希望の郷大治", "url": "https://www.kaigokensaku.mhlw.go.jp/23/index.php?action_kouhyou_detail_004_kani=true&JigyosyoCd=2375602170-00&ServiceCd=510&Type=search", "url2": "https://kitokukai.org/" }, "geometry": { "type": "Point", "coordinates": [ 136.8168286, 35.1735339 ] } },
{ "type": "Feature", "properties": { "内容": "特別養護老人ホームカリヨンの郷【介護老人福祉施設】愛知県海部郡蟹江町大字今字伊勢苗代１番地１", "url": "https://www.kaigokensaku.mhlw.go.jp/23/index.php?action_kouhyou_detail_004_kani=true&JigyosyoCd=2375600331-00&ServiceCd=510&Type=search", "url2": "http://www.carillon.or.jp" }, "geometry": { "type": "Point", "coordinates": [ 136.787581, 35.1413072 ] } },
{ "type": "Feature", "properties": { "内容": "特別養護老人ホームやすらぎの里【介護老人福祉施設】愛知県海部郡飛島村大宝字八島113-1", "url": "https://www.kaigokensaku.mhlw.go.jp/23/index.php?action_kouhyou_detail_004_kani=true&JigyosyoCd=2375600273-00&ServiceCd=510&Type=search", "url2": "http://www.yasuraginosato.jp" }, "geometry": { "type": "Point", "coordinates": [ 136.764077899999961, 35.0900131 ] } },
{ "type": "Feature", "properties": { "内容": "特別養護老人ホーム阿久比一期一会荘【介護老人福祉施設】愛知県知多郡阿久比町大字卯坂字桜ヶ丘１９５番地", "url": "https://www.kaigokensaku.mhlw.go.jp/23/index.php?action_kouhyou_detail_004_kani=true&JigyosyoCd=2375700578-00&ServiceCd=510&Type=search", "url2": "https://www.ichigoichie.or.jp/" }, "geometry": { "type": "Point", "coordinates": [ 136.909471400000029, 34.9335357 ] } },
{ "type": "Feature", "properties": { "内容": "特別養護老人ホーム　メドック東浦【介護老人福祉施設】愛知県知多郡東浦町大字緒川字猪伏釜１１０番地", "url": "https://www.kaigokensaku.mhlw.go.jp/23/index.php?action_kouhyou_detail_004_kani=true&JigyosyoCd=2375701196-00&ServiceCd=510&Type=search", "url2": "http://www.medoc-care.jp/" }, "geometry": { "type": "Point", "coordinates": [ 136.955058400663802, 34.981663975598863 ] } },
{ "type": "Feature", "properties": { "内容": "特別養護老人ホーム　東和荘【介護老人福祉施設】愛知県知多郡東浦町大字石浜字飛山池上41番地", "url": "https://www.kaigokensaku.mhlw.go.jp/23/index.php?action_kouhyou_detail_004_kani=true&JigyosyoCd=2375700180-00&ServiceCd=510&Type=search", "url2": "http://touwasou.com" }, "geometry": { "type": "Point", "coordinates": [ 136.957572900000059, 34.9577525 ] } },
{ "type": "Feature", "properties": { "内容": "特別養護老人ホーム大地の丘【介護老人福祉施設】愛知県知多郡南知多町大字内海字奥鈴ケ谷70-5", "url": "https://www.kaigokensaku.mhlw.go.jp/23/index.php?action_kouhyou_detail_004_kani=true&JigyosyoCd=2375701139-00&ServiceCd=510&Type=search", "url2": "http://daichinooka.com/" }, "geometry": { "type": "Point", "coordinates": [ 136.89409969999997, 34.760916 ] } },
{ "type": "Feature", "properties": { "内容": "特別養護老人ホーム　あい寿の丘【介護老人福祉施設】愛知県知多郡南知多町大字豊丘字中平井14番地1", "url": "https://www.kaigokensaku.mhlw.go.jp/23/index.php?action_kouhyou_detail_004_kani=true&JigyosyoCd=2375700198-00&ServiceCd=510&Type=search", "url2": "http://www.aijyu.or.jp" }, "geometry": { "type": "Point", "coordinates": [ 136.942482299999938, 34.7256747 ] } },
{ "type": "Feature", "properties": { "内容": "特別養護老人ホーム　ビラ・オレンジ【介護老人福祉施設】愛知県知多郡美浜町大字野間字新前田212番地の１", "url": "https://www.kaigokensaku.mhlw.go.jp/23/index.php?action_kouhyou_detail_004_kani=true&JigyosyoCd=2375700206-00&ServiceCd=510&Type=search", "url2": "http://www.villa-orange.com" }, "geometry": { "type": "Point", "coordinates": [ 136.848722599999974, 34.7659777 ] } },
{ "type": "Feature", "properties": { "内容": "特別養護老人ホーム　ビラ・オレンジ（ユニット型）【介護老人福祉施設】愛知県知多郡美浜町大字野間字新前田２１２番地の１", "url": "https://www.kaigokensaku.mhlw.go.jp/23/index.php?action_kouhyou_detail_004_kani=true&JigyosyoCd=2375701832-00&ServiceCd=510&Type=search", "url2": "http://www.villa-orange.com/" }, "geometry": { "type": "Point", "coordinates": [ 136.849532627122443, 34.7656251548635 ] } },
{ "type": "Feature", "properties": { "内容": "特別養護老人ホーム武豊福寿園【介護老人福祉施設】愛知県知多郡武豊町大字東大高字鎮守33-2", "url": "https://www.kaigokensaku.mhlw.go.jp/23/index.php?action_kouhyou_detail_004_kani=true&JigyosyoCd=2375700214-00&ServiceCd=510&Type=search", "url2": "http://www.fukujuen.or.jp" }, "geometry": { "type": "Point", "coordinates": [ 136.905085699999972, 34.8337575 ] } },
{ "type": "Feature", "properties": { "内容": "特別養護老人ホームくすのきの里【介護老人福祉施設】愛知県知多郡武豊町字梨子ノ木475番特別養護老人ホーム　くすのきの里", "url": "https://www.kaigokensaku.mhlw.go.jp/23/index.php?action_kouhyou_detail_004_kani=true&JigyosyoCd=2375701360-00&ServiceCd=510&Type=search", "url2": "http://www.fukujuen.or.jp" }, "geometry": { "type": "Point", "coordinates": [ 136.896749600000021, 34.8660875 ] } },
{ "type": "Feature", "properties": { "内容": "特別養護老人ホーム　メリーホーム幸田【介護老人福祉施設】愛知県額田郡幸田町大字深溝字皿入１番１", "url": "https://www.kaigokensaku.mhlw.go.jp/23/index.php?action_kouhyou_detail_004_kani=true&JigyosyoCd=2376000580-00&ServiceCd=510&Type=search", "url2": "http://www.merry-h.or.jp" }, "geometry": { "type": "Point", "coordinates": [ 137.188835199999971, 34.8373352 ] } },
{ "type": "Feature", "properties": { "内容": "特別養護老人ホーム　まどかの郷【介護老人福祉施設】愛知県額田郡幸田町大字野場字石荒２３番地", "url": "https://www.kaigokensaku.mhlw.go.jp/23/index.php?action_kouhyou_detail_004_kani=true&JigyosyoCd=2376000085-00&ServiceCd=510&Type=search", "url2": "https://www.wakyokai.or.jp/care/madokanosato/" }, "geometry": { "type": "Point", "coordinates": [ 137.152200590507505, 34.863776964530551 ] } },
{ "type": "Feature", "properties": { "内容": "特別養護老人ホームつつじヶ丘【介護老人福祉施設】愛知県額田郡幸田町大字坂崎字七曲り１番地２", "url": "https://www.kaigokensaku.mhlw.go.jp/23/index.php?action_kouhyou_detail_004_kani=true&JigyosyoCd=2376000333-00&ServiceCd=510&Type=search", "url2": "http://www.jukoukai.com/" }, "geometry": { "type": "Point", "coordinates": [ 137.181358300000056, 34.9004977 ] } },
{ "type": "Feature", "properties": { "内容": "愛厚ホーム設楽苑（多床室型施設）【介護老人福祉施設】愛知県北設楽郡設楽町清崎字沖１3番地4", "url": "https://www.kaigokensaku.mhlw.go.jp/23/index.php?action_kouhyou_detail_004_kani=true&JigyosyoCd=2376300113-00&ServiceCd=510&Type=search", "url2": "http://www.ai-kou.or.jp" }, "geometry": { "type": "Point", "coordinates": [ 137.549383700000021, 35.0631477 ] } },
{ "type": "Feature", "properties": { "内容": "愛厚清嶺の風【介護老人福祉施設】愛知県北設楽郡設楽町清崎字沖１３－４愛厚清嶺の風（ユニット型施設）", "url": "https://www.kaigokensaku.mhlw.go.jp/23/index.php?action_kouhyou_detail_004_kani=true&JigyosyoCd=2376300394-00&ServiceCd=510&Type=search", "url2": "http://www.ai-kou.or.jp" }, "geometry": { "type": "Point", "coordinates": [ 137.549383700000021, 35.0631477 ] } },
{ "type": "Feature", "properties": { "内容": "やまゆり荘【介護老人福祉施設】愛知県北設楽郡東栄町大字中設楽字松久保１番地３", "url": "https://www.kaigokensaku.mhlw.go.jp/23/index.php?action_kouhyou_detail_004_kani=true&JigyosyoCd=2376300121-00&ServiceCd=510&Type=search", "url2": "http://www.meiho-f.com" }, "geometry": { "type": "Point", "coordinates": [ 137.684273800000028, 35.0834882 ] } }
]
}
